DATE,BRANCHCODE,WAREHOUSECODE,CURRENCY,ERPCODE,ITEMNAME,RAWPRICE,GROSSAMT,NETVALUE,QTYSOLD
04/01/2022,GRA,ST003,QAR,PRK.902,Granola,55,1100,1100,20
04/01/2022,GRA,ST003,QAR,PRK.903,Graze Spicy  Mix,55,220,220,4
04/01/2022,GRA,ST003,QAR,PRK.904,Graze House Mix,55,275,275,5
04/01/2022,GRA,ST003,QAR,PRK.907,Zaatar Chips,6,168,168,28
04/01/2022,GRA,ST003,QAR,PRK.909,Spicy Pesto Chips,6,186,186,31
04/01/2022,GRA,ST003,QAR,PRK.910,Graze Spicy Mix Sml,25,825,825,33
04/01/2022,GRA,ST003,QAR,PRK.911,Graze House Mix Sml,25,600,600,24
04/01/2022,GRA,ST003,QAR,PRK.962,Extra flavor,3,63,63,21
04/01/2022,GRA,ST003,QAR,PRK.963,Crispy Bread,2,8,8,4
04/01/2022,GRA,ST003,QAR,PRK.964,Homemade Arbc Brd Packet,2,12,12,6
04/01/2022,GRA,ST003,QAR,PRK.994,Crsnt w Egg/Avaca/ SunTom,24,1272,1272,53
04/01/2022,GRA,ST003,QAR,PRK.995,Egg Burrito,20,1180,1180,59
04/01/2022,GRA,ST003,QAR,PRK.996,Blueberry Granola parfait,25,1200,1200,48
04/01/2022,GRA,ST003,QAR,PRK.997,Yog Dates Chia Pista Alm,22,748,748,34
04/01/2022,GRA,ST003,QAR,PRK.1003,Cheese Croissant,16,192,192,12
04/01/2022,GRA,ST003,QAR,PRK.1007,Zatar Croissant,16,256,256,16
04/01/2022,GRA,ST003,QAR,PRK.1008,Chocolate Croissant,16,416,416,26
04/01/2022,GRA,ST003,QAR,PRK.1010,Tomato Puff Pastry,16,544,544,34
04/01/2022,GRA,ST003,QAR,PRK.1012,Three Berry Yogurt & Date,25,525,525,21
04/01/2022,GRA,ST003,QAR,PRK.1015,Kiri Cheese Danish,14,70,70,5
04/01/2022,GRA,ST003,QAR,PRK.1016,Plain Croissant,10,220,220,22
04/01/2022,GRA,ST003,QAR,PRK.1020,Almond Croissant,16,528,528,33
04/01/2022,GRA,ST003,QAR,PRK.1021,Shirazi Salad,12,456,456,38
04/01/2022,GRA,ST003,QAR,PRK.1023,Falafel Salad,35,2555,2555,73
04/01/2022,GRA,ST003,QAR,PRK.1024,Quinoa Swt potato Salad,40,1520,1520,38
04/01/2022,GRA,ST003,QAR,PRK.1027,Mex Chkn Chilli Bean Sld,40,4760,4760,119
04/01/2022,GRA,ST003,QAR,PRK.1029,Burrata Salad,50,2450,2450,49
04/01/2022,GRA,ST003,QAR,PRK.1031,Teriyaki GRAZE Salmn,55,9680,9680,176
04/01/2022,GRA,ST003,QAR,PRK.1034,BBQ Chick Peas,38,1824,1824,48
04/01/2022,GRA,ST003,QAR,PRK.1039,Keto Chicken Salad,40,3600,3600,90
04/01/2022,GRA,ST003,QAR,PRK.1044,Southern Chicken Salad,45,2250,2250,50
04/01/2022,GRA,ST003,QAR,PRK.1048,Mexican  Caesar Salad chk,39,6630,6630,170
04/01/2022,GRA,ST003,QAR,PRK.1049,ROCCA SALAD,22,924,924,42
04/01/2022,GRA,ST003,QAR,PRK.1052,Smoke Turkey Sandwich,34,5168,5168,152
04/01/2022,GRA,ST003,QAR,PRK.1054,lemon&Rosemary Chkn,36,6552,6552,182
04/01/2022,GRA,ST003,QAR,PRK.1057,Steak & Philly Chz SW,32,2784,2784,87
04/01/2022,GRA,ST003,QAR,PRK.1063,Egg Mayo with Rocket,20,1400,1400,70
04/01/2022,GRA,ST003,QAR,PRK.1068,Crispy Chicken Bun,24,2376,2376,99
04/01/2022,GRA,ST003,QAR,PRK.1069,Spicy Courgette Falafel W,24,1032,1032,43
04/01/2022,GRA,ST003,QAR,PRK.1070,Chicken Pesto & Mozzarell,32,3872,3872,121
04/01/2022,GRA,ST003,QAR,PRK.1075,Avocado Toast,40,680,680,17
04/01/2022,GRA,ST003,QAR,PRK.1077,Spicy Halloumi,38,76,76,2
04/01/2022,GRA,ST003,QAR,PRK.1079,Smoked Salmon Sandwich,35,35,35,1
04/01/2022,GRA,ST003,QAR,PRK.1080,Graze Breakfast (egg box),32,32,32,1
04/01/2022,GRA,ST003,QAR,PRK.1083,Chkn Soup,19,2090,2090,110
04/01/2022,GRA,ST003,QAR,PRK.1086,Lamb Soup,28,1428,1428,51
04/01/2022,GRA,ST003,QAR,PRK.1087,Lentil Soup,20,2040,2040,102
04/01/2022,GRA,ST003,QAR,PRK.1111,Penne Bolognese,50,2300,2300,46
04/01/2022,GRA,ST003,QAR,PRK.1113,Chkn Katsu Curry,45,7425,7425,165
04/01/2022,GRA,ST003,QAR,PRK.1115,Mushroom Pasta,40,2960,2960,74
04/01/2022,GRA,ST003,QAR,PRK.1118,Steak With Mushroom Sauce,45,6390,6390,142
04/01/2022,GRA,ST003,QAR,PRK.1119,Chicken Biryani,45,8415,8415,187
04/01/2022,GRA,ST003,QAR,PRK.1121,Chinese Sesame Chicken,40,7560,7560,189
04/01/2022,GRA,ST003,QAR,PRK.1127,Rock Shrimp,45,4905,4905,109
04/01/2022,GRA,ST003,QAR,PRK.1133,Lamb  Kabsa,45,6390,6390,142
04/01/2022,GRA,ST003,QAR,PRK.1140,Chicken Curry & Saffron r,43,4257,4257,99
04/01/2022,GRA,ST003,QAR,PRK.1141,CRAB BOWL,28,308,308,11
04/01/2022,GRA,ST003,QAR,PRK.1145,Yoghurt & Cucumber dip,12,564,564,47
04/01/2022,GRA,ST003,QAR,PRK.1146,Spicy Guacamole Pot,13,624,624,48
04/01/2022,GRA,ST003,QAR,PRK.1149,Edamame Pot,12,252,252,21
04/01/2022,GRA,ST003,QAR,PRK.1155,Classic hummus pot,18,288,288,16
04/01/2022,GRA,ST003,QAR,PRK.1159,Greek Tabbouleh,20,520,520,26
04/01/2022,GRA,ST003,QAR,PRK.1160,Egg pot,16,16,16,1
04/01/2022,GRA,ST003,QAR,PRK.1161,Labneh Beetroot,28,168,168,6
04/01/2022,GRA,ST003,QAR,PRK.1173,Choco Chia Energy Ball,30,1170,1170,39
04/01/2022,GRA,ST003,QAR,PRK.1175,Pecan Bars,14,546,546,39
04/01/2022,GRA,ST003,QAR,PRK.1177,Carrot Cake,15,885,885,59
04/01/2022,GRA,ST003,QAR,PRK.1178,Sweet Potatoe Choco Cake,15,555,555,37
04/01/2022,GRA,ST003,QAR,PRK.1180,Tropical Fruits,18,90,90,5
04/01/2022,GRA,ST003,QAR,PRK.1181,Green Apple,2,96,96,48
04/01/2022,GRA,ST003,QAR,PRK.1182,Red Apple,2,58,58,29
04/01/2022,GRA,ST003,QAR,PRK.1183,Bannana,2,534,534,267
04/01/2022,GRA,ST003,QAR,PRK.1184,Watermelon,18,522,522,29
04/01/2022,GRA,ST003,QAR,PRK.1185,Pineapplemix,18,486,486,27
04/01/2022,GRA,ST003,QAR,PRK.1186,Mixed Berries,22,528,528,24
04/01/2022,GRA,ST003,QAR,PRK.1194,Lotus Cheesecake,15,840,840,56
04/01/2022,GRA,ST003,QAR,PRK.1196,Chia Blueberry Yodurt,24,264,264,11
04/01/2022,GRA,ST003,QAR,PRK.1201,Iced Flat White,18,432,432,24
04/01/2022,GRA,ST003,QAR,PRK.1203,Iced Spanish Latte,20,1820,1820,91
04/01/2022,GRA,ST003,QAR,PRK.1204,Iced Latte,18,1062,1062,59
04/01/2022,GRA,ST003,QAR,PRK.1205,Iced Americano,15,1005,1005,67
04/01/2022,GRA,ST003,QAR,PRK.1234,Pepperoni Pizza small,40,680,680,17
04/01/2022,GRA,ST003,QAR,PRK.1235,Margherita Pizza small,30,840,840,28
04/01/2022,GRA,ST003,QAR,PRK.1236,BBQ chicken Pizza small,35,875,875,25
04/01/2022,GRA,ST003,QAR,PRK.1262,Highland Still,5,2465,2465,493
04/01/2022,GRA,ST003,QAR,PRK.1265,Perrier Sparkling,9,522,522,58
04/01/2022,GRA,ST003,QAR,PRK.1291,Coke,5,525,525,105
04/01/2022,GRA,ST003,QAR,PRK.1292,Diet Coke,5,940,940,188
04/01/2022,GRA,ST003,QAR,PRK.1330,Stay Home w/ Graze R 4X1,130,130,130,1
04/01/2022,GRA,ST003,QAR,PRK.1332,Stay Home w/ Graze R 8 X1,240,240,240,1
04/01/2022,GRA,ST003,QAR,PRK.1333,Stay Home w/Graze M 6 X1,130,130,130,1
04/01/2022,GRA,ST003,QAR,PRK.1334,Stay Home w/Graze M12 X1,240,240,240,1
04/01/2022,GRA,ST003,QAR,PRK.1335,Cool Box,15,150,150,10
04/01/2022,GRA,ST003,QAR,PRK.1349,Graze complimntry Ice Box,0,0,0,13
04/01/2022,GRA,ST003,QAR,PRK.1351,Espresso Single,12,264,264,22
04/01/2022,GRA,ST003,QAR,PRK.1353,Americano Hot,15,1830,1830,122
04/01/2022,GRA,ST003,QAR,PRK.1354,Flat White Hot,18,1854,1854,103
04/01/2022,GRA,ST003,QAR,PRK.1355,Cappucino,18,2772,2772,154
04/01/2022,GRA,ST003,QAR,PRK.1356,Cortado,18,486,486,27
04/01/2022,GRA,ST003,QAR,PRK.1358,Spanish Latte,20,2040,2040,102
04/01/2022,GRA,ST003,QAR,PRK.1359,Classic Mocha,25,250,250,10
04/01/2022,GRA,ST003,QAR,PRK.1360,Slated Caramel Mocha,25,450,450,18
04/01/2022,GRA,ST003,QAR,PRK.1362,Double Espresso,14,532,532,38
04/01/2022,GRA,ST003,QAR,PRK.1363,Latte Hot,18,1926,1926,107
04/01/2022,GRA,ST003,QAR,PRK.1364,English B/F,12,48,48,4
04/01/2022,GRA,ST003,QAR,PRK.1365,Green Tea,12,36,36,3
04/01/2022,GRA,ST003,QAR,PRK.1366,Earl Grey,12,72,72,6
04/01/2022,GRA,ST003,QAR,PRK.1368,Lemon Grass/ Ginger,12,36,36,3
04/01/2022,GRA,ST003,QAR,PRK.1372,Hot Cocoa,24,648,648,27
04/01/2022,GRA,ST003,QAR,PRK.1373,Hibiscus Iced tea,18,612,612,34
04/01/2022,GRA,ST003,QAR,PRK.1374,Peach Iced Tea,18,414,414,23
04/01/2022,GRA,ST003,QAR,PRK.1375,Matcha Latte,25,25,25,1
04/01/2022,GRA,ST003,QAR,PRK.1376,Cinnamon Latte,25,200,200,8
04/01/2022,GRA,ST003,QAR,PRK.1386,Orange Juice,22,4180,4180,190
04/01/2022,GRA,ST003,QAR,PRK.1387,Carrot Juice,22,594,594,27
04/01/2022,GRA,ST003,QAR,PRK.1390,Morning Boost,24,1560,1560,65
04/01/2022,GRA,ST003,QAR,PRK.1392,Immune Boost,22,1386,1386,63
04/01/2022,GRA,ST003,QAR,PRK.1396,Ginger Aid Shot,18,2772,2772,154
04/01/2022,GRA,ST003,QAR,PRK.1402,Laban Drink,18,882,882,49
04/01/2022,GRA,ST003,QAR,PRK.1403,Vimto Juice,18,1098,1098,61
04/01/2022,GRA,ST003,QAR,PRK.1404,Green Boost Juice,24,912,912,38
04/01/2022,GRA,ST003,QAR,PRK.1405,Watermelon & Coconut cool,20,60,60,3
04/01/2022,GRA,ST003,QAR,PRK.1406,Beetroot & Apple Juice,20,1240,1240,62
04/01/2022,GRA,ST003,QAR,PRK.1407,Coconut & Pineapple Juice,24,168,168,7
04/01/2022,GRA,ST003,QAR,PRK.1409,Turmeric wellness shot,16,576,576,36
04/01/2022,GRA,ST003,QAR,PRK.1412, Mini Cup Yogurt,14,3822,3822,273
04/01/2022,GRA,ST003,QAR,PRK.1413,Regular Cup Yogurt,21,3234,3234,154
04/01/2022,GRA,ST003,QAR,PRK.1416,Large Cup Yogurt,23,1196,1196,52
04/01/2022,GRA,ST003,QAR,PRK.1418, Mini Cup Yogurt/Topping,18,3258,3258,181
04/01/2022,GRA,ST003,QAR,PRK.1419,Reg Cup Yogurt/Toping,26,4680,4680,180
04/01/2022,GRA,ST003,QAR,PRK.1422,Large Cup Yogurt/Topping,30,1800,1800,60
04/01/2022,GRA,ST003,QAR,PRK.1423,Mini Cup Choco Ice cream,14,42,42,3
04/01/2022,GRA,ST003,QAR,PRK.1424,Reg.Cup Choco Ice Cream,20,40,40,2
04/01/2022,GRA,ST003,QAR,PRK.1429,Mini Mango Ice Cream,14,6986,6986,499
04/01/2022,GRA,ST003,QAR,PRK.1430,Regular Mango Ice Cream,21,5754,5754,274
04/01/2022,GRA,ST003,QAR,PRK.1431,Large Mango Ice Cream,23,1978,1978,86
04/01/2022,GRA,ST003,QAR,PRK.1432,Mini Mango Ice Cream/Topp,18,8622,8622,479
04/01/2022,GRA,ST003,QAR,PRK.1433,Reg Mango Ice cream/Topp,26,8632,8632,332
04/01/2022,GRA,ST003,QAR,PRK.1434,Large Mango Ice Cream/Top,30,2430,2430,81
04/01/2022,GRA,ST003,QAR,PRK.1435,Mini Cup Milky Ice Cream,14,868,868,62
04/01/2022,GRA,ST003,QAR,PRK.1436,Reg Cup Milky Ice Cream,21,651,651,31
04/01/2022,GRA,ST003,QAR,PRK.1437,Lrge Cup Milky Ice Cream,23,115,115,5
04/01/2022,GRA,ST003,QAR,PRK.1438,Mini Cup Milky Ice C/Top,18,828,828,46
04/01/2022,GRA,ST003,QAR,PRK.1439,Reg Cup Milky Ice Cre/Top,26,1040,1040,40
04/01/2022,GRA,ST003,QAR,PRK.1440,Lrge Cup Milky Ice Cr/Top,30,240,240,8
04/01/2022,GRA,ST003,QAR,PRK.1464,Fresh Pineapple,3,6,6,2
04/01/2022,GRA,ST003,QAR,PRK.1469,Kiwi Fruit,3,12,12,4
04/01/2022,GRA,ST003,QAR,PRK.1470,Lotus Biscuit,3,24,24,8
04/01/2022,GRA,ST003,QAR,PRK.1471,NOODLES BOWL,45,2295,2295,51
04/01/2022,GRA,ST003,QAR,PRK.1472,CHICKEN CURRY & RICE,48,3552,3552,74
04/01/2022,GRA,ST003,QAR,PRK.1473,BEEF STROGANOFF,50,2400,2400,48
04/01/2022,GRA,ST003,QAR,PRK.1501,pomegranate,3,33,33,11
04/01/2022,GRA,ST003,QAR,PRK.1502,Strawberry,3,75,75,25
04/01/2022,GRA,ST003,QAR,PRK.1505,Salted Caramel,3,90,90,30
04/01/2022,GRA,ST003,QAR,PRK.1506,Pretzel,3,15,15,5
04/01/2022,GRA,ST003,QAR,PRK.1507,Crispy Crepe,3,123,123,41
04/01/2022,GRA,ST003,QAR,PRK.1508,Granola,3,69,69,23
04/01/2022,GRA,ST003,QAR,PRK.1509,Coconut Flakes,3,54,54,18
04/01/2022,GRA,ST003,QAR,PRK.1510,Crushed Graham,3,18,18,6
04/01/2022,GRA,ST003,QAR,PRK.1514,Dulce de Leche,3,3,3,1
04/01/2022,GRA,ST003,QAR,PRK.1520,Mixed Berries Sauce,3,63,63,21
04/01/2022,GRA,ST003,QAR,PRK.1521,Mango Sauce,3,30,30,10
04/01/2022,GRA,ST003,QAR,PRK.1527,Mango,3,36,36,12
04/01/2022,GRA,ST003,QAR,PRK.1529,Raita,3,6,6,2
04/01/2022,GRA,ST003,QAR,PRK.1531,Power Shake,35,1190,1190,34
04/01/2022,GRA,ST003,QAR,PRK.1532,Peanut Power Shake,35,1085,1085,31
04/01/2022,GRA,ST003,QAR,PRK.1533,Pre-workout protein shak,45,225,225,5
04/01/2022,GRA,ST003,QAR,PRK.1534,Choco Power Shake,35,140,140,4
04/01/2022,GRA,ST003,QAR,PRK.1536,Energizer protine Shakes,45,3825,3825,85
04/01/2022,GRA,ST003,QAR,PRK.1538,Pre-workout shake,35,315,315,9
04/01/2022,GRA,ST003,QAR,PRK.1540,Energizer shakes,35,700,700,20
04/01/2022,GRA,ST003,QAR,PRK.1542,14oz Pre-work out Protein,40,400,400,10
04/01/2022,GRA,ST003,QAR,PRK.1545,14oz Energizer protine,40,440,440,11
04/01/2022,GRA,ST003,QAR,PRK.1546,14oz Pre-workout shake,30,30,30,1
04/01/2022,GRA,ST003,QAR,PRK.1548,14oz Energizer shakes,30,60,60,2
04/01/2022,GRA,ST003,QAR,PRK.1550,Extra Protein,10,30,30,3
04/01/2022,GRA,ST003,QAR,PRK.1580,Ogaily cardamom ice cream,25,11500,11500,460
04/01/2022,GRA,ST003,QAR,PRK.1587,Supersize,45,360,360,8
04/01/2022,GRA,ST003,QAR,PRK.1621,Orange loaf,12,1008,1008,84
04/01/2022,GRA,ST003,QAR,PRK.1623,Brownie flavour cookies,10,1260,1260,126
04/01/2022,GRA,ST003,QAR,PRK.1626,Cinnamon Roll,13,39,39,3
04/01/2022,GRA,ST003,QAR,PRK.1627,Custard Raisin Roll,14,14,14,1
04/01/2022,GRA,ST003,QAR,PRK.1628,Brownie bites,13,936,936,72
04/01/2022,GRA,ST003,QAR,PRK.1651,■PB & Jam sourdough bread,18,594,594,33
04/01/2022,GRA,ST003,QAR,PRK.1655,Graze Oatmeal,30,60,60,2
04/01/2022,GRA,ST003,QAR,PRK.1681,Salted Caramel Mocha,24,600,600,25
04/01/2022,GRA,ST003,QAR,PRK.1682,■Matcha Frappe,26,208,208,8
04/01/2022,GRA,ST003,QAR,PRK.1711,Pomegranate Pot,18,810,810,45
04/01/2022,GRA,ST003,QAR,PRK.1712,Mango Peach Muesli Pot,24,24,24,1
04/01/2022,GRA,ST003,QAR,PRK.1713,Overnight oats PB&Jam,25,525,525,21
04/01/2022,GRA,ST003,QAR,PRK.1741,Spicy Tuna sandwich,26,1352,1352,52
04/01/2022,GRA,ST003,QAR,PRK.1742,Three cheese,22,1078,1078,49
04/01/2022,GRA,ST003,QAR,PRK.1743,Falafel and Labna,25,600,600,24
04/01/2022,GRA,ST003,QAR,PRK.1744,Three Berry croissant,35,175,175,5
04/01/2022,GRA,ST003,QAR,PRK.1746,GRAZE CLUB SANDWICH,42,1638,1638,39
04/01/2022,GRA,ST003,QAR,PRK.1747,BEEF BURGER,35,2135,2135,61
04/01/2022,GRA,ST003,QAR,PRK.1771,Pistachio Arabeshi,5,2870,2870,574
04/01/2022,GRA,ST003,QAR,PRK.1772,Fresh Raspberry,5,1220,1220,244
04/01/2022,GRA,ST003,QAR,PRK.1773,Fresh blueberry,5,1095,1095,219
04/01/2022,GRA,ST003,QAR,PRK.1774,Chocolate Flakes,5,725,725,145
04/01/2022,GRA,ST003,QAR,PRK.1775,Honey Comb,5,140,140,28
04/01/2022,GRA,ST003,QAR,PRK.4501,Full Fat Milk,0,0,0,12
04/01/2022,GRA,ST003,QAR,PRK.4502,Low Fat Milk,0,0,0,32
04/01/2022,GRA,ST003,QAR,PRK.4503,Almond Milk,2,358,358,179
04/01/2022,GRA,ST003,QAR,PRK.4504,Soya Milk,2,48,48,24
04/01/2022,GRA,ST003,QAR,PRK.4508,Single Shot,0,0,0,1
04/01/2022,GRA,ST003,QAR,PRK.4510,Less Hot,0,0,0,2
04/01/2022,GRA,ST003,QAR,PRK.4516,Decaf,0,0,0,9
04/01/2022,GRA,ST003,QAR,PRK.4517,Vanilla Flavor,0,0,0,11
04/01/2022,GRA,ST003,QAR,PRK.4519,caramel flavor,0,0,0,1
04/01/2022,GRA,ST003,QAR,PRK.4531,w/ Granola,0,0,0,140
04/01/2022,GRA,ST003,QAR,PRK.4533,w/ Pretzel,0,0,0,15
04/01/2022,GRA,ST003,QAR,PRK.4534,w/ Coconut Flakes,0,0,0,62
04/01/2022,GRA,ST003,QAR,PRK.4535,w/ Crispy Crepe,0,0,0,132
04/01/2022,GRA,ST003,QAR,PRK.4537,w/ Mixed Berries Sauce,0,0,0,34
04/01/2022,GRA,ST003,QAR,PRK.4541,w/ Strawberry,0,0,0,354
04/01/2022,GRA,ST003,QAR,PRK.4543,w/ Salted Caramel,0,0,0,32
04/01/2022,GRA,ST003,QAR,PRK.4544,w/ Pomegranate,0,0,0,189
04/01/2022,GRA,ST003,QAR,PRK.4545,w/ Dulce de leche,0,0,0,47
04/01/2022,GRA,ST003,QAR,PRK.4549,w/ Mango Sauce,0,0,0,49
04/01/2022,GRA,ST003,QAR,PRK.4550,w/ Mango,0,0,0,435
04/01/2022,GRA,ST003,QAR,PRK.4551,w/ Peanut Butter Sauce,0,0,0,12
04/01/2022,GRA,ST003,QAR,PRK.4552,w/ Crushed Grahams,0,0,0,43
04/01/2022,GRA,ST003,QAR,PRK.4556,w/ Fresh Pineapple,0,0,0,94
04/01/2022,GRA,ST003,QAR,PRK.4557,w/ Kiwi Fruit,0,0,0,36
04/01/2022,GRA,ST003,QAR,PRK.4558,w/ Lotus Biscuit,0,0,0,67
04/01/2022,GRA,ST003,QAR,PRK.4561,MIXED FROZEN YOGURT,0,0,0,112
04/01/2022,GRA,ST003,QAR,PRK.4562,MIXED MANGO YOGURT,0,0,0,23
04/01/2022,GRA,ST003,QAR,PRK.4564,MIXED MILKY ICE CREAM,0,0,0,3
