DATE,BRANCHCODE,WAREHOUSECODE,CURRENCY,ERPCODE,ITEMNAME,RAWPRICE,GROSSAMT,NETVALUE,QTYSOLD
05/01/2022,GRA,ST003,QAR,PRK.902,Granola,55,770,770,14
05/01/2022,GRA,ST003,QAR,PRK.903,Graze Spicy  Mix,55,165,165,3
05/01/2022,GRA,ST003,QAR,PRK.904,Graze House Mix,55,165,165,3
05/01/2022,GRA,ST003,QAR,PRK.907,Zaatar Chips,6,228,228,38
05/01/2022,GRA,ST003,QAR,PRK.909,Spicy Pesto Chips,6,198,198,33
05/01/2022,GRA,ST003,QAR,PRK.910,Graze Spicy Mix Sml,25,450,450,18
05/01/2022,GRA,ST003,QAR,PRK.911,Graze House Mix Sml,25,450,450,18
05/01/2022,GRA,ST003,QAR,PRK.962,Extra flavor,3,81,81,27
05/01/2022,GRA,ST003,QAR,PRK.994,Crsnt w Egg/Avaca/ SunTom,24,2952,2952,123
05/01/2022,GRA,ST003,QAR,PRK.995,Egg Burrito,20,1600,1600,80
05/01/2022,GRA,ST003,QAR,PRK.996,Blueberry Granola parfait,25,2875,2875,115
05/01/2022,GRA,ST003,QAR,PRK.997,Yog Dates Chia Pista Alm,22,1672,1672,76
05/01/2022,GRA,ST003,QAR,PRK.1003,Cheese Croissant,16,288,288,18
05/01/2022,GRA,ST003,QAR,PRK.1007,Zatar Croissant,16,448,448,28
05/01/2022,GRA,ST003,QAR,PRK.1008,Chocolate Croissant,16,384,384,24
05/01/2022,GRA,ST003,QAR,PRK.1010,Tomato Puff Pastry,16,768,768,48
05/01/2022,GRA,ST003,QAR,PRK.1012,Three Berry Yogurt & Date,25,1075,1075,43
05/01/2022,GRA,ST003,QAR,PRK.1015,Kiri Cheese Danish,14,882,882,63
05/01/2022,GRA,ST003,QAR,PRK.1016,Plain Croissant,10,510,510,51
05/01/2022,GRA,ST003,QAR,PRK.1020,Almond Croissant,16,608,608,38
05/01/2022,GRA,ST003,QAR,PRK.1021,Shirazi Salad,12,984,984,82
05/01/2022,GRA,ST003,QAR,PRK.1023,Falafel Salad,35,2660,2660,76
05/01/2022,GRA,ST003,QAR,PRK.1024,Quinoa Swt potato Salad,40,2280,2280,57
05/01/2022,GRA,ST003,QAR,PRK.1027,Mex Chkn Chilli Bean Sld,40,5800,5800,145
05/01/2022,GRA,ST003,QAR,PRK.1029,Burrata Salad,50,3650,3650,73
05/01/2022,GRA,ST003,QAR,PRK.1031,Teriyaki GRAZE Salmn,55,12155,12155,221
05/01/2022,GRA,ST003,QAR,PRK.1034,BBQ Chick Peas,38,1672,1672,44
05/01/2022,GRA,ST003,QAR,PRK.1039,Keto Chicken Salad,40,4880,4880,122
05/01/2022,GRA,ST003,QAR,PRK.1044,Southern Chicken Salad,45,4050,4050,90
05/01/2022,GRA,ST003,QAR,PRK.1047,Chicken Noodle Salad,40,80,80,2
05/01/2022,GRA,ST003,QAR,PRK.1048,Mexican  Caesar Salad chk,39,8892,8892,228
05/01/2022,GRA,ST003,QAR,PRK.1049,ROCCA SALAD,22,1298,1298,59
05/01/2022,GRA,ST003,QAR,PRK.1052,Smoke Turkey Sandwich,34,6664,6657.2,196
05/01/2022,GRA,ST003,QAR,PRK.1054,lemon&Rosemary Chkn,36,8640,8640,240
05/01/2022,GRA,ST003,QAR,PRK.1057,Steak & Philly Chz SW,32,3424,3424,107
05/01/2022,GRA,ST003,QAR,PRK.1063,Egg Mayo with Rocket,20,1660,1660,83
05/01/2022,GRA,ST003,QAR,PRK.1068,Crispy Chicken Bun,24,3000,3000,125
05/01/2022,GRA,ST003,QAR,PRK.1069,Spicy Courgette Falafel W,24,1656,1656,69
05/01/2022,GRA,ST003,QAR,PRK.1070,Chicken Pesto & Mozzarell,32,4160,4160,130
05/01/2022,GRA,ST003,QAR,PRK.1075,Avocado Toast,40,1440,1440,36
05/01/2022,GRA,ST003,QAR,PRK.1077,Spicy Halloumi,38,1482,1482,39
05/01/2022,GRA,ST003,QAR,PRK.1080,Graze Breakfast (egg box),32,992,992,31
05/01/2022,GRA,ST003,QAR,PRK.1083,Chkn Soup,19,1444,1444,76
05/01/2022,GRA,ST003,QAR,PRK.1086,Lamb Soup,28,1092,1092,39
05/01/2022,GRA,ST003,QAR,PRK.1087,Lentil Soup,20,1720,1720,86
05/01/2022,GRA,ST003,QAR,PRK.1111,Penne Bolognese,50,3400,3400,68
05/01/2022,GRA,ST003,QAR,PRK.1113,Chkn Katsu Curry,45,8280,8280,184
05/01/2022,GRA,ST003,QAR,PRK.1115,Mushroom Pasta,40,3680,3680,92
05/01/2022,GRA,ST003,QAR,PRK.1118,Steak With Mushroom Sauce,45,9000,9000,200
05/01/2022,GRA,ST003,QAR,PRK.1119,Chicken Biryani,45,11700,11700,260
05/01/2022,GRA,ST003,QAR,PRK.1121,Chinese Sesame Chicken,40,8760,8752,219
05/01/2022,GRA,ST003,QAR,PRK.1127,Rock Shrimp,45,7155,7155,159
05/01/2022,GRA,ST003,QAR,PRK.1133,Lamb  Kabsa,45,8505,8496,189
05/01/2022,GRA,ST003,QAR,PRK.1140,Chicken Curry & Saffron r,43,5891,5891,137
05/01/2022,GRA,ST003,QAR,PRK.1141,CRAB BOWL,28,392,392,14
05/01/2022,GRA,ST003,QAR,PRK.1145,Yoghurt & Cucumber dip,12,804,804,67
05/01/2022,GRA,ST003,QAR,PRK.1146,Spicy Guacamole Pot,13,910,910,70
05/01/2022,GRA,ST003,QAR,PRK.1149,Edamame Pot,12,924,924,77
05/01/2022,GRA,ST003,QAR,PRK.1155,Classic hummus pot,18,108,108,6
05/01/2022,GRA,ST003,QAR,PRK.1159,Greek Tabbouleh,20,1220,1220,61
05/01/2022,GRA,ST003,QAR,PRK.1160,Egg pot,16,384,384,24
05/01/2022,GRA,ST003,QAR,PRK.1161,Labneh Beetroot,28,700,700,25
05/01/2022,GRA,ST003,QAR,PRK.1171,Energy Coconut Ball,22,22,22,1
05/01/2022,GRA,ST003,QAR,PRK.1173,Choco Chia Energy Ball,30,1380,1380,46
05/01/2022,GRA,ST003,QAR,PRK.1175,Pecan Bars,14,588,588,42
05/01/2022,GRA,ST003,QAR,PRK.1177,Carrot Cake,15,750,750,50
05/01/2022,GRA,ST003,QAR,PRK.1178,Sweet Potatoe Choco Cake,15,765,765,51
05/01/2022,GRA,ST003,QAR,PRK.1180,Tropical Fruits,18,126,126,7
05/01/2022,GRA,ST003,QAR,PRK.1181,Green Apple,2,86,86,43
05/01/2022,GRA,ST003,QAR,PRK.1182,Red Apple,2,96,96,48
05/01/2022,GRA,ST003,QAR,PRK.1183,Bannana,2,544,544,272
05/01/2022,GRA,ST003,QAR,PRK.1184,Watermelon,18,2160,2160,120
05/01/2022,GRA,ST003,QAR,PRK.1185,Pineapplemix,18,1368,1368,76
05/01/2022,GRA,ST003,QAR,PRK.1186,Mixed Berries,22,1892,1892,86
05/01/2022,GRA,ST003,QAR,PRK.1194,Lotus Cheesecake,15,795,795,53
05/01/2022,GRA,ST003,QAR,PRK.1196,Chia Blueberry Yodurt,24,816,816,34
05/01/2022,GRA,ST003,QAR,PRK.1201,Iced Flat White,18,522,522,29
05/01/2022,GRA,ST003,QAR,PRK.1203,Iced Spanish Latte,20,2720,2720,136
05/01/2022,GRA,ST003,QAR,PRK.1204,Iced Latte,18,1674,1674,93
05/01/2022,GRA,ST003,QAR,PRK.1205,Iced Americano,15,1110,1110,74
05/01/2022,GRA,ST003,QAR,PRK.1234,Pepperoni Pizza small,40,880,880,22
05/01/2022,GRA,ST003,QAR,PRK.1235,Margherita Pizza small,30,720,720,24
05/01/2022,GRA,ST003,QAR,PRK.1236,BBQ chicken Pizza small,35,910,910,26
05/01/2022,GRA,ST003,QAR,PRK.1262,Highland Still,5,3520,3520,704
05/01/2022,GRA,ST003,QAR,PRK.1265,Perrier Sparkling,9,675,675,75
05/01/2022,GRA,ST003,QAR,PRK.1291,Coke,5,915,915,183
05/01/2022,GRA,ST003,QAR,PRK.1292,Diet Coke,5,1560,1559,312
05/01/2022,GRA,ST003,QAR,PRK.1321,Mini Cup /Pina Colada,14,1050,1050,75
05/01/2022,GRA,ST003,QAR,PRK.1322,Regular Cup / Pina Colada,21,966,966,46
05/01/2022,GRA,ST003,QAR,PRK.1323,Large cup /Pina Colada,23,299,299,13
05/01/2022,GRA,ST003,QAR,PRK.1324,Mini Pina Colada/Topping,18,900,900,50
05/01/2022,GRA,ST003,QAR,PRK.1325,Regular Pina Colada/Toppi,26,1274,1274,49
05/01/2022,GRA,ST003,QAR,PRK.1326,Large Pina Colada/Topping,30,390,390,13
05/01/2022,GRA,ST003,QAR,PRK.1330,Stay Home w/ Graze R 4X1,130,260,260,2
05/01/2022,GRA,ST003,QAR,PRK.1332,Stay Home w/ Graze R 8 X1,240,240,240,1
05/01/2022,GRA,ST003,QAR,PRK.1333,Stay Home w/Graze M 6 X1,130,130,130,1
05/01/2022,GRA,ST003,QAR,PRK.1334,Stay Home w/Graze M12 X1,240,2160,2160,9
05/01/2022,GRA,ST003,QAR,PRK.1335,Cool Box,15,420,420,28
05/01/2022,GRA,ST003,QAR,PRK.1349,Graze complimntry Ice Box,0,0,0,12
05/01/2022,GRA,ST003,QAR,PRK.1351,Espresso Single,12,612,612,51
05/01/2022,GRA,ST003,QAR,PRK.1353,Americano Hot,15,3045,3045,203
05/01/2022,GRA,ST003,QAR,PRK.1354,Flat White Hot,18,1890,1890,105
05/01/2022,GRA,ST003,QAR,PRK.1355,Cappucino,18,3186,3186,177
05/01/2022,GRA,ST003,QAR,PRK.1356,Cortado,18,396,396,22
05/01/2022,GRA,ST003,QAR,PRK.1358,Spanish Latte,20,2480,2480,124
05/01/2022,GRA,ST003,QAR,PRK.1359,Classic Mocha,25,325,325,13
05/01/2022,GRA,ST003,QAR,PRK.1360,Slated Caramel Mocha,25,525,525,21
05/01/2022,GRA,ST003,QAR,PRK.1362,Double Espresso,14,882,882,63
05/01/2022,GRA,ST003,QAR,PRK.1363,Latte Hot,18,2232,2232,124
05/01/2022,GRA,ST003,QAR,PRK.1364,English B/F,12,276,276,23
05/01/2022,GRA,ST003,QAR,PRK.1365,Green Tea,12,156,156,13
05/01/2022,GRA,ST003,QAR,PRK.1368,Lemon Grass/ Ginger,12,36,36,3
05/01/2022,GRA,ST003,QAR,PRK.1372,Hot Cocoa,24,672,672,28
05/01/2022,GRA,ST003,QAR,PRK.1373,Hibiscus Iced tea,18,900,900,50
05/01/2022,GRA,ST003,QAR,PRK.1374,Peach Iced Tea,18,882,882,49
05/01/2022,GRA,ST003,QAR,PRK.1375,Matcha Latte,25,150,150,6
05/01/2022,GRA,ST003,QAR,PRK.1376,Cinnamon Latte,25,100,100,4
05/01/2022,GRA,ST003,QAR,PRK.1386,Orange Juice,22,6974,6969.6,317
05/01/2022,GRA,ST003,QAR,PRK.1387,Carrot Juice,22,1122,1122,51
05/01/2022,GRA,ST003,QAR,PRK.1390,Morning Boost,24,2112,2112,88
05/01/2022,GRA,ST003,QAR,PRK.1392,Immune Boost,22,1914,1909.6,87
05/01/2022,GRA,ST003,QAR,PRK.1396,Ginger Aid Shot,18,4446,4446,247
05/01/2022,GRA,ST003,QAR,PRK.1402,Laban Drink,18,1404,1404,78
05/01/2022,GRA,ST003,QAR,PRK.1403,Vimto Juice,18,180,180,10
05/01/2022,GRA,ST003,QAR,PRK.1404,Green Boost Juice,24,1752,1752,73
05/01/2022,GRA,ST003,QAR,PRK.1405,Watermelon & Coconut cool,20,800,800,40
05/01/2022,GRA,ST003,QAR,PRK.1406,Beetroot & Apple Juice,20,1520,1520,76
05/01/2022,GRA,ST003,QAR,PRK.1407,Coconut & Pineapple Juice,24,240,240,10
05/01/2022,GRA,ST003,QAR,PRK.1409,Turmeric wellness shot,16,672,672,42
05/01/2022,GRA,ST003,QAR,PRK.1412, Mini Cup Yogurt,14,4900,4900,350
05/01/2022,GRA,ST003,QAR,PRK.1413,Regular Cup Yogurt,21,4326,4326,206
05/01/2022,GRA,ST003,QAR,PRK.1416,Large Cup Yogurt,23,920,920,40
05/01/2022,GRA,ST003,QAR,PRK.1418, Mini Cup Yogurt/Topping,18,4248,4248,236
05/01/2022,GRA,ST003,QAR,PRK.1419,Reg Cup Yogurt/Toping,26,6162,6162,237
05/01/2022,GRA,ST003,QAR,PRK.1422,Large Cup Yogurt/Topping,30,1470,1470,49
05/01/2022,GRA,ST003,QAR,PRK.1423,Mini Cup Choco Ice cream,14,70,70,5
05/01/2022,GRA,ST003,QAR,PRK.1429,Mini Mango Ice Cream,14,13580,13580,970
05/01/2022,GRA,ST003,QAR,PRK.1430,Regular Mango Ice Cream,21,10080,10080,480
05/01/2022,GRA,ST003,QAR,PRK.1431,Large Mango Ice Cream,23,2438,2438,106
05/01/2022,GRA,ST003,QAR,PRK.1432,Mini Mango Ice Cream/Topp,18,12042,12042,669
05/01/2022,GRA,ST003,QAR,PRK.1433,Reg Mango Ice cream/Topp,26,14612,14612,562
05/01/2022,GRA,ST003,QAR,PRK.1434,Large Mango Ice Cream/Top,30,3540,3540,118
05/01/2022,GRA,ST003,QAR,PRK.1435,Mini Cup Milky Ice Cream,14,2072,2069.2,148
05/01/2022,GRA,ST003,QAR,PRK.1436,Reg Cup Milky Ice Cream,21,1638,1638,78
05/01/2022,GRA,ST003,QAR,PRK.1437,Lrge Cup Milky Ice Cream,23,69,69,3
05/01/2022,GRA,ST003,QAR,PRK.1438,Mini Cup Milky Ice C/Top,18,1800,1800,100
05/01/2022,GRA,ST003,QAR,PRK.1439,Reg Cup Milky Ice Cre/Top,26,1560,1560,60
05/01/2022,GRA,ST003,QAR,PRK.1440,Lrge Cup Milky Ice Cr/Top,30,360,360,12
05/01/2022,GRA,ST003,QAR,PRK.1464,Fresh Pineapple,3,9,9,3
05/01/2022,GRA,ST003,QAR,PRK.1469,Kiwi Fruit,3,9,9,3
05/01/2022,GRA,ST003,QAR,PRK.1470,Lotus Biscuit,3,27,27,9
05/01/2022,GRA,ST003,QAR,PRK.1471,NOODLES BOWL,45,2385,2385,53
05/01/2022,GRA,ST003,QAR,PRK.1472,CHICKEN CURRY & RICE,48,4608,4608,96
05/01/2022,GRA,ST003,QAR,PRK.1473,BEEF STROGANOFF,50,3150,3150,63
05/01/2022,GRA,ST003,QAR,PRK.1501,pomegranate,3,189,189,63
05/01/2022,GRA,ST003,QAR,PRK.1502,Strawberry,3,255,255,85
05/01/2022,GRA,ST003,QAR,PRK.1505,Salted Caramel,3,48,48,16
05/01/2022,GRA,ST003,QAR,PRK.1506,Pretzel,3,9,9,3
05/01/2022,GRA,ST003,QAR,PRK.1507,Crispy Crepe,3,150,150,50
05/01/2022,GRA,ST003,QAR,PRK.1508,Granola,3,84,84,28
05/01/2022,GRA,ST003,QAR,PRK.1509,Coconut Flakes,3,78,78,26
05/01/2022,GRA,ST003,QAR,PRK.1510,Crushed Graham,3,33,33,11
05/01/2022,GRA,ST003,QAR,PRK.1514,Dulce de Leche,3,9,9,3
05/01/2022,GRA,ST003,QAR,PRK.1520,Mixed Berries Sauce,3,9,9,3
05/01/2022,GRA,ST003,QAR,PRK.1521,Mango Sauce,3,18,18,6
05/01/2022,GRA,ST003,QAR,PRK.1523,Peanut Butter Sauce,3,6,6,2
05/01/2022,GRA,ST003,QAR,PRK.1527,Mango,3,159,159,53
05/01/2022,GRA,ST003,QAR,PRK.1529,Raita,3,3,3,1
05/01/2022,GRA,ST003,QAR,PRK.1531,Power Shake,35,1050,1050,30
05/01/2022,GRA,ST003,QAR,PRK.1532,Peanut Power Shake,35,1400,1400,40
05/01/2022,GRA,ST003,QAR,PRK.1533,Pre-workout protein shak,45,495,495,11
05/01/2022,GRA,ST003,QAR,PRK.1534,Choco Power Shake,35,350,350,10
05/01/2022,GRA,ST003,QAR,PRK.1536,Energizer protine Shakes,45,3780,3780,84
05/01/2022,GRA,ST003,QAR,PRK.1538,Pre-workout shake,35,140,140,4
05/01/2022,GRA,ST003,QAR,PRK.1540,Energizer shakes,35,2030,2030,58
05/01/2022,GRA,ST003,QAR,PRK.1542,14oz Pre-work out Protein,40,160,160,4
05/01/2022,GRA,ST003,QAR,PRK.1545,14oz Energizer protine,40,720,720,18
05/01/2022,GRA,ST003,QAR,PRK.1546,14oz Pre-workout shake,30,30,30,1
05/01/2022,GRA,ST003,QAR,PRK.1548,14oz Energizer shakes,30,420,420,14
05/01/2022,GRA,ST003,QAR,PRK.1550,Extra Protein,10,150,150,15
05/01/2022,GRA,ST003,QAR,PRK.1580,Ogaily cardamom ice cream,25,1500,1500,60
05/01/2022,GRA,ST003,QAR,PRK.1587,Supersize,45,405,405,9
05/01/2022,GRA,ST003,QAR,PRK.1621,Orange loaf,12,900,900,75
05/01/2022,GRA,ST003,QAR,PRK.1623,Brownie flavour cookies,10,1380,1380,138
05/01/2022,GRA,ST003,QAR,PRK.1626,Cinnamon Roll,13,273,273,21
05/01/2022,GRA,ST003,QAR,PRK.1627,Custard Raisin Roll,14,196,196,14
05/01/2022,GRA,ST003,QAR,PRK.1628,Brownie bites,13,663,663,51
05/01/2022,GRA,ST003,QAR,PRK.1632,Turkey cheese roll,19,475,475,25
05/01/2022,GRA,ST003,QAR,PRK.1633,Spinach feta roll,18,342,342,19
05/01/2022,GRA,ST003,QAR,PRK.1651,■PB & Jam sourdough bread,18,648,648,36
05/01/2022,GRA,ST003,QAR,PRK.1655,Graze Oatmeal,30,1290,1290,43
05/01/2022,GRA,ST003,QAR,PRK.1656,Eid breakfast,350,7700,7700,22
05/01/2022,GRA,ST003,QAR,PRK.1681,Salted Caramel Mocha,24,624,624,26
05/01/2022,GRA,ST003,QAR,PRK.1682,■Matcha Frappe,26,962,962,37
05/01/2022,GRA,ST003,QAR,PRK.1711,Pomegranate Pot,18,1098,1098,61
05/01/2022,GRA,ST003,QAR,PRK.1712,Mango Peach Muesli Pot,24,576,576,24
05/01/2022,GRA,ST003,QAR,PRK.1713,Overnight oats PB&Jam,25,1600,1600,64
05/01/2022,GRA,ST003,QAR,PRK.1741,Spicy Tuna sandwich,26,2002,2002,77
05/01/2022,GRA,ST003,QAR,PRK.1742,Three cheese,22,2002,1997.6,91
05/01/2022,GRA,ST003,QAR,PRK.1743,Falafel and Labna,25,1075,1070,43
05/01/2022,GRA,ST003,QAR,PRK.1744,Three Berry croissant,35,35,35,1
05/01/2022,GRA,ST003,QAR,PRK.1746,GRAZE CLUB SANDWICH,42,2814,2814,67
05/01/2022,GRA,ST003,QAR,PRK.1747,BEEF BURGER,35,2205,2205,63
05/01/2022,GRA,ST003,QAR,PRK.1771,Pistachio Arabeshi,5,5650,5650,1130
05/01/2022,GRA,ST003,QAR,PRK.1772,Fresh Raspberry,5,2000,2000,400
05/01/2022,GRA,ST003,QAR,PRK.1773,Fresh blueberry,5,1385,1385,277
05/01/2022,GRA,ST003,QAR,PRK.1774,Chocolate Flakes,5,1095,1095,219
05/01/2022,GRA,ST003,QAR,PRK.1775,Honey Comb,5,340,340,68
05/01/2022,GRA,ST003,QAR,PRK.4501,Full Fat Milk,0,0,0,2
05/01/2022,GRA,ST003,QAR,PRK.4502,Low Fat Milk,0,0,0,20
05/01/2022,GRA,ST003,QAR,PRK.4503,Almond Milk,2,392,392,196
05/01/2022,GRA,ST003,QAR,PRK.4504,Soya Milk,2,48,48,24
05/01/2022,GRA,ST003,QAR,PRK.4505,Less Sweet,0,0,0,3
05/01/2022,GRA,ST003,QAR,PRK.4509,Double Shot,0,0,0,1
05/01/2022,GRA,ST003,QAR,PRK.4516,Decaf,0,0,0,11
05/01/2022,GRA,ST003,QAR,PRK.4517,Vanilla Flavor,0,0,0,18
05/01/2022,GRA,ST003,QAR,PRK.4518,Chocolate Flavor,0,0,0,2
05/01/2022,GRA,ST003,QAR,PRK.4519,caramel flavor,0,0,0,1
05/01/2022,GRA,ST003,QAR,PRK.4531,w/ Granola,0,0,0,181
05/01/2022,GRA,ST003,QAR,PRK.4533,w/ Pretzel,0,0,0,16
05/01/2022,GRA,ST003,QAR,PRK.4534,w/ Coconut Flakes,0,0,0,59
05/01/2022,GRA,ST003,QAR,PRK.4535,w/ Crispy Crepe,0,0,0,164
05/01/2022,GRA,ST003,QAR,PRK.4537,w/ Mixed Berries Sauce,0,0,0,81
05/01/2022,GRA,ST003,QAR,PRK.4541,w/ Strawberry,0,0,0,504
05/01/2022,GRA,ST003,QAR,PRK.4543,w/ Salted Caramel,0,0,0,25
05/01/2022,GRA,ST003,QAR,PRK.4544,w/ Pomegranate,0,0,0,281
05/01/2022,GRA,ST003,QAR,PRK.4545,w/ Dulce de leche,0,0,0,32
05/01/2022,GRA,ST003,QAR,PRK.4549,w/ Mango Sauce,0,0,0,52
05/01/2022,GRA,ST003,QAR,PRK.4550,w/ Mango,0,0,0,597
05/01/2022,GRA,ST003,QAR,PRK.4551,w/ Peanut Butter Sauce,0,0,0,9
05/01/2022,GRA,ST003,QAR,PRK.4552,w/ Crushed Grahams,0,0,0,42
05/01/2022,GRA,ST003,QAR,PRK.4556,w/ Fresh Pineapple,0,0,0,154
05/01/2022,GRA,ST003,QAR,PRK.4557,w/ Kiwi Fruit,0,0,0,72
05/01/2022,GRA,ST003,QAR,PRK.4558,w/ Lotus Biscuit,0,0,0,97
05/01/2022,GRA,ST003,QAR,PRK.4561,MIXED FROZEN YOGURT,0,0,0,99
05/01/2022,GRA,ST003,QAR,PRK.4562,MIXED MANGO YOGURT,0,0,0,27
