DATE,BRANCHCODE,WAREHOUSECODE,CURRENCY,ERPCODE,ITEMNAME,RAWPRICE,GROSSAMT,NETVALUE,QTYSOLD
09/01/2022,GRA,ST003,QAR,PRK.902,Granola,55,1265,1265,23
09/01/2022,GRA,ST003,QAR,PRK.903,Graze Spicy  Mix,55,330,330,6
09/01/2022,GRA,ST003,QAR,PRK.904,Graze House Mix,55,275,275,5
09/01/2022,GRA,ST003,QAR,PRK.907,Zaatar Chips,6,366,366,61
09/01/2022,GRA,ST003,QAR,PRK.909,Spicy Pesto Chips,6,408,406.8,68
09/01/2022,GRA,ST003,QAR,PRK.910,Graze Spicy Mix Sml,25,475,475,19
09/01/2022,GRA,ST003,QAR,PRK.911,Graze House Mix Sml,25,525,525,21
09/01/2022,GRA,ST003,QAR,PRK.961,Extra cheese,5,55,55,11
09/01/2022,GRA,ST003,QAR,PRK.962,Extra flavor,3,39,39,13
09/01/2022,GRA,ST003,QAR,PRK.994,Crsnt w Egg/Avaca/ SunTom,24,3048,3048,127
09/01/2022,GRA,ST003,QAR,PRK.995,Egg Burrito,20,2080,2080,104
09/01/2022,GRA,ST003,QAR,PRK.996,Blueberry Granola parfait,25,3225,3225,129
09/01/2022,GRA,ST003,QAR,PRK.997,Yog Dates Chia Pista Alm,22,2134,2134,97
09/01/2022,GRA,ST003,QAR,PRK.1003,Cheese Croissant,16,448,448,28
09/01/2022,GRA,ST003,QAR,PRK.1007,Zatar Croissant,16,656,656,41
09/01/2022,GRA,ST003,QAR,PRK.1008,Chocolate Croissant,16,688,688,43
09/01/2022,GRA,ST003,QAR,PRK.1010,Tomato Puff Pastry,16,1120,1120,70
09/01/2022,GRA,ST003,QAR,PRK.1012,Three Berry Yogurt & Date,25,1200,1200,48
09/01/2022,GRA,ST003,QAR,PRK.1015,Kiri Cheese Danish,14,770,770,55
09/01/2022,GRA,ST003,QAR,PRK.1016,Plain Croissant,10,580,580,58
09/01/2022,GRA,ST003,QAR,PRK.1020,Almond Croissant,16,496,496,31
09/01/2022,GRA,ST003,QAR,PRK.1021,Shirazi Salad,12,948,948,79
09/01/2022,GRA,ST003,QAR,PRK.1023,Falafel Salad,45,4095,4086,91
09/01/2022,GRA,ST003,QAR,PRK.1024,Quinoa Swt potato Salad,40,1800,1800,45
09/01/2022,GRA,ST003,QAR,PRK.1027,Mex Chkn Chilli Bean Sld,40,6360,6360,159
09/01/2022,GRA,ST003,QAR,PRK.1029,Burrata Salad,50,2500,2500,50
09/01/2022,GRA,ST003,QAR,PRK.1031,Teriyaki GRAZE Salmn,55,10010,10010,182
09/01/2022,GRA,ST003,QAR,PRK.1034,BBQ Chick Peas,38,2014,2014,53
09/01/2022,GRA,ST003,QAR,PRK.1039,Keto Chicken Salad,40,4520,4520,113
09/01/2022,GRA,ST003,QAR,PRK.1044,Southern Chicken Salad,45,4410,4410,98
09/01/2022,GRA,ST003,QAR,PRK.1046,Greek Salad,30,2910,2910,97
09/01/2022,GRA,ST003,QAR,PRK.1048,Mexican  Caesar Salad chk,39,7293,7293,187
09/01/2022,GRA,ST003,QAR,PRK.1049,ROCCA SALAD,22,792,792,36
09/01/2022,GRA,ST003,QAR,PRK.1052,Smoke Turkey Sandwich,34,6834,6820.4,201
09/01/2022,GRA,ST003,QAR,PRK.1054,lemon&Rosemary Chkn,36,7200,7192.8,200
09/01/2022,GRA,ST003,QAR,PRK.1057,Steak & Philly Chz SW,32,3424,3411.2,107
09/01/2022,GRA,ST003,QAR,PRK.1063,Egg Mayo with Rocket,20,1660,1660,83
09/01/2022,GRA,ST003,QAR,PRK.1068,Crispy Chicken Bun,24,2616,2616,109
09/01/2022,GRA,ST003,QAR,PRK.1070,Chicken Pesto & Mozzarell,32,4320,4320,135
09/01/2022,GRA,ST003,QAR,PRK.1075,Avocado Toast,40,1120,1120,28
09/01/2022,GRA,ST003,QAR,PRK.1077,Spicy Halloumi,38,1976,1976,52
09/01/2022,GRA,ST003,QAR,PRK.1079,Smoked Salmon Sandwich,35,70,70,2
09/01/2022,GRA,ST003,QAR,PRK.1080,Graze Breakfast (egg box),32,832,832,26
09/01/2022,GRA,ST003,QAR,PRK.1083,Chkn Soup,19,1995,1995,105
09/01/2022,GRA,ST003,QAR,PRK.1087,Lentil Soup,20,1620,1620,81
09/01/2022,GRA,ST003,QAR,PRK.1089,Vegetable soup,16,1008,1008,63
09/01/2022,GRA,ST003,QAR,PRK.1113,Chkn Katsu Curry,45,9765,9756,217
09/01/2022,GRA,ST003,QAR,PRK.1115,Mushroom Pasta,40,3880,3872,97
09/01/2022,GRA,ST003,QAR,PRK.1118,Steak With Mushroom Sauce,45,8415,8406,187
09/01/2022,GRA,ST003,QAR,PRK.1119,Chicken Biryani,45,11475,11457,255
09/01/2022,GRA,ST003,QAR,PRK.1121,Chinese Sesame Chicken,40,7400,7392,185
09/01/2022,GRA,ST003,QAR,PRK.1127,Rock Shrimp,45,7470,7470,166
09/01/2022,GRA,ST003,QAR,PRK.1133,Lamb  Kabsa,45,9090,9090,202
09/01/2022,GRA,ST003,QAR,PRK.1140,Chicken Curry & Saffron r,43,6622,6613.4,154
09/01/2022,GRA,ST003,QAR,PRK.1141,CRAB BOWL,28,868,868,31
09/01/2022,GRA,ST003,QAR,PRK.1145,Yoghurt & Cucumber dip,12,804,804,67
09/01/2022,GRA,ST003,QAR,PRK.1146,Spicy Guacamole Pot,13,676,673.4,52
09/01/2022,GRA,ST003,QAR,PRK.1149,Edamame Pot,12,756,756,63
09/01/2022,GRA,ST003,QAR,PRK.1155,Classic hummus pot,18,108,108,6
09/01/2022,GRA,ST003,QAR,PRK.1159,Greek Tabbouleh,20,1020,1020,51
09/01/2022,GRA,ST003,QAR,PRK.1160,Egg pot,16,144,144,9
09/01/2022,GRA,ST003,QAR,PRK.1161,Labneh Beetroot,12,192,192,16
09/01/2022,GRA,ST003,QAR,PRK.1171,Energy Coconut Ball,22,22,22,1
09/01/2022,GRA,ST003,QAR,PRK.1173,Choco Chia Energy Ball,30,1590,1590,53
09/01/2022,GRA,ST003,QAR,PRK.1175,Pecan Bars,14,574,574,41
09/01/2022,GRA,ST003,QAR,PRK.1177,Carrot Cake,15,960,960,64
09/01/2022,GRA,ST003,QAR,PRK.1178,Sweet Potatoe Choco Cake,15,795,795,53
09/01/2022,GRA,ST003,QAR,PRK.1180,Tropical Fruits,18,414,414,23
09/01/2022,GRA,ST003,QAR,PRK.1181,Green Apple,2,62,62,31
09/01/2022,GRA,ST003,QAR,PRK.1182,Red Apple,2,102,102,51
09/01/2022,GRA,ST003,QAR,PRK.1183,Bannana,2,476,476,238
09/01/2022,GRA,ST003,QAR,PRK.1184,Watermelon,18,2232,2232,124
09/01/2022,GRA,ST003,QAR,PRK.1185,Pineapplemix,18,1458,1458,81
09/01/2022,GRA,ST003,QAR,PRK.1186,Mixed Berries,22,2046,2046,93
09/01/2022,GRA,ST003,QAR,PRK.1194,Lotus Cheesecake,15,930,930,62
09/01/2022,GRA,ST003,QAR,PRK.1196,Chia Blueberry Yodurt,24,1152,1142.4,48
09/01/2022,GRA,ST003,QAR,PRK.1201,Iced Flat White,18,540,540,30
09/01/2022,GRA,ST003,QAR,PRK.1203,Iced Spanish Latte,20,4120,4120,206
09/01/2022,GRA,ST003,QAR,PRK.1204,Iced Latte,18,1530,1530,85
09/01/2022,GRA,ST003,QAR,PRK.1205,Iced Americano,15,2025,2025,135
09/01/2022,GRA,ST003,QAR,PRK.1234,Pepperoni Pizza small,40,1120,1120,28
09/01/2022,GRA,ST003,QAR,PRK.1235,Margherita Pizza small,30,720,720,24
09/01/2022,GRA,ST003,QAR,PRK.1236,BBQ chicken Pizza small,35,910,910,26
09/01/2022,GRA,ST003,QAR,PRK.1262,Highland Still,5,3150,3150,630
09/01/2022,GRA,ST003,QAR,PRK.1265,Perrier Sparkling,9,810,810,90
09/01/2022,GRA,ST003,QAR,PRK.1291,Coke,5,1045,1044,209
09/01/2022,GRA,ST003,QAR,PRK.1292,Diet Coke,5,1980,1975,396
09/01/2022,GRA,ST003,QAR,PRK.1327,Stay Home w/ Graze L 4X1,140,140,140,1
09/01/2022,GRA,ST003,QAR,PRK.1331,Stay Home w/ Graze R 6 X1,185,185,185,1
09/01/2022,GRA,ST003,QAR,PRK.1332,Stay Home w/ Graze R 8 X1,240,240,240,1
09/01/2022,GRA,ST003,QAR,PRK.1333,Stay Home w/Graze M 6 X1,130,130,130,1
09/01/2022,GRA,ST003,QAR,PRK.1334,Stay Home w/Graze M12 X1,240,480,480,2
09/01/2022,GRA,ST003,QAR,PRK.1335,Cool Box,15,300,300,20
09/01/2022,GRA,ST003,QAR,PRK.1351,Espresso Single,12,696,696,58
09/01/2022,GRA,ST003,QAR,PRK.1353,Americano Hot,15,2685,2685,179
09/01/2022,GRA,ST003,QAR,PRK.1354,Flat White Hot,18,1980,1980,110
09/01/2022,GRA,ST003,QAR,PRK.1355,Cappucino,18,2556,2556,142
09/01/2022,GRA,ST003,QAR,PRK.1356,Cortado,18,972,972,54
09/01/2022,GRA,ST003,QAR,PRK.1358,Spanish Latte,20,3020,3020,151
09/01/2022,GRA,ST003,QAR,PRK.1359,Classic Mocha,25,250,250,10
09/01/2022,GRA,ST003,QAR,PRK.1360,Slated Caramel Mocha,25,425,425,17
09/01/2022,GRA,ST003,QAR,PRK.1362,Double Espresso,14,896,896,64
09/01/2022,GRA,ST003,QAR,PRK.1363,Latte Hot,18,2430,2430,135
09/01/2022,GRA,ST003,QAR,PRK.1364,English B/F,12,216,216,18
09/01/2022,GRA,ST003,QAR,PRK.1365,Green Tea,12,348,348,29
09/01/2022,GRA,ST003,QAR,PRK.1368,Lemon Grass/ Ginger,12,12,12,1
09/01/2022,GRA,ST003,QAR,PRK.1372,Hot Cocoa,24,552,552,23
09/01/2022,GRA,ST003,QAR,PRK.1373,Hibiscus Iced tea,18,1206,1206,67
09/01/2022,GRA,ST003,QAR,PRK.1374,Peach Iced Tea,18,738,738,41
09/01/2022,GRA,ST003,QAR,PRK.1375,Matcha Latte,25,100,100,4
09/01/2022,GRA,ST003,QAR,PRK.1376,Cinnamon Latte,25,150,150,6
09/01/2022,GRA,ST003,QAR,PRK.1386,Orange Juice,22,6160,6155.6,280
09/01/2022,GRA,ST003,QAR,PRK.1387,Carrot Juice,22,726,726,33
09/01/2022,GRA,ST003,QAR,PRK.1390,Morning Boost,24,2184,2184,91
09/01/2022,GRA,ST003,QAR,PRK.1392,Immune Boost,22,1562,1562,71
09/01/2022,GRA,ST003,QAR,PRK.1396,Ginger Aid Shot,18,3294,3294,183
09/01/2022,GRA,ST003,QAR,PRK.1402,Laban Drink,18,1602,1598.4,89
09/01/2022,GRA,ST003,QAR,PRK.1404,Green Boost Juice,24,1512,1512,63
09/01/2022,GRA,ST003,QAR,PRK.1405,Watermelon & Coconut cool,20,440,440,22
09/01/2022,GRA,ST003,QAR,PRK.1406,Beetroot & Apple Juice,20,1900,1892,95
09/01/2022,GRA,ST003,QAR,PRK.1407,Coconut & Pineapple Juice,24,648,648,27
09/01/2022,GRA,ST003,QAR,PRK.1409,Turmeric wellness shot,16,1184,1184,74
09/01/2022,GRA,ST003,QAR,PRK.1412, Mini Cup Yogurt,14,4984,4984,356
09/01/2022,GRA,ST003,QAR,PRK.1413,Regular Cup Yogurt,21,4725,4720.8,225
09/01/2022,GRA,ST003,QAR,PRK.1416,Large Cup Yogurt,23,1288,1288,56
09/01/2022,GRA,ST003,QAR,PRK.1418, Mini Cup Yogurt/Topping,18,4392,4392,244
09/01/2022,GRA,ST003,QAR,PRK.1419,Reg Cup Yogurt/Toping,26,5616,5600.4,216
09/01/2022,GRA,ST003,QAR,PRK.1422,Large Cup Yogurt/Topping,30,840,840,28
09/01/2022,GRA,ST003,QAR,PRK.1429,Mini Mango Ice Cream,14,10318,10304,737
09/01/2022,GRA,ST003,QAR,PRK.1430,Regular Mango Ice Cream,21,8064,8059.8,384
09/01/2022,GRA,ST003,QAR,PRK.1431,Large Mango Ice Cream,23,3013,3013,131
09/01/2022,GRA,ST003,QAR,PRK.1432,Mini Mango Ice Cream/Topp,18,9810,9810,545
09/01/2022,GRA,ST003,QAR,PRK.1433,Reg Mango Ice cream/Topp,26,11466,11455.6,441
09/01/2022,GRA,ST003,QAR,PRK.1434,Large Mango Ice Cream/Top,30,2790,2790,93
09/01/2022,GRA,ST003,QAR,PRK.1435,Mini Cup Milky Ice Cream,14,714,714,51
09/01/2022,GRA,ST003,QAR,PRK.1436,Reg Cup Milky Ice Cream,21,567,567,27
09/01/2022,GRA,ST003,QAR,PRK.1437,Lrge Cup Milky Ice Cream,23,299,299,13
09/01/2022,GRA,ST003,QAR,PRK.1438,Mini Cup Milky Ice C/Top,18,684,684,38
09/01/2022,GRA,ST003,QAR,PRK.1439,Reg Cup Milky Ice Cre/Top,26,728,728,28
09/01/2022,GRA,ST003,QAR,PRK.1440,Lrge Cup Milky Ice Cr/Top,30,330,330,11
09/01/2022,GRA,ST003,QAR,PRK.1464,Fresh Pineapple,3,27,27,9
09/01/2022,GRA,ST003,QAR,PRK.1469,Kiwi Fruit,3,18,18,6
09/01/2022,GRA,ST003,QAR,PRK.1470,Lotus Biscuit,3,9,9,3
09/01/2022,GRA,ST003,QAR,PRK.1472,CHICKEN CURRY & RICE,48,5040,5040,105
09/01/2022,GRA,ST003,QAR,PRK.1473,BEEF STROGANOFF,50,3650,3650,73
09/01/2022,GRA,ST003,QAR,PRK.1474,Spaghetti Bolognese,45,4950,4950,110
09/01/2022,GRA,ST003,QAR,PRK.1475,Salmon with Cilantro Rice,65,9165,9165,141
09/01/2022,GRA,ST003,QAR,PRK.1476,Chicken Noodle Bowl,40,3160,3160,79
09/01/2022,GRA,ST003,QAR,PRK.1501,pomegranate,3,219,219,73
09/01/2022,GRA,ST003,QAR,PRK.1502,Strawberry,3,126,126,42
09/01/2022,GRA,ST003,QAR,PRK.1505,Salted Caramel,3,30,30,10
09/01/2022,GRA,ST003,QAR,PRK.1506,Pretzel,3,15,15,5
09/01/2022,GRA,ST003,QAR,PRK.1507,Crispy Crepe,3,192,192,64
09/01/2022,GRA,ST003,QAR,PRK.1508,Granola,3,132,132,44
09/01/2022,GRA,ST003,QAR,PRK.1509,Coconut Flakes,3,63,63,21
09/01/2022,GRA,ST003,QAR,PRK.1510,Crushed Graham,3,57,57,19
09/01/2022,GRA,ST003,QAR,PRK.1514,Dulce de Leche,3,3,3,1
09/01/2022,GRA,ST003,QAR,PRK.1520,Mixed Berries Sauce,3,36,36,12
09/01/2022,GRA,ST003,QAR,PRK.1521,Mango Sauce,3,102,102,34
09/01/2022,GRA,ST003,QAR,PRK.1523,Peanut Butter Sauce,3,6,6,2
09/01/2022,GRA,ST003,QAR,PRK.1527,Mango,3,147,147,49
09/01/2022,GRA,ST003,QAR,PRK.1531,Power Shake,35,770,770,22
09/01/2022,GRA,ST003,QAR,PRK.1532,Peanut Power Shake,35,1435,1435,41
09/01/2022,GRA,ST003,QAR,PRK.1533,Pre-workout protein shak,45,405,405,9
09/01/2022,GRA,ST003,QAR,PRK.1534,Choco Power Shake,35,210,210,6
09/01/2022,GRA,ST003,QAR,PRK.1536,Energizer protine Shakes,45,14040,14040,312
09/01/2022,GRA,ST003,QAR,PRK.1538,Pre-workout shake,35,140,140,4
09/01/2022,GRA,ST003,QAR,PRK.1540,Energizer shakes,35,1085,1085,31
09/01/2022,GRA,ST003,QAR,PRK.1542,14oz Pre-work out Protein,40,200,200,5
09/01/2022,GRA,ST003,QAR,PRK.1545,14oz Energizer protine,40,680,680,17
09/01/2022,GRA,ST003,QAR,PRK.1546,14oz Pre-workout shake,30,30,30,1
09/01/2022,GRA,ST003,QAR,PRK.1548,14oz Energizer shakes,30,210,210,7
09/01/2022,GRA,ST003,QAR,PRK.1550,Extra Protein,10,170,170,17
09/01/2022,GRA,ST003,QAR,PRK.1581,Mini coconut frz yog I/C,14,1498,1498,107
09/01/2022,GRA,ST003,QAR,PRK.1582,Regular coconut frz yog I,21,945,940.8,45
09/01/2022,GRA,ST003,QAR,PRK.1583,Large coconut frz yog I/C,23,391,391,17
09/01/2022,GRA,ST003,QAR,PRK.1584,Mini coconut frz yog  Top,18,1332,1332,74
09/01/2022,GRA,ST003,QAR,PRK.1585,Reg- coconut frz yog Top,26,1768,1762.8,68
09/01/2022,GRA,ST003,QAR,PRK.1586,Large coconut frz yog  To,30,540,540,18
09/01/2022,GRA,ST003,QAR,PRK.1588,Acai Small,35,4095,4025,117
09/01/2022,GRA,ST003,QAR,PRK.1589,Acai Large,40,1800,1720,45
09/01/2022,GRA,ST003,QAR,PRK.1621,Orange loaf,12,804,804,67
09/01/2022,GRA,ST003,QAR,PRK.1623,Brownie flavour cookies,10,1290,1290,129
09/01/2022,GRA,ST003,QAR,PRK.1626,Cinnamon Roll,13,468,468,36
09/01/2022,GRA,ST003,QAR,PRK.1627,Custard Raisin Roll,14,266,266,19
09/01/2022,GRA,ST003,QAR,PRK.1628,Brownie bites,13,871,871,67
09/01/2022,GRA,ST003,QAR,PRK.1632,Turkey cheese roll,19,1045,1045,55
09/01/2022,GRA,ST003,QAR,PRK.1633,Spinach feta roll,18,666,666,37
09/01/2022,GRA,ST003,QAR,PRK.1651,■PB & Jam sourdough bread,18,432,432,24
09/01/2022,GRA,ST003,QAR,PRK.1655,Graze Oatmeal,30,690,690,23
09/01/2022,GRA,ST003,QAR,PRK.1681,Salted Caramel Mocha,24,816,816,34
09/01/2022,GRA,ST003,QAR,PRK.1682,■Matcha Frappe,26,936,936,36
09/01/2022,GRA,ST003,QAR,PRK.1711,Pomegranate Pot,18,1008,1008,56
09/01/2022,GRA,ST003,QAR,PRK.1712,Mango Peach Muesli Pot,24,648,648,27
09/01/2022,GRA,ST003,QAR,PRK.1713,Overnight oats PB&Jam,25,1200,1200,48
09/01/2022,GRA,ST003,QAR,PRK.1741,Spicy Tuna sandwich,26,1742,1742,67
09/01/2022,GRA,ST003,QAR,PRK.1742,Three cheese,22,1738,1738,79
09/01/2022,GRA,ST003,QAR,PRK.1743,Falafel and Labna,25,1025,1025,41
09/01/2022,GRA,ST003,QAR,PRK.1746,GRAZE CLUB SANDWICH,42,1638,1638,39
09/01/2022,GRA,ST003,QAR,PRK.1747,BEEF BURGER,35,1750,1750,50
09/01/2022,GRA,ST003,QAR,PRK.1748,Chicken Shawarma,18,2196,2196,122
09/01/2022,GRA,ST003,QAR,PRK.1749,Tenderloin Beef Shawarma,22,1650,1650,75
09/01/2022,GRA,ST003,QAR,PRK.1771,Pistachio Arabeshi,5,3175,3175,635
09/01/2022,GRA,ST003,QAR,PRK.1772,Fresh Raspberry,5,1400,1400,280
09/01/2022,GRA,ST003,QAR,PRK.1773,Fresh blueberry,5,1280,1280,256
09/01/2022,GRA,ST003,QAR,PRK.1774,Chocolate Flakes,5,960,960,192
09/01/2022,GRA,ST003,QAR,PRK.1775,Honey Comb,5,300,300,60
09/01/2022,GRA,ST003,QAR,PRK.4501,Full Fat Milk,0,0,0,22
09/01/2022,GRA,ST003,QAR,PRK.4502,Low Fat Milk,0,0,0,39
09/01/2022,GRA,ST003,QAR,PRK.4503,Almond Milk,2,860,860,430
09/01/2022,GRA,ST003,QAR,PRK.4504,Soya Milk,2,68,68,34
09/01/2022,GRA,ST003,QAR,PRK.4507,Half Shot,0,0,0,1
09/01/2022,GRA,ST003,QAR,PRK.4509,Double Shot,0,0,0,2
09/01/2022,GRA,ST003,QAR,PRK.4511,More Hot,0,0,0,1
09/01/2022,GRA,ST003,QAR,PRK.4516,Decaf,0,0,0,8
09/01/2022,GRA,ST003,QAR,PRK.4517,Vanilla Flavor,0,0,0,5
09/01/2022,GRA,ST003,QAR,PRK.4518,Chocolate Flavor,0,0,0,1
09/01/2022,GRA,ST003,QAR,PRK.4531,w/ Granola,0,0,0,68
09/01/2022,GRA,ST003,QAR,PRK.4533,w/ Pretzel,0,0,0,4
09/01/2022,GRA,ST003,QAR,PRK.4534,w/ Coconut Flakes,0,0,0,52
09/01/2022,GRA,ST003,QAR,PRK.4535,w/ Crispy Crepe,0,0,0,85
09/01/2022,GRA,ST003,QAR,PRK.4537,w/ Mixed Berries Sauce,0,0,0,30
09/01/2022,GRA,ST003,QAR,PRK.4541,w/ Strawberry,0,0,0,206
09/01/2022,GRA,ST003,QAR,PRK.4543,w/ Salted Caramel,0,0,0,25
09/01/2022,GRA,ST003,QAR,PRK.4544,w/ Pomegranate,0,0,0,152
09/01/2022,GRA,ST003,QAR,PRK.4545,w/ Dulce de leche,0,0,0,11
09/01/2022,GRA,ST003,QAR,PRK.4549,w/ Mango Sauce,0,0,0,76
09/01/2022,GRA,ST003,QAR,PRK.4550,w/ Mango,0,0,0,292
09/01/2022,GRA,ST003,QAR,PRK.4551,w/ Peanut Butter Sauce,0,0,0,1
09/01/2022,GRA,ST003,QAR,PRK.4552,w/ Crushed Grahams,0,0,0,32
09/01/2022,GRA,ST003,QAR,PRK.4556,w/ Fresh Pineapple,0,0,0,24
09/01/2022,GRA,ST003,QAR,PRK.4557,w/ Kiwi Fruit,0,0,0,14
09/01/2022,GRA,ST003,QAR,PRK.4558,w/ Lotus Biscuit,0,0,0,29
09/01/2022,GRA,ST003,QAR,PRK.4561,MIXED FROZEN YOGURT,0,0,0,34
09/01/2022,GRA,ST003,QAR,PRK.4562,MIXED MANGO YOGURT,0,0,0,70
09/01/2022,GRA,ST003,QAR,PRK.4564,MIXED MILKY ICE CREAM,0,0,0,26
