DATE,BRANCHCODE,WAREHOUSECODE,CURRENCY,ERPCODE,ITEMNAME,RAWPRICE,GROSSAMT,NETVALUE,QTYSOLD
06/01/2022,GRA,ST003,QAR,PRK.902,Granola,55,1375,1375,25
06/01/2022,GRA,ST003,QAR,PRK.903,Graze Spicy  Mix,55,440,440,8
06/01/2022,GRA,ST003,QAR,PRK.904,Graze House Mix,55,550,550,10
06/01/2022,GRA,ST003,QAR,PRK.907,Zaatar Chips,6,246,246,41
06/01/2022,GRA,ST003,QAR,PRK.909,Spicy Pesto Chips,6,306,306,51
06/01/2022,GRA,ST003,QAR,PRK.910,Graze Spicy Mix Sml,25,425,425,17
06/01/2022,GRA,ST003,QAR,PRK.911,Graze House Mix Sml,25,300,300,12
06/01/2022,GRA,ST003,QAR,PRK.961,Extra cheese,5,5,5,1
06/01/2022,GRA,ST003,QAR,PRK.962,Extra flavor,3,75,75,25
06/01/2022,GRA,ST003,QAR,PRK.994,Crsnt w Egg/Avaca/ SunTom,24,3456,3451.2,144
06/01/2022,GRA,ST003,QAR,PRK.995,Egg Burrito,20,2180,2180,109
06/01/2022,GRA,ST003,QAR,PRK.996,Blueberry Granola parfait,25,2725,2725,109
06/01/2022,GRA,ST003,QAR,PRK.997,Yog Dates Chia Pista Alm,22,1650,1650,75
06/01/2022,GRA,ST003,QAR,PRK.1003,Cheese Croissant,16,304,304,19
06/01/2022,GRA,ST003,QAR,PRK.1007,Zatar Croissant,16,368,368,23
06/01/2022,GRA,ST003,QAR,PRK.1008,Chocolate Croissant,16,400,400,25
06/01/2022,GRA,ST003,QAR,PRK.1010,Tomato Puff Pastry,16,1024,1024,64
06/01/2022,GRA,ST003,QAR,PRK.1012,Three Berry Yogurt & Date,25,1525,1525,61
06/01/2022,GRA,ST003,QAR,PRK.1015,Kiri Cheese Danish,14,1134,1134,81
06/01/2022,GRA,ST003,QAR,PRK.1016,Plain Croissant,10,670,670,67
06/01/2022,GRA,ST003,QAR,PRK.1020,Almond Croissant,16,896,896,56
06/01/2022,GRA,ST003,QAR,PRK.1021,Shirazi Salad,12,1032,1032,86
06/01/2022,GRA,ST003,QAR,PRK.1023,Falafel Salad,35,2485,2485,71
06/01/2022,GRA,ST003,QAR,PRK.1024,Quinoa Swt potato Salad,40,3480,3480,87
06/01/2022,GRA,ST003,QAR,PRK.1027,Mex Chkn Chilli Bean Sld,40,7040,6960,176
06/01/2022,GRA,ST003,QAR,PRK.1029,Burrata Salad,50,4550,4550,91
06/01/2022,GRA,ST003,QAR,PRK.1031,Teriyaki GRAZE Salmn,55,13530,13420,246
06/01/2022,GRA,ST003,QAR,PRK.1034,BBQ Chick Peas,38,2280,2280,60
06/01/2022,GRA,ST003,QAR,PRK.1039,Keto Chicken Salad,40,5880,5880,147
06/01/2022,GRA,ST003,QAR,PRK.1044,Southern Chicken Salad,45,5400,5400,120
06/01/2022,GRA,ST003,QAR,PRK.1048,Mexican  Caesar Salad chk,39,9321,9321,239
06/01/2022,GRA,ST003,QAR,PRK.1049,ROCCA SALAD,22,1518,1518,69
06/01/2022,GRA,ST003,QAR,PRK.1052,Smoke Turkey Sandwich,34,7514,7500.4,221
06/01/2022,GRA,ST003,QAR,PRK.1054,lemon&Rosemary Chkn,36,8244,8236.8,229
06/01/2022,GRA,ST003,QAR,PRK.1057,Steak & Philly Chz SW,32,3552,3552,111
06/01/2022,GRA,ST003,QAR,PRK.1063,Egg Mayo with Rocket,20,1940,1940,97
06/01/2022,GRA,ST003,QAR,PRK.1068,Crispy Chicken Bun,24,2952,2952,123
06/01/2022,GRA,ST003,QAR,PRK.1069,Spicy Courgette Falafel W,24,144,144,6
06/01/2022,GRA,ST003,QAR,PRK.1070,Chicken Pesto & Mozzarell,32,5376,5369.6,168
06/01/2022,GRA,ST003,QAR,PRK.1075,Avocado Toast,40,2120,2120,53
06/01/2022,GRA,ST003,QAR,PRK.1077,Spicy Halloumi,38,2812,2812,74
06/01/2022,GRA,ST003,QAR,PRK.1079,Smoked Salmon Sandwich,35,105,105,3
06/01/2022,GRA,ST003,QAR,PRK.1080,Graze Breakfast (egg box),32,1216,1216,38
06/01/2022,GRA,ST003,QAR,PRK.1083,Chkn Soup,19,1862,1862,98
06/01/2022,GRA,ST003,QAR,PRK.1086,Lamb Soup,28,1148,1148,41
06/01/2022,GRA,ST003,QAR,PRK.1087,Lentil Soup,20,2000,2000,100
06/01/2022,GRA,ST003,QAR,PRK.1111,Penne Bolognese,50,4200,4200,84
06/01/2022,GRA,ST003,QAR,PRK.1113,Chkn Katsu Curry,45,10890,10881,242
06/01/2022,GRA,ST003,QAR,PRK.1115,Mushroom Pasta,40,4760,4760,119
06/01/2022,GRA,ST003,QAR,PRK.1118,Steak With Mushroom Sauce,45,10935,10926,243
06/01/2022,GRA,ST003,QAR,PRK.1119,Chicken Biryani,45,14265,14229,317
06/01/2022,GRA,ST003,QAR,PRK.1121,Chinese Sesame Chicken,40,8400,8400,210
06/01/2022,GRA,ST003,QAR,PRK.1127,Rock Shrimp,45,8460,8460,188
06/01/2022,GRA,ST003,QAR,PRK.1133,Lamb  Kabsa,45,7695,7695,171
06/01/2022,GRA,ST003,QAR,PRK.1140,Chicken Curry & Saffron r,43,7912,7877.6,184
06/01/2022,GRA,ST003,QAR,PRK.1141,CRAB BOWL,28,560,560,20
06/01/2022,GRA,ST003,QAR,PRK.1145,Yoghurt & Cucumber dip,12,936,936,78
06/01/2022,GRA,ST003,QAR,PRK.1146,Spicy Guacamole Pot,13,988,988,76
06/01/2022,GRA,ST003,QAR,PRK.1149,Edamame Pot,12,876,873.6,73
06/01/2022,GRA,ST003,QAR,PRK.1159,Greek Tabbouleh,20,1280,1280,64
06/01/2022,GRA,ST003,QAR,PRK.1160,Egg pot,16,640,640,40
06/01/2022,GRA,ST003,QAR,PRK.1161,Labneh Beetroot,28,756,756,27
06/01/2022,GRA,ST003,QAR,PRK.1173,Choco Chia Energy Ball,30,1830,1830,61
06/01/2022,GRA,ST003,QAR,PRK.1175,Pecan Bars,14,672,672,48
06/01/2022,GRA,ST003,QAR,PRK.1177,Carrot Cake,15,915,915,61
06/01/2022,GRA,ST003,QAR,PRK.1178,Sweet Potatoe Choco Cake,15,915,915,61
06/01/2022,GRA,ST003,QAR,PRK.1180,Tropical Fruits,18,18,18,1
06/01/2022,GRA,ST003,QAR,PRK.1181,Green Apple,2,60,60,30
06/01/2022,GRA,ST003,QAR,PRK.1182,Red Apple,2,140,140,70
06/01/2022,GRA,ST003,QAR,PRK.1183,Bannana,2,710,710,355
06/01/2022,GRA,ST003,QAR,PRK.1184,Watermelon,18,2844,2844,158
06/01/2022,GRA,ST003,QAR,PRK.1185,Pineapplemix,18,1854,1854,103
06/01/2022,GRA,ST003,QAR,PRK.1186,Mixed Berries,22,2596,2596,118
06/01/2022,GRA,ST003,QAR,PRK.1194,Lotus Cheesecake,15,885,885,59
06/01/2022,GRA,ST003,QAR,PRK.1196,Chia Blueberry Yodurt,24,1080,1080,45
06/01/2022,GRA,ST003,QAR,PRK.1201,Iced Flat White,18,864,864,48
06/01/2022,GRA,ST003,QAR,PRK.1203,Iced Spanish Latte,20,2720,2720,136
06/01/2022,GRA,ST003,QAR,PRK.1204,Iced Latte,18,1584,1584,88
06/01/2022,GRA,ST003,QAR,PRK.1205,Iced Americano,15,1530,1530,102
06/01/2022,GRA,ST003,QAR,PRK.1234,Pepperoni Pizza small,40,1280,1280,32
06/01/2022,GRA,ST003,QAR,PRK.1235,Margherita Pizza small,30,870,870,29
06/01/2022,GRA,ST003,QAR,PRK.1236,BBQ chicken Pizza small,35,1015,1015,29
06/01/2022,GRA,ST003,QAR,PRK.1262,Highland Still,5,3300,3300,660
06/01/2022,GRA,ST003,QAR,PRK.1265,Perrier Sparkling,9,999,999,111
06/01/2022,GRA,ST003,QAR,PRK.1291,Coke,5,745,743,149
06/01/2022,GRA,ST003,QAR,PRK.1292,Diet Coke,5,2010,2004,402
06/01/2022,GRA,ST003,QAR,PRK.1321,Mini Cup /Pina Colada,14,2156,2156,154
06/01/2022,GRA,ST003,QAR,PRK.1322,Regular Cup / Pina Colada,21,1533,1428,73
06/01/2022,GRA,ST003,QAR,PRK.1323,Large cup /Pina Colada,23,322,322,14
06/01/2022,GRA,ST003,QAR,PRK.1324,Mini Pina Colada/Topping,18,1512,1512,84
06/01/2022,GRA,ST003,QAR,PRK.1325,Regular Pina Colada/Toppi,26,2652,2652,102
06/01/2022,GRA,ST003,QAR,PRK.1326,Large Pina Colada/Topping,30,510,510,17
06/01/2022,GRA,ST003,QAR,PRK.1330,Stay Home w/ Graze R 4X1,130,130,130,1
06/01/2022,GRA,ST003,QAR,PRK.1331,Stay Home w/ Graze R 6 X1,185,185,185,1
06/01/2022,GRA,ST003,QAR,PRK.1332,Stay Home w/ Graze R 8 X1,240,240,240,1
06/01/2022,GRA,ST003,QAR,PRK.1333,Stay Home w/Graze M 6 X1,130,520,520,4
06/01/2022,GRA,ST003,QAR,PRK.1334,Stay Home w/Graze M12 X1,240,2880,2880,12
06/01/2022,GRA,ST003,QAR,PRK.1335,Cool Box,15,630,600,42
06/01/2022,GRA,ST003,QAR,PRK.1349,Graze complimntry Ice Box,0,0,0,2
06/01/2022,GRA,ST003,QAR,PRK.1351,Espresso Single,12,540,540,45
06/01/2022,GRA,ST003,QAR,PRK.1353,Americano Hot,15,2910,2910,194
06/01/2022,GRA,ST003,QAR,PRK.1354,Flat White Hot,18,1944,1944,108
06/01/2022,GRA,ST003,QAR,PRK.1355,Cappucino,18,2556,2556,142
06/01/2022,GRA,ST003,QAR,PRK.1356,Cortado,18,684,684,38
06/01/2022,GRA,ST003,QAR,PRK.1358,Spanish Latte,20,1740,1740,87
06/01/2022,GRA,ST003,QAR,PRK.1359,Classic Mocha,25,350,350,14
06/01/2022,GRA,ST003,QAR,PRK.1360,Slated Caramel Mocha,25,300,300,12
06/01/2022,GRA,ST003,QAR,PRK.1362,Double Espresso,14,686,686,49
06/01/2022,GRA,ST003,QAR,PRK.1363,Latte Hot,18,2430,2430,135
06/01/2022,GRA,ST003,QAR,PRK.1364,English B/F,12,132,132,11
06/01/2022,GRA,ST003,QAR,PRK.1365,Green Tea,12,144,144,12
06/01/2022,GRA,ST003,QAR,PRK.1366,Earl Grey,12,12,12,1
06/01/2022,GRA,ST003,QAR,PRK.1368,Lemon Grass/ Ginger,12,24,24,2
06/01/2022,GRA,ST003,QAR,PRK.1372,Hot Cocoa,24,240,240,10
06/01/2022,GRA,ST003,QAR,PRK.1373,Hibiscus Iced tea,18,882,864,49
06/01/2022,GRA,ST003,QAR,PRK.1374,Peach Iced Tea,18,1008,990,56
06/01/2022,GRA,ST003,QAR,PRK.1375,Matcha Latte,25,50,50,2
06/01/2022,GRA,ST003,QAR,PRK.1376,Cinnamon Latte,25,100,100,4
06/01/2022,GRA,ST003,QAR,PRK.1386,Orange Juice,22,7524,7524,342
06/01/2022,GRA,ST003,QAR,PRK.1387,Carrot Juice,22,1298,1271.6,59
06/01/2022,GRA,ST003,QAR,PRK.1390,Morning Boost,24,2760,2736,115
06/01/2022,GRA,ST003,QAR,PRK.1392,Immune Boost,22,1892,1892,86
06/01/2022,GRA,ST003,QAR,PRK.1396,Ginger Aid Shot,18,4518,4518,251
06/01/2022,GRA,ST003,QAR,PRK.1402,Laban Drink,18,1440,1432.8,80
06/01/2022,GRA,ST003,QAR,PRK.1404,Green Boost Juice,24,2232,2208,93
06/01/2022,GRA,ST003,QAR,PRK.1405,Watermelon & Coconut cool,20,760,760,38
06/01/2022,GRA,ST003,QAR,PRK.1406,Beetroot & Apple Juice,20,1780,1752,89
06/01/2022,GRA,ST003,QAR,PRK.1407,Coconut & Pineapple Juice,24,1200,1176,50
06/01/2022,GRA,ST003,QAR,PRK.1409,Turmeric wellness shot,16,1008,992,63
06/01/2022,GRA,ST003,QAR,PRK.1412, Mini Cup Yogurt,14,6300,6300,450
06/01/2022,GRA,ST003,QAR,PRK.1413,Regular Cup Yogurt,21,3759,3654,179
06/01/2022,GRA,ST003,QAR,PRK.1416,Large Cup Yogurt,23,1403,1403,61
06/01/2022,GRA,ST003,QAR,PRK.1418, Mini Cup Yogurt/Topping,18,5400,5396.4,300
06/01/2022,GRA,ST003,QAR,PRK.1419,Reg Cup Yogurt/Toping,26,6266,6260.8,241
06/01/2022,GRA,ST003,QAR,PRK.1422,Large Cup Yogurt/Topping,30,1500,1500,50
06/01/2022,GRA,ST003,QAR,PRK.1429,Mini Mango Ice Cream,14,16898,16892.4,1207
06/01/2022,GRA,ST003,QAR,PRK.1430,Regular Mango Ice Cream,21,11508,11398.8,548
06/01/2022,GRA,ST003,QAR,PRK.1431,Large Mango Ice Cream,23,3174,3174,138
06/01/2022,GRA,ST003,QAR,PRK.1432,Mini Mango Ice Cream/Topp,18,16452,16452,914
06/01/2022,GRA,ST003,QAR,PRK.1433,Reg Mango Ice cream/Topp,26,20384,20373.6,784
06/01/2022,GRA,ST003,QAR,PRK.1434,Large Mango Ice Cream/Top,30,3000,3000,100
06/01/2022,GRA,ST003,QAR,PRK.1435,Mini Cup Milky Ice Cream,14,2086,2083.2,149
06/01/2022,GRA,ST003,QAR,PRK.1436,Reg Cup Milky Ice Cream,21,1638,1638,78
06/01/2022,GRA,ST003,QAR,PRK.1437,Lrge Cup Milky Ice Cream,23,253,253,11
06/01/2022,GRA,ST003,QAR,PRK.1438,Mini Cup Milky Ice C/Top,18,1530,1530,85
06/01/2022,GRA,ST003,QAR,PRK.1439,Reg Cup Milky Ice Cre/Top,26,1716,1716,66
06/01/2022,GRA,ST003,QAR,PRK.1440,Lrge Cup Milky Ice Cr/Top,30,150,150,5
06/01/2022,GRA,ST003,QAR,PRK.1464,Fresh Pineapple,3,15,12,5
06/01/2022,GRA,ST003,QAR,PRK.1469,Kiwi Fruit,3,3,0,1
06/01/2022,GRA,ST003,QAR,PRK.1470,Lotus Biscuit,3,6,3,2
06/01/2022,GRA,ST003,QAR,PRK.1471,NOODLES BOWL,45,2835,2835,63
06/01/2022,GRA,ST003,QAR,PRK.1472,CHICKEN CURRY & RICE,48,5904,5904,123
06/01/2022,GRA,ST003,QAR,PRK.1473,BEEF STROGANOFF,50,4400,4400,88
06/01/2022,GRA,ST003,QAR,PRK.1501,pomegranate,3,237,234,79
06/01/2022,GRA,ST003,QAR,PRK.1502,Strawberry,3,306,303,102
06/01/2022,GRA,ST003,QAR,PRK.1505,Salted Caramel,3,27,27,9
06/01/2022,GRA,ST003,QAR,PRK.1506,Pretzel,3,21,18,7
06/01/2022,GRA,ST003,QAR,PRK.1507,Crispy Crepe,3,129,129,43
06/01/2022,GRA,ST003,QAR,PRK.1508,Granola,3,93,90,31
06/01/2022,GRA,ST003,QAR,PRK.1509,Coconut Flakes,3,66,63,22
06/01/2022,GRA,ST003,QAR,PRK.1510,Crushed Graham,3,27,27,9
06/01/2022,GRA,ST003,QAR,PRK.1514,Dulce de Leche,3,90,90,30
06/01/2022,GRA,ST003,QAR,PRK.1520,Mixed Berries Sauce,3,33,33,11
06/01/2022,GRA,ST003,QAR,PRK.1521,Mango Sauce,3,21,21,7
06/01/2022,GRA,ST003,QAR,PRK.1527,Mango,3,93,90,31
06/01/2022,GRA,ST003,QAR,PRK.1531,Power Shake,35,980,980,28
06/01/2022,GRA,ST003,QAR,PRK.1532,Peanut Power Shake,35,665,665,19
06/01/2022,GRA,ST003,QAR,PRK.1533,Pre-workout protein shak,45,450,450,10
06/01/2022,GRA,ST003,QAR,PRK.1534,Choco Power Shake,35,315,315,9
06/01/2022,GRA,ST003,QAR,PRK.1536,Energizer protine Shakes,45,5355,5265,119
06/01/2022,GRA,ST003,QAR,PRK.1538,Pre-workout shake,35,175,175,5
06/01/2022,GRA,ST003,QAR,PRK.1540,Energizer shakes,35,1505,1505,43
06/01/2022,GRA,ST003,QAR,PRK.1542,14oz Pre-work out Protein,40,360,360,9
06/01/2022,GRA,ST003,QAR,PRK.1545,14oz Energizer protine,40,1160,1160,29
06/01/2022,GRA,ST003,QAR,PRK.1546,14oz Pre-workout shake,30,90,90,3
06/01/2022,GRA,ST003,QAR,PRK.1548,14oz Energizer shakes,30,210,210,7
06/01/2022,GRA,ST003,QAR,PRK.1550,Extra Protein,10,80,80,8
06/01/2022,GRA,ST003,QAR,PRK.1587,Supersize,45,765,765,17
06/01/2022,GRA,ST003,QAR,PRK.1621,Orange loaf,12,828,828,69
06/01/2022,GRA,ST003,QAR,PRK.1623,Brownie flavour cookies,10,1550,1550,155
06/01/2022,GRA,ST003,QAR,PRK.1626,Cinnamon Roll,13,429,429,33
06/01/2022,GRA,ST003,QAR,PRK.1627,Custard Raisin Roll,14,224,224,16
06/01/2022,GRA,ST003,QAR,PRK.1628,Brownie bites,13,832,832,64
06/01/2022,GRA,ST003,QAR,PRK.1632,Turkey cheese roll,19,1064,1060.2,56
06/01/2022,GRA,ST003,QAR,PRK.1633,Spinach feta roll,18,954,954,53
06/01/2022,GRA,ST003,QAR,PRK.1651,■PB & Jam sourdough bread,18,774,774,43
06/01/2022,GRA,ST003,QAR,PRK.1655,Graze Oatmeal,30,1680,1680,56
06/01/2022,GRA,ST003,QAR,PRK.1656,Eid breakfast,350,350,0,1
06/01/2022,GRA,ST003,QAR,PRK.1681,Salted Caramel Mocha,24,600,600,25
06/01/2022,GRA,ST003,QAR,PRK.1682,■Matcha Frappe,26,1092,1092,42
06/01/2022,GRA,ST003,QAR,PRK.1711,Pomegranate Pot,18,936,936,52
06/01/2022,GRA,ST003,QAR,PRK.1712,Mango Peach Muesli Pot,24,888,888,37
06/01/2022,GRA,ST003,QAR,PRK.1713,Overnight oats PB&Jam,25,1325,1325,53
06/01/2022,GRA,ST003,QAR,PRK.1741,Spicy Tuna sandwich,26,2496,2496,96
06/01/2022,GRA,ST003,QAR,PRK.1742,Three cheese,22,2332,2332,106
06/01/2022,GRA,ST003,QAR,PRK.1743,Falafel and Labna,25,850,850,34
06/01/2022,GRA,ST003,QAR,PRK.1746,GRAZE CLUB SANDWICH,42,2310,2310,55
06/01/2022,GRA,ST003,QAR,PRK.1747,BEEF BURGER,35,2275,2268,65
06/01/2022,GRA,ST003,QAR,PRK.1771,Pistachio Arabeshi,5,3950,3949,790
06/01/2022,GRA,ST003,QAR,PRK.1772,Fresh Raspberry,5,2440,2440,488
06/01/2022,GRA,ST003,QAR,PRK.1773,Fresh blueberry,5,2005,2005,401
06/01/2022,GRA,ST003,QAR,PRK.1774,Chocolate Flakes,5,1120,1120,224
06/01/2022,GRA,ST003,QAR,PRK.1775,Honey Comb,5,360,360,72
06/01/2022,GRA,ST003,QAR,PRK.4502,Low Fat Milk,0,0,0,11
06/01/2022,GRA,ST003,QAR,PRK.4503,Almond Milk,2,422,422,211
06/01/2022,GRA,ST003,QAR,PRK.4504,Soya Milk,2,42,42,21
06/01/2022,GRA,ST003,QAR,PRK.4505,Less Sweet,0,0,0,2
06/01/2022,GRA,ST003,QAR,PRK.4507,Half Shot,0,0,0,1
06/01/2022,GRA,ST003,QAR,PRK.4509,Double Shot,0,0,0,5
06/01/2022,GRA,ST003,QAR,PRK.4516,Decaf,0,0,0,2
06/01/2022,GRA,ST003,QAR,PRK.4517,Vanilla Flavor,0,0,0,17
06/01/2022,GRA,ST003,QAR,PRK.4519,caramel flavor,0,0,0,7
06/01/2022,GRA,ST003,QAR,PRK.4531,w/ Granola,0,0,0,275
06/01/2022,GRA,ST003,QAR,PRK.4533,w/ Pretzel,0,0,0,51
06/01/2022,GRA,ST003,QAR,PRK.4534,w/ Coconut Flakes,0,0,0,161
06/01/2022,GRA,ST003,QAR,PRK.4535,w/ Crispy Crepe,0,0,0,239
06/01/2022,GRA,ST003,QAR,PRK.4537,w/ Mixed Berries Sauce,0,0,0,92
06/01/2022,GRA,ST003,QAR,PRK.4541,w/ Strawberry,0,0,0,696
06/01/2022,GRA,ST003,QAR,PRK.4543,w/ Salted Caramel,0,0,0,63
06/01/2022,GRA,ST003,QAR,PRK.4544,w/ Pomegranate,0,0,0,422
06/01/2022,GRA,ST003,QAR,PRK.4545,w/ Dulce de leche,0,0,0,41
06/01/2022,GRA,ST003,QAR,PRK.4549,w/ Mango Sauce,0,0,0,144
06/01/2022,GRA,ST003,QAR,PRK.4550,w/ Mango,0,0,0,944
06/01/2022,GRA,ST003,QAR,PRK.4551,w/ Peanut Butter Sauce,0,0,0,24
06/01/2022,GRA,ST003,QAR,PRK.4552,w/ Crushed Grahams,0,0,0,48
06/01/2022,GRA,ST003,QAR,PRK.4556,w/ Fresh Pineapple,0,0,0,232
06/01/2022,GRA,ST003,QAR,PRK.4557,w/ Kiwi Fruit,0,0,0,130
06/01/2022,GRA,ST003,QAR,PRK.4558,w/ Lotus Biscuit,0,0,0,143
06/01/2022,GRA,ST003,QAR,PRK.4561,MIXED FROZEN YOGURT,0,0,0,174
06/01/2022,GRA,ST003,QAR,PRK.4562,MIXED MANGO YOGURT,0,0,0,54
06/01/2022,GRA,ST003,QAR,PRK.4564,MIXED MILKY ICE CREAM,0,0,0,13
