DATE,BRANCHCODE,WAREHOUSECODE,CURRENCY,ERPCODE,ITEMNAME,RAWPRICE,GROSSAMT,NETVALUE,QTYSOLD
08/01/2022,GRA,ST003,QAR,PRK.902,Granola,55,1375,1375,25
08/01/2022,GRA,ST003,QAR,PRK.903,Graze Spicy  Mix,55,440,440,8
08/01/2022,GRA,ST003,QAR,PRK.904,Graze House Mix,55,550,550,10
08/01/2022,GRA,ST003,QAR,PRK.907,Zaatar Chips,6,450,450,75
08/01/2022,GRA,ST003,QAR,PRK.909,Spicy Pesto Chips,6,330,330,55
08/01/2022,GRA,ST003,QAR,PRK.910,Graze Spicy Mix Sml,25,225,225,9
08/01/2022,GRA,ST003,QAR,PRK.911,Graze House Mix Sml,25,425,425,17
08/01/2022,GRA,ST003,QAR,PRK.961,Extra cheese,5,30,30,6
08/01/2022,GRA,ST003,QAR,PRK.962,Extra flavor,3,42,42,14
08/01/2022,GRA,ST003,QAR,PRK.994,Crsnt w Egg/Avaca/ SunTom,24,2664,2664,111
08/01/2022,GRA,ST003,QAR,PRK.995,Egg Burrito,20,2160,2160,108
08/01/2022,GRA,ST003,QAR,PRK.996,Blueberry Granola parfait,25,2875,2875,115
08/01/2022,GRA,ST003,QAR,PRK.997,Yog Dates Chia Pista Alm,22,2090,2090,95
08/01/2022,GRA,ST003,QAR,PRK.1003,Cheese Croissant,16,304,304,19
08/01/2022,GRA,ST003,QAR,PRK.1007,Zatar Croissant,16,512,512,32
08/01/2022,GRA,ST003,QAR,PRK.1008,Chocolate Croissant,16,544,544,34
08/01/2022,GRA,ST003,QAR,PRK.1010,Tomato Puff Pastry,16,688,688,43
08/01/2022,GRA,ST003,QAR,PRK.1012,Three Berry Yogurt & Date,25,1475,1475,59
08/01/2022,GRA,ST003,QAR,PRK.1015,Kiri Cheese Danish,14,966,966,69
08/01/2022,GRA,ST003,QAR,PRK.1016,Plain Croissant,10,520,520,52
08/01/2022,GRA,ST003,QAR,PRK.1020,Almond Croissant,16,512,512,32
08/01/2022,GRA,ST003,QAR,PRK.1021,Shirazi Salad,12,1092,1080,91
08/01/2022,GRA,ST003,QAR,PRK.1023,Falafel Salad,45,3130,3130,84
08/01/2022,GRA,ST003,QAR,PRK.1024,Quinoa Swt potato Salad,40,2400,2400,60
08/01/2022,GRA,ST003,QAR,PRK.1027,Mex Chkn Chilli Bean Sld,40,6800,6800,170
08/01/2022,GRA,ST003,QAR,PRK.1029,Burrata Salad,50,3150,3100,63
08/01/2022,GRA,ST003,QAR,PRK.1031,Teriyaki GRAZE Salmn,55,13035,13035,237
08/01/2022,GRA,ST003,QAR,PRK.1034,BBQ Chick Peas,38,2280,2280,60
08/01/2022,GRA,ST003,QAR,PRK.1039,Keto Chicken Salad,40,5400,5360,135
08/01/2022,GRA,ST003,QAR,PRK.1044,Southern Chicken Salad,45,4545,4545,101
08/01/2022,GRA,ST003,QAR,PRK.1046,Greek Salad,30,570,570,19
08/01/2022,GRA,ST003,QAR,PRK.1047,Chicken Noodle Salad,40,40,40,1
08/01/2022,GRA,ST003,QAR,PRK.1048,Mexican  Caesar Salad chk,39,8853,8853,227
08/01/2022,GRA,ST003,QAR,PRK.1049,ROCCA SALAD,22,792,792,36
08/01/2022,GRA,ST003,QAR,PRK.1052,Smoke Turkey Sandwich,34,7140,7140,210
08/01/2022,GRA,ST003,QAR,PRK.1054,lemon&Rosemary Chkn,36,8496,8496,236
08/01/2022,GRA,ST003,QAR,PRK.1057,Steak & Philly Chz SW,32,3488,3488,109
08/01/2022,GRA,ST003,QAR,PRK.1063,Egg Mayo with Rocket,20,2000,2000,100
08/01/2022,GRA,ST003,QAR,PRK.1068,Crispy Chicken Bun,24,2448,2448,102
08/01/2022,GRA,ST003,QAR,PRK.1070,Chicken Pesto & Mozzarell,32,4096,4089.6,128
08/01/2022,GRA,ST003,QAR,PRK.1075,Avocado Toast,40,1720,1720,43
08/01/2022,GRA,ST003,QAR,PRK.1077,Spicy Halloumi,38,1786,1786,47
08/01/2022,GRA,ST003,QAR,PRK.1079,Smoked Salmon Sandwich,35,70,70,2
08/01/2022,GRA,ST003,QAR,PRK.1080,Graze Breakfast (egg box),32,768,768,24
08/01/2022,GRA,ST003,QAR,PRK.1083,Chkn Soup,19,1767,1767,93
08/01/2022,GRA,ST003,QAR,PRK.1087,Lentil Soup,20,1960,1960,98
08/01/2022,GRA,ST003,QAR,PRK.1089,Vegetable soup,16,64,64,4
08/01/2022,GRA,ST003,QAR,PRK.1111,Penne Bolognese,50,4650,4650,93
08/01/2022,GRA,ST003,QAR,PRK.1113,Chkn Katsu Curry,45,10890,10881,242
08/01/2022,GRA,ST003,QAR,PRK.1115,Mushroom Pasta,40,4160,4160,104
08/01/2022,GRA,ST003,QAR,PRK.1118,Steak With Mushroom Sauce,45,10215,10215,227
08/01/2022,GRA,ST003,QAR,PRK.1119,Chicken Biryani,45,11790,11790,262
08/01/2022,GRA,ST003,QAR,PRK.1121,Chinese Sesame Chicken,40,10240,10200,256
08/01/2022,GRA,ST003,QAR,PRK.1127,Rock Shrimp,45,8685,8685,193
08/01/2022,GRA,ST003,QAR,PRK.1133,Lamb  Kabsa,45,9990,9990,222
08/01/2022,GRA,ST003,QAR,PRK.1140,Chicken Curry & Saffron r,43,7740,7740,180
08/01/2022,GRA,ST003,QAR,PRK.1141,CRAB BOWL,28,728,728,26
08/01/2022,GRA,ST003,QAR,PRK.1145,Yoghurt & Cucumber dip,12,864,864,72
08/01/2022,GRA,ST003,QAR,PRK.1146,Spicy Guacamole Pot,13,767,767,59
08/01/2022,GRA,ST003,QAR,PRK.1149,Edamame Pot,12,792,792,66
08/01/2022,GRA,ST003,QAR,PRK.1159,Greek Tabbouleh,20,1240,1240,62
08/01/2022,GRA,ST003,QAR,PRK.1160,Egg pot,16,352,336,22
08/01/2022,GRA,ST003,QAR,PRK.1161,Labneh Beetroot,12,72,72,6
08/01/2022,GRA,ST003,QAR,PRK.1173,Choco Chia Energy Ball,30,1140,1140,38
08/01/2022,GRA,ST003,QAR,PRK.1175,Pecan Bars,14,588,588,42
08/01/2022,GRA,ST003,QAR,PRK.1177,Carrot Cake,15,915,915,61
08/01/2022,GRA,ST003,QAR,PRK.1178,Sweet Potatoe Choco Cake,15,645,645,43
08/01/2022,GRA,ST003,QAR,PRK.1180,Tropical Fruits,18,18,18,1
08/01/2022,GRA,ST003,QAR,PRK.1181,Green Apple,2,62,62,31
08/01/2022,GRA,ST003,QAR,PRK.1182,Red Apple,2,72,72,36
08/01/2022,GRA,ST003,QAR,PRK.1183,Bannana,2,562,562,281
08/01/2022,GRA,ST003,QAR,PRK.1184,Watermelon,18,2178,2178,121
08/01/2022,GRA,ST003,QAR,PRK.1185,Pineapplemix,18,1764,1764,98
08/01/2022,GRA,ST003,QAR,PRK.1186,Mixed Berries,22,2530,2530,115
08/01/2022,GRA,ST003,QAR,PRK.1194,Lotus Cheesecake,15,885,885,59
08/01/2022,GRA,ST003,QAR,PRK.1196,Chia Blueberry Yodurt,24,1176,1176,49
08/01/2022,GRA,ST003,QAR,PRK.1201,Iced Flat White,18,522,522,29
08/01/2022,GRA,ST003,QAR,PRK.1203,Iced Spanish Latte,20,3200,3200,160
08/01/2022,GRA,ST003,QAR,PRK.1204,Iced Latte,18,1332,1332,74
08/01/2022,GRA,ST003,QAR,PRK.1205,Iced Americano,15,2190,2190,146
08/01/2022,GRA,ST003,QAR,PRK.1234,Pepperoni Pizza small,40,760,760,19
08/01/2022,GRA,ST003,QAR,PRK.1235,Margherita Pizza small,30,780,780,26
08/01/2022,GRA,ST003,QAR,PRK.1236,BBQ chicken Pizza small,35,980,980,28
08/01/2022,GRA,ST003,QAR,PRK.1262,Highland Still,5,3640,3625,728
08/01/2022,GRA,ST003,QAR,PRK.1265,Perrier Sparkling,9,378,378,42
08/01/2022,GRA,ST003,QAR,PRK.1291,Coke,5,805,805,161
08/01/2022,GRA,ST003,QAR,PRK.1292,Diet Coke,5,2085,2085,417
08/01/2022,GRA,ST003,QAR,PRK.1333,Stay Home w/Graze M 6 X1,130,130,130,1
08/01/2022,GRA,ST003,QAR,PRK.1334,Stay Home w/Graze M12 X1,240,1680,1680,7
08/01/2022,GRA,ST003,QAR,PRK.1335,Cool Box,15,375,375,25
08/01/2022,GRA,ST003,QAR,PRK.1351,Espresso Single,12,792,792,66
08/01/2022,GRA,ST003,QAR,PRK.1353,Americano Hot,15,2340,2340,156
08/01/2022,GRA,ST003,QAR,PRK.1354,Flat White Hot,18,1476,1476,82
08/01/2022,GRA,ST003,QAR,PRK.1355,Cappucino,18,2322,2322,129
08/01/2022,GRA,ST003,QAR,PRK.1356,Cortado,18,1368,1368,76
08/01/2022,GRA,ST003,QAR,PRK.1358,Spanish Latte,20,2520,2520,126
08/01/2022,GRA,ST003,QAR,PRK.1359,Classic Mocha,25,125,125,5
08/01/2022,GRA,ST003,QAR,PRK.1360,Slated Caramel Mocha,25,225,225,9
08/01/2022,GRA,ST003,QAR,PRK.1361,Extra Shot,0,0,0,2
08/01/2022,GRA,ST003,QAR,PRK.1362,Double Espresso,14,532,532,38
08/01/2022,GRA,ST003,QAR,PRK.1363,Latte Hot,18,2088,2088,116
08/01/2022,GRA,ST003,QAR,PRK.1364,English B/F,12,84,84,7
08/01/2022,GRA,ST003,QAR,PRK.1365,Green Tea,12,288,288,24
08/01/2022,GRA,ST003,QAR,PRK.1368,Lemon Grass/ Ginger,12,24,12,2
08/01/2022,GRA,ST003,QAR,PRK.1372,Hot Cocoa,24,480,480,20
08/01/2022,GRA,ST003,QAR,PRK.1373,Hibiscus Iced tea,18,882,882,49
08/01/2022,GRA,ST003,QAR,PRK.1374,Peach Iced Tea,18,738,738,41
08/01/2022,GRA,ST003,QAR,PRK.1375,Matcha Latte,25,150,150,6
08/01/2022,GRA,ST003,QAR,PRK.1376,Cinnamon Latte,25,125,125,5
08/01/2022,GRA,ST003,QAR,PRK.1386,Orange Juice,22,7018,7018,319
08/01/2022,GRA,ST003,QAR,PRK.1387,Carrot Juice,22,1056,1056,48
08/01/2022,GRA,ST003,QAR,PRK.1390,Morning Boost,24,2136,2136,89
08/01/2022,GRA,ST003,QAR,PRK.1392,Immune Boost,22,2024,2024,92
08/01/2022,GRA,ST003,QAR,PRK.1396,Ginger Aid Shot,18,3402,3402,189
08/01/2022,GRA,ST003,QAR,PRK.1402,Laban Drink,18,1566,1562.4,87
08/01/2022,GRA,ST003,QAR,PRK.1404,Green Boost Juice,24,1656,1656,69
08/01/2022,GRA,ST003,QAR,PRK.1405,Watermelon & Coconut cool,20,420,420,21
08/01/2022,GRA,ST003,QAR,PRK.1406,Beetroot & Apple Juice,20,1980,1980,99
08/01/2022,GRA,ST003,QAR,PRK.1407,Coconut & Pineapple Juice,24,672,672,28
08/01/2022,GRA,ST003,QAR,PRK.1409,Turmeric wellness shot,16,992,992,62
08/01/2022,GRA,ST003,QAR,PRK.1412, Mini Cup Yogurt,14,5880,5880,420
08/01/2022,GRA,ST003,QAR,PRK.1413,Regular Cup Yogurt,21,4956,4956,236
08/01/2022,GRA,ST003,QAR,PRK.1416,Large Cup Yogurt,23,1403,1403,61
08/01/2022,GRA,ST003,QAR,PRK.1418, Mini Cup Yogurt/Topping,18,4320,4320,240
08/01/2022,GRA,ST003,QAR,PRK.1419,Reg Cup Yogurt/Toping,26,4524,4524,174
08/01/2022,GRA,ST003,QAR,PRK.1422,Large Cup Yogurt/Topping,30,990,990,33
08/01/2022,GRA,ST003,QAR,PRK.1429,Mini Mango Ice Cream,14,12866,12866,919
08/01/2022,GRA,ST003,QAR,PRK.1430,Regular Mango Ice Cream,21,8946,8946,426
08/01/2022,GRA,ST003,QAR,PRK.1431,Large Mango Ice Cream,23,2967,2967,129
08/01/2022,GRA,ST003,QAR,PRK.1432,Mini Mango Ice Cream/Topp,18,12096,12096,672
08/01/2022,GRA,ST003,QAR,PRK.1433,Reg Mango Ice cream/Topp,26,13078,13078,503
08/01/2022,GRA,ST003,QAR,PRK.1434,Large Mango Ice Cream/Top,30,3270,3270,109
08/01/2022,GRA,ST003,QAR,PRK.1435,Mini Cup Milky Ice Cream,14,2142,2142,153
08/01/2022,GRA,ST003,QAR,PRK.1436,Reg Cup Milky Ice Cream,21,1155,1155,55
08/01/2022,GRA,ST003,QAR,PRK.1437,Lrge Cup Milky Ice Cream,23,460,460,20
08/01/2022,GRA,ST003,QAR,PRK.1438,Mini Cup Milky Ice C/Top,18,954,954,53
08/01/2022,GRA,ST003,QAR,PRK.1439,Reg Cup Milky Ice Cre/Top,26,1794,1794,69
08/01/2022,GRA,ST003,QAR,PRK.1440,Lrge Cup Milky Ice Cr/Top,30,300,300,10
08/01/2022,GRA,ST003,QAR,PRK.1464,Fresh Pineapple,3,9,9,3
08/01/2022,GRA,ST003,QAR,PRK.1469,Kiwi Fruit,3,12,12,4
08/01/2022,GRA,ST003,QAR,PRK.1470,Lotus Biscuit,3,6,6,2
08/01/2022,GRA,ST003,QAR,PRK.1471,NOODLES BOWL,45,2205,2205,49
08/01/2022,GRA,ST003,QAR,PRK.1472,CHICKEN CURRY & RICE,48,5040,5040,105
08/01/2022,GRA,ST003,QAR,PRK.1473,BEEF STROGANOFF,50,3650,3650,73
08/01/2022,GRA,ST003,QAR,PRK.1474,Spaghetti Bolognese,45,540,540,12
08/01/2022,GRA,ST003,QAR,PRK.1475,Salmon with Cilantro Rice,65,1300,1300,20
08/01/2022,GRA,ST003,QAR,PRK.1476,Chicken Noodle Bowl,40,200,200,5
08/01/2022,GRA,ST003,QAR,PRK.1501,pomegranate,3,231,231,77
08/01/2022,GRA,ST003,QAR,PRK.1502,Strawberry,3,177,177,59
08/01/2022,GRA,ST003,QAR,PRK.1505,Salted Caramel,3,24,24,8
08/01/2022,GRA,ST003,QAR,PRK.1506,Pretzel,3,12,12,4
08/01/2022,GRA,ST003,QAR,PRK.1507,Crispy Crepe,3,120,120,40
08/01/2022,GRA,ST003,QAR,PRK.1508,Granola,3,126,126,42
08/01/2022,GRA,ST003,QAR,PRK.1509,Coconut Flakes,3,69,69,23
08/01/2022,GRA,ST003,QAR,PRK.1510,Crushed Graham,3,60,60,20
08/01/2022,GRA,ST003,QAR,PRK.1514,Dulce de Leche,3,51,51,17
08/01/2022,GRA,ST003,QAR,PRK.1520,Mixed Berries Sauce,3,42,42,14
08/01/2022,GRA,ST003,QAR,PRK.1521,Mango Sauce,3,69,69,23
08/01/2022,GRA,ST003,QAR,PRK.1527,Mango,3,111,111,37
08/01/2022,GRA,ST003,QAR,PRK.1531,Power Shake,35,1155,1155,33
08/01/2022,GRA,ST003,QAR,PRK.1532,Peanut Power Shake,35,2100,2100,60
08/01/2022,GRA,ST003,QAR,PRK.1533,Pre-workout protein shak,45,945,945,21
08/01/2022,GRA,ST003,QAR,PRK.1534,Choco Power Shake,35,70,70,2
08/01/2022,GRA,ST003,QAR,PRK.1536,Energizer protine Shakes,45,11205,11205,249
08/01/2022,GRA,ST003,QAR,PRK.1538,Pre-workout shake,35,385,385,11
08/01/2022,GRA,ST003,QAR,PRK.1540,Energizer shakes,35,735,735,21
08/01/2022,GRA,ST003,QAR,PRK.1542,14oz Pre-work out Protein,40,480,480,12
08/01/2022,GRA,ST003,QAR,PRK.1545,14oz Energizer protine,40,1320,1320,33
08/01/2022,GRA,ST003,QAR,PRK.1546,14oz Pre-workout shake,30,60,60,2
08/01/2022,GRA,ST003,QAR,PRK.1548,14oz Energizer shakes,30,360,360,12
08/01/2022,GRA,ST003,QAR,PRK.1550,Extra Protein,10,190,190,19
08/01/2022,GRA,ST003,QAR,PRK.1561,Mini Pomegranate i/c,14,938,938,67
08/01/2022,GRA,ST003,QAR,PRK.1562,Regular Pomegranate i/c,21,567,567,27
08/01/2022,GRA,ST003,QAR,PRK.1563,Large Pomegranate i/c,23,161,161,7
08/01/2022,GRA,ST003,QAR,PRK.1564,Mini pomegranate /topping,18,576,576,32
08/01/2022,GRA,ST003,QAR,PRK.1565,Regular Pomegrante /topp,26,884,884,34
08/01/2022,GRA,ST003,QAR,PRK.1566,Large Pomegranate/topping,30,60,60,2
08/01/2022,GRA,ST003,QAR,PRK.1581,Mini coconut frz yog I/C,14,714,714,51
08/01/2022,GRA,ST003,QAR,PRK.1582,Regular coconut frz yog I,21,1071,798,51
08/01/2022,GRA,ST003,QAR,PRK.1583,Large coconut frz yog I/C,23,184,184,8
08/01/2022,GRA,ST003,QAR,PRK.1584,Mini coconut frz yog  Top,18,594,594,33
08/01/2022,GRA,ST003,QAR,PRK.1585,Reg- coconut frz yog Top,26,1092,962,42
08/01/2022,GRA,ST003,QAR,PRK.1586,Large coconut frz yog  To,30,330,330,11
08/01/2022,GRA,ST003,QAR,PRK.1587,Supersize,45,270,270,6
08/01/2022,GRA,ST003,QAR,PRK.1621,Orange loaf,12,1176,1176,98
08/01/2022,GRA,ST003,QAR,PRK.1623,Brownie flavour cookies,10,2010,2010,201
08/01/2022,GRA,ST003,QAR,PRK.1626,Cinnamon Roll,13,364,364,28
08/01/2022,GRA,ST003,QAR,PRK.1627,Custard Raisin Roll,14,294,294,21
08/01/2022,GRA,ST003,QAR,PRK.1628,Brownie bites,13,923,923,71
08/01/2022,GRA,ST003,QAR,PRK.1632,Turkey cheese roll,19,969,969,51
08/01/2022,GRA,ST003,QAR,PRK.1633,Spinach feta roll,18,702,702,39
08/01/2022,GRA,ST003,QAR,PRK.1651,■PB & Jam sourdough bread,18,648,648,36
08/01/2022,GRA,ST003,QAR,PRK.1655,Graze Oatmeal,30,780,780,26
08/01/2022,GRA,ST003,QAR,PRK.1681,Salted Caramel Mocha,24,504,504,21
08/01/2022,GRA,ST003,QAR,PRK.1682,■Matcha Frappe,26,1144,1144,44
08/01/2022,GRA,ST003,QAR,PRK.1711,Pomegranate Pot,18,882,864,49
08/01/2022,GRA,ST003,QAR,PRK.1712,Mango Peach Muesli Pot,24,600,600,25
08/01/2022,GRA,ST003,QAR,PRK.1713,Overnight oats PB&Jam,25,1375,1375,55
08/01/2022,GRA,ST003,QAR,PRK.1741,Spicy Tuna sandwich,26,2418,2418,93
08/01/2022,GRA,ST003,QAR,PRK.1742,Three cheese,22,1716,1716,78
08/01/2022,GRA,ST003,QAR,PRK.1743,Falafel and Labna,25,975,975,39
08/01/2022,GRA,ST003,QAR,PRK.1746,GRAZE CLUB SANDWICH,42,1806,1806,43
08/01/2022,GRA,ST003,QAR,PRK.1747,BEEF BURGER,35,1715,1715,49
08/01/2022,GRA,ST003,QAR,PRK.1748,Chicken Shawarma,18,72,72,4
08/01/2022,GRA,ST003,QAR,PRK.1749,Tenderloin Beef Shawarma,22,176,176,8
08/01/2022,GRA,ST003,QAR,PRK.1771,Pistachio Arabeshi,5,3535,3535,707
08/01/2022,GRA,ST003,QAR,PRK.1772,Fresh Raspberry,5,1560,1560,312
08/01/2022,GRA,ST003,QAR,PRK.1773,Fresh blueberry,5,1415,1415,283
08/01/2022,GRA,ST003,QAR,PRK.1774,Chocolate Flakes,5,750,750,150
08/01/2022,GRA,ST003,QAR,PRK.1775,Honey Comb,5,250,250,50
08/01/2022,GRA,ST003,QAR,PRK.4501,Full Fat Milk,0,0,0,2
08/01/2022,GRA,ST003,QAR,PRK.4502,Low Fat Milk,0,0,0,15
08/01/2022,GRA,ST003,QAR,PRK.4503,Almond Milk,2,788,788,394
08/01/2022,GRA,ST003,QAR,PRK.4504,Soya Milk,2,34,34,17
08/01/2022,GRA,ST003,QAR,PRK.4505,Less Sweet,0,0,0,2
08/01/2022,GRA,ST003,QAR,PRK.4508,Single Shot,0,0,0,2
08/01/2022,GRA,ST003,QAR,PRK.4509,Double Shot,0,0,0,2
08/01/2022,GRA,ST003,QAR,PRK.4511,More Hot,0,0,0,2
08/01/2022,GRA,ST003,QAR,PRK.4515,More Ice,0,0,0,2
08/01/2022,GRA,ST003,QAR,PRK.4516,Decaf,0,0,0,5
08/01/2022,GRA,ST003,QAR,PRK.4517,Vanilla Flavor,0,0,0,10
08/01/2022,GRA,ST003,QAR,PRK.4518,Chocolate Flavor,0,0,0,2
08/01/2022,GRA,ST003,QAR,PRK.4519,caramel flavor,0,0,0,2
08/01/2022,GRA,ST003,QAR,PRK.4520,hazelnut flavor,0,0,0,2
08/01/2022,GRA,ST003,QAR,PRK.4531,w/ Granola,0,0,0,92
08/01/2022,GRA,ST003,QAR,PRK.4533,w/ Pretzel,0,0,0,6
08/01/2022,GRA,ST003,QAR,PRK.4534,w/ Coconut Flakes,0,0,0,32
08/01/2022,GRA,ST003,QAR,PRK.4535,w/ Crispy Crepe,0,0,0,68
08/01/2022,GRA,ST003,QAR,PRK.4537,w/ Mixed Berries Sauce,0,0,0,21
08/01/2022,GRA,ST003,QAR,PRK.4541,w/ Strawberry,0,0,0,219
08/01/2022,GRA,ST003,QAR,PRK.4543,w/ Salted Caramel,0,0,0,24
08/01/2022,GRA,ST003,QAR,PRK.4544,w/ Pomegranate,0,0,0,138
08/01/2022,GRA,ST003,QAR,PRK.4545,w/ Dulce de leche,0,0,0,22
08/01/2022,GRA,ST003,QAR,PRK.4549,w/ Mango Sauce,0,0,0,41
08/01/2022,GRA,ST003,QAR,PRK.4550,w/ Mango,0,0,0,329
08/01/2022,GRA,ST003,QAR,PRK.4552,w/ Crushed Grahams,0,0,0,12
08/01/2022,GRA,ST003,QAR,PRK.4556,w/ Fresh Pineapple,0,0,0,31
08/01/2022,GRA,ST003,QAR,PRK.4557,w/ Kiwi Fruit,0,0,0,35
08/01/2022,GRA,ST003,QAR,PRK.4558,w/ Lotus Biscuit,0,0,0,30
08/01/2022,GRA,ST003,QAR,PRK.4561,MIXED FROZEN YOGURT,0,0,0,49
08/01/2022,GRA,ST003,QAR,PRK.4562,MIXED MANGO YOGURT,0,0,0,45
08/01/2022,GRA,ST003,QAR,PRK.4564,MIXED MILKY ICE CREAM,0,0,0,6
