DATE,BRANCHCODE,WAREHOUSECODE,CURRENCY,ERPCODE,ITEMNAME,RAWPRICE,GROSSAMT,NETVALUE,QTYSOLD
12/01/2022,GRA,ST003,QAR,PRK.902,Granola,55,1540,1540,28
12/01/2022,GRA,ST003,QAR,PRK.903,Graze Spicy  Mix,55,440,440,8
12/01/2022,GRA,ST003,QAR,PRK.904,Graze House Mix,55,165,165,3
12/01/2022,GRA,ST003,QAR,PRK.907,Zaatar Chips,6,264,252,44
12/01/2022,GRA,ST003,QAR,PRK.909,Spicy Pesto Chips,6,174,168,29
12/01/2022,GRA,ST003,QAR,PRK.910,Graze Spicy Mix Sml,25,350,350,14
12/01/2022,GRA,ST003,QAR,PRK.911,Graze House Mix Sml,25,350,350,14
12/01/2022,GRA,ST003,QAR,PRK.962,Extra flavor,3,51,51,17
12/01/2022,GRA,ST003,QAR,PRK.994,Crsnt w Egg/Avaca/ SunTom,24,3216,3216,134
12/01/2022,GRA,ST003,QAR,PRK.995,Egg Burrito,20,2320,2320,116
12/01/2022,GRA,ST003,QAR,PRK.996,Blueberry Granola parfait,25,3800,3750,152
12/01/2022,GRA,ST003,QAR,PRK.997,Yog Dates Chia Pista Alm,22,2442,2442,111
12/01/2022,GRA,ST003,QAR,PRK.1003,Cheese Croissant,16,496,496,31
12/01/2022,GRA,ST003,QAR,PRK.1007,Zatar Croissant,16,336,304,21
12/01/2022,GRA,ST003,QAR,PRK.1008,Chocolate Croissant,16,448,448,28
12/01/2022,GRA,ST003,QAR,PRK.1010,Tomato Puff Pastry,16,608,608,38
12/01/2022,GRA,ST003,QAR,PRK.1012,Three Berry Yogurt & Date,25,975,975,39
12/01/2022,GRA,ST003,QAR,PRK.1015,Kiri Cheese Danish,14,686,686,49
12/01/2022,GRA,ST003,QAR,PRK.1016,Plain Croissant,10,580,580,58
12/01/2022,GRA,ST003,QAR,PRK.1020,Almond Croissant,16,624,624,39
12/01/2022,GRA,ST003,QAR,PRK.1021,Shirazi Salad,12,516,504,43
12/01/2022,GRA,ST003,QAR,PRK.1023,Falafel Salad,45,3105,3105,69
12/01/2022,GRA,ST003,QAR,PRK.1024,Quinoa Swt potato Salad,40,1760,1680,44
12/01/2022,GRA,ST003,QAR,PRK.1027,Mex Chkn Chilli Bean Sld,40,4000,3960,100
12/01/2022,GRA,ST003,QAR,PRK.1029,Burrata Salad,50,1800,1800,36
12/01/2022,GRA,ST003,QAR,PRK.1031,Teriyaki GRAZE Salmn,55,8965,8965,163
12/01/2022,GRA,ST003,QAR,PRK.1039,Keto Chicken Salad,40,3600,3520,90
12/01/2022,GRA,ST003,QAR,PRK.1046,Greek Salad,30,2370,2340,79
12/01/2022,GRA,ST003,QAR,PRK.1048,Mexican  Caesar Salad chk,39,6474,6474,166
12/01/2022,GRA,ST003,QAR,PRK.1049,ROCCA SALAD,22,1012,1012,46
12/01/2022,GRA,ST003,QAR,PRK.1052,Smoke Turkey Sandwich,34,6630,6630,195
12/01/2022,GRA,ST003,QAR,PRK.1054,lemon&Rosemary Chkn,36,7596,7588.8,211
12/01/2022,GRA,ST003,QAR,PRK.1057,Steak & Philly Chz SW,32,4352,4320,136
12/01/2022,GRA,ST003,QAR,PRK.1063,Egg Mayo with Rocket,20,1400,1400,70
12/01/2022,GRA,ST003,QAR,PRK.1068,Crispy Chicken Bun,24,2472,2472,103
12/01/2022,GRA,ST003,QAR,PRK.1070,Chicken Pesto & Mozzarell,32,3712,3705.6,116
12/01/2022,GRA,ST003,QAR,PRK.1075,Avocado Toast,40,1160,1160,29
12/01/2022,GRA,ST003,QAR,PRK.1077,Spicy Halloumi,38,1444,1444,38
12/01/2022,GRA,ST003,QAR,PRK.1080,Graze Breakfast (egg box),32,928,896,29
12/01/2022,GRA,ST003,QAR,PRK.1083,Chkn Soup,19,2413,2394,127
12/01/2022,GRA,ST003,QAR,PRK.1087,Lentil Soup,20,2400,2340,120
12/01/2022,GRA,ST003,QAR,PRK.1089,Vegetable soup,16,1360,1328,85
12/01/2022,GRA,ST003,QAR,PRK.1113,Chkn Katsu Curry,45,7245,7227,161
12/01/2022,GRA,ST003,QAR,PRK.1115,Mushroom Pasta,40,4520,4520,113
12/01/2022,GRA,ST003,QAR,PRK.1118,Steak With Mushroom Sauce,45,7110,7020,158
12/01/2022,GRA,ST003,QAR,PRK.1119,Chicken Biryani,45,11565,11520,257
12/01/2022,GRA,ST003,QAR,PRK.1121,Chinese Sesame Chicken,40,5720,5672,143
12/01/2022,GRA,ST003,QAR,PRK.1127,Rock Shrimp,45,4410,4365,98
12/01/2022,GRA,ST003,QAR,PRK.1133,Lamb  Kabsa,45,6840,6750,152
12/01/2022,GRA,ST003,QAR,PRK.1140,Chicken Curry & Saffron r,43,5332,5332,124
12/01/2022,GRA,ST003,QAR,PRK.1141,CRAB BOWL,28,448,448,16
12/01/2022,GRA,ST003,QAR,PRK.1145,Yoghurt & Cucumber dip,12,420,420,35
12/01/2022,GRA,ST003,QAR,PRK.1146,Spicy Guacamole Pot,13,520,520,40
12/01/2022,GRA,ST003,QAR,PRK.1149,Edamame Pot,12,492,492,41
12/01/2022,GRA,ST003,QAR,PRK.1155,Classic hummus pot,18,180,180,10
12/01/2022,GRA,ST003,QAR,PRK.1159,Greek Tabbouleh,20,600,600,30
12/01/2022,GRA,ST003,QAR,PRK.1160,Egg pot,16,288,288,18
12/01/2022,GRA,ST003,QAR,PRK.1161,Labneh Beetroot,12,120,120,10
12/01/2022,GRA,ST003,QAR,PRK.1173,Choco Chia Energy Ball,30,1260,1260,42
12/01/2022,GRA,ST003,QAR,PRK.1175,Pecan Bars,14,756,756,54
12/01/2022,GRA,ST003,QAR,PRK.1177,Carrot Cake,15,1155,1155,77
12/01/2022,GRA,ST003,QAR,PRK.1181,Green Apple,2,38,38,19
12/01/2022,GRA,ST003,QAR,PRK.1182,Red Apple,2,62,62,31
12/01/2022,GRA,ST003,QAR,PRK.1183,Bannana,2,460,460,230
12/01/2022,GRA,ST003,QAR,PRK.1184,Watermelon,18,1386,1386,77
12/01/2022,GRA,ST003,QAR,PRK.1185,Pineapplemix,18,1368,1368,76
12/01/2022,GRA,ST003,QAR,PRK.1186,Mixed Berries,22,1716,1716,78
12/01/2022,GRA,ST003,QAR,PRK.1194,Lotus Cheesecake,15,1335,1335,89
12/01/2022,GRA,ST003,QAR,PRK.1196,Chia Blueberry Yodurt,24,1392,1392,58
12/01/2022,GRA,ST003,QAR,PRK.1201,Iced Flat White,18,126,126,7
12/01/2022,GRA,ST003,QAR,PRK.1203,Iced Spanish Latte,20,2520,2520,126
12/01/2022,GRA,ST003,QAR,PRK.1204,Iced Latte,18,972,972,54
12/01/2022,GRA,ST003,QAR,PRK.1205,Iced Americano,15,1755,1755,117
12/01/2022,GRA,ST003,QAR,PRK.1234,Pepperoni Pizza small,40,960,960,24
12/01/2022,GRA,ST003,QAR,PRK.1235,Margherita Pizza small,30,930,900,31
12/01/2022,GRA,ST003,QAR,PRK.1236,BBQ chicken Pizza small,35,875,840,25
12/01/2022,GRA,ST003,QAR,PRK.1262,Highland Still,5,3285,3274,657
12/01/2022,GRA,ST003,QAR,PRK.1265,Perrier Sparkling,9,720,720,80
12/01/2022,GRA,ST003,QAR,PRK.1291,Coke,5,1030,1030,206
12/01/2022,GRA,ST003,QAR,PRK.1292,Diet Coke,5,1305,1304,261
12/01/2022,GRA,ST003,QAR,PRK.1328,Stay Home w/ Graze L 6 X1,195,195,195,1
12/01/2022,GRA,ST003,QAR,PRK.1333,Stay Home w/Graze M 6 X1,130,130,130,1
12/01/2022,GRA,ST003,QAR,PRK.1351,Espresso Single,12,996,984,83
12/01/2022,GRA,ST003,QAR,PRK.1353,Americano Hot,15,3210,3180,214
12/01/2022,GRA,ST003,QAR,PRK.1354,Flat White Hot,18,2304,2304,128
12/01/2022,GRA,ST003,QAR,PRK.1355,Cappucino,18,4482,4482,249
12/01/2022,GRA,ST003,QAR,PRK.1356,Cortado,18,1260,1260,70
12/01/2022,GRA,ST003,QAR,PRK.1358,Spanish Latte,20,4120,4100,206
12/01/2022,GRA,ST003,QAR,PRK.1359,Classic Mocha,25,650,650,26
12/01/2022,GRA,ST003,QAR,PRK.1360,Slated Caramel Mocha,25,900,900,36
12/01/2022,GRA,ST003,QAR,PRK.1362,Double Espresso,14,868,868,62
12/01/2022,GRA,ST003,QAR,PRK.1363,Latte Hot,18,2844,2844,158
12/01/2022,GRA,ST003,QAR,PRK.1364,English B/F,12,300,276,25
12/01/2022,GRA,ST003,QAR,PRK.1365,Green Tea,12,348,348,29
12/01/2022,GRA,ST003,QAR,PRK.1366,Earl Grey,12,12,12,1
12/01/2022,GRA,ST003,QAR,PRK.1368,Lemon Grass/ Ginger,12,36,24,3
12/01/2022,GRA,ST003,QAR,PRK.1372,Hot Cocoa,24,1104,1104,46
12/01/2022,GRA,ST003,QAR,PRK.1373,Hibiscus Iced tea,18,774,774,43
12/01/2022,GRA,ST003,QAR,PRK.1374,Peach Iced Tea,18,504,504,28
12/01/2022,GRA,ST003,QAR,PRK.1375,Matcha Latte,25,250,250,10
12/01/2022,GRA,ST003,QAR,PRK.1376,Cinnamon Latte,25,200,200,8
12/01/2022,GRA,ST003,QAR,PRK.1386,Orange Juice,22,6182,6182,281
12/01/2022,GRA,ST003,QAR,PRK.1387,Carrot Juice,22,814,814,37
12/01/2022,GRA,ST003,QAR,PRK.1390,Morning Boost,24,2160,2160,90
12/01/2022,GRA,ST003,QAR,PRK.1392,Immune Boost,22,2046,2046,93
12/01/2022,GRA,ST003,QAR,PRK.1396,Ginger Aid Shot,18,5436,5436,302
12/01/2022,GRA,ST003,QAR,PRK.1402,Laban Drink,18,1062,1062,59
12/01/2022,GRA,ST003,QAR,PRK.1404,Green Boost Juice,24,1848,1848,77
12/01/2022,GRA,ST003,QAR,PRK.1406,Beetroot & Apple Juice,20,1480,1472,74
12/01/2022,GRA,ST003,QAR,PRK.1409,Turmeric wellness shot,16,2080,2080,130
12/01/2022,GRA,ST003,QAR,PRK.1412, Mini Cup Yogurt,14,3444,3444,246
12/01/2022,GRA,ST003,QAR,PRK.1413,Regular Cup Yogurt,21,2709,2688,129
12/01/2022,GRA,ST003,QAR,PRK.1416,Large Cup Yogurt,23,1334,1334,58
12/01/2022,GRA,ST003,QAR,PRK.1418, Mini Cup Yogurt/Topping,18,3186,3186,177
12/01/2022,GRA,ST003,QAR,PRK.1419,Reg Cup Yogurt/Toping,26,4316,4316,166
12/01/2022,GRA,ST003,QAR,PRK.1422,Large Cup Yogurt/Topping,30,690,690,23
12/01/2022,GRA,ST003,QAR,PRK.1429,Mini Mango Ice Cream,14,6272,6272,448
12/01/2022,GRA,ST003,QAR,PRK.1430,Regular Mango Ice Cream,21,5040,5019,240
12/01/2022,GRA,ST003,QAR,PRK.1431,Large Mango Ice Cream,23,1564,1564,68
12/01/2022,GRA,ST003,QAR,PRK.1432,Mini Mango Ice Cream/Topp,18,5814,5814,323
12/01/2022,GRA,ST003,QAR,PRK.1433,Reg Mango Ice cream/Topp,26,7202,7202,277
12/01/2022,GRA,ST003,QAR,PRK.1434,Large Mango Ice Cream/Top,30,1680,1680,56
12/01/2022,GRA,ST003,QAR,PRK.1464,Fresh Pineapple,3,27,27,9
12/01/2022,GRA,ST003,QAR,PRK.1469,Kiwi Fruit,3,12,12,4
12/01/2022,GRA,ST003,QAR,PRK.1470,Lotus Biscuit,3,9,9,3
12/01/2022,GRA,ST003,QAR,PRK.1472,CHICKEN CURRY & RICE,48,3840,3840,80
12/01/2022,GRA,ST003,QAR,PRK.1474,Spaghetti Bolognese,45,3420,3420,76
12/01/2022,GRA,ST003,QAR,PRK.1475,Salmon with Cilantro Rice,65,6630,6565,102
12/01/2022,GRA,ST003,QAR,PRK.1476,Chicken Noodle Bowl,40,2960,2960,74
12/01/2022,GRA,ST003,QAR,PRK.1501,pomegranate,3,87,87,29
12/01/2022,GRA,ST003,QAR,PRK.1502,Strawberry,3,81,81,27
12/01/2022,GRA,ST003,QAR,PRK.1506,Pretzel,3,3,3,1
12/01/2022,GRA,ST003,QAR,PRK.1507,Crispy Crepe,3,123,123,41
12/01/2022,GRA,ST003,QAR,PRK.1508,Granola,3,54,54,18
12/01/2022,GRA,ST003,QAR,PRK.1509,Coconut Flakes,3,45,45,15
12/01/2022,GRA,ST003,QAR,PRK.1510,Crushed Graham,3,27,27,9
12/01/2022,GRA,ST003,QAR,PRK.1514,Dulce de Leche,3,3,3,1
12/01/2022,GRA,ST003,QAR,PRK.1520,Mixed Berries Sauce,3,42,42,14
12/01/2022,GRA,ST003,QAR,PRK.1521,Mango Sauce,3,42,42,14
12/01/2022,GRA,ST003,QAR,PRK.1523,Peanut Butter Sauce,3,21,21,7
12/01/2022,GRA,ST003,QAR,PRK.1527,Mango,3,90,90,30
12/01/2022,GRA,ST003,QAR,PRK.1528,Spicy Mayo,3,3,3,1
12/01/2022,GRA,ST003,QAR,PRK.1531,Power Shake,35,490,490,14
12/01/2022,GRA,ST003,QAR,PRK.1532,Peanut Power Shake,35,595,595,17
12/01/2022,GRA,ST003,QAR,PRK.1533,Pre-workout protein shak,45,270,270,6
12/01/2022,GRA,ST003,QAR,PRK.1534,Choco Power Shake,35,175,175,5
12/01/2022,GRA,ST003,QAR,PRK.1536,Energizer protine Shakes,45,10620,10620,236
12/01/2022,GRA,ST003,QAR,PRK.1538,Pre-workout shake,35,245,245,7
12/01/2022,GRA,ST003,QAR,PRK.1540,Energizer shakes,35,385,385,11
12/01/2022,GRA,ST003,QAR,PRK.1542,14oz Pre-work out Protein,40,240,240,6
12/01/2022,GRA,ST003,QAR,PRK.1545,14oz Energizer protine,40,400,400,10
12/01/2022,GRA,ST003,QAR,PRK.1546,14oz Pre-workout shake,30,60,60,2
12/01/2022,GRA,ST003,QAR,PRK.1548,14oz Energizer shakes,30,150,150,5
12/01/2022,GRA,ST003,QAR,PRK.1550,Extra Protein,10,120,120,12
12/01/2022,GRA,ST003,QAR,PRK.1581,Mini coconut frz yog I/C,14,224,224,16
12/01/2022,GRA,ST003,QAR,PRK.1582,Regular coconut frz yog I,21,231,231,11
12/01/2022,GRA,ST003,QAR,PRK.1583,Large coconut frz yog I/C,23,92,92,4
12/01/2022,GRA,ST003,QAR,PRK.1584,Mini coconut frz yog  Top,18,234,234,13
12/01/2022,GRA,ST003,QAR,PRK.1585,Reg- coconut frz yog Top,26,182,182,7
12/01/2022,GRA,ST003,QAR,PRK.1586,Large coconut frz yog  To,30,240,240,8
12/01/2022,GRA,ST003,QAR,PRK.1587,Supersize,45,270,270,6
12/01/2022,GRA,ST003,QAR,PRK.1588,Acai Small,35,5530,5530,158
12/01/2022,GRA,ST003,QAR,PRK.1589,Acai Large,40,4280,4280,107
12/01/2022,GRA,ST003,QAR,PRK.1590,Peanut Choco Ice Cream,30,2370,2280,79
12/01/2022,GRA,ST003,QAR,PRK.1621,Orange loaf,12,768,768,64
12/01/2022,GRA,ST003,QAR,PRK.1623,Brownie flavour cookies,10,1170,1170,117
12/01/2022,GRA,ST003,QAR,PRK.1626,Cinnamon Roll,13,286,286,22
12/01/2022,GRA,ST003,QAR,PRK.1628,Brownie bites,13,676,676,52
12/01/2022,GRA,ST003,QAR,PRK.1632,Turkey cheese roll,19,1311,1311,69
12/01/2022,GRA,ST003,QAR,PRK.1633,Spinach feta roll,18,558,558,31
12/01/2022,GRA,ST003,QAR,PRK.1634,Madeleine,12,996,996,83
12/01/2022,GRA,ST003,QAR,PRK.1635,Poppy Lemon seeds,12,756,732,63
12/01/2022,GRA,ST003,QAR,PRK.1651,■PB & Jam sourdough bread,18,540,540,30
12/01/2022,GRA,ST003,QAR,PRK.1681,Salted Caramel Mocha,24,552,552,23
12/01/2022,GRA,ST003,QAR,PRK.1682,■Matcha Frappe,26,416,416,16
12/01/2022,GRA,ST003,QAR,PRK.1711,Pomegranate Pot,18,918,918,51
12/01/2022,GRA,ST003,QAR,PRK.1712,Mango Peach Muesli Pot,24,912,912,38
12/01/2022,GRA,ST003,QAR,PRK.1713,Overnight oats PB&Jam,25,1650,1650,66
12/01/2022,GRA,ST003,QAR,PRK.1741,Spicy Tuna sandwich,26,2132,2132,82
12/01/2022,GRA,ST003,QAR,PRK.1742,Three cheese,22,1474,1474,67
12/01/2022,GRA,ST003,QAR,PRK.1743,Falafel and Labna,25,575,575,23
12/01/2022,GRA,ST003,QAR,PRK.1747,BEEF BURGER,35,2030,2030,58
12/01/2022,GRA,ST003,QAR,PRK.1748,Chicken Shawarma,18,3366,3366,187
12/01/2022,GRA,ST003,QAR,PRK.1749,Tenderloin Beef Shawarma,22,2002,2002,91
12/01/2022,GRA,ST003,QAR,PRK.1771,Pistachio Arabeshi,5,2445,2445,489
12/01/2022,GRA,ST003,QAR,PRK.1772,Fresh Raspberry,5,720,720,144
12/01/2022,GRA,ST003,QAR,PRK.1773,Fresh blueberry,5,795,795,159
12/01/2022,GRA,ST003,QAR,PRK.1774,Chocolate Flakes,5,585,585,117
12/01/2022,GRA,ST003,QAR,PRK.1775,Honey Comb,5,280,280,56
12/01/2022,GRA,ST003,QAR,PRK.1776,Milk powder,3,30,30,10
12/01/2022,GRA,ST003,QAR,PRK.4501,Full Fat Milk,0,0,0,3
12/01/2022,GRA,ST003,QAR,PRK.4502,Low Fat Milk,0,0,0,23
12/01/2022,GRA,ST003,QAR,PRK.4503,Almond Milk,2,684,684,342
12/01/2022,GRA,ST003,QAR,PRK.4504,Soya Milk,2,42,42,21
12/01/2022,GRA,ST003,QAR,PRK.4505,Less Sweet,0,0,0,1
12/01/2022,GRA,ST003,QAR,PRK.4509,Double Shot,0,0,0,7
12/01/2022,GRA,ST003,QAR,PRK.4511,More Hot,0,0,0,2
12/01/2022,GRA,ST003,QAR,PRK.4513,No Ice,0,0,0,1
12/01/2022,GRA,ST003,QAR,PRK.4514,Less Ice,0,0,0,1
12/01/2022,GRA,ST003,QAR,PRK.4516,Decaf,0,0,0,9
12/01/2022,GRA,ST003,QAR,PRK.4517,Vanilla Flavor,0,0,0,8
12/01/2022,GRA,ST003,QAR,PRK.4519,caramel flavor,0,0,0,7
12/01/2022,GRA,ST003,QAR,PRK.4521,Oat Milk,2,60,60,30
12/01/2022,GRA,ST003,QAR,PRK.4522,Skimmed Milk,2,2,2,1
12/01/2022,GRA,ST003,QAR,PRK.4523,Coconut Milk,2,26,26,13
12/01/2022,GRA,ST003,QAR,PRK.4531,w/ Granola,0,0,0,53
12/01/2022,GRA,ST003,QAR,PRK.4533,w/ Pretzel,0,0,0,4
12/01/2022,GRA,ST003,QAR,PRK.4534,w/ Coconut Flakes,0,0,0,21
12/01/2022,GRA,ST003,QAR,PRK.4535,w/ Crispy Crepe,0,0,0,73
12/01/2022,GRA,ST003,QAR,PRK.4537,w/ Mixed Berries Sauce,0,0,0,19
12/01/2022,GRA,ST003,QAR,PRK.4541,w/ Strawberry,0,0,0,193
12/01/2022,GRA,ST003,QAR,PRK.4543,w/ Salted Caramel,0,0,0,19
12/01/2022,GRA,ST003,QAR,PRK.4544,w/ Pomegranate,0,0,0,127
12/01/2022,GRA,ST003,QAR,PRK.4545,w/ Dulce de leche,0,0,0,1
12/01/2022,GRA,ST003,QAR,PRK.4549,w/ Mango Sauce,0,0,0,47
12/01/2022,GRA,ST003,QAR,PRK.4550,w/ Mango,0,0,0,241
12/01/2022,GRA,ST003,QAR,PRK.4551,w/ Peanut Butter Sauce,0,0,0,5
12/01/2022,GRA,ST003,QAR,PRK.4552,w/ Crushed Grahams,0,0,0,18
12/01/2022,GRA,ST003,QAR,PRK.4556,w/ Fresh Pineapple,0,0,0,14
12/01/2022,GRA,ST003,QAR,PRK.4557,w/ Kiwi Fruit,0,0,0,4
12/01/2022,GRA,ST003,QAR,PRK.4558,w/ Lotus Biscuit,0,0,0,35
12/01/2022,GRA,ST003,QAR,PRK.4561,MIXED FROZEN YOGURT,0,0,0,72
12/01/2022,GRA,ST003,QAR,PRK.4562,MIXED MANGO YOGURT,0,0,0,35
