DATE,BRANCHCODE,WAREHOUSECODE,CURRENCY,ERPCODE,ITEMNAME,RAWPRICE,GROSSAMT,NETVALUE,QTYSOLD
07/01/2022,GRA,ST003,QAR,PRK.902,Granola,55,660,660,12
07/01/2022,GRA,ST003,QAR,PRK.903,Graze Spicy  Mix,55,220,220,4
07/01/2022,GRA,ST003,QAR,PRK.904,Graze House Mix,55,110,110,2
07/01/2022,GRA,ST003,QAR,PRK.907,Zaatar Chips,6,210,210,35
07/01/2022,GRA,ST003,QAR,PRK.909,Spicy Pesto Chips,6,198,192,33
07/01/2022,GRA,ST003,QAR,PRK.910,Graze Spicy Mix Sml,25,225,225,9
07/01/2022,GRA,ST003,QAR,PRK.911,Graze House Mix Sml,25,300,300,12
07/01/2022,GRA,ST003,QAR,PRK.961,Extra cheese,5,20,20,4
07/01/2022,GRA,ST003,QAR,PRK.962,Extra flavor,3,24,24,8
07/01/2022,GRA,ST003,QAR,PRK.994,Crsnt w Egg/Avaca/ SunTom,24,2064,2064,86
07/01/2022,GRA,ST003,QAR,PRK.995,Egg Burrito,20,1660,1660,83
07/01/2022,GRA,ST003,QAR,PRK.996,Blueberry Granola parfait,25,2225,2225,89
07/01/2022,GRA,ST003,QAR,PRK.997,Yog Dates Chia Pista Alm,22,1562,1562,71
07/01/2022,GRA,ST003,QAR,PRK.1003,Cheese Croissant,16,320,320,20
07/01/2022,GRA,ST003,QAR,PRK.1007,Zatar Croissant,16,432,432,27
07/01/2022,GRA,ST003,QAR,PRK.1008,Chocolate Croissant,16,384,384,24
07/01/2022,GRA,ST003,QAR,PRK.1010,Tomato Puff Pastry,16,560,560,35
07/01/2022,GRA,ST003,QAR,PRK.1012,Three Berry Yogurt & Date,25,800,800,32
07/01/2022,GRA,ST003,QAR,PRK.1015,Kiri Cheese Danish,14,742,742,53
07/01/2022,GRA,ST003,QAR,PRK.1016,Plain Croissant,10,390,390,39
07/01/2022,GRA,ST003,QAR,PRK.1020,Almond Croissant,16,544,528,34
07/01/2022,GRA,ST003,QAR,PRK.1021,Shirazi Salad,12,936,936,78
07/01/2022,GRA,ST003,QAR,PRK.1023,Falafel Salad,35,1925,1925,55
07/01/2022,GRA,ST003,QAR,PRK.1024,Quinoa Swt potato Salad,40,2600,2600,65
07/01/2022,GRA,ST003,QAR,PRK.1027,Mex Chkn Chilli Bean Sld,40,5040,5040,126
07/01/2022,GRA,ST003,QAR,PRK.1029,Burrata Salad,50,3650,3650,73
07/01/2022,GRA,ST003,QAR,PRK.1031,Teriyaki GRAZE Salmn,55,11165,11165,203
07/01/2022,GRA,ST003,QAR,PRK.1034,BBQ Chick Peas,38,1900,1900,50
07/01/2022,GRA,ST003,QAR,PRK.1039,Keto Chicken Salad,40,4480,4480,112
07/01/2022,GRA,ST003,QAR,PRK.1044,Southern Chicken Salad,45,4635,4635,103
07/01/2022,GRA,ST003,QAR,PRK.1048,Mexican  Caesar Salad chk,39,6201,6201,159
07/01/2022,GRA,ST003,QAR,PRK.1049,ROCCA SALAD,22,1232,1232,56
07/01/2022,GRA,ST003,QAR,PRK.1052,Smoke Turkey Sandwich,34,6154,6154,181
07/01/2022,GRA,ST003,QAR,PRK.1054,lemon&Rosemary Chkn,36,6408,6408,178
07/01/2022,GRA,ST003,QAR,PRK.1057,Steak & Philly Chz SW,32,2816,2816,88
07/01/2022,GRA,ST003,QAR,PRK.1063,Egg Mayo with Rocket,20,1560,1560,78
07/01/2022,GRA,ST003,QAR,PRK.1068,Crispy Chicken Bun,24,2184,2184,91
07/01/2022,GRA,ST003,QAR,PRK.1070,Chicken Pesto & Mozzarell,32,3392,3392,106
07/01/2022,GRA,ST003,QAR,PRK.1075,Avocado Toast,40,1160,1160,29
07/01/2022,GRA,ST003,QAR,PRK.1077,Spicy Halloumi,38,1862,1862,49
07/01/2022,GRA,ST003,QAR,PRK.1080,Graze Breakfast (egg box),32,608,608,19
07/01/2022,GRA,ST003,QAR,PRK.1083,Chkn Soup,19,1368,1368,72
07/01/2022,GRA,ST003,QAR,PRK.1086,Lamb Soup,28,980,980,35
07/01/2022,GRA,ST003,QAR,PRK.1087,Lentil Soup,20,1520,1476,76
07/01/2022,GRA,ST003,QAR,PRK.1111,Penne Bolognese,50,4050,4000,81
07/01/2022,GRA,ST003,QAR,PRK.1113,Chkn Katsu Curry,45,8415,8388,187
07/01/2022,GRA,ST003,QAR,PRK.1115,Mushroom Pasta,40,3680,3680,92
07/01/2022,GRA,ST003,QAR,PRK.1118,Steak With Mushroom Sauce,45,8145,8145,181
07/01/2022,GRA,ST003,QAR,PRK.1119,Chicken Biryani,45,9945,9918,221
07/01/2022,GRA,ST003,QAR,PRK.1121,Chinese Sesame Chicken,40,8040,8040,201
07/01/2022,GRA,ST003,QAR,PRK.1127,Rock Shrimp,45,8100,8100,180
07/01/2022,GRA,ST003,QAR,PRK.1133,Lamb  Kabsa,45,7110,7101,158
07/01/2022,GRA,ST003,QAR,PRK.1139,Peanut butter chicken  Ri,39,39,39,1
07/01/2022,GRA,ST003,QAR,PRK.1140,Chicken Curry & Saffron r,43,5633,5633,131
07/01/2022,GRA,ST003,QAR,PRK.1141,CRAB BOWL,28,616,616,22
07/01/2022,GRA,ST003,QAR,PRK.1145,Yoghurt & Cucumber dip,12,648,648,54
07/01/2022,GRA,ST003,QAR,PRK.1146,Spicy Guacamole Pot,13,845,832,65
07/01/2022,GRA,ST003,QAR,PRK.1149,Edamame Pot,12,648,633.6,54
07/01/2022,GRA,ST003,QAR,PRK.1159,Greek Tabbouleh,20,1020,1020,51
07/01/2022,GRA,ST003,QAR,PRK.1160,Egg pot,16,224,224,14
07/01/2022,GRA,ST003,QAR,PRK.1173,Choco Chia Energy Ball,30,870,870,29
07/01/2022,GRA,ST003,QAR,PRK.1175,Pecan Bars,14,406,406,29
07/01/2022,GRA,ST003,QAR,PRK.1177,Carrot Cake,15,765,765,51
07/01/2022,GRA,ST003,QAR,PRK.1178,Sweet Potatoe Choco Cake,15,600,600,40
07/01/2022,GRA,ST003,QAR,PRK.1180,Tropical Fruits,18,18,18,1
07/01/2022,GRA,ST003,QAR,PRK.1181,Green Apple,2,72,72,36
07/01/2022,GRA,ST003,QAR,PRK.1182,Red Apple,2,96,96,48
07/01/2022,GRA,ST003,QAR,PRK.1183,Bannana,2,536,536,268
07/01/2022,GRA,ST003,QAR,PRK.1184,Watermelon,18,1908,1908,106
07/01/2022,GRA,ST003,QAR,PRK.1185,Pineapplemix,18,1476,1476,82
07/01/2022,GRA,ST003,QAR,PRK.1186,Mixed Berries,22,1738,1738,79
07/01/2022,GRA,ST003,QAR,PRK.1194,Lotus Cheesecake,15,735,735,49
07/01/2022,GRA,ST003,QAR,PRK.1196,Chia Blueberry Yodurt,24,816,792,34
07/01/2022,GRA,ST003,QAR,PRK.1201,Iced Flat White,18,630,630,35
07/01/2022,GRA,ST003,QAR,PRK.1203,Iced Spanish Latte,20,2420,2400,121
07/01/2022,GRA,ST003,QAR,PRK.1204,Iced Latte,18,774,774,43
07/01/2022,GRA,ST003,QAR,PRK.1205,Iced Americano,15,1395,1380,93
07/01/2022,GRA,ST003,QAR,PRK.1234,Pepperoni Pizza small,40,800,800,20
07/01/2022,GRA,ST003,QAR,PRK.1235,Margherita Pizza small,30,690,690,23
07/01/2022,GRA,ST003,QAR,PRK.1236,BBQ chicken Pizza small,35,840,840,24
07/01/2022,GRA,ST003,QAR,PRK.1262,Highland Still,5,3050,3050,610
07/01/2022,GRA,ST003,QAR,PRK.1265,Perrier Sparkling,9,306,306,34
07/01/2022,GRA,ST003,QAR,PRK.1291,Coke,5,545,544,109
07/01/2022,GRA,ST003,QAR,PRK.1292,Diet Coke,5,1540,1538,308
07/01/2022,GRA,ST003,QAR,PRK.1322,Regular Cup / Pina Colada,21,21,21,1
07/01/2022,GRA,ST003,QAR,PRK.1324,Mini Pina Colada/Topping,18,18,18,1
07/01/2022,GRA,ST003,QAR,PRK.1330,Stay Home w/ Graze R 4X1,130,130,130,1
07/01/2022,GRA,ST003,QAR,PRK.1334,Stay Home w/Graze M12 X1,240,3360,3360,14
07/01/2022,GRA,ST003,QAR,PRK.1335,Cool Box,15,495,495,33
07/01/2022,GRA,ST003,QAR,PRK.1351,Espresso Single,12,432,432,36
07/01/2022,GRA,ST003,QAR,PRK.1353,Americano Hot,15,1740,1740,116
07/01/2022,GRA,ST003,QAR,PRK.1354,Flat White Hot,18,1512,1512,84
07/01/2022,GRA,ST003,QAR,PRK.1355,Cappucino,18,1692,1692,94
07/01/2022,GRA,ST003,QAR,PRK.1356,Cortado,18,756,756,42
07/01/2022,GRA,ST003,QAR,PRK.1358,Spanish Latte,20,1360,1360,68
07/01/2022,GRA,ST003,QAR,PRK.1359,Classic Mocha,25,175,175,7
07/01/2022,GRA,ST003,QAR,PRK.1360,Slated Caramel Mocha,25,450,450,18
07/01/2022,GRA,ST003,QAR,PRK.1362,Double Espresso,14,616,616,44
07/01/2022,GRA,ST003,QAR,PRK.1363,Latte Hot,18,1152,1134,64
07/01/2022,GRA,ST003,QAR,PRK.1364,English B/F,12,72,72,6
07/01/2022,GRA,ST003,QAR,PRK.1365,Green Tea,12,96,96,8
07/01/2022,GRA,ST003,QAR,PRK.1372,Hot Cocoa,24,288,288,12
07/01/2022,GRA,ST003,QAR,PRK.1373,Hibiscus Iced tea,18,918,918,51
07/01/2022,GRA,ST003,QAR,PRK.1374,Peach Iced Tea,18,630,630,35
07/01/2022,GRA,ST003,QAR,PRK.1375,Matcha Latte,25,25,25,1
07/01/2022,GRA,ST003,QAR,PRK.1376,Cinnamon Latte,25,50,50,2
07/01/2022,GRA,ST003,QAR,PRK.1386,Orange Juice,22,5456,5456,248
07/01/2022,GRA,ST003,QAR,PRK.1387,Carrot Juice,22,638,638,29
07/01/2022,GRA,ST003,QAR,PRK.1390,Morning Boost,24,2136,2136,89
07/01/2022,GRA,ST003,QAR,PRK.1392,Immune Boost,22,1408,1408,64
07/01/2022,GRA,ST003,QAR,PRK.1396,Ginger Aid Shot,18,3348,3348,186
07/01/2022,GRA,ST003,QAR,PRK.1402,Laban Drink,18,1350,1342.8,75
07/01/2022,GRA,ST003,QAR,PRK.1404,Green Boost Juice,24,1152,1128,48
07/01/2022,GRA,ST003,QAR,PRK.1405,Watermelon & Coconut cool,20,500,500,25
07/01/2022,GRA,ST003,QAR,PRK.1406,Beetroot & Apple Juice,20,1280,1280,64
07/01/2022,GRA,ST003,QAR,PRK.1407,Coconut & Pineapple Juice,24,336,312,14
07/01/2022,GRA,ST003,QAR,PRK.1409,Turmeric wellness shot,16,704,704,44
07/01/2022,GRA,ST003,QAR,PRK.1412, Mini Cup Yogurt,14,5124,5124,366
07/01/2022,GRA,ST003,QAR,PRK.1413,Regular Cup Yogurt,21,3864,3864,184
07/01/2022,GRA,ST003,QAR,PRK.1416,Large Cup Yogurt,23,1357,1357,59
07/01/2022,GRA,ST003,QAR,PRK.1418, Mini Cup Yogurt/Topping,18,4176,4176,232
07/01/2022,GRA,ST003,QAR,PRK.1419,Reg Cup Yogurt/Toping,26,5278,5278,203
07/01/2022,GRA,ST003,QAR,PRK.1422,Large Cup Yogurt/Topping,30,1530,1530,51
07/01/2022,GRA,ST003,QAR,PRK.1429,Mini Mango Ice Cream,14,13090,13084.4,935
07/01/2022,GRA,ST003,QAR,PRK.1430,Regular Mango Ice Cream,21,9870,9870,470
07/01/2022,GRA,ST003,QAR,PRK.1431,Large Mango Ice Cream,23,2254,2254,98
07/01/2022,GRA,ST003,QAR,PRK.1432,Mini Mango Ice Cream/Topp,18,12618,12528,701
07/01/2022,GRA,ST003,QAR,PRK.1433,Reg Mango Ice cream/Topp,26,15392,15392,592
07/01/2022,GRA,ST003,QAR,PRK.1434,Large Mango Ice Cream/Top,30,3210,3210,107
07/01/2022,GRA,ST003,QAR,PRK.1435,Mini Cup Milky Ice Cream,14,2422,2422,173
07/01/2022,GRA,ST003,QAR,PRK.1436,Reg Cup Milky Ice Cream,21,1365,1360.8,65
07/01/2022,GRA,ST003,QAR,PRK.1437,Lrge Cup Milky Ice Cream,23,207,207,9
07/01/2022,GRA,ST003,QAR,PRK.1438,Mini Cup Milky Ice C/Top,18,1242,1238.4,69
07/01/2022,GRA,ST003,QAR,PRK.1439,Reg Cup Milky Ice Cre/Top,26,1690,1690,65
07/01/2022,GRA,ST003,QAR,PRK.1440,Lrge Cup Milky Ice Cr/Top,30,270,270,9
07/01/2022,GRA,ST003,QAR,PRK.1464,Fresh Pineapple,3,24,24,8
07/01/2022,GRA,ST003,QAR,PRK.1469,Kiwi Fruit,3,3,3,1
07/01/2022,GRA,ST003,QAR,PRK.1470,Lotus Biscuit,3,3,3,1
07/01/2022,GRA,ST003,QAR,PRK.1471,NOODLES BOWL,45,2025,2025,45
07/01/2022,GRA,ST003,QAR,PRK.1472,CHICKEN CURRY & RICE,48,4464,4464,93
07/01/2022,GRA,ST003,QAR,PRK.1473,BEEF STROGANOFF,50,2650,2640,53
07/01/2022,GRA,ST003,QAR,PRK.1501,pomegranate,3,168,168,56
07/01/2022,GRA,ST003,QAR,PRK.1502,Strawberry,3,165,165,55
07/01/2022,GRA,ST003,QAR,PRK.1505,Salted Caramel,3,21,21,7
07/01/2022,GRA,ST003,QAR,PRK.1506,Pretzel,3,9,9,3
07/01/2022,GRA,ST003,QAR,PRK.1507,Crispy Crepe,3,90,90,30
07/01/2022,GRA,ST003,QAR,PRK.1508,Granola,3,66,66,22
07/01/2022,GRA,ST003,QAR,PRK.1509,Coconut Flakes,3,69,69,23
07/01/2022,GRA,ST003,QAR,PRK.1510,Crushed Graham,3,45,45,15
07/01/2022,GRA,ST003,QAR,PRK.1514,Dulce de Leche,3,48,48,16
07/01/2022,GRA,ST003,QAR,PRK.1520,Mixed Berries Sauce,3,87,87,29
07/01/2022,GRA,ST003,QAR,PRK.1521,Mango Sauce,3,42,42,14
07/01/2022,GRA,ST003,QAR,PRK.1527,Mango,3,147,147,49
07/01/2022,GRA,ST003,QAR,PRK.1531,Power Shake,35,770,770,22
07/01/2022,GRA,ST003,QAR,PRK.1532,Peanut Power Shake,35,1155,1155,33
07/01/2022,GRA,ST003,QAR,PRK.1533,Pre-workout protein shak,45,90,90,2
07/01/2022,GRA,ST003,QAR,PRK.1534,Choco Power Shake,35,455,455,13
07/01/2022,GRA,ST003,QAR,PRK.1536,Energizer protine Shakes,45,2925,2925,65
07/01/2022,GRA,ST003,QAR,PRK.1538,Pre-workout shake,35,245,245,7
07/01/2022,GRA,ST003,QAR,PRK.1540,Energizer shakes,35,1505,1505,43
07/01/2022,GRA,ST003,QAR,PRK.1542,14oz Pre-work out Protein,40,480,480,12
07/01/2022,GRA,ST003,QAR,PRK.1545,14oz Energizer protine,40,680,680,17
07/01/2022,GRA,ST003,QAR,PRK.1546,14oz Pre-workout shake,30,30,30,1
07/01/2022,GRA,ST003,QAR,PRK.1548,14oz Energizer shakes,30,90,90,3
07/01/2022,GRA,ST003,QAR,PRK.1550,Extra Protein,10,130,130,13
07/01/2022,GRA,ST003,QAR,PRK.1561,Mini Pomegranate i/c,14,2338,2332.4,167
07/01/2022,GRA,ST003,QAR,PRK.1562,Regular Pomegranate i/c,21,1617,1608.6,77
07/01/2022,GRA,ST003,QAR,PRK.1563,Large Pomegranate i/c,23,483,483,21
07/01/2022,GRA,ST003,QAR,PRK.1564,Mini pomegranate /topping,18,1206,1026,67
07/01/2022,GRA,ST003,QAR,PRK.1565,Regular Pomegrante /topp,26,2444,2444,94
07/01/2022,GRA,ST003,QAR,PRK.1566,Large Pomegranate/topping,30,780,780,26
07/01/2022,GRA,ST003,QAR,PRK.1587,Supersize,45,1530,1530,34
07/01/2022,GRA,ST003,QAR,PRK.1621,Orange loaf,12,792,792,66
07/01/2022,GRA,ST003,QAR,PRK.1623,Brownie flavour cookies,10,1040,1040,104
07/01/2022,GRA,ST003,QAR,PRK.1626,Cinnamon Roll,13,286,273,22
07/01/2022,GRA,ST003,QAR,PRK.1627,Custard Raisin Roll,14,154,154,11
07/01/2022,GRA,ST003,QAR,PRK.1628,Brownie bites,13,585,585,45
07/01/2022,GRA,ST003,QAR,PRK.1632,Turkey cheese roll,19,779,779,41
07/01/2022,GRA,ST003,QAR,PRK.1633,Spinach feta roll,18,450,450,25
07/01/2022,GRA,ST003,QAR,PRK.1651,■PB & Jam sourdough bread,18,342,342,19
07/01/2022,GRA,ST003,QAR,PRK.1655,Graze Oatmeal,30,420,420,14
07/01/2022,GRA,ST003,QAR,PRK.1656,Eid breakfast,350,350,0,1
07/01/2022,GRA,ST003,QAR,PRK.1681,Salted Caramel Mocha,24,576,576,24
07/01/2022,GRA,ST003,QAR,PRK.1682,■Matcha Frappe,26,572,572,22
07/01/2022,GRA,ST003,QAR,PRK.1711,Pomegranate Pot,18,720,720,40
07/01/2022,GRA,ST003,QAR,PRK.1712,Mango Peach Muesli Pot,24,504,480,21
07/01/2022,GRA,ST003,QAR,PRK.1713,Overnight oats PB&Jam,25,825,825,33
07/01/2022,GRA,ST003,QAR,PRK.1741,Spicy Tuna sandwich,26,1560,1560,60
07/01/2022,GRA,ST003,QAR,PRK.1742,Three cheese,22,1408,1408,64
07/01/2022,GRA,ST003,QAR,PRK.1743,Falafel and Labna,25,975,975,39
07/01/2022,GRA,ST003,QAR,PRK.1745,Graze Sandwich Box,200,800,800,4
07/01/2022,GRA,ST003,QAR,PRK.1746,GRAZE CLUB SANDWICH,42,1596,1554,38
07/01/2022,GRA,ST003,QAR,PRK.1747,BEEF BURGER,35,1995,1995,57
07/01/2022,GRA,ST003,QAR,PRK.1771,Pistachio Arabeshi,5,3360,3360,672
07/01/2022,GRA,ST003,QAR,PRK.1772,Fresh Raspberry,5,1500,1500,300
07/01/2022,GRA,ST003,QAR,PRK.1773,Fresh blueberry,5,1365,1365,273
07/01/2022,GRA,ST003,QAR,PRK.1774,Chocolate Flakes,5,950,950,190
07/01/2022,GRA,ST003,QAR,PRK.1775,Honey Comb,5,275,275,55
07/01/2022,GRA,ST003,QAR,PRK.4501,Full Fat Milk,0,0,0,1
07/01/2022,GRA,ST003,QAR,PRK.4502,Low Fat Milk,0,0,0,14
07/01/2022,GRA,ST003,QAR,PRK.4503,Almond Milk,2,300,300,150
07/01/2022,GRA,ST003,QAR,PRK.4504,Soya Milk,2,42,42,21
07/01/2022,GRA,ST003,QAR,PRK.4505,Less Sweet,0,0,0,2
07/01/2022,GRA,ST003,QAR,PRK.4516,Decaf,0,0,0,9
07/01/2022,GRA,ST003,QAR,PRK.4517,Vanilla Flavor,0,0,0,6
07/01/2022,GRA,ST003,QAR,PRK.4519,caramel flavor,0,0,0,1
07/01/2022,GRA,ST003,QAR,PRK.4531,w/ Granola,0,0,0,320
07/01/2022,GRA,ST003,QAR,PRK.4533,w/ Pretzel,0,0,0,39
07/01/2022,GRA,ST003,QAR,PRK.4534,w/ Coconut Flakes,0,0,0,121
07/01/2022,GRA,ST003,QAR,PRK.4535,w/ Crispy Crepe,0,0,0,219
07/01/2022,GRA,ST003,QAR,PRK.4537,w/ Mixed Berries Sauce,0,0,0,64
07/01/2022,GRA,ST003,QAR,PRK.4541,w/ Strawberry,0,0,0,602
07/01/2022,GRA,ST003,QAR,PRK.4543,w/ Salted Caramel,0,0,0,79
07/01/2022,GRA,ST003,QAR,PRK.4544,w/ Pomegranate,0,0,0,334
07/01/2022,GRA,ST003,QAR,PRK.4545,w/ Dulce de leche,0,0,0,76
07/01/2022,GRA,ST003,QAR,PRK.4549,w/ Mango Sauce,0,0,0,93
07/01/2022,GRA,ST003,QAR,PRK.4550,w/ Mango,0,0,0,721
07/01/2022,GRA,ST003,QAR,PRK.4551,w/ Peanut Butter Sauce,0,0,0,1
07/01/2022,GRA,ST003,QAR,PRK.4552,w/ Crushed Grahams,0,0,0,31
07/01/2022,GRA,ST003,QAR,PRK.4556,w/ Fresh Pineapple,0,0,0,127
07/01/2022,GRA,ST003,QAR,PRK.4557,w/ Kiwi Fruit,0,0,0,120
07/01/2022,GRA,ST003,QAR,PRK.4558,w/ Lotus Biscuit,0,0,0,158
07/01/2022,GRA,ST003,QAR,PRK.4561,MIXED FROZEN YOGURT,0,0,0,139
07/01/2022,GRA,ST003,QAR,PRK.4562,MIXED MANGO YOGURT,0,0,0,72
07/01/2022,GRA,ST003,QAR,PRK.4564,MIXED MILKY ICE CREAM,0,0,0,25
