DATE,BRANCHCODE,WAREHOUSECODE,CURRENCY,ERPCODE,ITEMNAME,RAWPRICE,GROSSAMT,NETVALUE,QTYSOLD
11/01/2022,GRA,ST003,QAR,PRK.902,Granola,55,2090,2090,38
11/01/2022,GRA,ST003,QAR,PRK.903,Graze Spicy  Mix,55,165,165,3
11/01/2022,GRA,ST003,QAR,PRK.904,Graze House Mix,55,385,385,7
11/01/2022,GRA,ST003,QAR,PRK.907,Zaatar Chips,6,198,192,33
11/01/2022,GRA,ST003,QAR,PRK.909,Spicy Pesto Chips,6,210,210,35
11/01/2022,GRA,ST003,QAR,PRK.910,Graze Spicy Mix Sml,25,400,400,16
11/01/2022,GRA,ST003,QAR,PRK.911,Graze House Mix Sml,25,625,625,25
11/01/2022,GRA,ST003,QAR,PRK.961,Extra cheese,5,15,15,3
11/01/2022,GRA,ST003,QAR,PRK.962,Extra flavor,3,42,42,14
11/01/2022,GRA,ST003,QAR,PRK.994,Crsnt w Egg/Avaca/ SunTom,24,2880,2880,120
11/01/2022,GRA,ST003,QAR,PRK.995,Egg Burrito,20,2520,2508,126
11/01/2022,GRA,ST003,QAR,PRK.996,Blueberry Granola parfait,25,3350,3320,134
11/01/2022,GRA,ST003,QAR,PRK.997,Yog Dates Chia Pista Alm,22,2420,2420,110
11/01/2022,GRA,ST003,QAR,PRK.1003,Cheese Croissant,16,272,272,17
11/01/2022,GRA,ST003,QAR,PRK.1007,Zatar Croissant,16,528,528,33
11/01/2022,GRA,ST003,QAR,PRK.1008,Chocolate Croissant,16,880,880,55
11/01/2022,GRA,ST003,QAR,PRK.1010,Tomato Puff Pastry,16,912,912,57
11/01/2022,GRA,ST003,QAR,PRK.1012,Three Berry Yogurt & Date,25,1350,1325,54
11/01/2022,GRA,ST003,QAR,PRK.1015,Kiri Cheese Danish,14,672,672,48
11/01/2022,GRA,ST003,QAR,PRK.1016,Plain Croissant,10,720,720,72
11/01/2022,GRA,ST003,QAR,PRK.1020,Almond Croissant,16,704,688,44
11/01/2022,GRA,ST003,QAR,PRK.1021,Shirazi Salad,12,780,744,65
11/01/2022,GRA,ST003,QAR,PRK.1023,Falafel Salad,45,4005,3960,89
11/01/2022,GRA,ST003,QAR,PRK.1024,Quinoa Swt potato Salad,40,2080,2000,52
11/01/2022,GRA,ST003,QAR,PRK.1027,Mex Chkn Chilli Bean Sld,40,4480,4480,112
11/01/2022,GRA,ST003,QAR,PRK.1029,Burrata Salad,50,2100,2050,42
11/01/2022,GRA,ST003,QAR,PRK.1031,Teriyaki GRAZE Salmn,55,9735,9680,177
11/01/2022,GRA,ST003,QAR,PRK.1039,Keto Chicken Salad,40,4840,4840,121
11/01/2022,GRA,ST003,QAR,PRK.1046,Greek Salad,30,1920,1890,64
11/01/2022,GRA,ST003,QAR,PRK.1048,Mexican  Caesar Salad chk,39,7410,7371,190
11/01/2022,GRA,ST003,QAR,PRK.1049,ROCCA SALAD,22,1364,1364,62
11/01/2022,GRA,ST003,QAR,PRK.1052,Smoke Turkey Sandwich,34,6834,6800,201
11/01/2022,GRA,ST003,QAR,PRK.1054,lemon&Rosemary Chkn,36,8208,8168.4,228
11/01/2022,GRA,ST003,QAR,PRK.1057,Steak & Philly Chz SW,32,4160,4032,130
11/01/2022,GRA,ST003,QAR,PRK.1063,Egg Mayo with Rocket,20,1480,1460,74
11/01/2022,GRA,ST003,QAR,PRK.1068,Crispy Chicken Bun,24,2256,2256,94
11/01/2022,GRA,ST003,QAR,PRK.1070,Chicken Pesto & Mozzarell,32,3840,3795.2,120
11/01/2022,GRA,ST003,QAR,PRK.1075,Avocado Toast,40,1880,1840,47
11/01/2022,GRA,ST003,QAR,PRK.1077,Spicy Halloumi,38,1824,1824,48
11/01/2022,GRA,ST003,QAR,PRK.1080,Graze Breakfast (egg box),32,768,768,24
11/01/2022,GRA,ST003,QAR,PRK.1083,Chkn Soup,19,1919,1862,101
11/01/2022,GRA,ST003,QAR,PRK.1087,Lentil Soup,20,2160,2160,108
11/01/2022,GRA,ST003,QAR,PRK.1089,Vegetable soup,16,1024,1024,64
11/01/2022,GRA,ST003,QAR,PRK.1113,Chkn Katsu Curry,45,8145,8100,181
11/01/2022,GRA,ST003,QAR,PRK.1115,Mushroom Pasta,40,3640,3632,91
11/01/2022,GRA,ST003,QAR,PRK.1118,Steak With Mushroom Sauce,45,8280,8235,184
11/01/2022,GRA,ST003,QAR,PRK.1119,Chicken Biryani,45,12105,12060,269
11/01/2022,GRA,ST003,QAR,PRK.1121,Chinese Sesame Chicken,40,5680,5632,142
11/01/2022,GRA,ST003,QAR,PRK.1127,Rock Shrimp,45,4410,4320,98
11/01/2022,GRA,ST003,QAR,PRK.1133,Lamb  Kabsa,45,7470,7416,166
11/01/2022,GRA,ST003,QAR,PRK.1140,Chicken Curry & Saffron r,43,6708,6639.2,156
11/01/2022,GRA,ST003,QAR,PRK.1141,CRAB BOWL,28,924,896,33
11/01/2022,GRA,ST003,QAR,PRK.1145,Yoghurt & Cucumber dip,12,432,420,36
11/01/2022,GRA,ST003,QAR,PRK.1146,Spicy Guacamole Pot,13,533,533,41
11/01/2022,GRA,ST003,QAR,PRK.1149,Edamame Pot,12,696,684,58
11/01/2022,GRA,ST003,QAR,PRK.1155,Classic hummus pot,18,90,72,5
11/01/2022,GRA,ST003,QAR,PRK.1159,Greek Tabbouleh,20,1040,1040,52
11/01/2022,GRA,ST003,QAR,PRK.1160,Egg pot,16,240,224,15
11/01/2022,GRA,ST003,QAR,PRK.1161,Labneh Beetroot,12,132,108,11
11/01/2022,GRA,ST003,QAR,PRK.1173,Choco Chia Energy Ball,30,2250,2220,75
11/01/2022,GRA,ST003,QAR,PRK.1175,Pecan Bars,14,1176,1176,84
11/01/2022,GRA,ST003,QAR,PRK.1177,Carrot Cake,15,1200,1200,80
11/01/2022,GRA,ST003,QAR,PRK.1178,Sweet Potatoe Choco Cake,15,75,75,5
11/01/2022,GRA,ST003,QAR,PRK.1181,Green Apple,2,54,54,27
11/01/2022,GRA,ST003,QAR,PRK.1182,Red Apple,2,88,88,44
11/01/2022,GRA,ST003,QAR,PRK.1183,Bannana,2,552,552,276
11/01/2022,GRA,ST003,QAR,PRK.1184,Watermelon,18,1530,1530,85
11/01/2022,GRA,ST003,QAR,PRK.1185,Pineapplemix,18,1548,1548,86
11/01/2022,GRA,ST003,QAR,PRK.1186,Mixed Berries,22,2134,2134,97
11/01/2022,GRA,ST003,QAR,PRK.1194,Lotus Cheesecake,15,1275,1275,85
11/01/2022,GRA,ST003,QAR,PRK.1196,Chia Blueberry Yodurt,24,1392,1358.4,58
11/01/2022,GRA,ST003,QAR,PRK.1201,Iced Flat White,18,162,144,9
11/01/2022,GRA,ST003,QAR,PRK.1203,Iced Spanish Latte,20,2920,2920,146
11/01/2022,GRA,ST003,QAR,PRK.1204,Iced Latte,18,1188,1188,66
11/01/2022,GRA,ST003,QAR,PRK.1205,Iced Americano,15,2250,2250,150
11/01/2022,GRA,ST003,QAR,PRK.1234,Pepperoni Pizza small,40,800,760,20
11/01/2022,GRA,ST003,QAR,PRK.1235,Margherita Pizza small,30,630,630,21
11/01/2022,GRA,ST003,QAR,PRK.1236,BBQ chicken Pizza small,35,805,805,23
11/01/2022,GRA,ST003,QAR,PRK.1262,Highland Still,5,3230,3219,646
11/01/2022,GRA,ST003,QAR,PRK.1265,Perrier Sparkling,9,828,828,92
11/01/2022,GRA,ST003,QAR,PRK.1291,Coke,5,835,832,167
11/01/2022,GRA,ST003,QAR,PRK.1292,Diet Coke,5,1585,1578.5,317
11/01/2022,GRA,ST003,QAR,PRK.1321,Mini Cup /Pina Colada,14,14,14,1
11/01/2022,GRA,ST003,QAR,PRK.1322,Regular Cup / Pina Colada,21,21,21,1
11/01/2022,GRA,ST003,QAR,PRK.1327,Stay Home w/ Graze L 4X1,140,140,140,1
11/01/2022,GRA,ST003,QAR,PRK.1334,Stay Home w/Graze M12 X1,240,960,960,4
11/01/2022,GRA,ST003,QAR,PRK.1335,Cool Box,15,90,90,6
11/01/2022,GRA,ST003,QAR,PRK.1351,Espresso Single,12,1128,1128,94
11/01/2022,GRA,ST003,QAR,PRK.1353,Americano Hot,15,4365,4365,291
11/01/2022,GRA,ST003,QAR,PRK.1354,Flat White Hot,18,2790,2790,155
11/01/2022,GRA,ST003,QAR,PRK.1355,Cappucino,18,3492,3492,194
11/01/2022,GRA,ST003,QAR,PRK.1356,Cortado,18,1026,1026,57
11/01/2022,GRA,ST003,QAR,PRK.1358,Spanish Latte,20,3480,3480,174
11/01/2022,GRA,ST003,QAR,PRK.1359,Classic Mocha,25,625,625,25
11/01/2022,GRA,ST003,QAR,PRK.1360,Slated Caramel Mocha,25,975,975,39
11/01/2022,GRA,ST003,QAR,PRK.1361,Extra Shot,0,0,0,1
11/01/2022,GRA,ST003,QAR,PRK.1362,Double Espresso,14,994,994,71
11/01/2022,GRA,ST003,QAR,PRK.1363,Latte Hot,18,3582,3582,199
11/01/2022,GRA,ST003,QAR,PRK.1364,English B/F,12,144,144,12
11/01/2022,GRA,ST003,QAR,PRK.1365,Green Tea,12,588,588,49
11/01/2022,GRA,ST003,QAR,PRK.1368,Lemon Grass/ Ginger,12,12,12,1
11/01/2022,GRA,ST003,QAR,PRK.1372,Hot Cocoa,24,1008,1008,42
11/01/2022,GRA,ST003,QAR,PRK.1373,Hibiscus Iced tea,18,828,828,46
11/01/2022,GRA,ST003,QAR,PRK.1374,Peach Iced Tea,18,738,720,41
11/01/2022,GRA,ST003,QAR,PRK.1375,Matcha Latte,25,225,225,9
11/01/2022,GRA,ST003,QAR,PRK.1376,Cinnamon Latte,25,175,175,7
11/01/2022,GRA,ST003,QAR,PRK.1386,Orange Juice,22,6072,6072,276
11/01/2022,GRA,ST003,QAR,PRK.1387,Carrot Juice,22,1166,1117.6,53
11/01/2022,GRA,ST003,QAR,PRK.1390,Morning Boost,24,1992,1992,83
11/01/2022,GRA,ST003,QAR,PRK.1392,Immune Boost,22,2178,2156,99
11/01/2022,GRA,ST003,QAR,PRK.1396,Ginger Aid Shot,18,4608,4590,256
11/01/2022,GRA,ST003,QAR,PRK.1402,Laban Drink,18,1134,1130.4,63
11/01/2022,GRA,ST003,QAR,PRK.1404,Green Boost Juice,24,1968,1968,82
11/01/2022,GRA,ST003,QAR,PRK.1406,Beetroot & Apple Juice,20,1360,1348,68
11/01/2022,GRA,ST003,QAR,PRK.1409,Turmeric wellness shot,16,1984,1984,124
11/01/2022,GRA,ST003,QAR,PRK.1412, Mini Cup Yogurt,14,3794,3792.6,271
11/01/2022,GRA,ST003,QAR,PRK.1413,Regular Cup Yogurt,21,3150,3150,150
11/01/2022,GRA,ST003,QAR,PRK.1416,Large Cup Yogurt,23,1426,1426,62
11/01/2022,GRA,ST003,QAR,PRK.1418, Mini Cup Yogurt/Topping,18,3492,3492,194
11/01/2022,GRA,ST003,QAR,PRK.1419,Reg Cup Yogurt/Toping,26,4082,4030,157
11/01/2022,GRA,ST003,QAR,PRK.1422,Large Cup Yogurt/Topping,30,1620,1620,54
11/01/2022,GRA,ST003,QAR,PRK.1429,Mini Mango Ice Cream,14,7728,7726.6,552
11/01/2022,GRA,ST003,QAR,PRK.1430,Regular Mango Ice Cream,21,5460,5439,260
11/01/2022,GRA,ST003,QAR,PRK.1431,Large Mango Ice Cream,23,1725,1725,75
11/01/2022,GRA,ST003,QAR,PRK.1432,Mini Mango Ice Cream/Topp,18,7416,7416,412
11/01/2022,GRA,ST003,QAR,PRK.1433,Reg Mango Ice cream/Topp,26,9620,9594,370
11/01/2022,GRA,ST003,QAR,PRK.1434,Large Mango Ice Cream/Top,30,2370,2370,79
11/01/2022,GRA,ST003,QAR,PRK.1464,Fresh Pineapple,3,9,9,3
11/01/2022,GRA,ST003,QAR,PRK.1469,Kiwi Fruit,3,6,6,2
11/01/2022,GRA,ST003,QAR,PRK.1470,Lotus Biscuit,3,6,6,2
11/01/2022,GRA,ST003,QAR,PRK.1472,CHICKEN CURRY & RICE,48,4080,4032,85
11/01/2022,GRA,ST003,QAR,PRK.1474,Spaghetti Bolognese,45,3330,3312,74
11/01/2022,GRA,ST003,QAR,PRK.1475,Salmon with Cilantro Rice,65,8190,8060,126
11/01/2022,GRA,ST003,QAR,PRK.1476,Chicken Noodle Bowl,40,2360,2320,59
11/01/2022,GRA,ST003,QAR,PRK.1501,pomegranate,3,198,198,66
11/01/2022,GRA,ST003,QAR,PRK.1502,Strawberry,3,123,123,41
11/01/2022,GRA,ST003,QAR,PRK.1505,Salted Caramel,3,3,3,1
11/01/2022,GRA,ST003,QAR,PRK.1506,Pretzel,3,3,3,1
11/01/2022,GRA,ST003,QAR,PRK.1507,Crispy Crepe,3,120,120,40
11/01/2022,GRA,ST003,QAR,PRK.1508,Granola,3,15,15,5
11/01/2022,GRA,ST003,QAR,PRK.1509,Coconut Flakes,3,48,48,16
11/01/2022,GRA,ST003,QAR,PRK.1510,Crushed Graham,3,42,42,14
11/01/2022,GRA,ST003,QAR,PRK.1514,Dulce de Leche,3,6,6,2
11/01/2022,GRA,ST003,QAR,PRK.1520,Mixed Berries Sauce,3,69,69,23
11/01/2022,GRA,ST003,QAR,PRK.1521,Mango Sauce,3,75,75,25
11/01/2022,GRA,ST003,QAR,PRK.1523,Peanut Butter Sauce,3,33,33,11
11/01/2022,GRA,ST003,QAR,PRK.1527,Mango,3,165,165,55
11/01/2022,GRA,ST003,QAR,PRK.1531,Power Shake,35,945,945,27
11/01/2022,GRA,ST003,QAR,PRK.1532,Peanut Power Shake,35,1575,1575,45
11/01/2022,GRA,ST003,QAR,PRK.1533,Pre-workout protein shak,45,1305,1305,29
11/01/2022,GRA,ST003,QAR,PRK.1534,Choco Power Shake,35,175,175,5
11/01/2022,GRA,ST003,QAR,PRK.1536,Energizer protine Shakes,45,14175,14175,315
11/01/2022,GRA,ST003,QAR,PRK.1538,Pre-workout shake,35,280,280,8
11/01/2022,GRA,ST003,QAR,PRK.1540,Energizer shakes,35,805,805,23
11/01/2022,GRA,ST003,QAR,PRK.1542,14oz Pre-work out Protein,40,40,40,1
11/01/2022,GRA,ST003,QAR,PRK.1545,14oz Energizer protine,40,560,560,14
11/01/2022,GRA,ST003,QAR,PRK.1548,14oz Energizer shakes,30,60,60,2
11/01/2022,GRA,ST003,QAR,PRK.1550,Extra Protein,10,190,190,19
11/01/2022,GRA,ST003,QAR,PRK.1581,Mini coconut frz yog I/C,14,994,994,71
11/01/2022,GRA,ST003,QAR,PRK.1582,Regular coconut frz yog I,21,777,777,37
11/01/2022,GRA,ST003,QAR,PRK.1583,Large coconut frz yog I/C,23,437,437,19
11/01/2022,GRA,ST003,QAR,PRK.1584,Mini coconut frz yog  Top,18,1062,1062,59
11/01/2022,GRA,ST003,QAR,PRK.1585,Reg- coconut frz yog Top,26,1430,1378,55
11/01/2022,GRA,ST003,QAR,PRK.1586,Large coconut frz yog  To,30,420,420,14
11/01/2022,GRA,ST003,QAR,PRK.1588,Acai Small,35,6265,6265,179
11/01/2022,GRA,ST003,QAR,PRK.1589,Acai Large,40,4720,4680,118
11/01/2022,GRA,ST003,QAR,PRK.1621,Orange loaf,12,960,948,80
11/01/2022,GRA,ST003,QAR,PRK.1623,Brownie flavour cookies,10,1580,1580,158
11/01/2022,GRA,ST003,QAR,PRK.1626,Cinnamon Roll,13,520,514.8,40
11/01/2022,GRA,ST003,QAR,PRK.1628,Brownie bites,13,988,975,76
11/01/2022,GRA,ST003,QAR,PRK.1632,Turkey cheese roll,19,1292,1292,68
11/01/2022,GRA,ST003,QAR,PRK.1633,Spinach feta roll,18,954,954,53
11/01/2022,GRA,ST003,QAR,PRK.1634,Madeleine,12,1416,1416,118
11/01/2022,GRA,ST003,QAR,PRK.1651,■PB & Jam sourdough bread,18,648,644.4,36
11/01/2022,GRA,ST003,QAR,PRK.1652,■Italian Poached Eggs,32,96,32,3
11/01/2022,GRA,ST003,QAR,PRK.1655,Graze Oatmeal,30,480,480,16
11/01/2022,GRA,ST003,QAR,PRK.1681,Salted Caramel Mocha,24,840,840,35
11/01/2022,GRA,ST003,QAR,PRK.1682,■Matcha Frappe,26,754,754,29
11/01/2022,GRA,ST003,QAR,PRK.1711,Pomegranate Pot,18,864,864,48
11/01/2022,GRA,ST003,QAR,PRK.1712,Mango Peach Muesli Pot,24,792,768,33
11/01/2022,GRA,ST003,QAR,PRK.1713,Overnight oats PB&Jam,25,1425,1400,57
11/01/2022,GRA,ST003,QAR,PRK.1741,Spicy Tuna sandwich,26,2054,2028,79
11/01/2022,GRA,ST003,QAR,PRK.1742,Three cheese,22,1342,1298,61
11/01/2022,GRA,ST003,QAR,PRK.1743,Falafel and Labna,25,775,750,31
11/01/2022,GRA,ST003,QAR,PRK.1747,BEEF BURGER,35,2450,2415,70
11/01/2022,GRA,ST003,QAR,PRK.1748,Chicken Shawarma,18,2700,2682,150
11/01/2022,GRA,ST003,QAR,PRK.1749,Tenderloin Beef Shawarma,22,1782,1782,81
11/01/2022,GRA,ST003,QAR,PRK.1771,Pistachio Arabeshi,5,2485,2485,497
11/01/2022,GRA,ST003,QAR,PRK.1772,Fresh Raspberry,5,1120,1120,224
11/01/2022,GRA,ST003,QAR,PRK.1773,Fresh blueberry,5,1050,1050,210
11/01/2022,GRA,ST003,QAR,PRK.1774,Chocolate Flakes,5,555,555,111
11/01/2022,GRA,ST003,QAR,PRK.1775,Honey Comb,5,190,190,38
11/01/2022,GRA,ST003,QAR,PRK.1776,Milk powder,3,21,21,7
11/01/2022,GRA,ST003,QAR,PRK.4501,Full Fat Milk,0,0,0,7
11/01/2022,GRA,ST003,QAR,PRK.4502,Low Fat Milk,0,0,0,11
11/01/2022,GRA,ST003,QAR,PRK.4503,Almond Milk,2,836,836,418
11/01/2022,GRA,ST003,QAR,PRK.4504,Soya Milk,2,76,76,38
11/01/2022,GRA,ST003,QAR,PRK.4508,Single Shot,0,0,0,2
11/01/2022,GRA,ST003,QAR,PRK.4510,Less Hot,0,0,0,1
11/01/2022,GRA,ST003,QAR,PRK.4511,More Hot,0,0,0,1
11/01/2022,GRA,ST003,QAR,PRK.4514,Less Ice,0,0,0,1
11/01/2022,GRA,ST003,QAR,PRK.4516,Decaf,0,0,0,5
11/01/2022,GRA,ST003,QAR,PRK.4517,Vanilla Flavor,0,0,0,4
11/01/2022,GRA,ST003,QAR,PRK.4519,caramel flavor,0,0,0,3
11/01/2022,GRA,ST003,QAR,PRK.4520,hazelnut flavor,0,0,0,1
11/01/2022,GRA,ST003,QAR,PRK.4521,Oat Milk,2,48,48,24
11/01/2022,GRA,ST003,QAR,PRK.4522,Skimmed Milk,2,16,16,8
11/01/2022,GRA,ST003,QAR,PRK.4523,Coconut Milk,2,26,26,13
11/01/2022,GRA,ST003,QAR,PRK.4531,w/ Granola,0,0,0,73
11/01/2022,GRA,ST003,QAR,PRK.4533,w/ Pretzel,0,0,0,9
11/01/2022,GRA,ST003,QAR,PRK.4534,w/ Coconut Flakes,0,0,0,21
11/01/2022,GRA,ST003,QAR,PRK.4535,w/ Crispy Crepe,0,0,0,47
11/01/2022,GRA,ST003,QAR,PRK.4537,w/ Mixed Berries Sauce,0,0,0,28
11/01/2022,GRA,ST003,QAR,PRK.4541,w/ Strawberry,0,0,0,182
11/01/2022,GRA,ST003,QAR,PRK.4543,w/ Salted Caramel,0,0,0,18
11/01/2022,GRA,ST003,QAR,PRK.4544,w/ Pomegranate,0,0,0,105
11/01/2022,GRA,ST003,QAR,PRK.4545,w/ Dulce de leche,0,0,0,2
11/01/2022,GRA,ST003,QAR,PRK.4549,w/ Mango Sauce,0,0,0,28
11/01/2022,GRA,ST003,QAR,PRK.4550,w/ Mango,0,0,0,207
11/01/2022,GRA,ST003,QAR,PRK.4551,w/ Peanut Butter Sauce,0,0,0,8
11/01/2022,GRA,ST003,QAR,PRK.4552,w/ Crushed Grahams,0,0,0,8
11/01/2022,GRA,ST003,QAR,PRK.4556,w/ Fresh Pineapple,0,0,0,12
11/01/2022,GRA,ST003,QAR,PRK.4557,w/ Kiwi Fruit,0,0,0,10
11/01/2022,GRA,ST003,QAR,PRK.4558,w/ Lotus Biscuit,0,0,0,20
11/01/2022,GRA,ST003,QAR,PRK.4561,MIXED FROZEN YOGURT,0,0,0,34
11/01/2022,GRA,ST003,QAR,PRK.4562,MIXED MANGO YOGURT,0,0,0,55
