DATE,BRANCHCODE,WAREHOUSECODE,CURRENCY,ERPCODE,ITEMNAME,RAWPRICE,GROSSAMT,NETVALUE,QTYSOLD
10/01/2022,GRA,ST003,QAR,PRK.902,Granola,55,1045,1045,19
10/01/2022,GRA,ST003,QAR,PRK.903,Graze Spicy  Mix,55,550,550,10
10/01/2022,GRA,ST003,QAR,PRK.904,Graze House Mix,55,330,330,6
10/01/2022,GRA,ST003,QAR,PRK.907,Zaatar Chips,6,414,412.8,69
10/01/2022,GRA,ST003,QAR,PRK.909,Spicy Pesto Chips,6,210,210,35
10/01/2022,GRA,ST003,QAR,PRK.910,Graze Spicy Mix Sml,25,525,525,21
10/01/2022,GRA,ST003,QAR,PRK.911,Graze House Mix Sml,25,900,900,36
10/01/2022,GRA,ST003,QAR,PRK.961,Extra cheese,5,15,15,3
10/01/2022,GRA,ST003,QAR,PRK.962,Extra flavor,3,87,87,29
10/01/2022,GRA,ST003,QAR,PRK.994,Crsnt w Egg/Avaca/ SunTom,24,2616,2616,109
10/01/2022,GRA,ST003,QAR,PRK.995,Egg Burrito,20,2240,2240,112
10/01/2022,GRA,ST003,QAR,PRK.996,Blueberry Granola parfait,25,3175,3145,127
10/01/2022,GRA,ST003,QAR,PRK.997,Yog Dates Chia Pista Alm,22,2596,2596,118
10/01/2022,GRA,ST003,QAR,PRK.1003,Cheese Croissant,16,480,480,30
10/01/2022,GRA,ST003,QAR,PRK.1007,Zatar Croissant,16,416,416,26
10/01/2022,GRA,ST003,QAR,PRK.1008,Chocolate Croissant,16,656,656,41
10/01/2022,GRA,ST003,QAR,PRK.1010,Tomato Puff Pastry,16,704,704,44
10/01/2022,GRA,ST003,QAR,PRK.1012,Three Berry Yogurt & Date,25,1350,1350,54
10/01/2022,GRA,ST003,QAR,PRK.1015,Kiri Cheese Danish,14,588,588,42
10/01/2022,GRA,ST003,QAR,PRK.1016,Plain Croissant,10,610,610,61
10/01/2022,GRA,ST003,QAR,PRK.1020,Almond Croissant,16,672,672,42
10/01/2022,GRA,ST003,QAR,PRK.1021,Shirazi Salad,12,936,936,78
10/01/2022,GRA,ST003,QAR,PRK.1023,Falafel Salad,45,4185,4176,93
10/01/2022,GRA,ST003,QAR,PRK.1024,Quinoa Swt potato Salad,40,2600,2600,65
10/01/2022,GRA,ST003,QAR,PRK.1027,Mex Chkn Chilli Bean Sld,40,6440,6440,161
10/01/2022,GRA,ST003,QAR,PRK.1029,Burrata Salad,50,2900,2900,58
10/01/2022,GRA,ST003,QAR,PRK.1031,Teriyaki GRAZE Salmn,55,10945,10945,199
10/01/2022,GRA,ST003,QAR,PRK.1034,BBQ Chick Peas,38,152,152,4
10/01/2022,GRA,ST003,QAR,PRK.1039,Keto Chicken Salad,40,5440,5440,136
10/01/2022,GRA,ST003,QAR,PRK.1044,Southern Chicken Salad,45,270,270,6
10/01/2022,GRA,ST003,QAR,PRK.1046,Greek Salad,30,2430,2400,81
10/01/2022,GRA,ST003,QAR,PRK.1048,Mexican  Caesar Salad chk,39,8892,8892,228
10/01/2022,GRA,ST003,QAR,PRK.1049,ROCCA SALAD,22,1870,1870,85
10/01/2022,GRA,ST003,QAR,PRK.1052,Smoke Turkey Sandwich,34,6358,6337.6,187
10/01/2022,GRA,ST003,QAR,PRK.1054,lemon&Rosemary Chkn,36,8568,8553.6,238
10/01/2022,GRA,ST003,QAR,PRK.1057,Steak & Philly Chz SW,32,3456,3449.6,108
10/01/2022,GRA,ST003,QAR,PRK.1063,Egg Mayo with Rocket,20,1920,1920,96
10/01/2022,GRA,ST003,QAR,PRK.1068,Crispy Chicken Bun,24,2112,2112,88
10/01/2022,GRA,ST003,QAR,PRK.1070,Chicken Pesto & Mozzarell,32,4448,4441.6,139
10/01/2022,GRA,ST003,QAR,PRK.1075,Avocado Toast,40,1320,1320,33
10/01/2022,GRA,ST003,QAR,PRK.1077,Spicy Halloumi,38,1444,1444,38
10/01/2022,GRA,ST003,QAR,PRK.1080,Graze Breakfast (egg box),32,960,960,30
10/01/2022,GRA,ST003,QAR,PRK.1083,Chkn Soup,19,2565,2565,135
10/01/2022,GRA,ST003,QAR,PRK.1087,Lentil Soup,20,2280,2276,114
10/01/2022,GRA,ST003,QAR,PRK.1089,Vegetable soup,16,1296,1280,81
10/01/2022,GRA,ST003,QAR,PRK.1113,Chkn Katsu Curry,45,9765,9693,217
10/01/2022,GRA,ST003,QAR,PRK.1115,Mushroom Pasta,40,4600,4600,115
10/01/2022,GRA,ST003,QAR,PRK.1118,Steak With Mushroom Sauce,45,9630,9630,214
10/01/2022,GRA,ST003,QAR,PRK.1119,Chicken Biryani,45,11115,11106,247
10/01/2022,GRA,ST003,QAR,PRK.1121,Chinese Sesame Chicken,40,7760,7760,194
10/01/2022,GRA,ST003,QAR,PRK.1127,Rock Shrimp,45,6480,6435,144
10/01/2022,GRA,ST003,QAR,PRK.1133,Lamb  Kabsa,45,7560,7560,168
10/01/2022,GRA,ST003,QAR,PRK.1140,Chicken Curry & Saffron r,43,6450,6441.4,150
10/01/2022,GRA,ST003,QAR,PRK.1141,CRAB BOWL,28,924,896,33
10/01/2022,GRA,ST003,QAR,PRK.1145,Yoghurt & Cucumber dip,12,504,504,42
10/01/2022,GRA,ST003,QAR,PRK.1146,Spicy Guacamole Pot,13,624,621.4,48
10/01/2022,GRA,ST003,QAR,PRK.1149,Edamame Pot,12,768,768,64
10/01/2022,GRA,ST003,QAR,PRK.1155,Classic hummus pot,18,72,72,4
10/01/2022,GRA,ST003,QAR,PRK.1159,Greek Tabbouleh,20,1020,1020,51
10/01/2022,GRA,ST003,QAR,PRK.1160,Egg pot,16,400,400,25
10/01/2022,GRA,ST003,QAR,PRK.1161,Labneh Beetroot,12,252,252,21
10/01/2022,GRA,ST003,QAR,PRK.1173,Choco Chia Energy Ball,30,1530,1530,51
10/01/2022,GRA,ST003,QAR,PRK.1175,Pecan Bars,14,700,700,50
10/01/2022,GRA,ST003,QAR,PRK.1177,Carrot Cake,15,930,930,62
10/01/2022,GRA,ST003,QAR,PRK.1178,Sweet Potatoe Choco Cake,15,780,780,52
10/01/2022,GRA,ST003,QAR,PRK.1180,Tropical Fruits,18,36,36,2
10/01/2022,GRA,ST003,QAR,PRK.1181,Green Apple,2,66,66,33
10/01/2022,GRA,ST003,QAR,PRK.1182,Red Apple,2,116,116,58
10/01/2022,GRA,ST003,QAR,PRK.1183,Bannana,2,536,536,268
10/01/2022,GRA,ST003,QAR,PRK.1184,Watermelon,18,2070,2070,115
10/01/2022,GRA,ST003,QAR,PRK.1185,Pineapplemix,18,1602,1598.4,89
10/01/2022,GRA,ST003,QAR,PRK.1186,Mixed Berries,22,1936,1936,88
10/01/2022,GRA,ST003,QAR,PRK.1194,Lotus Cheesecake,15,1080,1077,72
10/01/2022,GRA,ST003,QAR,PRK.1196,Chia Blueberry Yodurt,24,1104,1070.4,46
10/01/2022,GRA,ST003,QAR,PRK.1201,Iced Flat White,18,324,324,18
10/01/2022,GRA,ST003,QAR,PRK.1203,Iced Spanish Latte,20,3540,3520,177
10/01/2022,GRA,ST003,QAR,PRK.1204,Iced Latte,18,2052,2052,114
10/01/2022,GRA,ST003,QAR,PRK.1205,Iced Americano,15,1980,1980,132
10/01/2022,GRA,ST003,QAR,PRK.1234,Pepperoni Pizza small,40,1080,632,27
10/01/2022,GRA,ST003,QAR,PRK.1235,Margherita Pizza small,30,930,660,31
10/01/2022,GRA,ST003,QAR,PRK.1236,BBQ chicken Pizza small,35,1085,665,31
10/01/2022,GRA,ST003,QAR,PRK.1262,Highland Still,5,3305,3305,661
10/01/2022,GRA,ST003,QAR,PRK.1265,Perrier Sparkling,9,945,945,105
10/01/2022,GRA,ST003,QAR,PRK.1291,Coke,5,1035,1034,207
10/01/2022,GRA,ST003,QAR,PRK.1292,Diet Coke,5,1675,1667,335
10/01/2022,GRA,ST003,QAR,PRK.1321,Mini Cup /Pina Colada,14,966,963.2,69
10/01/2022,GRA,ST003,QAR,PRK.1322,Regular Cup / Pina Colada,21,819,814.8,39
10/01/2022,GRA,ST003,QAR,PRK.1323,Large cup /Pina Colada,23,184,184,8
10/01/2022,GRA,ST003,QAR,PRK.1324,Mini Pina Colada/Topping,18,810,810,45
10/01/2022,GRA,ST003,QAR,PRK.1325,Regular Pina Colada/Toppi,26,1170,1170,45
10/01/2022,GRA,ST003,QAR,PRK.1326,Large Pina Colada/Topping,30,570,570,19
10/01/2022,GRA,ST003,QAR,PRK.1328,Stay Home w/ Graze L 6 X1,195,195,195,1
10/01/2022,GRA,ST003,QAR,PRK.1333,Stay Home w/Graze M 6 X1,130,130,130,1
10/01/2022,GRA,ST003,QAR,PRK.1334,Stay Home w/Graze M12 X1,240,480,480,2
10/01/2022,GRA,ST003,QAR,PRK.1335,Cool Box,15,75,75,5
10/01/2022,GRA,ST003,QAR,PRK.1351,Espresso Single,12,972,972,81
10/01/2022,GRA,ST003,QAR,PRK.1353,Americano Hot,15,3735,3735,249
10/01/2022,GRA,ST003,QAR,PRK.1354,Flat White Hot,18,2430,2430,135
10/01/2022,GRA,ST003,QAR,PRK.1355,Cappucino,18,3294,3294,183
10/01/2022,GRA,ST003,QAR,PRK.1356,Cortado,18,1134,1134,63
10/01/2022,GRA,ST003,QAR,PRK.1358,Spanish Latte,20,2720,2720,136
10/01/2022,GRA,ST003,QAR,PRK.1359,Classic Mocha,25,275,275,11
10/01/2022,GRA,ST003,QAR,PRK.1360,Slated Caramel Mocha,25,500,500,20
10/01/2022,GRA,ST003,QAR,PRK.1362,Double Espresso,14,1092,1092,78
10/01/2022,GRA,ST003,QAR,PRK.1363,Latte Hot,18,3150,3150,175
10/01/2022,GRA,ST003,QAR,PRK.1364,English B/F,12,168,156,14
10/01/2022,GRA,ST003,QAR,PRK.1365,Green Tea,12,480,480,40
10/01/2022,GRA,ST003,QAR,PRK.1368,Lemon Grass/ Ginger,12,12,12,1
10/01/2022,GRA,ST003,QAR,PRK.1372,Hot Cocoa,24,960,960,40
10/01/2022,GRA,ST003,QAR,PRK.1373,Hibiscus Iced tea,18,1008,990,56
10/01/2022,GRA,ST003,QAR,PRK.1374,Peach Iced Tea,18,612,612,34
10/01/2022,GRA,ST003,QAR,PRK.1375,Matcha Latte,25,175,175,7
10/01/2022,GRA,ST003,QAR,PRK.1376,Cinnamon Latte,25,25,25,1
10/01/2022,GRA,ST003,QAR,PRK.1386,Orange Juice,22,6446,6446,293
10/01/2022,GRA,ST003,QAR,PRK.1387,Carrot Juice,22,1276,1276,58
10/01/2022,GRA,ST003,QAR,PRK.1390,Morning Boost,24,2712,2712,113
10/01/2022,GRA,ST003,QAR,PRK.1392,Immune Boost,22,2486,2481.6,113
10/01/2022,GRA,ST003,QAR,PRK.1396,Ginger Aid Shot,18,4086,4082.4,227
10/01/2022,GRA,ST003,QAR,PRK.1402,Laban Drink,18,1566,1555.2,87
10/01/2022,GRA,ST003,QAR,PRK.1404,Green Boost Juice,24,1872,1872,78
10/01/2022,GRA,ST003,QAR,PRK.1405,Watermelon & Coconut cool,20,680,680,34
10/01/2022,GRA,ST003,QAR,PRK.1406,Beetroot & Apple Juice,20,1600,1580,80
10/01/2022,GRA,ST003,QAR,PRK.1407,Coconut & Pineapple Juice,24,576,576,24
10/01/2022,GRA,ST003,QAR,PRK.1409,Turmeric wellness shot,16,1616,1616,101
10/01/2022,GRA,ST003,QAR,PRK.1412, Mini Cup Yogurt,14,1064,1064,76
10/01/2022,GRA,ST003,QAR,PRK.1413,Regular Cup Yogurt,21,1050,1050,50
10/01/2022,GRA,ST003,QAR,PRK.1416,Large Cup Yogurt,23,552,552,24
10/01/2022,GRA,ST003,QAR,PRK.1418, Mini Cup Yogurt/Topping,18,1080,1080,60
10/01/2022,GRA,ST003,QAR,PRK.1419,Reg Cup Yogurt/Toping,26,1456,1456,56
10/01/2022,GRA,ST003,QAR,PRK.1422,Large Cup Yogurt/Topping,30,450,450,15
10/01/2022,GRA,ST003,QAR,PRK.1429,Mini Mango Ice Cream,14,9646,9646,689
10/01/2022,GRA,ST003,QAR,PRK.1430,Regular Mango Ice Cream,21,7497,7484.4,357
10/01/2022,GRA,ST003,QAR,PRK.1431,Large Mango Ice Cream,23,2783,2783,121
10/01/2022,GRA,ST003,QAR,PRK.1432,Mini Mango Ice Cream/Topp,18,9090,9090,505
10/01/2022,GRA,ST003,QAR,PRK.1433,Reg Mango Ice cream/Topp,26,11830,11830,455
10/01/2022,GRA,ST003,QAR,PRK.1434,Large Mango Ice Cream/Top,30,2940,2940,98
10/01/2022,GRA,ST003,QAR,PRK.1464,Fresh Pineapple,3,15,15,5
10/01/2022,GRA,ST003,QAR,PRK.1469,Kiwi Fruit,3,6,6,2
10/01/2022,GRA,ST003,QAR,PRK.1472,CHICKEN CURRY & RICE,48,5520,5520,115
10/01/2022,GRA,ST003,QAR,PRK.1473,BEEF STROGANOFF,50,100,100,2
10/01/2022,GRA,ST003,QAR,PRK.1474,Spaghetti Bolognese,45,4230,4185,94
10/01/2022,GRA,ST003,QAR,PRK.1475,Salmon with Cilantro Rice,65,11310,11310,174
10/01/2022,GRA,ST003,QAR,PRK.1476,Chicken Noodle Bowl,40,3480,3440,87
10/01/2022,GRA,ST003,QAR,PRK.1501,pomegranate,3,183,182.4,61
10/01/2022,GRA,ST003,QAR,PRK.1502,Strawberry,3,114,114,38
10/01/2022,GRA,ST003,QAR,PRK.1505,Salted Caramel,3,9,9,3
10/01/2022,GRA,ST003,QAR,PRK.1506,Pretzel,3,12,12,4
10/01/2022,GRA,ST003,QAR,PRK.1507,Crispy Crepe,3,123,123,41
10/01/2022,GRA,ST003,QAR,PRK.1508,Granola,3,33,33,11
10/01/2022,GRA,ST003,QAR,PRK.1509,Coconut Flakes,3,42,42,14
10/01/2022,GRA,ST003,QAR,PRK.1510,Crushed Graham,3,30,30,10
10/01/2022,GRA,ST003,QAR,PRK.1514,Dulce de Leche,3,6,6,2
10/01/2022,GRA,ST003,QAR,PRK.1520,Mixed Berries Sauce,3,18,18,6
10/01/2022,GRA,ST003,QAR,PRK.1521,Mango Sauce,3,45,45,15
10/01/2022,GRA,ST003,QAR,PRK.1523,Peanut Butter Sauce,3,3,3,1
10/01/2022,GRA,ST003,QAR,PRK.1527,Mango,3,123,123,41
10/01/2022,GRA,ST003,QAR,PRK.1531,Power Shake,35,1435,1435,41
10/01/2022,GRA,ST003,QAR,PRK.1532,Peanut Power Shake,35,1820,1820,52
10/01/2022,GRA,ST003,QAR,PRK.1533,Pre-workout protein shak,45,585,585,13
10/01/2022,GRA,ST003,QAR,PRK.1534,Choco Power Shake,35,455,455,13
10/01/2022,GRA,ST003,QAR,PRK.1536,Energizer protine Shakes,45,11745,11745,261
10/01/2022,GRA,ST003,QAR,PRK.1538,Pre-workout shake,35,280,280,8
10/01/2022,GRA,ST003,QAR,PRK.1540,Energizer shakes,35,560,560,16
10/01/2022,GRA,ST003,QAR,PRK.1542,14oz Pre-work out Protein,40,400,400,10
10/01/2022,GRA,ST003,QAR,PRK.1545,14oz Energizer protine,40,320,320,8
10/01/2022,GRA,ST003,QAR,PRK.1546,14oz Pre-workout shake,30,90,90,3
10/01/2022,GRA,ST003,QAR,PRK.1548,14oz Energizer shakes,30,210,210,7
10/01/2022,GRA,ST003,QAR,PRK.1550,Extra Protein,10,160,160,16
10/01/2022,GRA,ST003,QAR,PRK.1581,Mini coconut frz yog I/C,14,1666,1666,119
10/01/2022,GRA,ST003,QAR,PRK.1582,Regular coconut frz yog I,21,1281,1281,61
10/01/2022,GRA,ST003,QAR,PRK.1583,Large coconut frz yog I/C,23,805,805,35
10/01/2022,GRA,ST003,QAR,PRK.1584,Mini coconut frz yog  Top,18,1152,1152,64
10/01/2022,GRA,ST003,QAR,PRK.1585,Reg- coconut frz yog Top,26,2652,2652,102
10/01/2022,GRA,ST003,QAR,PRK.1586,Large coconut frz yog  To,30,660,660,22
10/01/2022,GRA,ST003,QAR,PRK.1587,Supersize,45,270,270,6
10/01/2022,GRA,ST003,QAR,PRK.1588,Acai Small,35,8855,8820,253
10/01/2022,GRA,ST003,QAR,PRK.1589,Acai Large,40,5160,5160,129
10/01/2022,GRA,ST003,QAR,PRK.1621,Orange loaf,12,864,864,72
10/01/2022,GRA,ST003,QAR,PRK.1623,Brownie flavour cookies,10,1350,1348,135
10/01/2022,GRA,ST003,QAR,PRK.1626,Cinnamon Roll,13,312,312,24
10/01/2022,GRA,ST003,QAR,PRK.1628,Brownie bites,13,897,897,69
10/01/2022,GRA,ST003,QAR,PRK.1632,Turkey cheese roll,19,950,950,50
10/01/2022,GRA,ST003,QAR,PRK.1633,Spinach feta roll,18,828,828,46
10/01/2022,GRA,ST003,QAR,PRK.1634,Madeleine,12,1692,1680,141
10/01/2022,GRA,ST003,QAR,PRK.1651,■PB & Jam sourdough bread,18,630,630,35
10/01/2022,GRA,ST003,QAR,PRK.1655,Graze Oatmeal,30,1170,1170,39
10/01/2022,GRA,ST003,QAR,PRK.1681,Salted Caramel Mocha,24,480,480,20
10/01/2022,GRA,ST003,QAR,PRK.1682,■Matcha Frappe,26,572,572,22
10/01/2022,GRA,ST003,QAR,PRK.1711,Pomegranate Pot,18,972,972,54
10/01/2022,GRA,ST003,QAR,PRK.1712,Mango Peach Muesli Pot,24,744,720,31
10/01/2022,GRA,ST003,QAR,PRK.1713,Overnight oats PB&Jam,25,1600,1600,64
10/01/2022,GRA,ST003,QAR,PRK.1741,Spicy Tuna sandwich,26,1950,1950,75
10/01/2022,GRA,ST003,QAR,PRK.1742,Three cheese,22,1364,1364,62
10/01/2022,GRA,ST003,QAR,PRK.1743,Falafel and Labna,25,1025,1025,41
10/01/2022,GRA,ST003,QAR,PRK.1746,GRAZE CLUB SANDWICH,42,714,714,17
10/01/2022,GRA,ST003,QAR,PRK.1747,BEEF BURGER,35,1960,1925,56
10/01/2022,GRA,ST003,QAR,PRK.1748,Chicken Shawarma,18,3240,3229.2,180
10/01/2022,GRA,ST003,QAR,PRK.1749,Tenderloin Beef Shawarma,22,1826,1804,83
10/01/2022,GRA,ST003,QAR,PRK.1750,Cream Cheese Roll,9,216,198,24
10/01/2022,GRA,ST003,QAR,PRK.1751,Egg Mayo Roll,9,198,180,22
10/01/2022,GRA,ST003,QAR,PRK.1771,Pistachio Arabeshi,5,2390,2390,478
10/01/2022,GRA,ST003,QAR,PRK.1772,Fresh Raspberry,5,1180,1180,236
10/01/2022,GRA,ST003,QAR,PRK.1773,Fresh blueberry,5,1200,1200,240
10/01/2022,GRA,ST003,QAR,PRK.1774,Chocolate Flakes,5,600,600,120
10/01/2022,GRA,ST003,QAR,PRK.1775,Honey Comb,5,140,140,28
10/01/2022,GRA,ST003,QAR,PRK.1776,Milk powder,3,99,99,33
10/01/2022,GRA,ST003,QAR,PRK.4501,Full Fat Milk,0,0,0,16
10/01/2022,GRA,ST003,QAR,PRK.4502,Low Fat Milk,0,0,0,40
10/01/2022,GRA,ST003,QAR,PRK.4503,Almond Milk,2,762,762,381
10/01/2022,GRA,ST003,QAR,PRK.4504,Soya Milk,2,76,76,38
10/01/2022,GRA,ST003,QAR,PRK.4509,Double Shot,0,0,0,2
10/01/2022,GRA,ST003,QAR,PRK.4511,More Hot,0,0,0,2
10/01/2022,GRA,ST003,QAR,PRK.4513,No Ice,0,0,0,1
10/01/2022,GRA,ST003,QAR,PRK.4514,Less Ice,0,0,0,1
10/01/2022,GRA,ST003,QAR,PRK.4516,Decaf,0,0,0,2
10/01/2022,GRA,ST003,QAR,PRK.4517,Vanilla Flavor,0,0,0,10
10/01/2022,GRA,ST003,QAR,PRK.4518,Chocolate Flavor,0,0,0,2
10/01/2022,GRA,ST003,QAR,PRK.4519,caramel flavor,0,0,0,4
10/01/2022,GRA,ST003,QAR,PRK.4520,hazelnut flavor,0,0,0,2
10/01/2022,GRA,ST003,QAR,PRK.4531,w/ Granola,0,0,0,91
10/01/2022,GRA,ST003,QAR,PRK.4533,w/ Pretzel,0,0,0,3
10/01/2022,GRA,ST003,QAR,PRK.4534,w/ Coconut Flakes,0,0,0,29
10/01/2022,GRA,ST003,QAR,PRK.4535,w/ Crispy Crepe,0,0,0,69
10/01/2022,GRA,ST003,QAR,PRK.4537,w/ Mixed Berries Sauce,0,0,0,33
10/01/2022,GRA,ST003,QAR,PRK.4541,w/ Strawberry,0,0,0,238
10/01/2022,GRA,ST003,QAR,PRK.4543,w/ Salted Caramel,0,0,0,9
10/01/2022,GRA,ST003,QAR,PRK.4544,w/ Pomegranate,0,0,0,158
10/01/2022,GRA,ST003,QAR,PRK.4545,w/ Dulce de leche,0,0,0,15
10/01/2022,GRA,ST003,QAR,PRK.4549,w/ Mango Sauce,0,0,0,62
10/01/2022,GRA,ST003,QAR,PRK.4550,w/ Mango,0,0,0,301
10/01/2022,GRA,ST003,QAR,PRK.4551,w/ Peanut Butter Sauce,0,0,0,10
10/01/2022,GRA,ST003,QAR,PRK.4552,w/ Crushed Grahams,0,0,0,15
10/01/2022,GRA,ST003,QAR,PRK.4556,w/ Fresh Pineapple,0,0,0,19
10/01/2022,GRA,ST003,QAR,PRK.4557,w/ Kiwi Fruit,0,0,0,9
10/01/2022,GRA,ST003,QAR,PRK.4558,w/ Lotus Biscuit,0,0,0,26
10/01/2022,GRA,ST003,QAR,PRK.4561,MIXED FROZEN YOGURT,0,0,0,15
10/01/2022,GRA,ST003,QAR,PRK.4562,MIXED MANGO YOGURT,0,0,0,65
