DATE,BRANCHCODE,WAREHOUSECODE,CURRENCY,ERPCODE,ITEMNAME,RAWPRICE,GROSSAMT,NETVALUE,QTYSOLD
01/01/2023,VOL,ST020,QAR,RM.1,Salmon,14,168,168,12
01/01/2023,VOL,ST020,QAR,RM.2,Bacon,14,266,266,19
01/01/2023,VOL,ST020,QAR,RM.3,Cheese,14,1400,1400,100
01/01/2023,VOL,ST020,QAR,RM.4,Turkey,14,406,406,29
01/01/2023,VOL,ST020,QAR,RM.5,Extra chicken,10,210,210,21
01/01/2023,VOL,ST020,QAR,RM.6,Egg,6,732,732,122
01/01/2023,VOL,ST020,QAR,RM.7,Mushroom,12,204,204,17
01/01/2023,VOL,ST020,QAR,RM.8,Avocado,12,156,156,13
01/01/2023,VOL,ST020,QAR,RM.62,Halloumi Fries,20,5080,5080,254
01/01/2023,VOL,ST020,QAR,RM.63,Baked Potato Wedges,20,3580,3580,179
01/01/2023,VOL,ST020,QAR,RM.64,French fries,15,11280,11280,752
01/01/2023,VOL,ST020,QAR,RM.125,Small cereal ice cream,7,525,525,75
01/01/2023,VOL,ST020,QAR,RM.126,Medium cereal ice cream,15,45,45,3
01/01/2023,VOL,ST020,QAR,RM.127,Mango ice pudding,40,200,200,5
01/01/2023,VOL,ST020,QAR,RM.157,Slice Tiramisu Portofino,40,27240,27240,681
01/01/2023,VOL,ST020,QAR,RM.181,Espreso,18,3492,3438,194
01/01/2023,VOL,ST020,QAR,RM.182,Double Espreso,20,3420,3400,171
01/01/2023,VOL,ST020,QAR,RM.183,Americano,20,32320,32300,1616
01/01/2023,VOL,ST020,QAR,RM.184,Cappucino,24,50232,50184,2093
01/01/2023,VOL,ST020,QAR,RM.186,Latte Cold,24,1416,1416,59
01/01/2023,VOL,ST020,QAR,RM.187,V60 Pour Over,24,20760,20736,865
01/01/2023,VOL,ST020,QAR,RM.188,French Press,24,2160,2160,90
01/01/2023,VOL,ST020,QAR,RM.189,Mocha Pot,24,168,168,7
01/01/2023,VOL,ST020,QAR,RM.193,Flat White hot,24,50952,50952,2123
01/01/2023,VOL,ST020,QAR,RM.194,Macciatto,20,800,800,40
01/01/2023,VOL,ST020,QAR,RM.197,Morochino,24,312,312,13
01/01/2023,VOL,ST020,QAR,RM.198,cortado,24,24624,24624,1026
01/01/2023,VOL,ST020,QAR,RM.200,Latte Hot,24,25440,25440,1060
01/01/2023,VOL,ST020,QAR,RM.201,Milk,20,500,500,25
01/01/2023,VOL,ST020,QAR,RM.206,Double espresso Machiatto,24,432,432,18
01/01/2023,VOL,ST020,QAR,RM.207,Americano ice,20,2120,2100,106
01/01/2023,VOL,ST020,QAR,RM.210,Flatwhite ice,24,408,408,17
01/01/2023,VOL,ST020,QAR,RM.211,Volume Special ice,28,280,280,10
01/01/2023,VOL,ST020,QAR,RM.212,Coconut Latte,28,1820,1820,65
01/01/2023,VOL,ST020,QAR,RM.213,Cereal Latte,28,1568,1568,56
01/01/2023,VOL,ST020,QAR,RM.215,Ice Mocha,35,245,245,7
01/01/2023,VOL,ST020,QAR,RM.216,Volume special hot,28,588,588,21
01/01/2023,VOL,ST020,QAR,RM.218,Dulce de leche hot,28,812,812,29
01/01/2023,VOL,ST020,QAR,RM.220,Dulce de Leche ice,28,196,196,7
01/01/2023,VOL,ST020,QAR,RM.221,Drink in Love,28,1064,1064,38
01/01/2023,VOL,ST020,QAR,RM.223,Spanish Ice latte,28,12852,12852,459
01/01/2023,VOL,ST020,QAR,RM.224,Hot Chocolate,32,3456,3456,108
01/01/2023,VOL,ST020,QAR,RM.227,Spanish hot latte,28,61012,61012,2179
01/01/2023,VOL,ST020,QAR,RM.230,Frappe,28,924,924,33
01/01/2023,VOL,ST020,QAR,RM.231,Cinnamon Latte,28,8652,8652,309
01/01/2023,VOL,ST020,QAR,RM.233,Ginger Latte,28,2408,2408,86
01/01/2023,VOL,ST020,QAR,RM.236,Cafe crema,24,24,24,1
01/01/2023,VOL,ST020,QAR,RM.242,Acqua Panna 250ml,17,56763,56712,3339
01/01/2023,VOL,ST020,QAR,RM.243,Acqua panna 0.5,25,22250,22225,890
01/01/2023,VOL,ST020,QAR,RM.244,Perrier medium 330ml,19,2128,2128,112
01/01/2023,VOL,ST020,QAR,RM.245,Cola regular,10,4680,4680,468
01/01/2023,VOL,ST020,QAR,RM.246,Coca cola light,10,2660,2660,266
01/01/2023,VOL,ST020,QAR,RM.247,Sprite,10,1130,1130,113
01/01/2023,VOL,ST020,QAR,RM.248,Fanta,10,310,310,31
01/01/2023,VOL,ST020,QAR,RM.250,Highland water 500ml,5,20,0,4
01/01/2023,VOL,ST020,QAR,RM.253,Perrier small 200ml,17,5168,5168,304
01/01/2023,VOL,ST020,QAR,RM.271,Orange Juice,24,14088,14088,587
01/01/2023,VOL,ST020,QAR,RM.273,Lemon Mint Juice,24,10512,10488,438
01/01/2023,VOL,ST020,QAR,RM.275,Carrot Juice,24,1728,1728,72
01/01/2023,VOL,ST020,QAR,RM.361,Slice Monkey bread,35,15785,15785,451
01/01/2023,VOL,ST020,QAR,RM.363,Slice Coconut Cake,45,8505,8505,189
01/01/2023,VOL,ST020,QAR,RM.364,Slice Mango cake,45,44910,44865,998
01/01/2023,VOL,ST020,QAR,RM.367,Chocolate babka,30,6870,6870,229
01/01/2023,VOL,ST020,QAR,RM.368,Slice blueberry cheesecak,40,18000,18000,450
01/01/2023,VOL,ST020,QAR,RM.369,Slice Raspberry swissroll,35,7140,7140,204
01/01/2023,VOL,ST020,QAR,RM.370,slice Victoria cake,35,8400,8400,240
01/01/2023,VOL,ST020,QAR,RM.371,Slice choco swissroll,35,5635,5635,161
01/01/2023,VOL,ST020,QAR,RM.373,Slice Safron Milky Cake,45,12780,12780,284
01/01/2023,VOL,ST020,QAR,RM.374,Zaatar babka,30,4470,4470,149
01/01/2023,VOL,ST020,QAR,RM.375,Caramel Brownie,15,2205,2205,147
01/01/2023,VOL,ST020,QAR,RM.380,Slice Cereal milky  Cake,40,17200,17200,430
01/01/2023,VOL,ST020,QAR,RM.386,Slice Pecan Carmel Pie,35,9625,9625,275
01/01/2023,VOL,ST020,QAR,RM.388,Slice Chocolate Pudding,45,35865,35820,797
01/01/2023,VOL,ST020,QAR,RM.389,Slice Honey Pudding,45,51165,51120,1137
01/01/2023,VOL,ST020,QAR,RM.390,ST.DATES CAKE,40,22080,22080,552
01/01/2023,VOL,ST020,QAR,RM.662,Virgin Mojito,35,11480,11480,328
01/01/2023,VOL,ST020,QAR,RM.664,Hawaiian Coconut,35,23415,23310,669
01/01/2023,VOL,ST020,QAR,RM.671,Berry coconut,35,1155,1155,33
01/01/2023,VOL,ST020,QAR,RM.673,Berry mojito,35,7210,7175,206
01/01/2023,VOL,ST020,QAR,RM.676,Lemon ginger Iced tea,29,1334,1334,46
01/01/2023,VOL,ST020,QAR,RM.677,Jade passion Iced tea,29,4234,4234,146
01/01/2023,VOL,ST020,QAR,RM.691,English Breakfast Tea,25,24000,23975,960
01/01/2023,VOL,ST020,QAR,RM.692,Peppermint Tea,25,575,575,23
01/01/2023,VOL,ST020,QAR,RM.693,Earl Grey Tea,25,2650,2650,106
01/01/2023,VOL,ST020,QAR,RM.694,Jasmine Tea,25,3225,3225,129
01/01/2023,VOL,ST020,QAR,RM.695,Organic Green Tea,25,4875,4875,195
01/01/2023,VOL,ST020,QAR,RM.697,Lemon Grass tea,25,900,900,36
01/01/2023,VOL,ST020,QAR,RM.698,Chamomile,25,2325,2325,93
01/01/2023,VOL,ST020,QAR,RM.721,Labneh With Zaatar,36,14112,14076,392
01/01/2023,VOL,ST020,QAR,RM.727,Mushroom Egg Benedict,45,24570,24525,546
01/01/2023,VOL,ST020,QAR,RM.728,Stuffed Croissants,30,11250,11250,375
01/01/2023,VOL,ST020,QAR,RM.729,Falafel Peta,55,34045,33990,619
01/01/2023,VOL,ST020,QAR,RM.730,Greek Avocado Toast,49,19257,19257,393
01/01/2023,VOL,ST020,QAR,RM.731,Granola with yogurt,55,8470,8470,154
01/01/2023,VOL,ST020,QAR,RM.737,Egg and cheese slinders,35,16135,16135,461
01/01/2023,VOL,ST020,QAR,RM.738,Berry smoothie,55,605,605,11
01/01/2023,VOL,ST020,QAR,RM.739,Pancake rouges,55,8415,8415,153
01/01/2023,VOL,ST020,QAR,RM.740,Breakfast oat porridge,50,3100,3100,62
01/01/2023,VOL,ST020,QAR,RM.741,Plain Croissant,12,1800,1800,150
01/01/2023,VOL,ST020,QAR,RM.742,Zaatar Croissant,14,910,910,65
01/01/2023,VOL,ST020,QAR,RM.743,Cheese Croissant,16,1968,1968,123
01/01/2023,VOL,ST020,QAR,RM.744,Crispy Sweet Corn,55,4235,4235,77
01/01/2023,VOL,ST020,QAR,RM.745,Sesame Falafel,50,9300,9200,186
01/01/2023,VOL,ST020,QAR,RM.746,Baked Feta on Citrus Toma,55,8360,8305,152
01/01/2023,VOL,ST020,QAR,RM.770,Whole Victoria Cake,200,400,400,2
01/01/2023,VOL,ST020,QAR,RM.771,Whole Chocolate Swiss rol,200,200,200,1
01/01/2023,VOL,ST020,QAR,RM.781,Winter hot choco,28,84924,84896,3033
01/01/2023,VOL,ST020,QAR,RM.783,Chouquette,35,1540,1540,44
01/01/2023,VOL,ST020,QAR,RM.784,Mini Pancakes,40,10600,10600,265
01/01/2023,VOL,ST020,QAR,RM.785,Box winter chocolate,180,1080,1080,6
01/01/2023,VOL,ST020,QAR,RM.787,Hazelnut Warm chocolate,50,40300,40250,806
01/01/2023,VOL,ST020,QAR,RM.788,Whole hazelnut warm choco,350,700,700,2
01/01/2023,VOL,ST020,QAR,RM.813,Big Chocolate pudding,350,350,350,1
01/01/2023,VOL,ST020,QAR,RM.823,Big Pecan Caramel,350,350,350,1
01/01/2023,VOL,ST020,QAR,RM.825, Whole Coconut Cake,360,1080,1080,3
01/01/2023,VOL,ST020,QAR,RM.828,Whole Monkey bread,220,660,660,3
01/01/2023,VOL,ST020,QAR,RM.830,Whole Tres Leche Berry,350,350,350,1
01/01/2023,VOL,ST020,QAR,RM.840,Whole Raspberry Swissroll,180,900,900,5
01/01/2023,VOL,ST020,QAR,RM.844,Honey Mustard Chicken SLD,55,24035,23980,437
01/01/2023,VOL,ST020,QAR,RM.845,Smoked Turkey Sandwich,35,3395,3395,97
01/01/2023,VOL,ST020,QAR,RM.846,Roasted Beef Sandwich,65,7540,7540,116
01/01/2023,VOL,ST020,QAR,RM.847,Truffle Slider Burger,50,5700,5650,114
01/01/2023,VOL,ST020,QAR,RM.848,Risotto Balls,40,9800,9800,245
01/01/2023,VOL,ST020,QAR,RM.849,Beef Burger,50,3600,3600,72
01/01/2023,VOL,ST020,QAR,RM.850,Chicken taco,45,6030,6030,134
01/01/2023,VOL,ST020,QAR,RM.851,Crispy chicken burger,40,9080,9080,227
01/01/2023,VOL,ST020,QAR,RM.852,Chicken spaghetti,60,26100,26040,435
01/01/2023,VOL,ST020,QAR,RM.853,Baked salmon with lemon c,68,4828,4828,71
01/01/2023,VOL,ST020,QAR,RM.854,Grilled Chicken Breast wi,58,8468,8468,146
01/01/2023,VOL,ST020,QAR,RM.855,Marinated Burrata Toast,55,3300,3245,60
01/01/2023,VOL,ST020,QAR,RM.856,Asia Beef Salad,58,2436,2436,42
01/01/2023,VOL,ST020,QAR,RM.858,Spicy club sandwich,35,24535,24535,701
01/01/2023,VOL,ST020,QAR,RM.861,Lasagna Bolognese,55,10945,10945,199
01/01/2023,VOL,ST020,QAR,RM.862,Quinoa kale garden greens,50,6650,6600,133
01/01/2023,VOL,ST020,QAR,RM.863,Burrito chicken salad,55,10285,10285,187
01/01/2023,VOL,ST020,QAR,RM.864,croissant basket,45,4725,4725,105
01/01/2023,VOL,ST020,QAR,RM.869,Chicken slider,48,3648,3600,76
01/01/2023,VOL,ST020,QAR,RM.871,French Toast,50,19350,19350,387
01/01/2023,VOL,ST020,QAR,RM.873,Crushed Cookies,50,63500,63400,1270
01/01/2023,VOL,ST020,QAR,RM.3601,Ex/ Cheese,0,0,0,1
01/01/2023,VOL,ST020,QAR,RM.3691,extra hot,0,0,0,206
01/01/2023,VOL,ST020,QAR,RM.3692,TAKE AWAY,0,0,0,7
01/01/2023,VOL,ST020,QAR,RM.3695,extra sweet,0,0,0,34
01/01/2023,VOL,ST020,QAR,RM.3696,less sweet,0,0,0,42
01/01/2023,VOL,ST020,QAR,RM.3697,together w food,0,0,0,515
01/01/2023,VOL,ST020,QAR,RM.3698,together w drinks,0,0,0,583
01/01/2023,VOL,ST020,QAR,RM.3699,room temp.,0,0,0,171
01/01/2023,VOL,ST020,QAR,RM.3702,meduim,0,0,0,1
01/01/2023,VOL,ST020,QAR,RM.3704,no foam,0,0,0,1
01/01/2023,VOL,ST020,QAR,RM.3705,lowfat,0,0,0,128
01/01/2023,VOL,ST020,QAR,RM.3706,decaf,0,0,0,66
01/01/2023,VOL,ST020,QAR,RM.3707,now,0,0,0,3
01/01/2023,VOL,ST020,QAR,RM.3708,less coffee,0,0,0,1
01/01/2023,VOL,ST020,QAR,RM.3709,cut into half,0,0,0,10
01/01/2023,VOL,ST020,QAR,RM.3812,Well Done,0,0,0,295
01/01/2023,VOL,ST020,QAR,RM.3814,Medium,0,0,0,194
01/01/2023,VOL,ST020,QAR,RM.3815,Runny,0,0,0,33
01/01/2023,VOL,ST020,QAR,RM.6361,WITH CREAM,0,0,0,28
01/01/2023,VOL,ST020,QAR,RM.6362,WITHOUT CREAM,0,0,0,8
01/01/2023,VOL,ST020,QAR,RM.6363,Almond Milk,0,0,0,142
01/01/2023,VOL,ST020,QAR,RM.6364,Coconut Milk,0,0,0,47
01/01/2023,VOL,ST020,QAR,RM.6374,Soya milk,0,0,0,23
