DATE,BRANCHCODE,WAREHOUSECODE,CURRENCY,ERPCODE,ITEMNAME,RAWPRICE,GROSSAMT,NETVALUE,QTYSOLD
06/01/2023,VOL,ST020,QAR,RM.1,Salmon,14,42,42,3
06/01/2023,VOL,ST020,QAR,RM.2,Bacon,14,168,168,12
06/01/2023,VOL,ST020,QAR,RM.3,Cheese,14,1134,1134,81
06/01/2023,VOL,ST020,QAR,RM.4,Turkey,14,504,504,36
06/01/2023,VOL,ST020,QAR,RM.5,Extra chicken,10,230,230,23
06/01/2023,VOL,ST020,QAR,RM.6,Egg,6,570,570,95
06/01/2023,VOL,ST020,QAR,RM.7,Mushroom,12,180,180,15
06/01/2023,VOL,ST020,QAR,RM.8,Avocado,12,96,96,8
06/01/2023,VOL,ST020,QAR,RM.62,Halloumi Fries,20,4240,4240,212
06/01/2023,VOL,ST020,QAR,RM.63,Baked Potato Wedges,20,2860,2860,143
06/01/2023,VOL,ST020,QAR,RM.64,French fries,15,8955,8925,597
06/01/2023,VOL,ST020,QAR,RM.125,Small cereal ice cream,7,1113,1113,159
06/01/2023,VOL,ST020,QAR,RM.126,Medium cereal ice cream,15,420,420,28
06/01/2023,VOL,ST020,QAR,RM.127,Mango ice pudding,40,720,680,18
06/01/2023,VOL,ST020,QAR,RM.128,MAHALABIA ICE CREAM,35,4165,4165,119
06/01/2023,VOL,ST020,QAR,RM.129,Affogato,28,1148,1148,41
06/01/2023,VOL,ST020,QAR,RM.157,Slice Tiramisu Portofino,40,20080,20040,502
06/01/2023,VOL,ST020,QAR,RM.181,Espreso,18,3672,3312,204
06/01/2023,VOL,ST020,QAR,RM.182,Double Espreso,20,2540,2540,127
06/01/2023,VOL,ST020,QAR,RM.183,Americano,20,28040,28000,1402
06/01/2023,VOL,ST020,QAR,RM.184,Cappucino,24,33192,33168,1383
06/01/2023,VOL,ST020,QAR,RM.186,Latte Cold,24,5304,5304,221
06/01/2023,VOL,ST020,QAR,RM.187,V60 Pour Over,24,28560,28536,1190
06/01/2023,VOL,ST020,QAR,RM.188,French Press,24,1968,1968,82
06/01/2023,VOL,ST020,QAR,RM.189,Mocha Pot,24,408,408,17
06/01/2023,VOL,ST020,QAR,RM.193,Flat White hot,24,39480,39480,1645
06/01/2023,VOL,ST020,QAR,RM.194,Macciatto,20,640,640,32
06/01/2023,VOL,ST020,QAR,RM.197,Morochino,24,216,216,9
06/01/2023,VOL,ST020,QAR,RM.198,cortado,24,25128,25128,1047
06/01/2023,VOL,ST020,QAR,RM.200,Latte Hot,24,16248,16224,677
06/01/2023,VOL,ST020,QAR,RM.201,Milk,20,100,100,5
06/01/2023,VOL,ST020,QAR,RM.206,Double espresso Machiatto,24,384,384,16
06/01/2023,VOL,ST020,QAR,RM.207,Americano ice,20,7060,7040,353
06/01/2023,VOL,ST020,QAR,RM.210,Flatwhite ice,24,1944,1944,81
06/01/2023,VOL,ST020,QAR,RM.211,Volume Special ice,28,644,644,23
06/01/2023,VOL,ST020,QAR,RM.212,Coconut Latte,28,3304,3304,118
06/01/2023,VOL,ST020,QAR,RM.213,Cereal Latte,28,3164,3164,113
06/01/2023,VOL,ST020,QAR,RM.215,Ice Mocha,35,875,875,25
06/01/2023,VOL,ST020,QAR,RM.216,Volume special hot,28,112,112,4
06/01/2023,VOL,ST020,QAR,RM.218,Dulce de leche hot,28,560,560,20
06/01/2023,VOL,ST020,QAR,RM.220,Dulce de Leche ice,28,672,672,24
06/01/2023,VOL,ST020,QAR,RM.221,Drink in Love,28,3248,3248,116
06/01/2023,VOL,ST020,QAR,RM.223,Spanish Ice latte,28,40600,40600,1450
06/01/2023,VOL,ST020,QAR,RM.224,Hot Chocolate,32,4352,4352,136
06/01/2023,VOL,ST020,QAR,RM.227,Spanish hot latte,28,44548,44520,1591
06/01/2023,VOL,ST020,QAR,RM.230,Frappe,28,3080,3080,110
06/01/2023,VOL,ST020,QAR,RM.231,Cinnamon Latte,28,4256,4228,152
06/01/2023,VOL,ST020,QAR,RM.233,Ginger Latte,28,1120,1120,40
06/01/2023,VOL,ST020,QAR,RM.242,Acqua Panna 250ml,17,45560,45509,2680
06/01/2023,VOL,ST020,QAR,RM.243,Acqua panna 0.5,25,39100,39075,1564
06/01/2023,VOL,ST020,QAR,RM.244,Perrier medium 330ml,19,5130,5130,270
06/01/2023,VOL,ST020,QAR,RM.245,Cola regular,10,6310,6300,631
06/01/2023,VOL,ST020,QAR,RM.246,Coca cola light,10,3830,3810,383
06/01/2023,VOL,ST020,QAR,RM.247,Sprite,10,1730,1730,173
06/01/2023,VOL,ST020,QAR,RM.248,Fanta,10,330,320,33
06/01/2023,VOL,ST020,QAR,RM.250,Highland water 500ml,5,55,5,11
06/01/2023,VOL,ST020,QAR,RM.253,Perrier small 200ml,17,4675,4675,275
06/01/2023,VOL,ST020,QAR,RM.254,Rayyan 750ml,25,8150,8150,326
06/01/2023,VOL,ST020,QAR,RM.255,Rayyan  250ml,17,4063,4063,239
06/01/2023,VOL,ST020,QAR,RM.271,Orange Juice,24,23688,23664,987
06/01/2023,VOL,ST020,QAR,RM.273,Lemon Mint Juice,24,11568,11568,482
06/01/2023,VOL,ST020,QAR,RM.275,Carrot Juice,24,1968,1968,82
06/01/2023,VOL,ST020,QAR,RM.331,Chili Lime Fried shirms,45,7110,7020,158
06/01/2023,VOL,ST020,QAR,RM.332,Pop Corn Chicken,45,16110,15975,358
06/01/2023,VOL,ST020,QAR,RM.333,Chicken Kebab with spicy,48,6912,6768,144
06/01/2023,VOL,ST020,QAR,RM.361,Slice Monkey bread,35,10675,10675,305
06/01/2023,VOL,ST020,QAR,RM.363,Slice Coconut Cake,45,6390,6345,142
06/01/2023,VOL,ST020,QAR,RM.364,Slice Mango cake,45,56610,56565,1258
06/01/2023,VOL,ST020,QAR,RM.366,Kunafa Tres leches Slice,40,2200,2160,55
06/01/2023,VOL,ST020,QAR,RM.367,Chocolate babka,30,4950,4920,165
06/01/2023,VOL,ST020,QAR,RM.368,Slice blueberry cheesecak,40,14040,14040,351
06/01/2023,VOL,ST020,QAR,RM.369,Slice Raspberry swissroll,35,6440,6440,184
06/01/2023,VOL,ST020,QAR,RM.370,slice Victoria cake,35,7350,7350,210
06/01/2023,VOL,ST020,QAR,RM.371,Slice choco swissroll,35,4235,4200,121
06/01/2023,VOL,ST020,QAR,RM.373,Slice Safron Milky Cake,45,14850,14805,330
06/01/2023,VOL,ST020,QAR,RM.374,Zaatar babka,30,3660,3630,122
06/01/2023,VOL,ST020,QAR,RM.375,Caramel Brownie,15,1080,1080,72
06/01/2023,VOL,ST020,QAR,RM.380,Slice Cereal milky  Cake,40,22440,22440,561
06/01/2023,VOL,ST020,QAR,RM.386,Slice Pecan Carmel Pie,35,7840,7840,224
06/01/2023,VOL,ST020,QAR,RM.388,Slice Chocolate Pudding,45,48420,48285,1076
06/01/2023,VOL,ST020,QAR,RM.389,Slice Honey Pudding,45,52830,52785,1174
06/01/2023,VOL,ST020,QAR,RM.390,ST.DATES CAKE,40,14880,14880,372
06/01/2023,VOL,ST020,QAR,RM.662,Virgin Mojito,35,21980,21980,628
06/01/2023,VOL,ST020,QAR,RM.664,Hawaiian Coconut,35,62790,62650,1794
06/01/2023,VOL,ST020,QAR,RM.671,Berry coconut,35,3255,3185,93
06/01/2023,VOL,ST020,QAR,RM.673,Berry mojito,35,18830,18830,538
06/01/2023,VOL,ST020,QAR,RM.675,Summer drink box {7pcs},280,560,0,2
06/01/2023,VOL,ST020,QAR,RM.676,Lemon ginger Iced tea,29,1392,1392,48
06/01/2023,VOL,ST020,QAR,RM.677,Jade passion Iced tea,29,9164,9164,316
06/01/2023,VOL,ST020,QAR,RM.691,English Breakfast Tea,25,13475,13475,539
06/01/2023,VOL,ST020,QAR,RM.692,Peppermint Tea,25,275,275,11
06/01/2023,VOL,ST020,QAR,RM.693,Earl Grey Tea,25,1475,1475,59
06/01/2023,VOL,ST020,QAR,RM.694,Jasmine Tea,25,1700,1700,68
06/01/2023,VOL,ST020,QAR,RM.695,Organic Green Tea,25,2900,2900,116
06/01/2023,VOL,ST020,QAR,RM.697,Lemon Grass tea,25,350,350,14
06/01/2023,VOL,ST020,QAR,RM.698,Chamomile,25,1450,1450,58
06/01/2023,VOL,ST020,QAR,RM.700,Extra Tea bag,10,40,40,4
06/01/2023,VOL,ST020,QAR,RM.721,Labneh With Zaatar,36,11376,11376,316
06/01/2023,VOL,ST020,QAR,RM.722,Egg Shakshouka,40,5560,5560,139
06/01/2023,VOL,ST020,QAR,RM.723,Eggs Menemen,35,3535,3535,101
06/01/2023,VOL,ST020,QAR,RM.726,Foul with tahini,30,1590,1590,53
06/01/2023,VOL,ST020,QAR,RM.727,Mushroom Egg Benedict,45,16560,16560,368
06/01/2023,VOL,ST020,QAR,RM.728,Stuffed Croissants,30,5400,5400,180
06/01/2023,VOL,ST020,QAR,RM.729,Falafel Peta,55,23760,23650,432
06/01/2023,VOL,ST020,QAR,RM.730,Greek Avocado Toast,49,15043,14994,307
06/01/2023,VOL,ST020,QAR,RM.731,Granola with yogurt,55,8580,8580,156
06/01/2023,VOL,ST020,QAR,RM.737,Egg and cheese slinders,35,8540,8540,244
06/01/2023,VOL,ST020,QAR,RM.739,Pancake rouges,55,7095,7095,129
06/01/2023,VOL,ST020,QAR,RM.740,Breakfast oat porridge,50,3450,3450,69
06/01/2023,VOL,ST020,QAR,RM.741,Plain Croissant,12,1248,1248,104
06/01/2023,VOL,ST020,QAR,RM.742,Zaatar Croissant,14,476,476,34
06/01/2023,VOL,ST020,QAR,RM.743,Cheese Croissant,16,1264,1264,79
06/01/2023,VOL,ST020,QAR,RM.745,Sesame Falafel,50,6350,6350,127
06/01/2023,VOL,ST020,QAR,RM.750,Grilled Halloumi,30,1920,1890,64
06/01/2023,VOL,ST020,QAR,RM.770,Whole Victoria Cake,200,800,800,4
06/01/2023,VOL,ST020,QAR,RM.771,Whole Chocolate Swiss rol,200,800,800,4
06/01/2023,VOL,ST020,QAR,RM.787,Hazelnut Warm chocolate,50,30350,30350,607
06/01/2023,VOL,ST020,QAR,RM.788,Whole hazelnut warm choco,350,2800,2450,8
06/01/2023,VOL,ST020,QAR,RM.811,Big Honey pudding,250,6750,6750,27
06/01/2023,VOL,ST020,QAR,RM.812,Small Honey pudding,100,3000,3000,30
06/01/2023,VOL,ST020,QAR,RM.813,Big Chocolate pudding,350,6300,6300,18
06/01/2023,VOL,ST020,QAR,RM.814,Small Chocolate pudding,180,5040,5040,28
06/01/2023,VOL,ST020,QAR,RM.815,Big Cereal milky cake,250,1000,1000,4
06/01/2023,VOL,ST020,QAR,RM.816,Small Cereal milky cake,150,300,300,2
06/01/2023,VOL,ST020,QAR,RM.817,Big Safron milky cake,300,1500,1500,5
06/01/2023,VOL,ST020,QAR,RM.818,Small Safron milky cake,150,1350,1350,9
06/01/2023,VOL,ST020,QAR,RM.823,Big Pecan Caramel,350,1050,1050,3
06/01/2023,VOL,ST020,QAR,RM.825, Whole Coconut Cake,360,1440,1080,4
06/01/2023,VOL,ST020,QAR,RM.826,BIG MANGO CAKE,350,4550,4550,13
06/01/2023,VOL,ST020,QAR,RM.827,EID BOX,390,1560,1560,4
06/01/2023,VOL,ST020,QAR,RM.828,Whole Monkey bread,220,1760,1760,8
06/01/2023,VOL,ST020,QAR,RM.836,Mix Sandwich box,220,4620,4180,21
06/01/2023,VOL,ST020,QAR,RM.837,Small mango cake,120,2880,2880,24
06/01/2023,VOL,ST020,QAR,RM.838,Mini falafel box,40,880,880,22
06/01/2023,VOL,ST020,QAR,RM.839,Whole Portofinol Tiramisu,350,2450,2450,7
06/01/2023,VOL,ST020,QAR,RM.840,Whole Raspberry Swissroll,180,1620,1620,9
06/01/2023,VOL,ST020,QAR,RM.842,Crispy Cheese rolls with,40,2840,2840,71
06/01/2023,VOL,ST020,QAR,RM.844,Honey Mustard Chicken SLD,55,40975,40590,745
06/01/2023,VOL,ST020,QAR,RM.845,Smoked Turkey Sandwich,35,2730,2695,78
06/01/2023,VOL,ST020,QAR,RM.846,Roasted Beef Sandwich,65,7670,7605,118
06/01/2023,VOL,ST020,QAR,RM.847,Truffle Slider Burger,50,16650,16600,333
06/01/2023,VOL,ST020,QAR,RM.848,Risotto Balls,40,9680,9600,242
06/01/2023,VOL,ST020,QAR,RM.850,Chicken taco,45,5535,5445,123
06/01/2023,VOL,ST020,QAR,RM.852,Chicken spaghetti,60,34380,34320,573
06/01/2023,VOL,ST020,QAR,RM.853,Baked salmon with lemon c,68,6596,6596,97
06/01/2023,VOL,ST020,QAR,RM.855,Marinated Burrata Toast,55,4125,4125,75
06/01/2023,VOL,ST020,QAR,RM.857,Chicken Moussakan roll,45,5355,5310,119
06/01/2023,VOL,ST020,QAR,RM.858,Spicy club sandwich,35,27160,27104,776
06/01/2023,VOL,ST020,QAR,RM.861,Lasagna Bolognese,55,12155,12100,221
06/01/2023,VOL,ST020,QAR,RM.862,Quinoa kale garden greens,50,11750,11750,235
06/01/2023,VOL,ST020,QAR,RM.863,Burrito chicken salad,55,16115,16060,293
06/01/2023,VOL,ST020,QAR,RM.864,croissant basket,45,1665,1665,37
06/01/2023,VOL,ST020,QAR,RM.869,Chicken slider,48,17280,17136,360
06/01/2023,VOL,ST020,QAR,RM.871,French Toast,50,16350,16350,327
06/01/2023,VOL,ST020,QAR,RM.873,Crushed Cookies,50,74950,74800,1499
06/01/2023,VOL,ST020,QAR,RM.3663,No/ Mushroom,0,0,0,1
06/01/2023,VOL,ST020,QAR,RM.3666,No/ Tomato,0,0,0,1
06/01/2023,VOL,ST020,QAR,RM.3691,extra hot,0,0,0,87
06/01/2023,VOL,ST020,QAR,RM.3692,TAKE AWAY,0,0,0,3
06/01/2023,VOL,ST020,QAR,RM.3695,extra sweet,0,0,0,26
06/01/2023,VOL,ST020,QAR,RM.3696,less sweet,0,0,0,23
06/01/2023,VOL,ST020,QAR,RM.3697,together w food,0,0,0,749
06/01/2023,VOL,ST020,QAR,RM.3698,together w drinks,0,0,0,711
06/01/2023,VOL,ST020,QAR,RM.3699,room temp.,0,0,0,104
06/01/2023,VOL,ST020,QAR,RM.3705,lowfat,0,0,0,71
06/01/2023,VOL,ST020,QAR,RM.3706,decaf,0,0,0,32
06/01/2023,VOL,ST020,QAR,RM.3707,now,0,0,0,5
06/01/2023,VOL,ST020,QAR,RM.3708,less coffee,0,0,0,2
06/01/2023,VOL,ST020,QAR,RM.3711,cake with food,0,0,0,2
06/01/2023,VOL,ST020,QAR,RM.3812,Well Done,0,0,0,170
06/01/2023,VOL,ST020,QAR,RM.3814,Medium,0,0,0,115
06/01/2023,VOL,ST020,QAR,RM.3815,Runny,0,0,0,28
06/01/2023,VOL,ST020,QAR,RM.6361,WITH CREAM,0,0,0,48
06/01/2023,VOL,ST020,QAR,RM.6362,WITHOUT CREAM,0,0,0,21
06/01/2023,VOL,ST020,QAR,RM.6363,Almond Milk,0,0,0,76
06/01/2023,VOL,ST020,QAR,RM.6364,Coconut Milk,0,0,0,31
06/01/2023,VOL,ST020,QAR,RM.6374,Soya milk,0,0,0,14
