DATE,BRANCHCODE,WAREHOUSECODE,CURRENCY,ERPCODE,ITEMNAME,RAWPRICE,GROSSAMT,NETVALUE,QTYSOLD
04/01/2023,VOL,ST020,QAR,RM.1,Salmon,14,56,56,4
04/01/2023,VOL,ST020,QAR,RM.2,Bacon,14,28,28,2
04/01/2023,VOL,ST020,QAR,RM.3,Cheese,14,476,476,34
04/01/2023,VOL,ST020,QAR,RM.4,Turkey,14,126,126,9
04/01/2023,VOL,ST020,QAR,RM.5,Extra chicken,10,30,30,3
04/01/2023,VOL,ST020,QAR,RM.6,Egg,6,210,210,35
04/01/2023,VOL,ST020,QAR,RM.7,Mushroom,12,24,24,2
04/01/2023,VOL,ST020,QAR,RM.8,Avocado,12,24,24,2
04/01/2023,VOL,ST020,QAR,RM.35,EID BOX,390,20670,20280,53
04/01/2023,VOL,ST020,QAR,RM.62,Halloumi Fries,20,3580,3580,179
04/01/2023,VOL,ST020,QAR,RM.63,Baked Potato Wedges,20,2280,2280,114
04/01/2023,VOL,ST020,QAR,RM.64,French fries,15,8865,8850,591
04/01/2023,VOL,ST020,QAR,RM.125,Small cereal ice cream,7,840,840,120
04/01/2023,VOL,ST020,QAR,RM.126,Medium cereal ice cream,15,135,135,9
04/01/2023,VOL,ST020,QAR,RM.127,Mango ice pudding,40,200,200,5
04/01/2023,VOL,ST020,QAR,RM.128,MAHALABIA ICE CREAM,35,4060,3955,116
04/01/2023,VOL,ST020,QAR,RM.157,Slice Tiramisu Portofino,40,18600,18520,465
04/01/2023,VOL,ST020,QAR,RM.181,Espreso,18,3114,2664,173
04/01/2023,VOL,ST020,QAR,RM.182,Double Espreso,20,2600,2500,130
04/01/2023,VOL,ST020,QAR,RM.183,Americano,20,25000,24960,1250
04/01/2023,VOL,ST020,QAR,RM.184,Cappucino,24,30720,30672,1280
04/01/2023,VOL,ST020,QAR,RM.186,Latte Cold,24,3384,3384,141
04/01/2023,VOL,ST020,QAR,RM.187,V60 Pour Over,24,14424,14400,601
04/01/2023,VOL,ST020,QAR,RM.188,French Press,24,1560,1560,65
04/01/2023,VOL,ST020,QAR,RM.189,Mocha Pot,24,360,360,15
04/01/2023,VOL,ST020,QAR,RM.193,Flat White hot,24,33624,33600,1401
04/01/2023,VOL,ST020,QAR,RM.194,Macciatto,20,660,660,33
04/01/2023,VOL,ST020,QAR,RM.197,Morochino,24,288,288,12
04/01/2023,VOL,ST020,QAR,RM.198,cortado,24,19848,19848,827
04/01/2023,VOL,ST020,QAR,RM.200,Latte Hot,24,18384,18384,766
04/01/2023,VOL,ST020,QAR,RM.201,Milk,20,100,100,5
04/01/2023,VOL,ST020,QAR,RM.206,Double espresso Machiatto,24,336,336,14
04/01/2023,VOL,ST020,QAR,RM.207,Americano ice,20,4680,4660,234
04/01/2023,VOL,ST020,QAR,RM.210,Flatwhite ice,24,744,744,31
04/01/2023,VOL,ST020,QAR,RM.211,Volume Special ice,28,420,420,15
04/01/2023,VOL,ST020,QAR,RM.212,Coconut Latte,28,2044,2044,73
04/01/2023,VOL,ST020,QAR,RM.213,Cereal Latte,28,2632,2632,94
04/01/2023,VOL,ST020,QAR,RM.215,Ice Mocha,35,140,140,4
04/01/2023,VOL,ST020,QAR,RM.216,Volume special hot,28,364,364,13
04/01/2023,VOL,ST020,QAR,RM.218,Dulce de leche hot,28,812,812,29
04/01/2023,VOL,ST020,QAR,RM.220,Dulce de Leche ice,28,616,616,22
04/01/2023,VOL,ST020,QAR,RM.221,Drink in Love,28,1568,1568,56
04/01/2023,VOL,ST020,QAR,RM.223,Spanish Ice latte,28,27776,27720,992
04/01/2023,VOL,ST020,QAR,RM.224,Hot Chocolate,32,8224,8224,257
04/01/2023,VOL,ST020,QAR,RM.227,Spanish hot latte,28,45304,45192,1618
04/01/2023,VOL,ST020,QAR,RM.230,Frappe,28,2968,2968,106
04/01/2023,VOL,ST020,QAR,RM.231,Cinnamon Latte,28,3920,3920,140
04/01/2023,VOL,ST020,QAR,RM.233,Ginger Latte,28,1008,1008,36
04/01/2023,VOL,ST020,QAR,RM.236,Cafe crema,24,96,96,4
04/01/2023,VOL,ST020,QAR,RM.242,Acqua Panna 250ml,17,41769,41769,2457
04/01/2023,VOL,ST020,QAR,RM.243,Acqua panna 0.5,25,25475,25450,1019
04/01/2023,VOL,ST020,QAR,RM.244,Perrier medium 330ml,19,1919,1881,101
04/01/2023,VOL,ST020,QAR,RM.245,Cola regular,10,4070,4030,407
04/01/2023,VOL,ST020,QAR,RM.246,Coca cola light,10,2040,2040,204
04/01/2023,VOL,ST020,QAR,RM.247,Sprite,10,1610,1600,161
04/01/2023,VOL,ST020,QAR,RM.248,Fanta,10,420,420,42
04/01/2023,VOL,ST020,QAR,RM.250,Highland water 500ml,5,130,0,26
04/01/2023,VOL,ST020,QAR,RM.253,Perrier small 200ml,17,3400,3400,200
04/01/2023,VOL,ST020,QAR,RM.271,Orange Juice,24,9264,9216,386
04/01/2023,VOL,ST020,QAR,RM.273,Lemon Mint Juice,24,7200,7200,300
04/01/2023,VOL,ST020,QAR,RM.275,Carrot Juice,24,1344,1344,56
04/01/2023,VOL,ST020,QAR,RM.331,Chili Lime Fried shirms,45,2520,2430,56
04/01/2023,VOL,ST020,QAR,RM.332,Pop Corn Chicken,45,6345,6255,141
04/01/2023,VOL,ST020,QAR,RM.333,Chicken Kebab with spicy,48,2640,2592,55
04/01/2023,VOL,ST020,QAR,RM.361,Slice Monkey bread,35,9450,9450,270
04/01/2023,VOL,ST020,QAR,RM.363,Slice Coconut Cake,45,5535,5490,123
04/01/2023,VOL,ST020,QAR,RM.364,Slice Mango cake,45,46530,46485,1034
04/01/2023,VOL,ST020,QAR,RM.366,Kunafa Tres leches Slice,40,6840,6800,171
04/01/2023,VOL,ST020,QAR,RM.367,Chocolate babka,30,4500,4320,150
04/01/2023,VOL,ST020,QAR,RM.368,Slice blueberry cheesecak,40,14720,14720,368
04/01/2023,VOL,ST020,QAR,RM.369,Slice Raspberry swissroll,35,4760,4690,136
04/01/2023,VOL,ST020,QAR,RM.370,slice Victoria cake,35,6195,6160,177
04/01/2023,VOL,ST020,QAR,RM.371,Slice choco swissroll,35,4410,4340,126
04/01/2023,VOL,ST020,QAR,RM.373,Slice Safron Milky Cake,45,10575,10530,235
04/01/2023,VOL,ST020,QAR,RM.374,Zaatar babka,30,2640,2640,88
04/01/2023,VOL,ST020,QAR,RM.375,Caramel Brownie,15,810,810,54
04/01/2023,VOL,ST020,QAR,RM.380,Slice Cereal milky  Cake,40,14880,14840,372
04/01/2023,VOL,ST020,QAR,RM.386,Slice Pecan Carmel Pie,35,7455,7455,213
04/01/2023,VOL,ST020,QAR,RM.388,Slice Chocolate Pudding,45,41400,41085,920
04/01/2023,VOL,ST020,QAR,RM.389,Slice Honey Pudding,45,41445,41085,921
04/01/2023,VOL,ST020,QAR,RM.390,ST.DATES CAKE,40,12240,12200,306
04/01/2023,VOL,ST020,QAR,RM.662,Virgin Mojito,35,15960,15960,456
04/01/2023,VOL,ST020,QAR,RM.664,Hawaiian Coconut,35,33705,33705,963
04/01/2023,VOL,ST020,QAR,RM.671,Berry coconut,35,2345,2345,67
04/01/2023,VOL,ST020,QAR,RM.673,Berry mojito,35,11340,11340,324
04/01/2023,VOL,ST020,QAR,RM.676,Lemon ginger Iced tea,29,1740,1740,60
04/01/2023,VOL,ST020,QAR,RM.677,Jade passion Iced tea,29,6786,6786,234
04/01/2023,VOL,ST020,QAR,RM.691,English Breakfast Tea,25,10225,10175,409
04/01/2023,VOL,ST020,QAR,RM.692,Peppermint Tea,25,225,225,9
04/01/2023,VOL,ST020,QAR,RM.693,Earl Grey Tea,25,1000,1000,40
04/01/2023,VOL,ST020,QAR,RM.694,Jasmine Tea,25,1500,1500,60
04/01/2023,VOL,ST020,QAR,RM.695,Organic Green Tea,25,2550,2550,102
04/01/2023,VOL,ST020,QAR,RM.697,Lemon Grass tea,25,225,225,9
04/01/2023,VOL,ST020,QAR,RM.698,Chamomile,25,1475,1475,59
04/01/2023,VOL,ST020,QAR,RM.721,Labneh With Zaatar,36,5904,5868,164
04/01/2023,VOL,ST020,QAR,RM.722,Egg Shakshouka,40,3400,3400,85
04/01/2023,VOL,ST020,QAR,RM.723,Eggs Menemen,35,1810,1770,51
04/01/2023,VOL,ST020,QAR,RM.726,Foul with tahini,30,720,690,24
04/01/2023,VOL,ST020,QAR,RM.727,Mushroom Egg Benedict,45,7245,7200,161
04/01/2023,VOL,ST020,QAR,RM.728,Stuffed Croissants,30,2700,2700,90
04/01/2023,VOL,ST020,QAR,RM.729,Falafel Peta,55,14080,14025,256
04/01/2023,VOL,ST020,QAR,RM.730,Greek Avocado Toast,49,8428,8428,172
04/01/2023,VOL,ST020,QAR,RM.731,Granola with yogurt,55,6160,6160,112
04/01/2023,VOL,ST020,QAR,RM.737,Egg and cheese slinders,35,4830,4830,138
04/01/2023,VOL,ST020,QAR,RM.738,Berry smoothie,55,110,110,2
04/01/2023,VOL,ST020,QAR,RM.739,Pancake rouges,55,4895,4895,89
04/01/2023,VOL,ST020,QAR,RM.740,Breakfast oat porridge,50,1750,1750,35
04/01/2023,VOL,ST020,QAR,RM.741,Plain Croissant,12,864,864,72
04/01/2023,VOL,ST020,QAR,RM.742,Zaatar Croissant,14,392,392,28
04/01/2023,VOL,ST020,QAR,RM.743,Cheese Croissant,16,848,848,53
04/01/2023,VOL,ST020,QAR,RM.744,Crispy Sweet Corn,55,220,220,4
04/01/2023,VOL,ST020,QAR,RM.745,Sesame Falafel,50,3650,3650,73
04/01/2023,VOL,ST020,QAR,RM.746,Baked Feta on Citrus Toma,55,220,220,4
04/01/2023,VOL,ST020,QAR,RM.750,Grilled Halloumi,30,1140,1140,38
04/01/2023,VOL,ST020,QAR,RM.760,Big blueberry cheesecake,360,360,360,1
04/01/2023,VOL,ST020,QAR,RM.770,Whole Victoria Cake,200,1000,1000,5
04/01/2023,VOL,ST020,QAR,RM.771,Whole Chocolate Swiss rol,200,1600,1600,8
04/01/2023,VOL,ST020,QAR,RM.772,Small Mango Trifle,180,18000,18000,100
04/01/2023,VOL,ST020,QAR,RM.774,Big Mango Triffle,280,14000,14000,50
04/01/2023,VOL,ST020,QAR,RM.775,Whole Kunafa Tres leches,350,4900,4900,14
04/01/2023,VOL,ST020,QAR,RM.787,Hazelnut Warm chocolate,50,27800,27650,556
04/01/2023,VOL,ST020,QAR,RM.788,Whole hazelnut warm choco,350,6650,6650,19
04/01/2023,VOL,ST020,QAR,RM.811,Big Honey pudding,250,16000,16000,64
04/01/2023,VOL,ST020,QAR,RM.812,Small Honey pudding,100,16000,16000,160
04/01/2023,VOL,ST020,QAR,RM.813,Big Chocolate pudding,350,9100,9100,26
04/01/2023,VOL,ST020,QAR,RM.814,Small Chocolate pudding,180,14400,14400,80
04/01/2023,VOL,ST020,QAR,RM.815,Big Cereal milky cake,250,1750,1750,7
04/01/2023,VOL,ST020,QAR,RM.816,Small Cereal milky cake,150,750,750,5
04/01/2023,VOL,ST020,QAR,RM.817,Big Safron milky cake,300,2400,2400,8
04/01/2023,VOL,ST020,QAR,RM.818,Small Safron milky cake,150,1650,1650,11
04/01/2023,VOL,ST020,QAR,RM.823,Big Pecan Caramel,350,3500,3500,10
04/01/2023,VOL,ST020,QAR,RM.825, Whole Coconut Cake,360,1440,1440,4
04/01/2023,VOL,ST020,QAR,RM.826,BIG MANGO CAKE,350,17150,17150,49
04/01/2023,VOL,ST020,QAR,RM.827,EID BOX,390,6630,6630,17
04/01/2023,VOL,ST020,QAR,RM.828,Whole Monkey bread,220,3300,3300,15
04/01/2023,VOL,ST020,QAR,RM.829,Molten Rahash,250,4750,4750,19
04/01/2023,VOL,ST020,QAR,RM.836,Mix Sandwich box,220,3520,3520,16
04/01/2023,VOL,ST020,QAR,RM.837,Small mango cake,120,15000,15000,125
04/01/2023,VOL,ST020,QAR,RM.838,Mini falafel box,40,1280,1280,32
04/01/2023,VOL,ST020,QAR,RM.839,Whole Portofinol Tiramisu,350,4200,4200,12
04/01/2023,VOL,ST020,QAR,RM.840,Whole Raspberry Swissroll,180,2520,2520,14
04/01/2023,VOL,ST020,QAR,RM.842,Crispy Cheese rolls with,40,3480,3440,87
04/01/2023,VOL,ST020,QAR,RM.844,Honey Mustard Chicken SLD,55,25080,24860,456
04/01/2023,VOL,ST020,QAR,RM.845,Smoked Turkey Sandwich,35,2310,2205,66
04/01/2023,VOL,ST020,QAR,RM.846,Roasted Beef Sandwich,65,8255,7995,127
04/01/2023,VOL,ST020,QAR,RM.847,Truffle Slider Burger,50,9700,9550,194
04/01/2023,VOL,ST020,QAR,RM.848,Risotto Balls,40,6880,6880,172
04/01/2023,VOL,ST020,QAR,RM.850,Chicken taco,45,5220,5175,116
04/01/2023,VOL,ST020,QAR,RM.852,Chicken spaghetti,60,24180,24120,403
04/01/2023,VOL,ST020,QAR,RM.853,Baked salmon with lemon c,68,4692,4692,69
04/01/2023,VOL,ST020,QAR,RM.854,Grilled Chicken Breast wi,58,2204,2204,38
04/01/2023,VOL,ST020,QAR,RM.855,Marinated Burrata Toast,55,2860,2860,52
04/01/2023,VOL,ST020,QAR,RM.856,Asia Beef Salad,58,1160,1160,20
04/01/2023,VOL,ST020,QAR,RM.857,Chicken Moussakan roll,45,6075,6030,135
04/01/2023,VOL,ST020,QAR,RM.858,Spicy club sandwich,35,21525,21420,615
04/01/2023,VOL,ST020,QAR,RM.861,Lasagna Bolognese,55,7920,7920,144
04/01/2023,VOL,ST020,QAR,RM.862,Quinoa kale garden greens,50,7400,7250,148
04/01/2023,VOL,ST020,QAR,RM.863,Burrito chicken salad,55,9405,9295,171
04/01/2023,VOL,ST020,QAR,RM.864,croissant basket,45,1215,1170,27
04/01/2023,VOL,ST020,QAR,RM.869,Chicken slider,48,15408,15216,321
04/01/2023,VOL,ST020,QAR,RM.871,French Toast,50,12650,12600,253
04/01/2023,VOL,ST020,QAR,RM.873,Crushed Cookies,50,56000,55900,1120
04/01/2023,VOL,ST020,QAR,RM.3691,extra hot,0,0,0,26
04/01/2023,VOL,ST020,QAR,RM.3695,extra sweet,0,0,0,2
04/01/2023,VOL,ST020,QAR,RM.3696,less sweet,0,0,0,4
04/01/2023,VOL,ST020,QAR,RM.3697,together w food,0,0,0,188
04/01/2023,VOL,ST020,QAR,RM.3698,together w drinks,0,0,0,300
04/01/2023,VOL,ST020,QAR,RM.3700,well done,0,0,0,6
04/01/2023,VOL,ST020,QAR,RM.3706,decaf,0,0,0,8
04/01/2023,VOL,ST020,QAR,RM.3708,less coffee,0,0,0,1
04/01/2023,VOL,ST020,QAR,RM.3711,cake with food,0,0,0,2
04/01/2023,VOL,ST020,QAR,RM.3812,Well Done,0,0,0,65
04/01/2023,VOL,ST020,QAR,RM.3814,Medium,0,0,0,56
04/01/2023,VOL,ST020,QAR,RM.3815,Runny,0,0,0,14
04/01/2023,VOL,ST020,QAR,RM.6361,WITH CREAM,0,0,0,31
04/01/2023,VOL,ST020,QAR,RM.6362,WITHOUT CREAM,0,0,0,12
04/01/2023,VOL,ST020,QAR,RM.6363,Almond Milk,0,0,0,74
04/01/2023,VOL,ST020,QAR,RM.6364,Coconut Milk,0,0,0,28
04/01/2023,VOL,ST020,QAR,RM.6374,Soya milk,0,0,0,21
