DATE,BRANCHCODE,WAREHOUSECODE,CURRENCY,ERPCODE,ITEMNAME,RAWPRICE,GROSSAMT,NETVALUE,QTYSOLD
08/01/2023,VOL,ST020,QAR,RM.1,Salmon,14,84,84,6
08/01/2023,VOL,ST020,QAR,RM.2,Bacon,14,98,98,7
08/01/2023,VOL,ST020,QAR,RM.3,Cheese,14,756,756,54
08/01/2023,VOL,ST020,QAR,RM.4,Turkey,14,154,154,11
08/01/2023,VOL,ST020,QAR,RM.5,Extra chicken,10,150,150,15
08/01/2023,VOL,ST020,QAR,RM.6,Egg,6,438,438,73
08/01/2023,VOL,ST020,QAR,RM.7,Mushroom,12,36,36,3
08/01/2023,VOL,ST020,QAR,RM.8,Avocado,12,60,60,5
08/01/2023,VOL,ST020,QAR,RM.62,Halloumi Fries,20,3920,3900,196
08/01/2023,VOL,ST020,QAR,RM.63,Baked Potato Wedges,20,2280,2280,114
08/01/2023,VOL,ST020,QAR,RM.64,French fries,15,7425,7410,495
08/01/2023,VOL,ST020,QAR,RM.125,Small cereal ice cream,7,840,840,120
08/01/2023,VOL,ST020,QAR,RM.126,Medium cereal ice cream,15,255,255,17
08/01/2023,VOL,ST020,QAR,RM.127,Mango ice pudding,40,720,720,18
08/01/2023,VOL,ST020,QAR,RM.128,MAHALABIA ICE CREAM,35,2765,2730,79
08/01/2023,VOL,ST020,QAR,RM.129,Affogato,28,2604,2604,93
08/01/2023,VOL,ST020,QAR,RM.157,Slice Tiramisu Portofino,40,13880,13840,347
08/01/2023,VOL,ST020,QAR,RM.181,Espreso,18,3060,2772,170
08/01/2023,VOL,ST020,QAR,RM.182,Double Espreso,20,2120,2100,106
08/01/2023,VOL,ST020,QAR,RM.183,Americano,20,16300,16275,815
08/01/2023,VOL,ST020,QAR,RM.184,Cappucino,24,27792,27744,1158
08/01/2023,VOL,ST020,QAR,RM.186,Latte Cold,24,3144,3144,131
08/01/2023,VOL,ST020,QAR,RM.187,V60 Pour Over,24,21504,21504,896
08/01/2023,VOL,ST020,QAR,RM.188,French Press,24,792,792,33
08/01/2023,VOL,ST020,QAR,RM.189,Mocha Pot,24,72,72,3
08/01/2023,VOL,ST020,QAR,RM.193,Flat White hot,24,28536,28524,1189
08/01/2023,VOL,ST020,QAR,RM.194,Macciatto,20,380,380,19
08/01/2023,VOL,ST020,QAR,RM.197,Morochino,24,288,288,12
08/01/2023,VOL,ST020,QAR,RM.198,cortado,24,14472,14472,603
08/01/2023,VOL,ST020,QAR,RM.200,Latte Hot,24,13080,13080,545
08/01/2023,VOL,ST020,QAR,RM.201,Milk,20,200,200,10
08/01/2023,VOL,ST020,QAR,RM.206,Double espresso Machiatto,24,192,192,8
08/01/2023,VOL,ST020,QAR,RM.207,Americano ice,20,5280,5260,264
08/01/2023,VOL,ST020,QAR,RM.210,Flatwhite ice,24,1248,1248,52
08/01/2023,VOL,ST020,QAR,RM.211,Volume Special ice,28,504,504,18
08/01/2023,VOL,ST020,QAR,RM.212,Coconut Latte,28,2184,2184,78
08/01/2023,VOL,ST020,QAR,RM.213,Cereal Latte,28,2240,2240,80
08/01/2023,VOL,ST020,QAR,RM.215,Ice Mocha,35,595,595,17
08/01/2023,VOL,ST020,QAR,RM.216,Volume special hot,28,280,280,10
08/01/2023,VOL,ST020,QAR,RM.218,Dulce de leche hot,28,308,308,11
08/01/2023,VOL,ST020,QAR,RM.220,Dulce de Leche ice,28,728,728,26
08/01/2023,VOL,ST020,QAR,RM.221,Drink in Love,28,1960,1932,70
08/01/2023,VOL,ST020,QAR,RM.223,Spanish Ice latte,28,27832,27776,994
08/01/2023,VOL,ST020,QAR,RM.224,Hot Chocolate,32,4288,4256,134
08/01/2023,VOL,ST020,QAR,RM.227,Spanish hot latte,28,34412,34405,1229
08/01/2023,VOL,ST020,QAR,RM.230,Frappe,28,2268,2268,81
08/01/2023,VOL,ST020,QAR,RM.231,Cinnamon Latte,28,4088,4088,146
08/01/2023,VOL,ST020,QAR,RM.233,Ginger Latte,28,1036,1036,37
08/01/2023,VOL,ST020,QAR,RM.236,Cafe crema,24,24,24,1
08/01/2023,VOL,ST020,QAR,RM.242,Acqua Panna 250ml,17,27098,27042.75,1594
08/01/2023,VOL,ST020,QAR,RM.243,Acqua panna 0.5,25,18350,18343.75,734
08/01/2023,VOL,ST020,QAR,RM.244,Perrier medium 330ml,19,2850,2850,150
08/01/2023,VOL,ST020,QAR,RM.245,Cola regular,10,5250,5240,525
08/01/2023,VOL,ST020,QAR,RM.246,Coca cola light,10,2490,2490,249
08/01/2023,VOL,ST020,QAR,RM.247,Sprite,10,1520,1520,152
08/01/2023,VOL,ST020,QAR,RM.248,Fanta,10,330,330,33
08/01/2023,VOL,ST020,QAR,RM.253,Perrier small 200ml,17,3230,3230,190
08/01/2023,VOL,ST020,QAR,RM.254,Rayyan 750ml,25,11825,11800,473
08/01/2023,VOL,ST020,QAR,RM.255,Rayyan  250ml,17,7038,7038,414
08/01/2023,VOL,ST020,QAR,RM.271,Orange Juice,24,18480,18426,770
08/01/2023,VOL,ST020,QAR,RM.273,Lemon Mint Juice,24,8400,8376,350
08/01/2023,VOL,ST020,QAR,RM.275,Carrot Juice,24,1872,1872,78
08/01/2023,VOL,ST020,QAR,RM.331,Chili Lime Fried shirms,45,5175,5040,115
08/01/2023,VOL,ST020,QAR,RM.332,Pop Corn Chicken,45,14085,13905,313
08/01/2023,VOL,ST020,QAR,RM.333,Chicken Kebab with spicy,48,6768,6660,141
08/01/2023,VOL,ST020,QAR,RM.361,Slice Monkey bread,35,7770,7761.25,222
08/01/2023,VOL,ST020,QAR,RM.363,Slice Coconut Cake,45,6435,6435,143
08/01/2023,VOL,ST020,QAR,RM.364,Slice Mango cake,45,33030,32838.75,734
08/01/2023,VOL,ST020,QAR,RM.366,Kunafa Tres leches Slice,40,1880,1880,47
08/01/2023,VOL,ST020,QAR,RM.367,Chocolate babka,30,4380,4350,146
08/01/2023,VOL,ST020,QAR,RM.368,Slice blueberry cheesecak,40,11760,11760,294
08/01/2023,VOL,ST020,QAR,RM.369,Slice Raspberry swissroll,35,4550,4497.5,130
08/01/2023,VOL,ST020,QAR,RM.370,slice Victoria cake,35,5460,5425,156
08/01/2023,VOL,ST020,QAR,RM.371,Slice choco swissroll,35,4445,4445,127
08/01/2023,VOL,ST020,QAR,RM.373,Slice Safron Milky Cake,45,9900,9900,220
08/01/2023,VOL,ST020,QAR,RM.374,Zaatar babka,30,2700,2700,90
08/01/2023,VOL,ST020,QAR,RM.375,Caramel Brownie,15,750,750,50
08/01/2023,VOL,ST020,QAR,RM.380,Slice Cereal milky  Cake,40,14040,14040,351
08/01/2023,VOL,ST020,QAR,RM.386,Slice Pecan Carmel Pie,35,5670,5626.25,162
08/01/2023,VOL,ST020,QAR,RM.388,Slice Chocolate Pudding,45,32400,32298.75,720
08/01/2023,VOL,ST020,QAR,RM.389,Slice Honey Pudding,45,36855,36765,819
08/01/2023,VOL,ST020,QAR,RM.390,ST.DATES CAKE,40,12240,12240,306
08/01/2023,VOL,ST020,QAR,RM.662,Virgin Mojito,35,16275,16231.25,465
08/01/2023,VOL,ST020,QAR,RM.664,Hawaiian Coconut,35,36820,36575,1052
08/01/2023,VOL,ST020,QAR,RM.671,Berry coconut,35,1750,1680,50
08/01/2023,VOL,ST020,QAR,RM.673,Berry mojito,35,14035,13895,401
08/01/2023,VOL,ST020,QAR,RM.676,Lemon ginger Iced tea,29,2059,2059,71
08/01/2023,VOL,ST020,QAR,RM.677,Jade passion Iced tea,29,8584,8584,296
08/01/2023,VOL,ST020,QAR,RM.691,English Breakfast Tea,25,9850,9850,394
08/01/2023,VOL,ST020,QAR,RM.692,Peppermint Tea,25,375,375,15
08/01/2023,VOL,ST020,QAR,RM.693,Earl Grey Tea,25,950,925,38
08/01/2023,VOL,ST020,QAR,RM.694,Jasmine Tea,25,1800,1800,72
08/01/2023,VOL,ST020,QAR,RM.695,Organic Green Tea,25,2000,2000,80
08/01/2023,VOL,ST020,QAR,RM.697,Lemon Grass tea,25,100,100,4
08/01/2023,VOL,ST020,QAR,RM.698,Chamomile,25,1250,1250,50
08/01/2023,VOL,ST020,QAR,RM.701,Extra Tea Bag,5,10,10,2
08/01/2023,VOL,ST020,QAR,RM.721,Labneh With Zaatar,36,8928,8928,248
08/01/2023,VOL,ST020,QAR,RM.722,Egg Shakshouka,40,4520,4520,113
08/01/2023,VOL,ST020,QAR,RM.723,Eggs Menemen,35,3080,3045,88
08/01/2023,VOL,ST020,QAR,RM.726,Foul with tahini,30,1440,1410,48
08/01/2023,VOL,ST020,QAR,RM.727,Mushroom Egg Benedict,45,16155,16110,359
08/01/2023,VOL,ST020,QAR,RM.728,Stuffed Croissants,30,4140,4140,138
08/01/2023,VOL,ST020,QAR,RM.729,Falafel Peta,55,18645,18617.5,339
08/01/2023,VOL,ST020,QAR,RM.730,Greek Avocado Toast,49,11858,11809,242
08/01/2023,VOL,ST020,QAR,RM.731,Granola with yogurt,55,6490,6490,118
08/01/2023,VOL,ST020,QAR,RM.737,Egg and cheese slinders,35,7700,7700,220
08/01/2023,VOL,ST020,QAR,RM.739,Pancake rouges,55,6435,6435,117
08/01/2023,VOL,ST020,QAR,RM.740,Breakfast oat porridge,50,2050,2050,41
08/01/2023,VOL,ST020,QAR,RM.741,Plain Croissant,12,756,756,63
08/01/2023,VOL,ST020,QAR,RM.742,Zaatar Croissant,14,420,420,30
08/01/2023,VOL,ST020,QAR,RM.743,Cheese Croissant,16,608,608,38
08/01/2023,VOL,ST020,QAR,RM.745,Sesame Falafel,50,5550,5500,111
08/01/2023,VOL,ST020,QAR,RM.750,Grilled Halloumi,30,1860,1860,62
08/01/2023,VOL,ST020,QAR,RM.760,Big blueberry cheesecake,360,1440,1440,4
08/01/2023,VOL,ST020,QAR,RM.770,Whole Victoria Cake,200,800,800,4
08/01/2023,VOL,ST020,QAR,RM.771,Whole Chocolate Swiss rol,200,400,400,2
08/01/2023,VOL,ST020,QAR,RM.787,Hazelnut Warm chocolate,50,23850,23850,477
08/01/2023,VOL,ST020,QAR,RM.788,Whole hazelnut warm choco,350,1050,1050,3
08/01/2023,VOL,ST020,QAR,RM.811,Big Honey pudding,250,5250,5250,21
08/01/2023,VOL,ST020,QAR,RM.812,Small Honey pudding,100,2900,2900,29
08/01/2023,VOL,ST020,QAR,RM.813,Big Chocolate pudding,350,4200,4200,12
08/01/2023,VOL,ST020,QAR,RM.814,Small Chocolate pudding,180,4140,4140,23
08/01/2023,VOL,ST020,QAR,RM.815,Big Cereal milky cake,250,750,750,3
08/01/2023,VOL,ST020,QAR,RM.816,Small Cereal milky cake,150,300,300,2
08/01/2023,VOL,ST020,QAR,RM.817,Big Safron milky cake,300,600,600,2
08/01/2023,VOL,ST020,QAR,RM.818,Small Safron milky cake,150,600,600,4
08/01/2023,VOL,ST020,QAR,RM.823,Big Pecan Caramel,350,1750,1750,5
08/01/2023,VOL,ST020,QAR,RM.825, Whole Coconut Cake,360,1440,1440,4
08/01/2023,VOL,ST020,QAR,RM.826,BIG MANGO CAKE,350,3850,3850,11
08/01/2023,VOL,ST020,QAR,RM.828,Whole Monkey bread,220,1320,1320,6
08/01/2023,VOL,ST020,QAR,RM.836,Mix Sandwich box,220,2200,2200,10
08/01/2023,VOL,ST020,QAR,RM.837,Small mango cake,120,2760,2760,23
08/01/2023,VOL,ST020,QAR,RM.838,Mini falafel box,40,960,960,24
08/01/2023,VOL,ST020,QAR,RM.839,Whole Portofinol Tiramisu,350,1400,1400,4
08/01/2023,VOL,ST020,QAR,RM.840,Whole Raspberry Swissroll,180,720,720,4
08/01/2023,VOL,ST020,QAR,RM.842,Crispy Cheese rolls with,40,1800,1800,45
08/01/2023,VOL,ST020,QAR,RM.844,Honey Mustard Chicken SLD,55,33880,33770,616
08/01/2023,VOL,ST020,QAR,RM.845,Smoked Turkey Sandwich,35,2415,2415,69
08/01/2023,VOL,ST020,QAR,RM.846,Roasted Beef Sandwich,65,6890,6825,106
08/01/2023,VOL,ST020,QAR,RM.847,Truffle Slider Burger,50,13950,13650,279
08/01/2023,VOL,ST020,QAR,RM.848,Risotto Balls,40,7040,7000,176
08/01/2023,VOL,ST020,QAR,RM.850,Chicken taco,45,3510,3420,78
08/01/2023,VOL,ST020,QAR,RM.852,Chicken spaghetti,60,28200,28140,470
08/01/2023,VOL,ST020,QAR,RM.853,Baked salmon with lemon c,68,4488,4488,66
08/01/2023,VOL,ST020,QAR,RM.855,Marinated Burrata Toast,55,3300,3245,60
08/01/2023,VOL,ST020,QAR,RM.857,Chicken Moussakan roll,45,2880,2790,64
08/01/2023,VOL,ST020,QAR,RM.858,Spicy club sandwich,35,22050,21997.5,630
08/01/2023,VOL,ST020,QAR,RM.861,Lasagna Bolognese,55,9845,9790,179
08/01/2023,VOL,ST020,QAR,RM.862,Quinoa kale garden greens,50,7550,7550,151
08/01/2023,VOL,ST020,QAR,RM.863,Burrito chicken salad,55,13475,13365,245
08/01/2023,VOL,ST020,QAR,RM.864,croissant basket,45,1260,1260,28
08/01/2023,VOL,ST020,QAR,RM.869,Chicken slider,48,15984,15840,333
08/01/2023,VOL,ST020,QAR,RM.871,French Toast,50,12750,12600,255
08/01/2023,VOL,ST020,QAR,RM.873,Crushed Cookies,50,58400,58300,1168
08/01/2023,VOL,ST020,QAR,RM.3619,Ex/ Tea Bag,5,365,365,73
08/01/2023,VOL,ST020,QAR,RM.3691,extra hot,0,0,0,30
08/01/2023,VOL,ST020,QAR,RM.3692,TAKE AWAY,0,0,0,3
08/01/2023,VOL,ST020,QAR,RM.3695,extra sweet,0,0,0,4
08/01/2023,VOL,ST020,QAR,RM.3696,less sweet,0,0,0,8
08/01/2023,VOL,ST020,QAR,RM.3697,together w food,0,0,0,701
08/01/2023,VOL,ST020,QAR,RM.3698,together w drinks,0,0,0,715
08/01/2023,VOL,ST020,QAR,RM.3699,room temp.,0,0,0,61
08/01/2023,VOL,ST020,QAR,RM.3705,lowfat,0,0,0,28
08/01/2023,VOL,ST020,QAR,RM.3706,decaf,0,0,0,12
08/01/2023,VOL,ST020,QAR,RM.3707,now,0,0,0,5
08/01/2023,VOL,ST020,QAR,RM.3812,Well Done,0,0,0,173
08/01/2023,VOL,ST020,QAR,RM.3814,Medium,0,0,0,105
08/01/2023,VOL,ST020,QAR,RM.3815,Runny,0,0,0,18
08/01/2023,VOL,ST020,QAR,RM.6361,WITH CREAM,0,0,0,44
08/01/2023,VOL,ST020,QAR,RM.6362,WITHOUT CREAM,0,0,0,16
08/01/2023,VOL,ST020,QAR,RM.6363,Almond Milk,0,0,0,68
08/01/2023,VOL,ST020,QAR,RM.6364,Coconut Milk,0,0,0,45
08/01/2023,VOL,ST020,QAR,RM.6374,Soya milk,0,0,0,7
