DATE,BRANCHCODE,WAREHOUSECODE,CURRENCY,ERPCODE,ITEMNAME,RAWPRICE,GROSSAMT,NETVALUE,QTYSOLD
07/01/2023,VOL,ST020,QAR,RM.1,Salmon,14,98,98,7
07/01/2023,VOL,ST020,QAR,RM.2,Bacon,14,126,126,9
07/01/2023,VOL,ST020,QAR,RM.3,Cheese,14,994,994,71
07/01/2023,VOL,ST020,QAR,RM.4,Turkey,14,182,182,13
07/01/2023,VOL,ST020,QAR,RM.5,Extra chicken,10,250,250,25
07/01/2023,VOL,ST020,QAR,RM.6,Egg,6,438,438,73
07/01/2023,VOL,ST020,QAR,RM.7,Mushroom,12,60,60,5
07/01/2023,VOL,ST020,QAR,RM.8,Avocado,12,84,84,7
07/01/2023,VOL,ST020,QAR,RM.62,Halloumi Fries,20,5080,5080,254
07/01/2023,VOL,ST020,QAR,RM.63,Baked Potato Wedges,20,3000,3000,150
07/01/2023,VOL,ST020,QAR,RM.64,French fries,15,9405,9405,632
07/01/2023,VOL,ST020,QAR,RM.125,Small cereal ice cream,7,1015,1015,145
07/01/2023,VOL,ST020,QAR,RM.126,Medium cereal ice cream,15,390,390,27
07/01/2023,VOL,ST020,QAR,RM.127,Mango ice pudding,40,560,560,14
07/01/2023,VOL,ST020,QAR,RM.128,MAHALABIA ICE CREAM,35,3500,3430,101
07/01/2023,VOL,ST020,QAR,RM.129,Affogato,28,3640,3640,130
07/01/2023,VOL,ST020,QAR,RM.157,Slice Tiramisu Portofino,40,18680,18640,467
07/01/2023,VOL,ST020,QAR,RM.181,Espreso,18,2232,2034,125
07/01/2023,VOL,ST020,QAR,RM.182,Double Espreso,20,2200,2200,110
07/01/2023,VOL,ST020,QAR,RM.183,Americano,20,21740,21720,1089
07/01/2023,VOL,ST020,QAR,RM.184,Cappucino,24,31464,31464,1311
07/01/2023,VOL,ST020,QAR,RM.186,Latte Cold,24,3888,3888,162
07/01/2023,VOL,ST020,QAR,RM.187,V60 Pour Over,24,24240,24192,1010
07/01/2023,VOL,ST020,QAR,RM.188,French Press,24,2112,2112,88
07/01/2023,VOL,ST020,QAR,RM.189,Mocha Pot,24,384,384,16
07/01/2023,VOL,ST020,QAR,RM.193,Flat White hot,24,36216,36192,1511
07/01/2023,VOL,ST020,QAR,RM.194,Macciatto,20,500,500,25
07/01/2023,VOL,ST020,QAR,RM.197,Morochino,24,264,264,11
07/01/2023,VOL,ST020,QAR,RM.198,cortado,24,19032,19032,793
07/01/2023,VOL,ST020,QAR,RM.200,Latte Hot,24,15960,15960,665
07/01/2023,VOL,ST020,QAR,RM.201,Milk,20,180,180,10
07/01/2023,VOL,ST020,QAR,RM.206,Double espresso Machiatto,24,216,216,9
07/01/2023,VOL,ST020,QAR,RM.207,Americano ice,20,7220,7180,362
07/01/2023,VOL,ST020,QAR,RM.210,Flatwhite ice,24,1680,1680,70
07/01/2023,VOL,ST020,QAR,RM.211,Volume Special ice,28,392,392,14
07/01/2023,VOL,ST020,QAR,RM.212,Coconut Latte,28,2520,2520,91
07/01/2023,VOL,ST020,QAR,RM.213,Cereal Latte,28,2408,2408,86
07/01/2023,VOL,ST020,QAR,RM.215,Ice Mocha,35,770,770,22
07/01/2023,VOL,ST020,QAR,RM.216,Volume special hot,28,336,336,12
07/01/2023,VOL,ST020,QAR,RM.218,Dulce de leche hot,28,560,560,20
07/01/2023,VOL,ST020,QAR,RM.220,Dulce de Leche ice,28,896,896,32
07/01/2023,VOL,ST020,QAR,RM.221,Drink in Love,28,2688,2688,96
07/01/2023,VOL,ST020,QAR,RM.223,Spanish Ice latte,28,40992,40936,1464
07/01/2023,VOL,ST020,QAR,RM.224,Hot Chocolate,32,4352,4352,137
07/01/2023,VOL,ST020,QAR,RM.227,Spanish hot latte,28,42028,42028,1502
07/01/2023,VOL,ST020,QAR,RM.230,Frappe,28,2576,2548,92
07/01/2023,VOL,ST020,QAR,RM.231,Cinnamon Latte,28,4368,4368,156
07/01/2023,VOL,ST020,QAR,RM.233,Ginger Latte,28,1036,1036,37
07/01/2023,VOL,ST020,QAR,RM.236,Cafe crema,24,72,72,3
07/01/2023,VOL,ST020,QAR,RM.242,Acqua Panna 250ml,17,38539,38462.5,2271
07/01/2023,VOL,ST020,QAR,RM.243,Acqua panna 0.5,25,17250,17175,693
07/01/2023,VOL,ST020,QAR,RM.244,Perrier medium 330ml,19,3097,3078,164
07/01/2023,VOL,ST020,QAR,RM.245,Cola regular,10,6170,6150,617
07/01/2023,VOL,ST020,QAR,RM.246,Coca cola light,10,2990,2980,301
07/01/2023,VOL,ST020,QAR,RM.247,Sprite,10,1680,1680,168
07/01/2023,VOL,ST020,QAR,RM.248,Fanta,10,310,310,31
07/01/2023,VOL,ST020,QAR,RM.250,Highland water 500ml,5,15,0,3
07/01/2023,VOL,ST020,QAR,RM.253,Perrier small 200ml,17,4896,4896,291
07/01/2023,VOL,ST020,QAR,RM.254,Rayyan 750ml,25,16475,16475,660
07/01/2023,VOL,ST020,QAR,RM.255,Rayyan  250ml,17,6035,6026.5,356
07/01/2023,VOL,ST020,QAR,RM.271,Orange Juice,24,21144,21120,887
07/01/2023,VOL,ST020,QAR,RM.273,Lemon Mint Juice,24,10560,10560,440
07/01/2023,VOL,ST020,QAR,RM.275,Carrot Juice,24,1608,1608,67
07/01/2023,VOL,ST020,QAR,RM.331,Chili Lime Fried shirms,45,6705,6693.75,151
07/01/2023,VOL,ST020,QAR,RM.332,Pop Corn Chicken,45,12510,12453.75,278
07/01/2023,VOL,ST020,QAR,RM.333,Chicken Kebab with spicy,48,6720,6624,141
07/01/2023,VOL,ST020,QAR,RM.361,Slice Monkey bread,35,9415,9415,270
07/01/2023,VOL,ST020,QAR,RM.363,Slice Coconut Cake,45,4860,4860,109
07/01/2023,VOL,ST020,QAR,RM.364,Slice Mango cake,45,45180,45090,1004
07/01/2023,VOL,ST020,QAR,RM.366,Kunafa Tres leches Slice,40,2400,2400,60
07/01/2023,VOL,ST020,QAR,RM.367,Chocolate babka,30,4740,4740,159
07/01/2023,VOL,ST020,QAR,RM.368,Slice blueberry cheesecak,40,14640,14480,368
07/01/2023,VOL,ST020,QAR,RM.369,Slice Raspberry swissroll,35,5775,5740,165
07/01/2023,VOL,ST020,QAR,RM.370,slice Victoria cake,35,7105,7070,203
07/01/2023,VOL,ST020,QAR,RM.371,Slice choco swissroll,35,5285,5285,151
07/01/2023,VOL,ST020,QAR,RM.373,Slice Safron Milky Cake,45,11970,11925,266
07/01/2023,VOL,ST020,QAR,RM.374,Zaatar babka,30,2730,2730,92
07/01/2023,VOL,ST020,QAR,RM.375,Caramel Brownie,15,495,495,33
07/01/2023,VOL,ST020,QAR,RM.380,Slice Cereal milky  Cake,40,17760,17760,445
07/01/2023,VOL,ST020,QAR,RM.386,Slice Pecan Carmel Pie,35,6300,6300,180
07/01/2023,VOL,ST020,QAR,RM.388,Slice Chocolate Pudding,45,45720,45720,1017
07/01/2023,VOL,ST020,QAR,RM.389,Slice Honey Pudding,45,44910,44910,1000
07/01/2023,VOL,ST020,QAR,RM.390,ST.DATES CAKE,40,15120,15040,379
07/01/2023,VOL,ST020,QAR,RM.662,Virgin Mojito,35,21105,20895,603
07/01/2023,VOL,ST020,QAR,RM.664,Hawaiian Coconut,35,49700,49560,1420
07/01/2023,VOL,ST020,QAR,RM.671,Berry coconut,35,2905,2905,83
07/01/2023,VOL,ST020,QAR,RM.673,Berry mojito,35,18515,18480,531
07/01/2023,VOL,ST020,QAR,RM.674,Summer drink box {6pcs},245,245,245,1
07/01/2023,VOL,ST020,QAR,RM.676,Lemon ginger Iced tea,29,1653,1653,58
07/01/2023,VOL,ST020,QAR,RM.677,Jade passion Iced tea,29,10933,10933,378
07/01/2023,VOL,ST020,QAR,RM.691,English Breakfast Tea,25,12725,12700,510
07/01/2023,VOL,ST020,QAR,RM.692,Peppermint Tea,25,400,400,16
07/01/2023,VOL,ST020,QAR,RM.693,Earl Grey Tea,25,1075,1075,43
07/01/2023,VOL,ST020,QAR,RM.694,Jasmine Tea,25,1650,1650,66
07/01/2023,VOL,ST020,QAR,RM.695,Organic Green Tea,25,2625,2625,106
07/01/2023,VOL,ST020,QAR,RM.698,Chamomile,25,1225,1225,49
07/01/2023,VOL,ST020,QAR,RM.700,Extra Tea bag,10,240,240,24
07/01/2023,VOL,ST020,QAR,RM.701,Extra Tea Bag,5,5,5,1
07/01/2023,VOL,ST020,QAR,RM.721,Labneh With Zaatar,36,11484,11484,319
07/01/2023,VOL,ST020,QAR,RM.722,Egg Shakshouka,0,4920,4880,125
07/01/2023,VOL,ST020,QAR,RM.723,Eggs Menemen,35,4375,4340,125
07/01/2023,VOL,ST020,QAR,RM.726,Foul with tahini,30,1980,1950,66
07/01/2023,VOL,ST020,QAR,RM.727,Mushroom Egg Benedict,45,16155,16110,359
07/01/2023,VOL,ST020,QAR,RM.728,Stuffed Croissants,30,5010,4980,167
07/01/2023,VOL,ST020,QAR,RM.729,Falafel Peta,55,21725,21615,396
07/01/2023,VOL,ST020,QAR,RM.730,Greek Avocado Toast,49,12544,12544,256
07/01/2023,VOL,ST020,QAR,RM.731,Granola with yogurt,55,8525,8525,155
07/01/2023,VOL,ST020,QAR,RM.737,Egg and cheese slinders,35,7385,7350,211
07/01/2023,VOL,ST020,QAR,RM.739,Pancake rouges,55,6765,6765,123
07/01/2023,VOL,ST020,QAR,RM.740,Breakfast oat porridge,50,2450,2450,49
07/01/2023,VOL,ST020,QAR,RM.741,Plain Croissant,12,1344,1344,113
07/01/2023,VOL,ST020,QAR,RM.742,Zaatar Croissant,14,546,546,40
07/01/2023,VOL,ST020,QAR,RM.743,Cheese Croissant,16,1184,1184,74
07/01/2023,VOL,ST020,QAR,RM.745,Sesame Falafel,50,5300,5300,106
07/01/2023,VOL,ST020,QAR,RM.750,Grilled Halloumi,30,1950,1950,65
07/01/2023,VOL,ST020,QAR,RM.760,Big blueberry cheesecake,360,1800,1800,5
07/01/2023,VOL,ST020,QAR,RM.770,Whole Victoria Cake,200,1200,1200,6
07/01/2023,VOL,ST020,QAR,RM.771,Whole Chocolate Swiss rol,200,600,600,3
07/01/2023,VOL,ST020,QAR,RM.787,Hazelnut Warm chocolate,50,31450,31450,631
07/01/2023,VOL,ST020,QAR,RM.788,Whole hazelnut warm choco,350,1750,1750,5
07/01/2023,VOL,ST020,QAR,RM.811,Big Honey pudding,250,5750,5750,23
07/01/2023,VOL,ST020,QAR,RM.812,Small Honey pudding,100,1700,1700,17
07/01/2023,VOL,ST020,QAR,RM.813,Big Chocolate pudding,350,5600,5600,16
07/01/2023,VOL,ST020,QAR,RM.814,Small Chocolate pudding,180,6120,6120,34
07/01/2023,VOL,ST020,QAR,RM.815,Big Cereal milky cake,250,1000,1000,4
07/01/2023,VOL,ST020,QAR,RM.817,Big Safron milky cake,300,300,300,1
07/01/2023,VOL,ST020,QAR,RM.818,Small Safron milky cake,150,300,300,2
07/01/2023,VOL,ST020,QAR,RM.823,Big Pecan Caramel,350,1400,1400,4
07/01/2023,VOL,ST020,QAR,RM.825, Whole Coconut Cake,360,720,720,2
07/01/2023,VOL,ST020,QAR,RM.826,BIG MANGO CAKE,350,4550,4550,13
07/01/2023,VOL,ST020,QAR,RM.827,EID BOX,390,1170,1170,3
07/01/2023,VOL,ST020,QAR,RM.828,Whole Monkey bread,220,440,440,2
07/01/2023,VOL,ST020,QAR,RM.836,Mix Sandwich box,220,2200,2200,10
07/01/2023,VOL,ST020,QAR,RM.837,Small mango cake,120,4200,4200,35
07/01/2023,VOL,ST020,QAR,RM.838,Mini falafel box,40,1680,1680,42
07/01/2023,VOL,ST020,QAR,RM.839,Whole Portofinol Tiramisu,350,1400,1400,4
07/01/2023,VOL,ST020,QAR,RM.840,Whole Raspberry Swissroll,180,1260,1260,7
07/01/2023,VOL,ST020,QAR,RM.842,Crispy Cheese rolls with,40,2560,2520,66
07/01/2023,VOL,ST020,QAR,RM.844,Honey Mustard Chicken SLD,55,39765,39696.25,723
07/01/2023,VOL,ST020,QAR,RM.845,Smoked Turkey Sandwich,35,3150,3150,90
07/01/2023,VOL,ST020,QAR,RM.846,Roasted Beef Sandwich,65,5655,5525,88
07/01/2023,VOL,ST020,QAR,RM.847,Truffle Slider Burger,50,15200,14987.5,304
07/01/2023,VOL,ST020,QAR,RM.848,Risotto Balls,40,10040,10040,251
07/01/2023,VOL,ST020,QAR,RM.850,Chicken taco,45,5760,5760,129
07/01/2023,VOL,ST020,QAR,RM.852,Chicken spaghetti,60,32880,32850,548
07/01/2023,VOL,ST020,QAR,RM.853,Baked salmon with lemon c,68,5780,5780,85
07/01/2023,VOL,ST020,QAR,RM.855,Marinated Burrata Toast,55,4455,4455,82
07/01/2023,VOL,ST020,QAR,RM.857,Chicken Moussakan roll,45,4500,4443.75,101
07/01/2023,VOL,ST020,QAR,RM.858,Spicy club sandwich,35,25060,25016.25,719
07/01/2023,VOL,ST020,QAR,RM.861,Lasagna Bolognese,55,11000,10890,201
07/01/2023,VOL,ST020,QAR,RM.862,Quinoa kale garden greens,50,9600,9550,192
07/01/2023,VOL,ST020,QAR,RM.863,Burrito chicken salad,55,17160,17091.25,313
07/01/2023,VOL,ST020,QAR,RM.864,croissant basket,45,1710,1710,38
07/01/2023,VOL,ST020,QAR,RM.869,Chicken slider,48,20640,20640,431
07/01/2023,VOL,ST020,QAR,RM.871,French Toast,50,17500,17487.5,351
07/01/2023,VOL,ST020,QAR,RM.873,Crushed Cookies,50,70150,70100,1405
07/01/2023,VOL,ST020,QAR,RM.3603,Ex/ Mushroom,0,0,0,1
07/01/2023,VOL,ST020,QAR,RM.3619,Ex/ Tea Bag,5,65,65,13
07/01/2023,VOL,ST020,QAR,RM.3661,No/ Cheese,0,0,0,4
07/01/2023,VOL,ST020,QAR,RM.3663,No/ Mushroom,0,0,0,2
07/01/2023,VOL,ST020,QAR,RM.3666,No/ Tomato,0,0,0,2
07/01/2023,VOL,ST020,QAR,RM.3691,extra hot,0,0,0,87
07/01/2023,VOL,ST020,QAR,RM.3692,TAKE AWAY,0,0,0,7
07/01/2023,VOL,ST020,QAR,RM.3694,with mint,0,0,0,1
07/01/2023,VOL,ST020,QAR,RM.3695,extra sweet,0,0,0,25
07/01/2023,VOL,ST020,QAR,RM.3696,less sweet,0,0,0,22
07/01/2023,VOL,ST020,QAR,RM.3697,together w food,0,0,0,933
07/01/2023,VOL,ST020,QAR,RM.3698,together w drinks,0,0,0,856
07/01/2023,VOL,ST020,QAR,RM.3699,room temp.,0,0,0,89
07/01/2023,VOL,ST020,QAR,RM.3700,well done,0,0,0,2
07/01/2023,VOL,ST020,QAR,RM.3705,lowfat,0,0,0,90
07/01/2023,VOL,ST020,QAR,RM.3706,decaf,0,0,0,33
07/01/2023,VOL,ST020,QAR,RM.3707,now,0,0,0,2
07/01/2023,VOL,ST020,QAR,RM.3708,less coffee,0,0,0,1
07/01/2023,VOL,ST020,QAR,RM.3711,cake with food,0,0,0,5
07/01/2023,VOL,ST020,QAR,RM.3812,Well Done,0,0,0,168
07/01/2023,VOL,ST020,QAR,RM.3814,Medium,0,0,0,103
07/01/2023,VOL,ST020,QAR,RM.3815,Runny,0,0,0,15
07/01/2023,VOL,ST020,QAR,RM.6361,WITH CREAM,0,0,0,41
07/01/2023,VOL,ST020,QAR,RM.6362,WITHOUT CREAM,0,0,0,23
07/01/2023,VOL,ST020,QAR,RM.6363,Almond Milk,0,0,0,61
07/01/2023,VOL,ST020,QAR,RM.6364,Coconut Milk,0,0,0,36
07/01/2023,VOL,ST020,QAR,RM.6374,Soya milk,0,0,0,13
