DATE,BRANCHCODE,WAREHOUSECODE,CURRENCY,ERPCODE,ITEMNAME,RAWPRICE,GROSSAMT,NETVALUE,QTYSOLD
05/01/2023,VOL,ST020,QAR,RM.1,Salmon,14,140,140,10
05/01/2023,VOL,ST020,QAR,RM.2,Bacon,14,168,168,12
05/01/2023,VOL,ST020,QAR,RM.3,Cheese,14,896,896,64
05/01/2023,VOL,ST020,QAR,RM.4,Turkey,14,336,336,24
05/01/2023,VOL,ST020,QAR,RM.5,Extra chicken,10,150,150,15
05/01/2023,VOL,ST020,QAR,RM.6,Egg,6,492,492,82
05/01/2023,VOL,ST020,QAR,RM.7,Mushroom,12,132,132,11
05/01/2023,VOL,ST020,QAR,RM.8,Avocado,12,192,192,16
05/01/2023,VOL,ST020,QAR,RM.35,EID BOX,390,390,390,1
05/01/2023,VOL,ST020,QAR,RM.62,Halloumi Fries,20,5080,5040,254
05/01/2023,VOL,ST020,QAR,RM.63,Baked Potato Wedges,20,3180,3160,159
05/01/2023,VOL,ST020,QAR,RM.64,French fries,15,9945,9840,663
05/01/2023,VOL,ST020,QAR,RM.125,Small cereal ice cream,7,763,763,109
05/01/2023,VOL,ST020,QAR,RM.126,Medium cereal ice cream,15,90,90,6
05/01/2023,VOL,ST020,QAR,RM.127,Mango ice pudding,40,40,40,1
05/01/2023,VOL,ST020,QAR,RM.128,MAHALABIA ICE CREAM,35,2905,2870,83
05/01/2023,VOL,ST020,QAR,RM.157,Slice Tiramisu Portofino,40,16200,16200,405
05/01/2023,VOL,ST020,QAR,RM.181,Espreso,18,3582,3240,199
05/01/2023,VOL,ST020,QAR,RM.182,Double Espreso,20,2660,2620,133
05/01/2023,VOL,ST020,QAR,RM.183,Americano,20,30040,29940,1502
05/01/2023,VOL,ST020,QAR,RM.184,Cappucino,24,36024,36000,1501
05/01/2023,VOL,ST020,QAR,RM.186,Latte Cold,24,4920,4872,205
05/01/2023,VOL,ST020,QAR,RM.187,V60 Pour Over,24,24384,24312,1016
05/01/2023,VOL,ST020,QAR,RM.188,French Press,24,1896,1896,79
05/01/2023,VOL,ST020,QAR,RM.189,Mocha Pot,24,144,144,6
05/01/2023,VOL,ST020,QAR,RM.193,Flat White hot,24,41808,41784,1742
05/01/2023,VOL,ST020,QAR,RM.194,Macciatto,20,660,660,33
05/01/2023,VOL,ST020,QAR,RM.197,Morochino,24,240,240,10
05/01/2023,VOL,ST020,QAR,RM.198,cortado,24,22800,22752,950
05/01/2023,VOL,ST020,QAR,RM.200,Latte Hot,24,17376,17328,724
05/01/2023,VOL,ST020,QAR,RM.201,Milk,20,300,300,15
05/01/2023,VOL,ST020,QAR,RM.206,Double espresso Machiatto,24,240,240,10
05/01/2023,VOL,ST020,QAR,RM.207,Americano ice,20,6100,6000,305
05/01/2023,VOL,ST020,QAR,RM.210,Flatwhite ice,24,1776,1776,74
05/01/2023,VOL,ST020,QAR,RM.211,Volume Special ice,28,420,392,15
05/01/2023,VOL,ST020,QAR,RM.212,Coconut Latte,28,2240,2240,80
05/01/2023,VOL,ST020,QAR,RM.213,Cereal Latte,28,1988,1988,71
05/01/2023,VOL,ST020,QAR,RM.215,Ice Mocha,35,525,525,15
05/01/2023,VOL,ST020,QAR,RM.216,Volume special hot,28,336,308,12
05/01/2023,VOL,ST020,QAR,RM.218,Dulce de leche hot,28,644,644,23
05/01/2023,VOL,ST020,QAR,RM.220,Dulce de Leche ice,28,644,644,23
05/01/2023,VOL,ST020,QAR,RM.221,Drink in Love,28,2744,2744,98
05/01/2023,VOL,ST020,QAR,RM.223,Spanish Ice latte,28,31864,31836,1138
05/01/2023,VOL,ST020,QAR,RM.224,Hot Chocolate,32,5888,5888,184
05/01/2023,VOL,ST020,QAR,RM.227,Spanish hot latte,28,45920,45752,1640
05/01/2023,VOL,ST020,QAR,RM.230,Frappe,28,2324,2240,83
05/01/2023,VOL,ST020,QAR,RM.231,Cinnamon Latte,28,4480,4480,160
05/01/2023,VOL,ST020,QAR,RM.233,Ginger Latte,28,1092,1092,39
05/01/2023,VOL,ST020,QAR,RM.236,Cafe crema,24,72,72,3
05/01/2023,VOL,ST020,QAR,RM.242,Acqua Panna 250ml,17,48705,48603,2865
05/01/2023,VOL,ST020,QAR,RM.243,Acqua panna 0.5,25,39100,38875,1564
05/01/2023,VOL,ST020,QAR,RM.244,Perrier medium 330ml,19,5624,5605,296
05/01/2023,VOL,ST020,QAR,RM.245,Cola regular,10,5370,5340,537
05/01/2023,VOL,ST020,QAR,RM.246,Coca cola light,10,3890,3890,389
05/01/2023,VOL,ST020,QAR,RM.247,Sprite,10,1500,1500,150
05/01/2023,VOL,ST020,QAR,RM.248,Fanta,10,340,340,34
05/01/2023,VOL,ST020,QAR,RM.250,Highland water 500ml,5,95,0,19
05/01/2023,VOL,ST020,QAR,RM.253,Perrier small 200ml,17,4114,4097,242
05/01/2023,VOL,ST020,QAR,RM.271,Orange Juice,24,20520,20424,855
05/01/2023,VOL,ST020,QAR,RM.273,Lemon Mint Juice,24,12384,12360,516
05/01/2023,VOL,ST020,QAR,RM.275,Carrot Juice,24,2328,2328,97
05/01/2023,VOL,ST020,QAR,RM.331,Chili Lime Fried shirms,45,6795,6750,151
05/01/2023,VOL,ST020,QAR,RM.332,Pop Corn Chicken,45,13995,13815,311
05/01/2023,VOL,ST020,QAR,RM.333,Chicken Kebab with spicy,48,7440,7152,155
05/01/2023,VOL,ST020,QAR,RM.361,Slice Monkey bread,35,10885,10780,311
05/01/2023,VOL,ST020,QAR,RM.363,Slice Coconut Cake,45,5850,5715,130
05/01/2023,VOL,ST020,QAR,RM.364,Slice Mango cake,45,56430,56025,1254
05/01/2023,VOL,ST020,QAR,RM.366,Kunafa Tres leches Slice,40,2280,2280,57
05/01/2023,VOL,ST020,QAR,RM.367,Chocolate babka,30,5310,5250,177
05/01/2023,VOL,ST020,QAR,RM.368,Slice blueberry cheesecak,40,14360,14280,359
05/01/2023,VOL,ST020,QAR,RM.369,Slice Raspberry swissroll,35,6440,6440,184
05/01/2023,VOL,ST020,QAR,RM.370,slice Victoria cake,35,6825,6755,195
05/01/2023,VOL,ST020,QAR,RM.371,Slice choco swissroll,35,5425,5425,155
05/01/2023,VOL,ST020,QAR,RM.373,Slice Safron Milky Cake,45,13230,13185,294
05/01/2023,VOL,ST020,QAR,RM.374,Zaatar babka,30,3120,3120,104
05/01/2023,VOL,ST020,QAR,RM.375,Caramel Brownie,15,1350,1320,90
05/01/2023,VOL,ST020,QAR,RM.380,Slice Cereal milky  Cake,40,20120,20080,503
05/01/2023,VOL,ST020,QAR,RM.386,Slice Pecan Carmel Pie,35,7980,7980,228
05/01/2023,VOL,ST020,QAR,RM.388,Slice Chocolate Pudding,45,48195,48015,1071
05/01/2023,VOL,ST020,QAR,RM.389,Slice Honey Pudding,45,49320,48960,1096
05/01/2023,VOL,ST020,QAR,RM.390,ST.DATES CAKE,40,17120,17080,428
05/01/2023,VOL,ST020,QAR,RM.662,Virgin Mojito,35,20685,20615,591
05/01/2023,VOL,ST020,QAR,RM.664,Hawaiian Coconut,35,58380,58170,1668
05/01/2023,VOL,ST020,QAR,RM.671,Berry coconut,35,2800,2800,80
05/01/2023,VOL,ST020,QAR,RM.673,Berry mojito,35,14455,14420,413
05/01/2023,VOL,ST020,QAR,RM.676,Lemon ginger Iced tea,29,2697,2697,93
05/01/2023,VOL,ST020,QAR,RM.677,Jade passion Iced tea,29,9425,9338,325
05/01/2023,VOL,ST020,QAR,RM.691,English Breakfast Tea,25,14950,14900,598
05/01/2023,VOL,ST020,QAR,RM.692,Peppermint Tea,25,275,275,11
05/01/2023,VOL,ST020,QAR,RM.693,Earl Grey Tea,25,2075,2050,83
05/01/2023,VOL,ST020,QAR,RM.694,Jasmine Tea,25,2250,2250,90
05/01/2023,VOL,ST020,QAR,RM.695,Organic Green Tea,25,3950,3950,158
05/01/2023,VOL,ST020,QAR,RM.697,Lemon Grass tea,25,425,425,17
05/01/2023,VOL,ST020,QAR,RM.698,Chamomile,25,1975,1975,79
05/01/2023,VOL,ST020,QAR,RM.721,Labneh With Zaatar,36,11664,11628,324
05/01/2023,VOL,ST020,QAR,RM.722,Egg Shakshouka,40,5920,5800,148
05/01/2023,VOL,ST020,QAR,RM.723,Eggs Menemen,35,5285,5215,151
05/01/2023,VOL,ST020,QAR,RM.726,Foul with tahini,30,1740,1740,58
05/01/2023,VOL,ST020,QAR,RM.727,Mushroom Egg Benedict,45,23130,23040,514
05/01/2023,VOL,ST020,QAR,RM.728,Stuffed Croissants,30,6090,6090,203
05/01/2023,VOL,ST020,QAR,RM.729,Falafel Peta,55,27445,27170,499
05/01/2023,VOL,ST020,QAR,RM.730,Greek Avocado Toast,49,18032,17983,368
05/01/2023,VOL,ST020,QAR,RM.731,Granola with yogurt,55,10065,9955,183
05/01/2023,VOL,ST020,QAR,RM.737,Egg and cheese slinders,35,8330,8330,238
05/01/2023,VOL,ST020,QAR,RM.739,Pancake rouges,55,6490,6435,118
05/01/2023,VOL,ST020,QAR,RM.740,Breakfast oat porridge,50,4350,4350,87
05/01/2023,VOL,ST020,QAR,RM.741,Plain Croissant,12,1188,1188,99
05/01/2023,VOL,ST020,QAR,RM.742,Zaatar Croissant,14,686,672,49
05/01/2023,VOL,ST020,QAR,RM.743,Cheese Croissant,16,1152,1152,72
05/01/2023,VOL,ST020,QAR,RM.745,Sesame Falafel,50,5950,5950,119
05/01/2023,VOL,ST020,QAR,RM.750,Grilled Halloumi,30,2400,2370,80
05/01/2023,VOL,ST020,QAR,RM.760,Big blueberry cheesecake,360,2520,2520,7
05/01/2023,VOL,ST020,QAR,RM.770,Whole Victoria Cake,200,2000,2000,10
05/01/2023,VOL,ST020,QAR,RM.771,Whole Chocolate Swiss rol,200,1400,1400,7
05/01/2023,VOL,ST020,QAR,RM.787,Hazelnut Warm chocolate,50,29900,29900,598
05/01/2023,VOL,ST020,QAR,RM.788,Whole hazelnut warm choco,350,1750,1750,5
05/01/2023,VOL,ST020,QAR,RM.811,Big Honey pudding,250,7250,7250,29
05/01/2023,VOL,ST020,QAR,RM.812,Small Honey pudding,100,4500,4500,45
05/01/2023,VOL,ST020,QAR,RM.813,Big Chocolate pudding,350,4900,4900,14
05/01/2023,VOL,ST020,QAR,RM.814,Small Chocolate pudding,180,4320,4320,24
05/01/2023,VOL,ST020,QAR,RM.815,Big Cereal milky cake,250,1000,1000,4
05/01/2023,VOL,ST020,QAR,RM.816,Small Cereal milky cake,150,300,300,2
05/01/2023,VOL,ST020,QAR,RM.817,Big Safron milky cake,300,600,600,2
05/01/2023,VOL,ST020,QAR,RM.818,Small Safron milky cake,150,600,600,4
05/01/2023,VOL,ST020,QAR,RM.823,Big Pecan Caramel,350,1750,1750,5
05/01/2023,VOL,ST020,QAR,RM.825, Whole Coconut Cake,360,1800,1800,5
05/01/2023,VOL,ST020,QAR,RM.826,BIG MANGO CAKE,350,4550,4550,13
05/01/2023,VOL,ST020,QAR,RM.828,Whole Monkey bread,220,1760,1760,8
05/01/2023,VOL,ST020,QAR,RM.836,Mix Sandwich box,220,1760,1760,8
05/01/2023,VOL,ST020,QAR,RM.837,Small mango cake,120,3240,3240,27
05/01/2023,VOL,ST020,QAR,RM.838,Mini falafel box,40,1480,1480,37
05/01/2023,VOL,ST020,QAR,RM.839,Whole Portofinol Tiramisu,350,700,700,2
05/01/2023,VOL,ST020,QAR,RM.840,Whole Raspberry Swissroll,180,1440,1440,8
05/01/2023,VOL,ST020,QAR,RM.842,Crispy Cheese rolls with,40,3040,3040,76
05/01/2023,VOL,ST020,QAR,RM.844,Honey Mustard Chicken SLD,55,48620,47778.5,884
05/01/2023,VOL,ST020,QAR,RM.845,Smoked Turkey Sandwich,35,3465,3465,99
05/01/2023,VOL,ST020,QAR,RM.846,Roasted Beef Sandwich,65,10660,10335,164
05/01/2023,VOL,ST020,QAR,RM.847,Truffle Slider Burger,50,15750,15750,315
05/01/2023,VOL,ST020,QAR,RM.848,Risotto Balls,40,10880,10880,272
05/01/2023,VOL,ST020,QAR,RM.850,Chicken taco,45,5535,5535,123
05/01/2023,VOL,ST020,QAR,RM.852,Chicken spaghetti,60,36000,35880,600
05/01/2023,VOL,ST020,QAR,RM.853,Baked salmon with lemon c,68,8228,8041,121
05/01/2023,VOL,ST020,QAR,RM.855,Marinated Burrata Toast,55,4400,4400,80
05/01/2023,VOL,ST020,QAR,RM.857,Chicken Moussakan roll,45,4770,4635,106
05/01/2023,VOL,ST020,QAR,RM.858,Spicy club sandwich,35,30870,30443,882
05/01/2023,VOL,ST020,QAR,RM.861,Lasagna Bolognese,55,11550,11550,210
05/01/2023,VOL,ST020,QAR,RM.862,Quinoa kale garden greens,50,11100,11050,222
05/01/2023,VOL,ST020,QAR,RM.863,Burrito chicken salad,55,19030,18865,346
05/01/2023,VOL,ST020,QAR,RM.864,croissant basket,45,1575,1575,35
05/01/2023,VOL,ST020,QAR,RM.869,Chicken slider,48,18528,18432,386
05/01/2023,VOL,ST020,QAR,RM.871,French Toast,50,16550,16450,331
05/01/2023,VOL,ST020,QAR,RM.873,Crushed Cookies,50,66250,66100,1325
05/01/2023,VOL,ST020,QAR,RM.3661,No/ Cheese,0,0,0,2
05/01/2023,VOL,ST020,QAR,RM.3663,No/ Mushroom,0,0,0,1
05/01/2023,VOL,ST020,QAR,RM.3691,extra hot,0,0,0,67
05/01/2023,VOL,ST020,QAR,RM.3692,TAKE AWAY,0,0,0,5
05/01/2023,VOL,ST020,QAR,RM.3695,extra sweet,0,0,0,7
05/01/2023,VOL,ST020,QAR,RM.3696,less sweet,0,0,0,6
05/01/2023,VOL,ST020,QAR,RM.3697,together w food,0,0,0,906
05/01/2023,VOL,ST020,QAR,RM.3698,together w drinks,0,0,0,881
05/01/2023,VOL,ST020,QAR,RM.3699,room temp.,0,0,0,45
05/01/2023,VOL,ST020,QAR,RM.3700,well done,0,0,0,5
05/01/2023,VOL,ST020,QAR,RM.3705,lowfat,0,0,0,26
05/01/2023,VOL,ST020,QAR,RM.3706,decaf,0,0,0,23
05/01/2023,VOL,ST020,QAR,RM.3707,now,0,0,0,3
05/01/2023,VOL,ST020,QAR,RM.3708,less coffee,0,0,0,1
05/01/2023,VOL,ST020,QAR,RM.3812,Well Done,0,0,0,241
05/01/2023,VOL,ST020,QAR,RM.3814,Medium,0,0,0,166
05/01/2023,VOL,ST020,QAR,RM.3815,Runny,0,0,0,18
05/01/2023,VOL,ST020,QAR,RM.6361,WITH CREAM,0,0,0,42
05/01/2023,VOL,ST020,QAR,RM.6362,WITHOUT CREAM,0,0,0,28
05/01/2023,VOL,ST020,QAR,RM.6363,Almond Milk,0,0,0,92
05/01/2023,VOL,ST020,QAR,RM.6364,Coconut Milk,0,0,0,26
05/01/2023,VOL,ST020,QAR,RM.6374,Soya milk,0,0,0,21
