DATE,BRANCHCODE,WAREHOUSECODE,CURRENCY,ERPCODE,ITEMNAME,RAWPRICE,GROSSAMT,NETVALUE,QTYSOLD
03/01/2023,VOL,ST020,QAR,RM.1,Salmon,14,154,154,11
03/01/2023,VOL,ST020,QAR,RM.2,Bacon,14,140,140,10
03/01/2023,VOL,ST020,QAR,RM.3,Cheese,14,854,854,61
03/01/2023,VOL,ST020,QAR,RM.4,Turkey,14,168,168,12
03/01/2023,VOL,ST020,QAR,RM.5,Extra chicken,10,60,60,6
03/01/2023,VOL,ST020,QAR,RM.6,Egg,6,432,432,72
03/01/2023,VOL,ST020,QAR,RM.7,Mushroom,12,48,48,4
03/01/2023,VOL,ST020,QAR,RM.8,Avocado,12,144,144,12
03/01/2023,VOL,ST020,QAR,RM.35,EID BOX,390,5070,5070,13
03/01/2023,VOL,ST020,QAR,RM.62,Halloumi Fries,20,4160,4160,208
03/01/2023,VOL,ST020,QAR,RM.63,Baked Potato Wedges,20,2500,2500,125
03/01/2023,VOL,ST020,QAR,RM.64,French fries,15,8190,8145,546
03/01/2023,VOL,ST020,QAR,RM.125,Small cereal ice cream,7,1085,1078,155
03/01/2023,VOL,ST020,QAR,RM.126,Medium cereal ice cream,15,120,120,8
03/01/2023,VOL,ST020,QAR,RM.127,Mango ice pudding,40,400,400,10
03/01/2023,VOL,ST020,QAR,RM.157,Slice Tiramisu Portofino,40,18120,18080,453
03/01/2023,VOL,ST020,QAR,RM.181,Espreso,18,3906,3726,217
03/01/2023,VOL,ST020,QAR,RM.182,Double Espreso,20,3060,3060,153
03/01/2023,VOL,ST020,QAR,RM.183,Americano,20,29640,29600,1482
03/01/2023,VOL,ST020,QAR,RM.184,Cappucino,24,40848,40824,1702
03/01/2023,VOL,ST020,QAR,RM.186,Latte Cold,24,3792,3768,158
03/01/2023,VOL,ST020,QAR,RM.187,V60 Pour Over,24,27744,27672,1156
03/01/2023,VOL,ST020,QAR,RM.188,French Press,24,1968,1968,82
03/01/2023,VOL,ST020,QAR,RM.189,Mocha Pot,24,288,288,12
03/01/2023,VOL,ST020,QAR,RM.193,Flat White hot,24,42528,42528,1772
03/01/2023,VOL,ST020,QAR,RM.194,Macciatto,20,860,860,43
03/01/2023,VOL,ST020,QAR,RM.197,Morochino,24,312,312,13
03/01/2023,VOL,ST020,QAR,RM.198,cortado,24,19416,19416,809
03/01/2023,VOL,ST020,QAR,RM.200,Latte Hot,24,22032,21912,918
03/01/2023,VOL,ST020,QAR,RM.201,Milk,20,480,480,24
03/01/2023,VOL,ST020,QAR,RM.206,Double espresso Machiatto,24,456,456,19
03/01/2023,VOL,ST020,QAR,RM.207,Americano ice,20,4460,4420,223
03/01/2023,VOL,ST020,QAR,RM.210,Flatwhite ice,24,1032,1032,43
03/01/2023,VOL,ST020,QAR,RM.211,Volume Special ice,28,476,476,17
03/01/2023,VOL,ST020,QAR,RM.212,Coconut Latte,28,2268,2268,81
03/01/2023,VOL,ST020,QAR,RM.213,Cereal Latte,28,2716,2716,97
03/01/2023,VOL,ST020,QAR,RM.215,Ice Mocha,35,665,665,19
03/01/2023,VOL,ST020,QAR,RM.216,Volume special hot,28,532,532,19
03/01/2023,VOL,ST020,QAR,RM.218,Dulce de leche hot,28,784,784,28
03/01/2023,VOL,ST020,QAR,RM.220,Dulce de Leche ice,28,504,504,18
03/01/2023,VOL,ST020,QAR,RM.221,Drink in Love,28,1120,1120,40
03/01/2023,VOL,ST020,QAR,RM.223,Spanish Ice latte,28,24500,24500,875
03/01/2023,VOL,ST020,QAR,RM.224,Hot Chocolate,32,4928,4928,154
03/01/2023,VOL,ST020,QAR,RM.227,Spanish hot latte,28,44212,44184,1579
03/01/2023,VOL,ST020,QAR,RM.230,Frappe,28,3472,3472,124
03/01/2023,VOL,ST020,QAR,RM.231,Cinnamon Latte,28,5712,5712,204
03/01/2023,VOL,ST020,QAR,RM.233,Ginger Latte,28,1456,1456,52
03/01/2023,VOL,ST020,QAR,RM.236,Cafe crema,24,72,72,3
03/01/2023,VOL,ST020,QAR,RM.242,Acqua Panna 250ml,17,45356,45305,2668
03/01/2023,VOL,ST020,QAR,RM.243,Acqua panna 0.5,25,25000,25000,1000
03/01/2023,VOL,ST020,QAR,RM.244,Perrier medium 330ml,19,2508,2508,132
03/01/2023,VOL,ST020,QAR,RM.245,Cola regular,10,4230,4200,423
03/01/2023,VOL,ST020,QAR,RM.246,Coca cola light,10,2070,2070,207
03/01/2023,VOL,ST020,QAR,RM.247,Sprite,10,1700,1700,170
03/01/2023,VOL,ST020,QAR,RM.248,Fanta,10,390,390,39
03/01/2023,VOL,ST020,QAR,RM.250,Highland water 500ml,5,15,0,3
03/01/2023,VOL,ST020,QAR,RM.253,Perrier small 200ml,17,4539,4539,267
03/01/2023,VOL,ST020,QAR,RM.271,Orange Juice,24,12504,12504,521
03/01/2023,VOL,ST020,QAR,RM.273,Lemon Mint Juice,24,10488,10488,437
03/01/2023,VOL,ST020,QAR,RM.275,Carrot Juice,24,1632,1632,68
03/01/2023,VOL,ST020,QAR,RM.361,Slice Monkey bread,35,15120,15085,432
03/01/2023,VOL,ST020,QAR,RM.363,Slice Coconut Cake,45,6660,6615,148
03/01/2023,VOL,ST020,QAR,RM.364,Slice Mango cake,45,47790,47700,1062
03/01/2023,VOL,ST020,QAR,RM.366,Kunafa Tres leches Slice,40,2000,1960,50
03/01/2023,VOL,ST020,QAR,RM.367,Chocolate babka,30,7140,7050,238
03/01/2023,VOL,ST020,QAR,RM.368,Slice blueberry cheesecak,40,18160,18160,454
03/01/2023,VOL,ST020,QAR,RM.369,Slice Raspberry swissroll,35,6440,6440,184
03/01/2023,VOL,ST020,QAR,RM.370,slice Victoria cake,35,8925,8925,255
03/01/2023,VOL,ST020,QAR,RM.371,Slice choco swissroll,35,5950,5950,170
03/01/2023,VOL,ST020,QAR,RM.373,Slice Safron Milky Cake,45,10215,10215,227
03/01/2023,VOL,ST020,QAR,RM.374,Zaatar babka,30,4110,4110,137
03/01/2023,VOL,ST020,QAR,RM.375,Caramel Brownie,15,1035,1035,69
03/01/2023,VOL,ST020,QAR,RM.380,Slice Cereal milky  Cake,40,14880,14800,372
03/01/2023,VOL,ST020,QAR,RM.386,Slice Pecan Carmel Pie,35,9310,9275,266
03/01/2023,VOL,ST020,QAR,RM.388,Slice Chocolate Pudding,45,43380,43245,964
03/01/2023,VOL,ST020,QAR,RM.389,Slice Honey Pudding,45,45450,45405,1010
03/01/2023,VOL,ST020,QAR,RM.390,ST.DATES CAKE,40,17120,17120,428
03/01/2023,VOL,ST020,QAR,RM.662,Virgin Mojito,35,13930,13930,398
03/01/2023,VOL,ST020,QAR,RM.664,Hawaiian Coconut,35,27615,27580,789
03/01/2023,VOL,ST020,QAR,RM.671,Berry coconut,35,2660,2660,76
03/01/2023,VOL,ST020,QAR,RM.673,Berry mojito,35,13300,13300,380
03/01/2023,VOL,ST020,QAR,RM.676,Lemon ginger Iced tea,29,2349,2349,81
03/01/2023,VOL,ST020,QAR,RM.677,Jade passion Iced tea,29,6670,6670,230
03/01/2023,VOL,ST020,QAR,RM.691,English Breakfast Tea,25,15925,15925,637
03/01/2023,VOL,ST020,QAR,RM.692,Peppermint Tea,25,325,325,13
03/01/2023,VOL,ST020,QAR,RM.693,Earl Grey Tea,25,1800,1800,72
03/01/2023,VOL,ST020,QAR,RM.694,Jasmine Tea,25,2300,2300,92
03/01/2023,VOL,ST020,QAR,RM.695,Organic Green Tea,25,3825,3825,153
03/01/2023,VOL,ST020,QAR,RM.697,Lemon Grass tea,25,825,825,33
03/01/2023,VOL,ST020,QAR,RM.698,Chamomile,25,1900,1900,76
03/01/2023,VOL,ST020,QAR,RM.721,Labneh With Zaatar,36,10584,10584,294
03/01/2023,VOL,ST020,QAR,RM.727,Mushroom Egg Benedict,45,16290,16290,362
03/01/2023,VOL,ST020,QAR,RM.728,Stuffed Croissants,30,6180,6180,206
03/01/2023,VOL,ST020,QAR,RM.729,Falafel Peta,55,20075,20075,365
03/01/2023,VOL,ST020,QAR,RM.730,Greek Avocado Toast,49,13916,13867,284
03/01/2023,VOL,ST020,QAR,RM.731,Granola with yogurt,55,5225,5225,95
03/01/2023,VOL,ST020,QAR,RM.737,Egg and cheese slinders,35,9380,9380,268
03/01/2023,VOL,ST020,QAR,RM.738,Berry smoothie,55,330,330,6
03/01/2023,VOL,ST020,QAR,RM.739,Pancake rouges,55,7810,7810,142
03/01/2023,VOL,ST020,QAR,RM.740,Breakfast oat porridge,50,2200,2200,44
03/01/2023,VOL,ST020,QAR,RM.741,Plain Croissant,12,1416,1416,118
03/01/2023,VOL,ST020,QAR,RM.742,Zaatar Croissant,14,630,630,45
03/01/2023,VOL,ST020,QAR,RM.743,Cheese Croissant,16,1792,1792,112
03/01/2023,VOL,ST020,QAR,RM.744,Crispy Sweet Corn,55,2420,2420,44
03/01/2023,VOL,ST020,QAR,RM.745,Sesame Falafel,50,6850,6850,137
03/01/2023,VOL,ST020,QAR,RM.746,Baked Feta on Citrus Toma,55,5280,5280,96
03/01/2023,VOL,ST020,QAR,RM.770,Whole Victoria Cake,200,800,800,4
03/01/2023,VOL,ST020,QAR,RM.771,Whole Chocolate Swiss rol,200,800,800,4
03/01/2023,VOL,ST020,QAR,RM.772,Small Mango Trifle,180,6840,6840,38
03/01/2023,VOL,ST020,QAR,RM.774,Big Mango Triffle,280,9240,9240,33
03/01/2023,VOL,ST020,QAR,RM.775,Whole Kunafa Tres leches,350,3500,3500,10
03/01/2023,VOL,ST020,QAR,RM.781,Winter hot choco,28,12488,12488,446
03/01/2023,VOL,ST020,QAR,RM.783,Chouquette,35,175,175,5
03/01/2023,VOL,ST020,QAR,RM.784,Mini Pancakes,40,7320,7320,183
03/01/2023,VOL,ST020,QAR,RM.785,Box winter chocolate,180,180,180,1
03/01/2023,VOL,ST020,QAR,RM.787,Hazelnut Warm chocolate,50,32750,32650,655
03/01/2023,VOL,ST020,QAR,RM.788,Whole hazelnut warm choco,350,1400,1400,4
03/01/2023,VOL,ST020,QAR,RM.811,Big Honey pudding,250,7250,7250,29
03/01/2023,VOL,ST020,QAR,RM.812,Small Honey pudding,100,4800,4800,48
03/01/2023,VOL,ST020,QAR,RM.813,Big Chocolate pudding,350,4550,4550,13
03/01/2023,VOL,ST020,QAR,RM.814,Small Chocolate pudding,180,2340,2340,13
03/01/2023,VOL,ST020,QAR,RM.815,Big Cereal milky cake,250,1000,1000,4
03/01/2023,VOL,ST020,QAR,RM.816,Small Cereal milky cake,150,150,150,1
03/01/2023,VOL,ST020,QAR,RM.818,Small Safron milky cake,150,900,900,6
03/01/2023,VOL,ST020,QAR,RM.823,Big Pecan Caramel,350,1750,1750,5
03/01/2023,VOL,ST020,QAR,RM.825, Whole Coconut Cake,360,1800,1800,5
03/01/2023,VOL,ST020,QAR,RM.826,BIG MANGO CAKE,350,8050,8050,23
03/01/2023,VOL,ST020,QAR,RM.827,EID BOX,390,390,390,1
03/01/2023,VOL,ST020,QAR,RM.828,Whole Monkey bread,220,1540,1540,7
03/01/2023,VOL,ST020,QAR,RM.829,Molten Rahash,250,4250,4250,17
03/01/2023,VOL,ST020,QAR,RM.836,Mix Sandwich box,220,660,660,3
03/01/2023,VOL,ST020,QAR,RM.837,Small mango cake,120,4560,4560,38
03/01/2023,VOL,ST020,QAR,RM.838,Mini falafel box,40,120,120,3
03/01/2023,VOL,ST020,QAR,RM.839,Whole Portofinol Tiramisu,350,350,350,1
03/01/2023,VOL,ST020,QAR,RM.840,Whole Raspberry Swissroll,180,900,900,5
03/01/2023,VOL,ST020,QAR,RM.842,Crispy Cheese rolls with,40,960,800,24
03/01/2023,VOL,ST020,QAR,RM.844,Honey Mustard Chicken SLD,55,20900,20570,380
03/01/2023,VOL,ST020,QAR,RM.845,Smoked Turkey Sandwich,35,2800,2800,80
03/01/2023,VOL,ST020,QAR,RM.846,Roasted Beef Sandwich,65,5460,5395,84
03/01/2023,VOL,ST020,QAR,RM.847,Truffle Slider Burger,50,11250,11100,225
03/01/2023,VOL,ST020,QAR,RM.848,Risotto Balls,40,7240,7200,181
03/01/2023,VOL,ST020,QAR,RM.850,Chicken taco,45,4590,4590,102
03/01/2023,VOL,ST020,QAR,RM.852,Chicken spaghetti,60,21660,21660,361
03/01/2023,VOL,ST020,QAR,RM.853,Baked salmon with lemon c,68,6392,6392,94
03/01/2023,VOL,ST020,QAR,RM.854,Grilled Chicken Breast wi,58,5452,5394,94
03/01/2023,VOL,ST020,QAR,RM.855,Marinated Burrata Toast,55,3685,3685,67
03/01/2023,VOL,ST020,QAR,RM.856,Asia Beef Salad,58,2320,2320,40
03/01/2023,VOL,ST020,QAR,RM.857,Chicken Moussakan roll,45,1800,1620,40
03/01/2023,VOL,ST020,QAR,RM.858,Spicy club sandwich,35,19950,19845,570
03/01/2023,VOL,ST020,QAR,RM.861,Lasagna Bolognese,55,9460,9460,172
03/01/2023,VOL,ST020,QAR,RM.862,Quinoa kale garden greens,50,6700,6700,134
03/01/2023,VOL,ST020,QAR,RM.863,Burrito chicken salad,55,10780,10780,196
03/01/2023,VOL,ST020,QAR,RM.864,croissant basket,45,2025,2025,45
03/01/2023,VOL,ST020,QAR,RM.869,Chicken slider,48,14928,14784,311
03/01/2023,VOL,ST020,QAR,RM.871,French Toast,50,15150,15150,303
03/01/2023,VOL,ST020,QAR,RM.873,Crushed Cookies,50,56450,56450,1129
03/01/2023,VOL,ST020,QAR,RM.3691,extra hot,0,0,0,112
03/01/2023,VOL,ST020,QAR,RM.3692,TAKE AWAY,0,0,0,1
03/01/2023,VOL,ST020,QAR,RM.3695,extra sweet,0,0,0,13
03/01/2023,VOL,ST020,QAR,RM.3696,less sweet,0,0,0,18
03/01/2023,VOL,ST020,QAR,RM.3697,together w food,0,0,0,352
03/01/2023,VOL,ST020,QAR,RM.3698,together w drinks,0,0,0,361
03/01/2023,VOL,ST020,QAR,RM.3699,room temp.,0,0,0,118
03/01/2023,VOL,ST020,QAR,RM.3705,lowfat,0,0,0,49
03/01/2023,VOL,ST020,QAR,RM.3706,decaf,0,0,0,33
03/01/2023,VOL,ST020,QAR,RM.3707,now,0,0,0,12
03/01/2023,VOL,ST020,QAR,RM.3711,cake with food,0,0,0,5
03/01/2023,VOL,ST020,QAR,RM.3812,Well Done,0,0,0,168
03/01/2023,VOL,ST020,QAR,RM.3814,Medium,0,0,0,142
03/01/2023,VOL,ST020,QAR,RM.3815,Runny,0,0,0,16
03/01/2023,VOL,ST020,QAR,RM.6309,COLD,0,0,0,1
03/01/2023,VOL,ST020,QAR,RM.6361,WITH CREAM,0,0,0,21
03/01/2023,VOL,ST020,QAR,RM.6362,WITHOUT CREAM,0,0,0,13
03/01/2023,VOL,ST020,QAR,RM.6363,Almond Milk,0,0,0,88
03/01/2023,VOL,ST020,QAR,RM.6364,Coconut Milk,0,0,0,34
03/01/2023,VOL,ST020,QAR,RM.6374,Soya milk,0,0,0,15
