DATE,BRANCHCODE,WAREHOUSECODE,CURRENCY,ERPCODE,ITEMNAME,RAWPRICE,GROSSAMT,NETVALUE,QTYSOLD
02/01/2023,VOL,ST020,QAR,RM.1,Salmon,14,154,154,11
02/01/2023,VOL,ST020,QAR,RM.2,Bacon,14,210,210,15
02/01/2023,VOL,ST020,QAR,RM.3,Cheese,14,952,952,68
02/01/2023,VOL,ST020,QAR,RM.4,Turkey,14,224,224,16
02/01/2023,VOL,ST020,QAR,RM.5,Extra chicken,10,110,110,11
02/01/2023,VOL,ST020,QAR,RM.6,Egg,6,726,726,121
02/01/2023,VOL,ST020,QAR,RM.7,Mushroom,12,96,96,8
02/01/2023,VOL,ST020,QAR,RM.8,Avocado,12,144,144,12
02/01/2023,VOL,ST020,QAR,RM.62,Halloumi Fries,20,4080,4020,204
02/01/2023,VOL,ST020,QAR,RM.63,Baked Potato Wedges,20,3160,3160,158
02/01/2023,VOL,ST020,QAR,RM.64,French fries,15,7680,7650,512
02/01/2023,VOL,ST020,QAR,RM.125,Small cereal ice cream,7,763,763,109
02/01/2023,VOL,ST020,QAR,RM.126,Medium cereal ice cream,15,90,90,6
02/01/2023,VOL,ST020,QAR,RM.127,Mango ice pudding,40,320,320,8
02/01/2023,VOL,ST020,QAR,RM.157,Slice Tiramisu Portofino,40,21360,21320,534
02/01/2023,VOL,ST020,QAR,RM.181,Espreso,18,3672,3564,204
02/01/2023,VOL,ST020,QAR,RM.182,Double Espreso,20,3360,3340,168
02/01/2023,VOL,ST020,QAR,RM.183,Americano,20,33140,33060,1657
02/01/2023,VOL,ST020,QAR,RM.184,Cappucino,24,42408,42312,1767
02/01/2023,VOL,ST020,QAR,RM.186,Latte Cold,24,2088,2088,87
02/01/2023,VOL,ST020,QAR,RM.187,V60 Pour Over,24,24960,24912,1040
02/01/2023,VOL,ST020,QAR,RM.188,French Press,24,2232,2232,93
02/01/2023,VOL,ST020,QAR,RM.189,Mocha Pot,24,384,384,16
02/01/2023,VOL,ST020,QAR,RM.193,Flat White hot,24,45744,45696,1906
02/01/2023,VOL,ST020,QAR,RM.194,Macciatto,20,940,920,47
02/01/2023,VOL,ST020,QAR,RM.197,Morochino,24,336,312,14
02/01/2023,VOL,ST020,QAR,RM.198,cortado,24,22680,22680,945
02/01/2023,VOL,ST020,QAR,RM.200,Latte Hot,24,23568,23568,982
02/01/2023,VOL,ST020,QAR,RM.201,Milk,20,320,320,16
02/01/2023,VOL,ST020,QAR,RM.206,Double espresso Machiatto,24,504,504,21
02/01/2023,VOL,ST020,QAR,RM.207,Americano ice,20,2460,2460,123
02/01/2023,VOL,ST020,QAR,RM.210,Flatwhite ice,24,624,624,26
02/01/2023,VOL,ST020,QAR,RM.211,Volume Special ice,28,336,336,12
02/01/2023,VOL,ST020,QAR,RM.212,Coconut Latte,28,2100,2100,75
02/01/2023,VOL,ST020,QAR,RM.213,Cereal Latte,28,1372,1344,49
02/01/2023,VOL,ST020,QAR,RM.215,Ice Mocha,35,560,560,16
02/01/2023,VOL,ST020,QAR,RM.216,Volume special hot,28,532,532,19
02/01/2023,VOL,ST020,QAR,RM.218,Dulce de leche hot,28,728,728,26
02/01/2023,VOL,ST020,QAR,RM.220,Dulce de Leche ice,28,252,252,9
02/01/2023,VOL,ST020,QAR,RM.221,Drink in Love,28,2044,2016,73
02/01/2023,VOL,ST020,QAR,RM.223,Spanish Ice latte,28,16548,16520,591
02/01/2023,VOL,ST020,QAR,RM.224,Hot Chocolate,32,2432,2432,76
02/01/2023,VOL,ST020,QAR,RM.227,Spanish hot latte,28,50680,50540,1810
02/01/2023,VOL,ST020,QAR,RM.230,Frappe,28,1512,1512,54
02/01/2023,VOL,ST020,QAR,RM.231,Cinnamon Latte,28,6244,6244,223
02/01/2023,VOL,ST020,QAR,RM.233,Ginger Latte,28,1708,1680,61
02/01/2023,VOL,ST020,QAR,RM.236,Cafe crema,24,72,72,3
02/01/2023,VOL,ST020,QAR,RM.242,Acqua Panna 250ml,17,49691,49623,2923
02/01/2023,VOL,ST020,QAR,RM.243,Acqua panna 0.5,25,26475,26475,1059
02/01/2023,VOL,ST020,QAR,RM.244,Perrier medium 330ml,19,2584,2584,136
02/01/2023,VOL,ST020,QAR,RM.245,Cola regular,10,4140,4110,414
02/01/2023,VOL,ST020,QAR,RM.246,Coca cola light,10,2630,2630,263
02/01/2023,VOL,ST020,QAR,RM.247,Sprite,10,1440,1440,144
02/01/2023,VOL,ST020,QAR,RM.248,Fanta,10,400,400,40
02/01/2023,VOL,ST020,QAR,RM.250,Highland water 500ml,5,15,0,3
02/01/2023,VOL,ST020,QAR,RM.253,Perrier small 200ml,17,4964,4964,292
02/01/2023,VOL,ST020,QAR,RM.271,Orange Juice,24,15312,15288,638
02/01/2023,VOL,ST020,QAR,RM.273,Lemon Mint Juice,24,8328,8328,347
02/01/2023,VOL,ST020,QAR,RM.275,Carrot Juice,24,1584,1584,66
02/01/2023,VOL,ST020,QAR,RM.361,Slice Monkey bread,35,13440,13440,384
02/01/2023,VOL,ST020,QAR,RM.363,Slice Coconut Cake,45,6120,6075,136
02/01/2023,VOL,ST020,QAR,RM.364,Slice Mango cake,45,41895,41715,931
02/01/2023,VOL,ST020,QAR,RM.367,Chocolate babka,30,5430,5370,181
02/01/2023,VOL,ST020,QAR,RM.368,Slice blueberry cheesecak,40,19960,19920,499
02/01/2023,VOL,ST020,QAR,RM.369,Slice Raspberry swissroll,35,6895,6895,197
02/01/2023,VOL,ST020,QAR,RM.370,slice Victoria cake,35,9240,9205,264
02/01/2023,VOL,ST020,QAR,RM.371,Slice choco swissroll,35,5740,5670,164
02/01/2023,VOL,ST020,QAR,RM.373,Slice Safron Milky Cake,45,11475,11475,255
02/01/2023,VOL,ST020,QAR,RM.374,Zaatar babka,30,3300,3270,110
02/01/2023,VOL,ST020,QAR,RM.375,Caramel Brownie,15,1530,1530,102
02/01/2023,VOL,ST020,QAR,RM.380,Slice Cereal milky  Cake,40,14160,14160,354
02/01/2023,VOL,ST020,QAR,RM.386,Slice Pecan Carmel Pie,35,5985,5985,171
02/01/2023,VOL,ST020,QAR,RM.388,Slice Chocolate Pudding,45,35415,35280,787
02/01/2023,VOL,ST020,QAR,RM.389,Slice Honey Pudding,45,46260,46170,1028
02/01/2023,VOL,ST020,QAR,RM.390,ST.DATES CAKE,40,17960,17960,449
02/01/2023,VOL,ST020,QAR,RM.662,Virgin Mojito,35,11830,11760,338
02/01/2023,VOL,ST020,QAR,RM.664,Hawaiian Coconut,35,24290,24220,694
02/01/2023,VOL,ST020,QAR,RM.671,Berry coconut,35,1995,1995,57
02/01/2023,VOL,ST020,QAR,RM.673,Berry mojito,35,8855,8855,253
02/01/2023,VOL,ST020,QAR,RM.676,Lemon ginger Iced tea,29,1595,1537,55
02/01/2023,VOL,ST020,QAR,RM.677,Jade passion Iced tea,29,5655,5655,195
02/01/2023,VOL,ST020,QAR,RM.691,English Breakfast Tea,25,18650,18650,746
02/01/2023,VOL,ST020,QAR,RM.692,Peppermint Tea,25,675,675,27
02/01/2023,VOL,ST020,QAR,RM.693,Earl Grey Tea,25,1875,1875,75
02/01/2023,VOL,ST020,QAR,RM.694,Jasmine Tea,25,2675,2675,107
02/01/2023,VOL,ST020,QAR,RM.695,Organic Green Tea,25,4300,4300,172
02/01/2023,VOL,ST020,QAR,RM.697,Lemon Grass tea,25,800,800,32
02/01/2023,VOL,ST020,QAR,RM.698,Chamomile,25,1900,1900,76
02/01/2023,VOL,ST020,QAR,RM.721,Labneh With Zaatar,36,10944,10944,304
02/01/2023,VOL,ST020,QAR,RM.727,Mushroom Egg Benedict,45,20655,20655,459
02/01/2023,VOL,ST020,QAR,RM.728,Stuffed Croissants,30,6570,6540,219
02/01/2023,VOL,ST020,QAR,RM.729,Falafel Peta,55,22660,22550,412
02/01/2023,VOL,ST020,QAR,RM.730,Greek Avocado Toast,49,14210,14210,290
02/01/2023,VOL,ST020,QAR,RM.731,Granola with yogurt,55,7370,7370,134
02/01/2023,VOL,ST020,QAR,RM.737,Egg and cheese slinders,35,9485,9485,271
02/01/2023,VOL,ST020,QAR,RM.738,Berry smoothie,55,330,330,6
02/01/2023,VOL,ST020,QAR,RM.739,Pancake rouges,55,6105,5995,111
02/01/2023,VOL,ST020,QAR,RM.740,Breakfast oat porridge,50,2400,2400,48
02/01/2023,VOL,ST020,QAR,RM.741,Plain Croissant,12,1512,1512,126
02/01/2023,VOL,ST020,QAR,RM.742,Zaatar Croissant,14,574,574,41
02/01/2023,VOL,ST020,QAR,RM.743,Cheese Croissant,16,1408,1408,88
02/01/2023,VOL,ST020,QAR,RM.744,Crispy Sweet Corn,55,4180,4125,76
02/01/2023,VOL,ST020,QAR,RM.745,Sesame Falafel,50,6850,6850,137
02/01/2023,VOL,ST020,QAR,RM.746,Baked Feta on Citrus Toma,55,6050,5995,110
02/01/2023,VOL,ST020,QAR,RM.770,Whole Victoria Cake,200,400,400,2
02/01/2023,VOL,ST020,QAR,RM.771,Whole Chocolate Swiss rol,200,200,200,1
02/01/2023,VOL,ST020,QAR,RM.781,Winter hot choco,28,41748,41720,1491
02/01/2023,VOL,ST020,QAR,RM.783,Chouquette,35,595,595,17
02/01/2023,VOL,ST020,QAR,RM.784,Mini Pancakes,40,8920,8920,223
02/01/2023,VOL,ST020,QAR,RM.785,Box winter chocolate,180,180,180,1
02/01/2023,VOL,ST020,QAR,RM.787,Hazelnut Warm chocolate,50,34500,34450,690
02/01/2023,VOL,ST020,QAR,RM.811,Big Honey pudding,250,250,250,1
02/01/2023,VOL,ST020,QAR,RM.816,Small Cereal milky cake,150,150,150,1
02/01/2023,VOL,ST020,QAR,RM.823,Big Pecan Caramel,350,350,350,1
02/01/2023,VOL,ST020,QAR,RM.825, Whole Coconut Cake,360,1080,1080,3
02/01/2023,VOL,ST020,QAR,RM.827,EID BOX,390,390,0,1
02/01/2023,VOL,ST020,QAR,RM.836,Mix Sandwich box,220,220,0,1
02/01/2023,VOL,ST020,QAR,RM.840,Whole Raspberry Swissroll,180,360,360,2
02/01/2023,VOL,ST020,QAR,RM.844,Honey Mustard Chicken SLD,55,22220,22165,404
02/01/2023,VOL,ST020,QAR,RM.845,Smoked Turkey Sandwich,35,2870,2870,82
02/01/2023,VOL,ST020,QAR,RM.846,Roasted Beef Sandwich,65,6890,6890,106
02/01/2023,VOL,ST020,QAR,RM.847,Truffle Slider Burger,50,12450,12450,249
02/01/2023,VOL,ST020,QAR,RM.848,Risotto Balls,40,9000,9000,225
02/01/2023,VOL,ST020,QAR,RM.850,Chicken taco,45,5265,5265,117
02/01/2023,VOL,ST020,QAR,RM.852,Chicken spaghetti,60,25020,24960,417
02/01/2023,VOL,ST020,QAR,RM.853,Baked salmon with lemon c,68,6052,5984,89
02/01/2023,VOL,ST020,QAR,RM.854,Grilled Chicken Breast wi,58,7134,7076,123
02/01/2023,VOL,ST020,QAR,RM.855,Marinated Burrata Toast,55,3850,3795,70
02/01/2023,VOL,ST020,QAR,RM.856,Asia Beef Salad,58,2784,2726,48
02/01/2023,VOL,ST020,QAR,RM.858,Spicy club sandwich,35,18620,18515,532
02/01/2023,VOL,ST020,QAR,RM.861,Lasagna Bolognese,55,9240,9130,168
02/01/2023,VOL,ST020,QAR,RM.862,Quinoa kale garden greens,50,7550,7550,151
02/01/2023,VOL,ST020,QAR,RM.863,Burrito chicken salad,55,9955,9900,181
02/01/2023,VOL,ST020,QAR,RM.864,croissant basket,45,3285,3285,73
02/01/2023,VOL,ST020,QAR,RM.869,Chicken slider,48,15600,15600,325
02/01/2023,VOL,ST020,QAR,RM.871,French Toast,50,16400,16400,328
02/01/2023,VOL,ST020,QAR,RM.873,Crushed Cookies,50,57600,57400,1152
02/01/2023,VOL,ST020,QAR,RM.3691,extra hot,0,0,0,108
02/01/2023,VOL,ST020,QAR,RM.3692,TAKE AWAY,0,0,0,4
02/01/2023,VOL,ST020,QAR,RM.3694,with mint,0,0,0,1
02/01/2023,VOL,ST020,QAR,RM.3695,extra sweet,0,0,0,15
02/01/2023,VOL,ST020,QAR,RM.3696,less sweet,0,0,0,12
02/01/2023,VOL,ST020,QAR,RM.3697,together w food,0,0,0,539
02/01/2023,VOL,ST020,QAR,RM.3698,together w drinks,0,0,0,516
02/01/2023,VOL,ST020,QAR,RM.3699,room temp.,0,0,0,177
02/01/2023,VOL,ST020,QAR,RM.3703,all to go,0,0,0,1
02/01/2023,VOL,ST020,QAR,RM.3705,lowfat,0,0,0,60
02/01/2023,VOL,ST020,QAR,RM.3706,decaf,0,0,0,26
02/01/2023,VOL,ST020,QAR,RM.3707,now,0,0,0,7
02/01/2023,VOL,ST020,QAR,RM.3708,less coffee,0,0,0,2
02/01/2023,VOL,ST020,QAR,RM.3710,xtra dressing,0,0,0,1
02/01/2023,VOL,ST020,QAR,RM.3711,cake with food,0,0,0,6
02/01/2023,VOL,ST020,QAR,RM.3812,Well Done,0,0,0,236
02/01/2023,VOL,ST020,QAR,RM.3814,Medium,0,0,0,170
02/01/2023,VOL,ST020,QAR,RM.3815,Runny,0,0,0,34
02/01/2023,VOL,ST020,QAR,RM.6361,WITH CREAM,0,0,0,47
02/01/2023,VOL,ST020,QAR,RM.6362,WITHOUT CREAM,0,0,0,13
02/01/2023,VOL,ST020,QAR,RM.6363,Almond Milk,0,0,0,117
02/01/2023,VOL,ST020,QAR,RM.6364,Coconut Milk,0,0,0,40
02/01/2023,VOL,ST020,QAR,RM.6374,Soya milk,0,0,0,26
