DATE,BRANCHCODE,WAREHOUSECODE,CURRENCY,ERPCODE,ITEMNAME,RAWPRICE,GROSSAMT,NETVALUE,QTYSOLD
02/01/2023,GRA,ST005,QAR,PRK.902,Granola,55,660,660,12
02/01/2023,GRA,ST005,QAR,PRK.903,Graze Spicy  Mix,55,55,55,1
02/01/2023,GRA,ST005,QAR,PRK.904,Graze House Mix,55,55,55,1
02/01/2023,GRA,ST005,QAR,PRK.907,Zaatar Chips,6,264,264,44
02/01/2023,GRA,ST005,QAR,PRK.909,Spicy Pesto Chips,6,168,168,28
02/01/2023,GRA,ST005,QAR,PRK.910,Graze Spicy Mix Sml,25,125,125,5
02/01/2023,GRA,ST005,QAR,PRK.911,Graze House Mix Sml,25,125,125,5
02/01/2023,GRA,ST005,QAR,PRK.937,Baby Mozzarella Salad,45,1890,1890,42
02/01/2023,GRA,ST005,QAR,PRK.938,4 Grain Salad with Beetro,55,2640,2640,48
02/01/2023,GRA,ST005,QAR,PRK.939,Steak Salad with Green Sa,55,4345,4345,79
02/01/2023,GRA,ST005,QAR,PRK.961,Extra cheese,5,20,20,4
02/01/2023,GRA,ST005,QAR,PRK.962,Extra flavor,3,63,63,21
02/01/2023,GRA,ST005,QAR,PRK.994,Crsnt w Egg/Avaca/ SunTom,24,1464,1464,61
02/01/2023,GRA,ST005,QAR,PRK.995,Egg Burrito,20,600,600,30
02/01/2023,GRA,ST005,QAR,PRK.996,Blueberry Granola parfait,25,1500,1500,60
02/01/2023,GRA,ST005,QAR,PRK.997,Yog Dates Chia Pista Alm,22,946,946,43
02/01/2023,GRA,ST005,QAR,PRK.1003,Cheese Croissant,16,16,16,1
02/01/2023,GRA,ST005,QAR,PRK.1007,Zatar Croissant,16,304,304,19
02/01/2023,GRA,ST005,QAR,PRK.1010,Tomato Puff Pastry,16,496,496,31
02/01/2023,GRA,ST005,QAR,PRK.1012,Three Berry Yogurt & Date,25,750,750,30
02/01/2023,GRA,ST005,QAR,PRK.1015,Kiri Cheese Danish,14,826,826,59
02/01/2023,GRA,ST005,QAR,PRK.1016,Plain Croissant,10,450,450,45
02/01/2023,GRA,ST005,QAR,PRK.1021,Shirazi Salad,12,420,420,35
02/01/2023,GRA,ST005,QAR,PRK.1023,Falafel Salad,45,2520,2520,56
02/01/2023,GRA,ST005,QAR,PRK.1024,Quinoa Swt potato Salad,40,1080,1080,27
02/01/2023,GRA,ST005,QAR,PRK.1027,Mex Chkn Chilli Bean Sld,40,3120,3120,78
02/01/2023,GRA,ST005,QAR,PRK.1031,Teriyaki GRAZE Salmn,55,5390,5390,98
02/01/2023,GRA,ST005,QAR,PRK.1039,Keto Chicken Salad,40,2080,2080,52
02/01/2023,GRA,ST005,QAR,PRK.1046,Greek Salad,30,930,930,31
02/01/2023,GRA,ST005,QAR,PRK.1048,Mexican  Caesar Salad chk,39,5772,5772,148
02/01/2023,GRA,ST005,QAR,PRK.1049,ROCCA SALAD,22,638,638,29
02/01/2023,GRA,ST005,QAR,PRK.1052,Smoke Turkey Sandwich,34,4114,4114,121
02/01/2023,GRA,ST005,QAR,PRK.1054,lemon&Rosemary Chkn,36,6156,6156,171
02/01/2023,GRA,ST005,QAR,PRK.1057,Steak & Philly Chz SW,32,1632,1632,51
02/01/2023,GRA,ST005,QAR,PRK.1063,Egg Mayo with Rocket,20,860,860,43
02/01/2023,GRA,ST005,QAR,PRK.1068,Crispy Chicken Bun,24,1104,1104,46
02/01/2023,GRA,ST005,QAR,PRK.1075,Avocado Toast,40,800,800,20
02/01/2023,GRA,ST005,QAR,PRK.1077,Spicy Halloumi,38,1406,1406,37
02/01/2023,GRA,ST005,QAR,PRK.1078,Graze Breakfast (egg box),32,800,800,25
02/01/2023,GRA,ST005,QAR,PRK.1083,Chkn Soup,19,684,684,36
02/01/2023,GRA,ST005,QAR,PRK.1087,Lentil Soup,20,1040,1040,52
02/01/2023,GRA,ST005,QAR,PRK.1089,Vegetable soup,16,320,320,20
02/01/2023,GRA,ST005,QAR,PRK.1090,Tom kha soup,28,252,252,9
02/01/2023,GRA,ST005,QAR,PRK.1113,Chkn Katsu Curry,45,7560,7560,168
02/01/2023,GRA,ST005,QAR,PRK.1115,Mushroom Pasta,40,3400,3400,85
02/01/2023,GRA,ST005,QAR,PRK.1119,Chicken Biryani,45,10035,9990,223
02/01/2023,GRA,ST005,QAR,PRK.1121,Chinese Sesame Chicken,40,9480,9440,237
02/01/2023,GRA,ST005,QAR,PRK.1127,Rock Shrimp,45,3240,3240,72
02/01/2023,GRA,ST005,QAR,PRK.1133,Lamb  Kabsa,45,4140,4140,92
02/01/2023,GRA,ST005,QAR,PRK.1140,Chicken Curry & Saffron r,43,4902,4902,114
02/01/2023,GRA,ST005,QAR,PRK.1141,CRAB BOWL,28,364,364,13
02/01/2023,GRA,ST005,QAR,PRK.1145,Yoghurt & Cucumber dip,12,288,288,24
02/01/2023,GRA,ST005,QAR,PRK.1146,Spicy Guacamole Pot,13,364,364,28
02/01/2023,GRA,ST005,QAR,PRK.1149,Edamame Pot,12,252,252,21
02/01/2023,GRA,ST005,QAR,PRK.1155,Classic hummus pot,18,54,54,3
02/01/2023,GRA,ST005,QAR,PRK.1159,Greek Tabbouleh,20,540,540,27
02/01/2023,GRA,ST005,QAR,PRK.1160,Egg pot,16,112,112,7
02/01/2023,GRA,ST005,QAR,PRK.1173,Choco Chia Energy Ball,30,1200,1200,40
02/01/2023,GRA,ST005,QAR,PRK.1175,Pecan Bars,14,448,448,32
02/01/2023,GRA,ST005,QAR,PRK.1177,Carrot Cake,15,465,465,31
02/01/2023,GRA,ST005,QAR,PRK.1181,Green Apple,2,6,6,3
02/01/2023,GRA,ST005,QAR,PRK.1182,Red Apple,2,14,14,7
02/01/2023,GRA,ST005,QAR,PRK.1183,Bannana,2,184,184,92
02/01/2023,GRA,ST005,QAR,PRK.1184,Watermelon,18,1746,1746,97
02/01/2023,GRA,ST005,QAR,PRK.1185,Pineapplemix,18,1926,1926,107
02/01/2023,GRA,ST005,QAR,PRK.1186,Mixed Berries,22,3256,3256,148
02/01/2023,GRA,ST005,QAR,PRK.1194,Lotus Cheesecake,15,645,645,43
02/01/2023,GRA,ST005,QAR,PRK.1196,Chia Blueberry Yodurt,24,456,456,19
02/01/2023,GRA,ST005,QAR,PRK.1201,Iced Flat White,18,180,180,10
02/01/2023,GRA,ST005,QAR,PRK.1203,Iced Spanish Latte,20,3420,3420,171
02/01/2023,GRA,ST005,QAR,PRK.1204,Iced Latte,18,576,576,32
02/01/2023,GRA,ST005,QAR,PRK.1205,Iced Americano,15,420,420,28
02/01/2023,GRA,ST005,QAR,PRK.1234,Pepperoni Pizza small,40,120,120,3
02/01/2023,GRA,ST005,QAR,PRK.1235,Margherita Pizza small,30,210,210,7
02/01/2023,GRA,ST005,QAR,PRK.1236,BBQ chicken Pizza small,35,105,105,3
02/01/2023,GRA,ST005,QAR,PRK.1262,Highland Still,5,4760,4760,952
02/01/2023,GRA,ST005,QAR,PRK.1265,Perrier Sparkling,9,594,594,66
02/01/2023,GRA,ST005,QAR,PRK.1291,Coke,5,1090,1085,218
02/01/2023,GRA,ST005,QAR,PRK.1292,Diet Coke,5,900,900,180
02/01/2023,GRA,ST005,QAR,PRK.1351,Espresso Single,12,288,288,24
02/01/2023,GRA,ST005,QAR,PRK.1353,Americano Hot,15,2505,2505,167
02/01/2023,GRA,ST005,QAR,PRK.1354,Flat White Hot,18,1296,1296,72
02/01/2023,GRA,ST005,QAR,PRK.1355,Cappucino,18,3150,3150,175
02/01/2023,GRA,ST005,QAR,PRK.1356,Cortado,18,378,378,21
02/01/2023,GRA,ST005,QAR,PRK.1358,Spanish Latte,20,3360,3360,168
02/01/2023,GRA,ST005,QAR,PRK.1359,Classic Mocha,25,575,575,23
02/01/2023,GRA,ST005,QAR,PRK.1360,Slated Caramel Mocha,25,550,550,22
02/01/2023,GRA,ST005,QAR,PRK.1362,Double Espresso,14,434,434,31
02/01/2023,GRA,ST005,QAR,PRK.1363,Latte Hot,18,2286,2286,127
02/01/2023,GRA,ST005,QAR,PRK.1364,English B/F,12,324,324,27
02/01/2023,GRA,ST005,QAR,PRK.1365,Green Tea,12,120,120,10
02/01/2023,GRA,ST005,QAR,PRK.1372,Hot Cocoa,24,2016,2016,84
02/01/2023,GRA,ST005,QAR,PRK.1373,Hibiscus Iced tea,18,1350,1350,75
02/01/2023,GRA,ST005,QAR,PRK.1374,Graze Peach Iced Tea,18,900,900,50
02/01/2023,GRA,ST005,QAR,PRK.1375,Matcha Latte,25,325,325,13
02/01/2023,GRA,ST005,QAR,PRK.1376,Cinnamon Latte,25,125,125,5
02/01/2023,GRA,ST005,QAR,PRK.1386,Orange Juice,22,4114,4114,187
02/01/2023,GRA,ST005,QAR,PRK.1387,Carrot Juice,22,1012,1012,46
02/01/2023,GRA,ST005,QAR,PRK.1390,Morning Boost,24,1464,1464,61
02/01/2023,GRA,ST005,QAR,PRK.1392,Immune Boost,22,1254,1254,57
02/01/2023,GRA,ST005,QAR,PRK.1396,Ginger Aid Shot,18,2916,2916,162
02/01/2023,GRA,ST005,QAR,PRK.1402,Laban Drink,18,1044,1044,58
02/01/2023,GRA,ST005,QAR,PRK.1404,Green Boost Juice,24,1488,1488,62
02/01/2023,GRA,ST005,QAR,PRK.1406,Beetroot & Apple Juice,20,1260,1260,63
02/01/2023,GRA,ST005,QAR,PRK.1409,Turmeric wellness shot,16,1232,1232,77
02/01/2023,GRA,ST005,QAR,PRK.1412, Mini Cup Yogurt,14,2156,2156,154
02/01/2023,GRA,ST005,QAR,PRK.1413,Regular Cup Yogurt,21,1155,1155,55
02/01/2023,GRA,ST005,QAR,PRK.1416,Large Cup Yogurt,23,138,138,6
02/01/2023,GRA,ST005,QAR,PRK.1418, Mini Cup Yogurt/Topping,18,1746,1746,97
02/01/2023,GRA,ST005,QAR,PRK.1419,Reg Cup Yogurt/Toping,26,1300,1300,50
02/01/2023,GRA,ST005,QAR,PRK.1422,Large Cup Yogurt/Topping,30,150,150,5
02/01/2023,GRA,ST005,QAR,PRK.1429,Mini Mango Ice Cream,14,4914,4914,351
02/01/2023,GRA,ST005,QAR,PRK.1430,Regular Mango Ice Cream,21,2856,2856,136
02/01/2023,GRA,ST005,QAR,PRK.1431,Large Mango Ice Cream,23,414,414,18
02/01/2023,GRA,ST005,QAR,PRK.1432,Mini Mango Ice Cream/Topp,18,3186,3186,177
02/01/2023,GRA,ST005,QAR,PRK.1433,Reg Mango Ice cream/Topp,26,1872,1872,72
02/01/2023,GRA,ST005,QAR,PRK.1434,Large Mango Ice Cream/Top,30,300,300,10
02/01/2023,GRA,ST005,QAR,PRK.1464,Fresh Pineapple,3,6,6,2
02/01/2023,GRA,ST005,QAR,PRK.1474,Spaghetti Bolognese,45,1260,1260,28
02/01/2023,GRA,ST005,QAR,PRK.1475,Salmon with Cilantro Rice,65,4420,4355,68
02/01/2023,GRA,ST005,QAR,PRK.1476,Chicken Noodle Bowl,40,1560,1560,39
02/01/2023,GRA,ST005,QAR,PRK.1477,BBQ Steak,45,1755,1755,39
02/01/2023,GRA,ST005,QAR,PRK.1478,Rib eye Steak with Vegeta,55,3190,3190,58
02/01/2023,GRA,ST005,QAR,PRK.1479,Lasagne Pasta,45,1395,1395,31
02/01/2023,GRA,ST005,QAR,PRK.1480,Steak cajun potato,50,3850,3850,77
02/01/2023,GRA,ST005,QAR,PRK.1501,pomegranate,3,27,27,9
02/01/2023,GRA,ST005,QAR,PRK.1502,Strawberry,3,144,144,48
02/01/2023,GRA,ST005,QAR,PRK.1505,Salted Caramel,3,6,6,2
02/01/2023,GRA,ST005,QAR,PRK.1506,Pretzel,3,3,3,1
02/01/2023,GRA,ST005,QAR,PRK.1507,Crispy Crepe,3,30,30,10
02/01/2023,GRA,ST005,QAR,PRK.1508,Granola,3,33,33,11
02/01/2023,GRA,ST005,QAR,PRK.1509,Coconut Flakes,3,36,36,12
02/01/2023,GRA,ST005,QAR,PRK.1520,Mixed Berries Sauce,3,3,3,1
02/01/2023,GRA,ST005,QAR,PRK.1521,Mango Sauce,3,3,3,1
02/01/2023,GRA,ST005,QAR,PRK.1523,Peanut Butter Sauce,3,3,3,1
02/01/2023,GRA,ST005,QAR,PRK.1527,Mango,3,33,33,11
02/01/2023,GRA,ST005,QAR,PRK.1531,Power Shake,35,875,875,25
02/01/2023,GRA,ST005,QAR,PRK.1532,Peanut Power Shake,35,350,350,10
02/01/2023,GRA,ST005,QAR,PRK.1533,Pre-workout protein shak,45,225,225,5
02/01/2023,GRA,ST005,QAR,PRK.1534,Choco Power Shake,35,140,140,4
02/01/2023,GRA,ST005,QAR,PRK.1536,Energizer protine Shakes,45,405,405,9
02/01/2023,GRA,ST005,QAR,PRK.1538,Pre-workout shake,35,35,35,1
02/01/2023,GRA,ST005,QAR,PRK.1540,Energizer shakes,35,315,315,9
02/01/2023,GRA,ST005,QAR,PRK.1542,14oz Pre-work out Protein,40,240,240,6
02/01/2023,GRA,ST005,QAR,PRK.1544,14oz Essential protine,40,80,80,2
02/01/2023,GRA,ST005,QAR,PRK.1545,14oz Energizer protine,40,640,640,16
02/01/2023,GRA,ST005,QAR,PRK.1546,14oz Pre-workout shake,30,30,30,1
02/01/2023,GRA,ST005,QAR,PRK.1548,14oz Energizer shakes,30,330,330,11
02/01/2023,GRA,ST005,QAR,PRK.1550,Extra Protein,10,30,30,3
02/01/2023,GRA,ST005,QAR,PRK.1587,Supersize,45,90,90,2
02/01/2023,GRA,ST005,QAR,PRK.1588,Acai Small,35,8190,8190,234
02/01/2023,GRA,ST005,QAR,PRK.1589,Acai Large,40,1320,1320,33
02/01/2023,GRA,ST005,QAR,PRK.1590,Peanut Choco Ice Cream,30,690,690,23
02/01/2023,GRA,ST005,QAR,PRK.1592,Watermelon Coolex,24,312,312,13
02/01/2023,GRA,ST005,QAR,PRK.1593,Tropicana,24,696,696,29
02/01/2023,GRA,ST005,QAR,PRK.1621,Orange loaf,12,480,480,40
02/01/2023,GRA,ST005,QAR,PRK.1623,Brownie flavour cookies,10,2240,2240,224
02/01/2023,GRA,ST005,QAR,PRK.1628,Brownie bites,13,624,624,48
02/01/2023,GRA,ST005,QAR,PRK.1632,Turkey cheese roll,19,532,532,28
02/01/2023,GRA,ST005,QAR,PRK.1633,Spinach feta roll,18,504,504,28
02/01/2023,GRA,ST005,QAR,PRK.1634,Madeleine,12,1236,1236,103
02/01/2023,GRA,ST005,QAR,PRK.1635,Poppy Lemon seeds,12,348,348,29
02/01/2023,GRA,ST005,QAR,PRK.1651,PB & Jam sourdough bread,18,378,378,21
02/01/2023,GRA,ST005,QAR,PRK.1655,Graze Oatmeal,30,1020,1020,34
02/01/2023,GRA,ST005,QAR,PRK.1681,Salted Caramel Mocha,24,840,840,35
02/01/2023,GRA,ST005,QAR,PRK.1682,Matcha Frappe,26,2704,2704,104
02/01/2023,GRA,ST005,QAR,PRK.1711,Pomegranate Pot,18,666,666,37
02/01/2023,GRA,ST005,QAR,PRK.1712,Mango Peach Muesli Pot,24,360,360,15
02/01/2023,GRA,ST005,QAR,PRK.1713,Overnight oats PB&Jam,25,1050,1050,42
02/01/2023,GRA,ST005,QAR,PRK.1741,Spicy Tuna sandwich,26,1326,1326,51
02/01/2023,GRA,ST005,QAR,PRK.1742,Three cheese,22,902,902,41
02/01/2023,GRA,ST005,QAR,PRK.1743,Falafel and Labna,25,700,700,28
02/01/2023,GRA,ST005,QAR,PRK.1747,BEEF BURGER,35,455,455,13
02/01/2023,GRA,ST005,QAR,PRK.1748,Chicken Shawarma,18,1890,1890,105
02/01/2023,GRA,ST005,QAR,PRK.1749,Tenderloin Beef Shawarma,22,902,902,41
02/01/2023,GRA,ST005,QAR,PRK.1750,Cream Cheese Roll,9,189,189,21
02/01/2023,GRA,ST005,QAR,PRK.1751,Egg Mayo Roll,9,315,315,35
02/01/2023,GRA,ST005,QAR,PRK.1752,Club sandwich,30,2040,2040,68
02/01/2023,GRA,ST005,QAR,PRK.1771,Pistachio Arabeshi,5,660,660,132
02/01/2023,GRA,ST005,QAR,PRK.1772,Fresh Raspberry,5,590,590,118
02/01/2023,GRA,ST005,QAR,PRK.1773,Fresh blueberry,5,355,355,71
02/01/2023,GRA,ST005,QAR,PRK.1774,Chocolate Flakes,5,320,320,64
02/01/2023,GRA,ST005,QAR,PRK.1775,Honey Comb,5,95,95,19
02/01/2023,GRA,ST005,QAR,PRK.1776,Milk powder,3,6,6,2
02/01/2023,GRA,ST005,QAR,PRK.4501,Full Fat Milk,0,0,0,4
02/01/2023,GRA,ST005,QAR,PRK.4502,Low Fat Milk,0,0,0,20
02/01/2023,GRA,ST005,QAR,PRK.4503,Almond Milk,2,142,142,71
02/01/2023,GRA,ST005,QAR,PRK.4504,Soya Milk,2,40,40,20
02/01/2023,GRA,ST005,QAR,PRK.4509,Double Shot,0,0,0,3
02/01/2023,GRA,ST005,QAR,PRK.4516,Decaf,0,0,0,1
02/01/2023,GRA,ST005,QAR,PRK.4517,Vanilla Flavor,0,0,0,5
02/01/2023,GRA,ST005,QAR,PRK.4519,caramel flavor,0,0,0,4
02/01/2023,GRA,ST005,QAR,PRK.4520,hazelnut flavor,0,0,0,1
02/01/2023,GRA,ST005,QAR,PRK.4521,Oat Milk,2,88,88,44
02/01/2023,GRA,ST005,QAR,PRK.4522,Skimmed Milk,2,2,2,1
02/01/2023,GRA,ST005,QAR,PRK.4523,Coconut Milk,2,14,14,7
02/01/2023,GRA,ST005,QAR,PRK.4531,w/ Granola,0,0,0,76
02/01/2023,GRA,ST005,QAR,PRK.4533,w/ Pretzel,0,0,0,35
02/01/2023,GRA,ST005,QAR,PRK.4534,w/ Coconut Flakes,0,0,0,18
02/01/2023,GRA,ST005,QAR,PRK.4535,w/ Crispy Crepe,0,0,0,53
02/01/2023,GRA,ST005,QAR,PRK.4537,w/ Mixed Berries Sauce,0,0,0,22
02/01/2023,GRA,ST005,QAR,PRK.4541,w/ Strawberry,0,0,0,268
02/01/2023,GRA,ST005,QAR,PRK.4543,w/ Salted Caramel,0,0,0,17
02/01/2023,GRA,ST005,QAR,PRK.4544,w/ Pomegranate,0,0,0,55
02/01/2023,GRA,ST005,QAR,PRK.4545,w/ Dulce de leche,0,0,0,6
02/01/2023,GRA,ST005,QAR,PRK.4549,w/ Mango Sauce,0,0,0,62
02/01/2023,GRA,ST005,QAR,PRK.4550,w/ Mango,0,0,0,219
02/01/2023,GRA,ST005,QAR,PRK.4552,w/ Crushed Grahams,0,0,0,8
02/01/2023,GRA,ST005,QAR,PRK.4556,w/ Fresh Pineapple,0,0,0,3
02/01/2023,GRA,ST005,QAR,PRK.4557,w/ Kiwi Fruit,0,0,0,3
02/01/2023,GRA,ST005,QAR,PRK.4558,w/ Lotus Biscuit,0,0,0,20
02/01/2023,GRA,ST005,QAR,PRK.4561,MIXED FROZEN YOGURT,0,0,0,33
02/01/2023,GRA,ST005,QAR,PRK.4562,MIXED MANGO YOGURT,0,0,0,8
