DATE,BRANCHCODE,WAREHOUSECODE,CURRENCY,ERPCODE,ITEMNAME,RAWPRICE,GROSSAMT,NETVALUE,QTYSOLD
06/01/2023,GRA,ST005,QAR,PRK.902,Granola,55,275,275,5
06/01/2023,GRA,ST005,QAR,PRK.904,Graze House Mix,55,55,55,1
06/01/2023,GRA,ST005,QAR,PRK.907,Zaatar Chips,6,90,90,15
06/01/2023,GRA,ST005,QAR,PRK.909,Spicy Pesto Chips,6,102,102,17
06/01/2023,GRA,ST005,QAR,PRK.910,Graze Spicy Mix Sml,25,100,100,4
06/01/2023,GRA,ST005,QAR,PRK.911,Graze House Mix Sml,25,125,125,5
06/01/2023,GRA,ST005,QAR,PRK.937,Baby Mozzarella Salad,45,675,675,15
06/01/2023,GRA,ST005,QAR,PRK.938,4 Grain Salad with Beetro,55,715,715,13
06/01/2023,GRA,ST005,QAR,PRK.939,Steak Salad with Green Sa,55,1540,1540,28
06/01/2023,GRA,ST005,QAR,PRK.961,Extra cheese,5,20,20,4
06/01/2023,GRA,ST005,QAR,PRK.962,Extra flavor,3,39,39,13
06/01/2023,GRA,ST005,QAR,PRK.994,Crsnt w Egg/Avaca/ SunTom,24,1056,1056,44
06/01/2023,GRA,ST005,QAR,PRK.995,Egg Burrito,20,660,660,33
06/01/2023,GRA,ST005,QAR,PRK.996,Blueberry Granola parfait,25,1000,1000,40
06/01/2023,GRA,ST005,QAR,PRK.997,Yog Dates Chia Pista Alm,22,880,880,40
06/01/2023,GRA,ST005,QAR,PRK.1007,Zatar Croissant,16,368,368,23
06/01/2023,GRA,ST005,QAR,PRK.1010,Tomato Puff Pastry,16,368,368,23
06/01/2023,GRA,ST005,QAR,PRK.1012,Three Berry Yogurt & Date,25,550,550,22
06/01/2023,GRA,ST005,QAR,PRK.1015,Kiri Cheese Danish,14,378,378,27
06/01/2023,GRA,ST005,QAR,PRK.1016,Plain Croissant,10,180,180,18
06/01/2023,GRA,ST005,QAR,PRK.1021,Shirazi Salad,12,348,348,29
06/01/2023,GRA,ST005,QAR,PRK.1023,Falafel Salad,45,1575,1575,35
06/01/2023,GRA,ST005,QAR,PRK.1024,Quinoa Swt potato Salad,40,360,360,9
06/01/2023,GRA,ST005,QAR,PRK.1027,Mex Chkn Chilli Bean Sld,40,1400,1400,35
06/01/2023,GRA,ST005,QAR,PRK.1031,Teriyaki GRAZE Salmn,55,2585,2585,47
06/01/2023,GRA,ST005,QAR,PRK.1039,Keto Chicken Salad,40,840,840,21
06/01/2023,GRA,ST005,QAR,PRK.1046,Greek Salad,30,690,690,23
06/01/2023,GRA,ST005,QAR,PRK.1048,Mexican  Caesar Salad chk,39,3588,3588,92
06/01/2023,GRA,ST005,QAR,PRK.1049,ROCCA SALAD,22,836,836,38
06/01/2023,GRA,ST005,QAR,PRK.1052,Smoke Turkey Sandwich,34,2040,2040,60
06/01/2023,GRA,ST005,QAR,PRK.1054,lemon&Rosemary Chkn,36,2880,2880,80
06/01/2023,GRA,ST005,QAR,PRK.1057,Steak & Philly Chz SW,32,896,896,28
06/01/2023,GRA,ST005,QAR,PRK.1063,Egg Mayo with Rocket,20,520,520,26
06/01/2023,GRA,ST005,QAR,PRK.1068,Crispy Chicken Bun,24,240,240,10
06/01/2023,GRA,ST005,QAR,PRK.1075,Avocado Toast,40,480,480,12
06/01/2023,GRA,ST005,QAR,PRK.1077,Spicy Halloumi,38,494,494,13
06/01/2023,GRA,ST005,QAR,PRK.1078,Graze Breakfast (egg box),32,416,416,13
06/01/2023,GRA,ST005,QAR,PRK.1083,Chkn Soup,19,627,627,33
06/01/2023,GRA,ST005,QAR,PRK.1087,Lentil Soup,20,680,680,34
06/01/2023,GRA,ST005,QAR,PRK.1089,Vegetable soup,16,64,64,4
06/01/2023,GRA,ST005,QAR,PRK.1113,Chkn Katsu Curry,45,4275,4275,95
06/01/2023,GRA,ST005,QAR,PRK.1115,Mushroom Pasta,40,2080,2080,52
06/01/2023,GRA,ST005,QAR,PRK.1119,Chicken Biryani,45,5985,5931,133
06/01/2023,GRA,ST005,QAR,PRK.1121,Chinese Sesame Chicken,40,3440,3392,86
06/01/2023,GRA,ST005,QAR,PRK.1127,Rock Shrimp,45,2295,2295,51
06/01/2023,GRA,ST005,QAR,PRK.1133,Lamb  Kabsa,45,2160,2160,48
06/01/2023,GRA,ST005,QAR,PRK.1140,Chicken Curry & Saffron r,43,2666,2666,62
06/01/2023,GRA,ST005,QAR,PRK.1145,Yoghurt & Cucumber dip,12,252,252,21
06/01/2023,GRA,ST005,QAR,PRK.1146,Spicy Guacamole Pot,13,273,273,21
06/01/2023,GRA,ST005,QAR,PRK.1149,Edamame Pot,12,264,264,22
06/01/2023,GRA,ST005,QAR,PRK.1159,Greek Tabbouleh,20,360,360,18
06/01/2023,GRA,ST005,QAR,PRK.1173,Choco Chia Energy Ball,30,720,720,24
06/01/2023,GRA,ST005,QAR,PRK.1175,Pecan Bars,14,266,266,19
06/01/2023,GRA,ST005,QAR,PRK.1177,Carrot Cake,15,255,255,17
06/01/2023,GRA,ST005,QAR,PRK.1181,Green Apple,2,10,10,5
06/01/2023,GRA,ST005,QAR,PRK.1182,Red Apple,2,4,4,2
06/01/2023,GRA,ST005,QAR,PRK.1183,Bannana,2,126,126,63
06/01/2023,GRA,ST005,QAR,PRK.1184,Watermelon,18,1386,1386,77
06/01/2023,GRA,ST005,QAR,PRK.1185,Pineapplemix,18,1134,1134,63
06/01/2023,GRA,ST005,QAR,PRK.1186,Mixed Berries,22,1452,1452,66
06/01/2023,GRA,ST005,QAR,PRK.1194,Lotus Cheesecake,15,270,270,18
06/01/2023,GRA,ST005,QAR,PRK.1196,Chia Blueberry Yodurt,24,672,672,28
06/01/2023,GRA,ST005,QAR,PRK.1201,Iced Flat White,18,306,306,17
06/01/2023,GRA,ST005,QAR,PRK.1203,Iced Spanish Latte,20,2600,2600,130
06/01/2023,GRA,ST005,QAR,PRK.1204,Iced Latte,18,594,594,33
06/01/2023,GRA,ST005,QAR,PRK.1205,Iced Americano,15,570,570,38
06/01/2023,GRA,ST005,QAR,PRK.1234,Pepperoni Pizza small,40,160,160,4
06/01/2023,GRA,ST005,QAR,PRK.1235,Margherita Pizza small,30,180,180,6
06/01/2023,GRA,ST005,QAR,PRK.1236,BBQ chicken Pizza small,35,105,105,3
06/01/2023,GRA,ST005,QAR,PRK.1262,Highland Still,5,2050,2050,410
06/01/2023,GRA,ST005,QAR,PRK.1265,Perrier Sparkling,9,612,612,68
06/01/2023,GRA,ST005,QAR,PRK.1291,Coke,5,440,440,88
06/01/2023,GRA,ST005,QAR,PRK.1292,Diet Coke,5,355,355,71
06/01/2023,GRA,ST005,QAR,PRK.1321,Mini Cup /Pina Colada,14,1092,1092,78
06/01/2023,GRA,ST005,QAR,PRK.1322,Regular Cup / Pina Colada,21,462,462,22
06/01/2023,GRA,ST005,QAR,PRK.1323,Large cup /Pina Colada,23,138,138,6
06/01/2023,GRA,ST005,QAR,PRK.1324,Mini Pina Colada/Topping,18,486,486,27
06/01/2023,GRA,ST005,QAR,PRK.1325,Regular Pina Colada/Toppi,26,338,338,13
06/01/2023,GRA,ST005,QAR,PRK.1326,Large Pina Colada/Topping,30,30,30,1
06/01/2023,GRA,ST005,QAR,PRK.1351,Espresso Single,12,204,204,17
06/01/2023,GRA,ST005,QAR,PRK.1353,Americano Hot,15,1005,1005,67
06/01/2023,GRA,ST005,QAR,PRK.1354,Flat White Hot,18,738,738,41
06/01/2023,GRA,ST005,QAR,PRK.1355,Cappucino,18,1260,1260,70
06/01/2023,GRA,ST005,QAR,PRK.1356,Cortado,18,144,144,8
06/01/2023,GRA,ST005,QAR,PRK.1358,Spanish Latte,20,1340,1340,67
06/01/2023,GRA,ST005,QAR,PRK.1359,Classic Mocha,25,350,350,14
06/01/2023,GRA,ST005,QAR,PRK.1360,Slated Caramel Mocha,25,225,225,9
06/01/2023,GRA,ST005,QAR,PRK.1362,Double Espresso,14,140,140,10
06/01/2023,GRA,ST005,QAR,PRK.1363,Latte Hot,18,990,990,55
06/01/2023,GRA,ST005,QAR,PRK.1364,English B/F,12,120,120,10
06/01/2023,GRA,ST005,QAR,PRK.1365,Green Tea,12,48,48,4
06/01/2023,GRA,ST005,QAR,PRK.1372,Hot Cocoa,24,504,504,21
06/01/2023,GRA,ST005,QAR,PRK.1374,Graze Peach Iced Tea,18,720,720,40
06/01/2023,GRA,ST005,QAR,PRK.1375,Matcha Latte,25,25,25,1
06/01/2023,GRA,ST005,QAR,PRK.1386,Orange Juice,22,2662,2662,121
06/01/2023,GRA,ST005,QAR,PRK.1387,Carrot Juice,22,880,880,40
06/01/2023,GRA,ST005,QAR,PRK.1390,Morning Boost,24,792,792,33
06/01/2023,GRA,ST005,QAR,PRK.1392,Immune Boost,22,1034,1034,47
06/01/2023,GRA,ST005,QAR,PRK.1396,Ginger Aid Shot,18,1440,1440,80
06/01/2023,GRA,ST005,QAR,PRK.1402,Laban Drink,18,468,468,26
06/01/2023,GRA,ST005,QAR,PRK.1404,Green Boost Juice,24,816,816,34
06/01/2023,GRA,ST005,QAR,PRK.1406,Beetroot & Apple Juice,20,1140,1140,57
06/01/2023,GRA,ST005,QAR,PRK.1409,Turmeric wellness shot,16,736,736,46
06/01/2023,GRA,ST005,QAR,PRK.1412, Mini Cup Yogurt,14,1134,1120,81
06/01/2023,GRA,ST005,QAR,PRK.1413,Regular Cup Yogurt,21,630,630,30
06/01/2023,GRA,ST005,QAR,PRK.1416,Large Cup Yogurt,23,276,276,12
06/01/2023,GRA,ST005,QAR,PRK.1418, Mini Cup Yogurt/Topping,18,648,648,36
06/01/2023,GRA,ST005,QAR,PRK.1419,Reg Cup Yogurt/Toping,26,546,546,21
06/01/2023,GRA,ST005,QAR,PRK.1429,Mini Mango Ice Cream,14,2940,2940,210
06/01/2023,GRA,ST005,QAR,PRK.1430,Regular Mango Ice Cream,21,1827,1827,87
06/01/2023,GRA,ST005,QAR,PRK.1431,Large Mango Ice Cream,23,989,989,43
06/01/2023,GRA,ST005,QAR,PRK.1432,Mini Mango Ice Cream/Topp,18,1872,1872,104
06/01/2023,GRA,ST005,QAR,PRK.1433,Reg Mango Ice cream/Topp,26,1716,1716,66
06/01/2023,GRA,ST005,QAR,PRK.1434,Large Mango Ice Cream/Top,30,600,600,20
06/01/2023,GRA,ST005,QAR,PRK.1474,Spaghetti Bolognese,45,945,945,21
06/01/2023,GRA,ST005,QAR,PRK.1475,Salmon with Cilantro Rice,65,2080,2080,32
06/01/2023,GRA,ST005,QAR,PRK.1476,Chicken Noodle Bowl,40,560,560,14
06/01/2023,GRA,ST005,QAR,PRK.1477,BBQ Steak,45,900,900,20
06/01/2023,GRA,ST005,QAR,PRK.1478,Rib eye Steak with Vegeta,55,1815,1815,33
06/01/2023,GRA,ST005,QAR,PRK.1479,Lasagne Pasta,45,810,810,18
06/01/2023,GRA,ST005,QAR,PRK.1480,Steak cajun potato,50,1650,1650,33
06/01/2023,GRA,ST005,QAR,PRK.1501,pomegranate,3,18,18,6
06/01/2023,GRA,ST005,QAR,PRK.1502,Strawberry,3,54,54,18
06/01/2023,GRA,ST005,QAR,PRK.1505,Salted Caramel,3,9,9,3
06/01/2023,GRA,ST005,QAR,PRK.1507,Crispy Crepe,3,30,30,10
06/01/2023,GRA,ST005,QAR,PRK.1508,Granola,3,15,15,5
06/01/2023,GRA,ST005,QAR,PRK.1509,Coconut Flakes,3,6,6,2
06/01/2023,GRA,ST005,QAR,PRK.1514,Dulce de Leche,3,3,3,1
06/01/2023,GRA,ST005,QAR,PRK.1520,Mixed Berries Sauce,3,3,3,1
06/01/2023,GRA,ST005,QAR,PRK.1523,Peanut Butter Sauce,3,9,9,3
06/01/2023,GRA,ST005,QAR,PRK.1527,Mango,3,39,39,13
06/01/2023,GRA,ST005,QAR,PRK.1529,Raita,3,9,9,3
06/01/2023,GRA,ST005,QAR,PRK.1530,Chili Tomato Sauce,3,6,6,2
06/01/2023,GRA,ST005,QAR,PRK.1531,Power Shake,35,910,910,26
06/01/2023,GRA,ST005,QAR,PRK.1532,Peanut Power Shake,35,175,175,5
06/01/2023,GRA,ST005,QAR,PRK.1533,Pre-workout protein shak,45,180,180,4
06/01/2023,GRA,ST005,QAR,PRK.1534,Choco Power Shake,35,70,70,2
06/01/2023,GRA,ST005,QAR,PRK.1536,Energizer protine Shakes,45,1305,1305,29
06/01/2023,GRA,ST005,QAR,PRK.1538,Pre-workout shake,35,70,70,2
06/01/2023,GRA,ST005,QAR,PRK.1540,Energizer shakes,35,735,735,21
06/01/2023,GRA,ST005,QAR,PRK.1542,14oz Pre-work out Protein,40,80,80,2
06/01/2023,GRA,ST005,QAR,PRK.1545,14oz Energizer protine,40,280,280,7
06/01/2023,GRA,ST005,QAR,PRK.1548,14oz Energizer shakes,30,60,60,2
06/01/2023,GRA,ST005,QAR,PRK.1550,Extra Protein,10,30,30,3
06/01/2023,GRA,ST005,QAR,PRK.1587,Supersize,45,450,409.5,10
06/01/2023,GRA,ST005,QAR,PRK.1588,Acai Small,35,2380,2380,68
06/01/2023,GRA,ST005,QAR,PRK.1589,Acai Large,40,480,480,12
06/01/2023,GRA,ST005,QAR,PRK.1592,Watermelon Coolex,24,960,960,40
06/01/2023,GRA,ST005,QAR,PRK.1593,Tropicana,24,840,840,35
06/01/2023,GRA,ST005,QAR,PRK.1621,Orange loaf,12,300,300,25
06/01/2023,GRA,ST005,QAR,PRK.1623,Brownie flavour cookies,10,1090,1090,109
06/01/2023,GRA,ST005,QAR,PRK.1628,Brownie bites,13,260,260,20
06/01/2023,GRA,ST005,QAR,PRK.1632,Turkey cheese roll,19,399,399,21
06/01/2023,GRA,ST005,QAR,PRK.1633,Spinach feta roll,18,306,306,17
06/01/2023,GRA,ST005,QAR,PRK.1634,Madeleine,12,264,264,22
06/01/2023,GRA,ST005,QAR,PRK.1651,PB & Jam sourdough bread,18,198,198,11
06/01/2023,GRA,ST005,QAR,PRK.1655,Graze Oatmeal,30,750,750,25
06/01/2023,GRA,ST005,QAR,PRK.1681,Salted Caramel Mocha,24,744,744,31
06/01/2023,GRA,ST005,QAR,PRK.1682,Matcha Frappe,26,1456,1456,56
06/01/2023,GRA,ST005,QAR,PRK.1711,Pomegranate Pot,18,342,342,19
06/01/2023,GRA,ST005,QAR,PRK.1712,Mango Peach Muesli Pot,24,480,480,20
06/01/2023,GRA,ST005,QAR,PRK.1713,Overnight oats PB&Jam,25,450,450,18
06/01/2023,GRA,ST005,QAR,PRK.1741,Spicy Tuna sandwich,26,1092,1092,42
06/01/2023,GRA,ST005,QAR,PRK.1742,Three cheese,22,572,572,26
06/01/2023,GRA,ST005,QAR,PRK.1743,Falafel and Labna,25,375,375,15
06/01/2023,GRA,ST005,QAR,PRK.1747,BEEF BURGER,35,455,455,13
06/01/2023,GRA,ST005,QAR,PRK.1748,Chicken Shawarma,18,882,882,49
06/01/2023,GRA,ST005,QAR,PRK.1749,Tenderloin Beef Shawarma,22,616,616,28
06/01/2023,GRA,ST005,QAR,PRK.1750,Cream Cheese Roll,9,504,504,56
06/01/2023,GRA,ST005,QAR,PRK.1751,Egg Mayo Roll,9,135,135,15
06/01/2023,GRA,ST005,QAR,PRK.1752,Club sandwich,30,1890,1890,63
06/01/2023,GRA,ST005,QAR,PRK.1753,Slider Chicken Burger,38,950,950,25
06/01/2023,GRA,ST005,QAR,PRK.1754,Slider Beef Burger,39,156,156,4
06/01/2023,GRA,ST005,QAR,PRK.1771,Pistachio Arabeshi,5,425,420,85
06/01/2023,GRA,ST005,QAR,PRK.1772,Fresh Raspberry,5,335,335,67
06/01/2023,GRA,ST005,QAR,PRK.1773,Fresh blueberry,5,190,190,38
06/01/2023,GRA,ST005,QAR,PRK.1774,Chocolate Flakes,5,155,155,31
06/01/2023,GRA,ST005,QAR,PRK.1775,Honey Comb,5,15,15,3
06/01/2023,GRA,ST005,QAR,PRK.1776,Milk powder,3,6,6,2
06/01/2023,GRA,ST005,QAR,PRK.4502,Low Fat Milk,0,0,0,17
06/01/2023,GRA,ST005,QAR,PRK.4503,Almond Milk,2,46,46,23
06/01/2023,GRA,ST005,QAR,PRK.4504,Soya Milk,2,22,22,11
06/01/2023,GRA,ST005,QAR,PRK.4516,Decaf,0,0,0,1
06/01/2023,GRA,ST005,QAR,PRK.4517,Vanilla Flavor,0,0,0,1
06/01/2023,GRA,ST005,QAR,PRK.4519,caramel flavor,0,0,0,3
06/01/2023,GRA,ST005,QAR,PRK.4521,Oat Milk,2,60,60,30
06/01/2023,GRA,ST005,QAR,PRK.4523,Coconut Milk,2,10,10,5
06/01/2023,GRA,ST005,QAR,PRK.4531,w/ Granola,0,0,0,31
06/01/2023,GRA,ST005,QAR,PRK.4533,w/ Pretzel,0,0,0,2
06/01/2023,GRA,ST005,QAR,PRK.4534,w/ Coconut Flakes,0,0,0,15
06/01/2023,GRA,ST005,QAR,PRK.4535,w/ Crispy Crepe,0,0,0,33
06/01/2023,GRA,ST005,QAR,PRK.4537,w/ Mixed Berries Sauce,0,0,0,24
06/01/2023,GRA,ST005,QAR,PRK.4541,w/ Strawberry,0,0,0,169
06/01/2023,GRA,ST005,QAR,PRK.4543,w/ Salted Caramel,0,0,0,31
06/01/2023,GRA,ST005,QAR,PRK.4544,w/ Pomegranate,0,0,0,80
06/01/2023,GRA,ST005,QAR,PRK.4545,w/ Dulce de leche,0,0,0,29
06/01/2023,GRA,ST005,QAR,PRK.4549,w/ Mango Sauce,0,0,0,109
06/01/2023,GRA,ST005,QAR,PRK.4550,w/ Mango,0,0,0,235
06/01/2023,GRA,ST005,QAR,PRK.4551,w/ Peanut Butter Sauce,0,0,0,2
06/01/2023,GRA,ST005,QAR,PRK.4552,w/ Crushed Grahams,0,0,0,13
06/01/2023,GRA,ST005,QAR,PRK.4556,w/ Fresh Pineapple,0,0,0,2
06/01/2023,GRA,ST005,QAR,PRK.4558,w/ Lotus Biscuit,0,0,0,26
06/01/2023,GRA,ST005,QAR,PRK.4561,MIXED FROZEN YOGURT,0,0,0,13
06/01/2023,GRA,ST005,QAR,PRK.4562,MIXED MANGO YOGURT,0,0,0,7
