DATE,BRANCHCODE,WAREHOUSECODE,CURRENCY,ERPCODE,ITEMNAME,RAWPRICE,GROSSAMT,NETVALUE,QTYSOLD
01/01/2023,GRA,ST005,QAR,PRK.902,Granola,55,495,495,9
01/01/2023,GRA,ST005,QAR,PRK.904,Graze House Mix,55,110,110,2
01/01/2023,GRA,ST005,QAR,PRK.907,Zaatar Chips,6,258,258,43
01/01/2023,GRA,ST005,QAR,PRK.909,Spicy Pesto Chips,6,192,192,32
01/01/2023,GRA,ST005,QAR,PRK.910,Graze Spicy Mix Sml,25,75,75,3
01/01/2023,GRA,ST005,QAR,PRK.911,Graze House Mix Sml,25,125,125,5
01/01/2023,GRA,ST005,QAR,PRK.937,Baby Mozzarella Salad,45,1530,1530,34
01/01/2023,GRA,ST005,QAR,PRK.938,4 Grain Salad with Beetro,55,1870,1870,34
01/01/2023,GRA,ST005,QAR,PRK.939,Steak Salad with Green Sa,55,4180,4180,76
01/01/2023,GRA,ST005,QAR,PRK.962,Extra flavor,3,54,54,18
01/01/2023,GRA,ST005,QAR,PRK.994,Crsnt w Egg/Avaca/ SunTom,24,1872,1872,78
01/01/2023,GRA,ST005,QAR,PRK.995,Egg Burrito,20,840,840,42
01/01/2023,GRA,ST005,QAR,PRK.996,Blueberry Granola parfait,25,1725,1725,69
01/01/2023,GRA,ST005,QAR,PRK.997,Yog Dates Chia Pista Alm,22,1386,1386,63
01/01/2023,GRA,ST005,QAR,PRK.1003,Cheese Croissant,16,64,64,4
01/01/2023,GRA,ST005,QAR,PRK.1007,Zatar Croissant,16,384,384,24
01/01/2023,GRA,ST005,QAR,PRK.1010,Tomato Puff Pastry,16,448,448,28
01/01/2023,GRA,ST005,QAR,PRK.1012,Three Berry Yogurt & Date,25,600,600,24
01/01/2023,GRA,ST005,QAR,PRK.1015,Kiri Cheese Danish,14,868,868,62
01/01/2023,GRA,ST005,QAR,PRK.1016,Plain Croissant,10,560,560,56
01/01/2023,GRA,ST005,QAR,PRK.1021,Shirazi Salad,12,492,492,41
01/01/2023,GRA,ST005,QAR,PRK.1023,Falafel Salad,45,2520,2520,56
01/01/2023,GRA,ST005,QAR,PRK.1024,Quinoa Swt potato Salad,40,840,840,21
01/01/2023,GRA,ST005,QAR,PRK.1027,Mex Chkn Chilli Bean Sld,40,3720,3720,93
01/01/2023,GRA,ST005,QAR,PRK.1029,Burrata Salad,50,100,100,2
01/01/2023,GRA,ST005,QAR,PRK.1031,Teriyaki GRAZE Salmn,55,6710,6710,122
01/01/2023,GRA,ST005,QAR,PRK.1039,Keto Chicken Salad,40,1800,1800,45
01/01/2023,GRA,ST005,QAR,PRK.1046,Greek Salad,30,1260,1260,42
01/01/2023,GRA,ST005,QAR,PRK.1048,Mexican  Caesar Salad chk,39,5772,5772,148
01/01/2023,GRA,ST005,QAR,PRK.1049,ROCCA SALAD,22,726,726,33
01/01/2023,GRA,ST005,QAR,PRK.1052,Smoke Turkey Sandwich,34,6596,6596,194
01/01/2023,GRA,ST005,QAR,PRK.1054,lemon&Rosemary Chkn,36,7344,7344,204
01/01/2023,GRA,ST005,QAR,PRK.1057,Steak & Philly Chz SW,32,1696,1696,53
01/01/2023,GRA,ST005,QAR,PRK.1063,Egg Mayo with Rocket,20,640,640,32
01/01/2023,GRA,ST005,QAR,PRK.1068,Crispy Chicken Bun,24,1464,1464,61
01/01/2023,GRA,ST005,QAR,PRK.1070,Chicken Pesto & Mozzarell,32,1632,1632,51
01/01/2023,GRA,ST005,QAR,PRK.1075,Avocado Toast,40,760,760,19
01/01/2023,GRA,ST005,QAR,PRK.1077,Spicy Halloumi,38,342,342,9
01/01/2023,GRA,ST005,QAR,PRK.1078,Graze Breakfast (egg box),32,320,320,10
01/01/2023,GRA,ST005,QAR,PRK.1083,Chkn Soup,19,760,760,40
01/01/2023,GRA,ST005,QAR,PRK.1087,Lentil Soup,20,1080,1080,54
01/01/2023,GRA,ST005,QAR,PRK.1089,Vegetable soup,16,416,416,26
01/01/2023,GRA,ST005,QAR,PRK.1090,Tom kha soup,28,224,224,8
01/01/2023,GRA,ST005,QAR,PRK.1113,Chkn Katsu Curry,45,8145,8145,181
01/01/2023,GRA,ST005,QAR,PRK.1115,Mushroom Pasta,40,3040,3040,76
01/01/2023,GRA,ST005,QAR,PRK.1118,Steak With Mushroom Sauce,45,1755,1755,39
01/01/2023,GRA,ST005,QAR,PRK.1119,Chicken Biryani,45,10485,10485,233
01/01/2023,GRA,ST005,QAR,PRK.1121,Chinese Sesame Chicken,40,9960,9960,249
01/01/2023,GRA,ST005,QAR,PRK.1127,Rock Shrimp,45,2970,2970,66
01/01/2023,GRA,ST005,QAR,PRK.1133,Lamb  Kabsa,45,4500,4500,100
01/01/2023,GRA,ST005,QAR,PRK.1140,Chicken Curry & Saffron r,43,4085,4085,95
01/01/2023,GRA,ST005,QAR,PRK.1141,CRAB BOWL,28,308,308,11
01/01/2023,GRA,ST005,QAR,PRK.1145,Yoghurt & Cucumber dip,12,336,336,28
01/01/2023,GRA,ST005,QAR,PRK.1146,Spicy Guacamole Pot,13,416,416,32
01/01/2023,GRA,ST005,QAR,PRK.1149,Edamame Pot,12,372,372,31
01/01/2023,GRA,ST005,QAR,PRK.1155,Classic hummus pot,18,126,126,7
01/01/2023,GRA,ST005,QAR,PRK.1159,Greek Tabbouleh,20,480,480,24
01/01/2023,GRA,ST005,QAR,PRK.1160,Egg pot,16,80,80,5
01/01/2023,GRA,ST005,QAR,PRK.1173,Choco Chia Energy Ball,30,1350,1350,45
01/01/2023,GRA,ST005,QAR,PRK.1175,Pecan Bars,14,490,490,35
01/01/2023,GRA,ST005,QAR,PRK.1177,Carrot Cake,15,810,810,54
01/01/2023,GRA,ST005,QAR,PRK.1181,Green Apple,2,30,30,15
01/01/2023,GRA,ST005,QAR,PRK.1182,Red Apple,2,38,38,19
01/01/2023,GRA,ST005,QAR,PRK.1183,Bannana,2,232,232,116
01/01/2023,GRA,ST005,QAR,PRK.1184,Watermelon,18,1512,1512,84
01/01/2023,GRA,ST005,QAR,PRK.1185,Pineapplemix,18,1638,1638,91
01/01/2023,GRA,ST005,QAR,PRK.1186,Mixed Berries,22,1980,1980,90
01/01/2023,GRA,ST005,QAR,PRK.1194,Lotus Cheesecake,15,615,615,41
01/01/2023,GRA,ST005,QAR,PRK.1196,Chia Blueberry Yodurt,24,408,408,17
01/01/2023,GRA,ST005,QAR,PRK.1201,Iced Flat White,18,180,180,10
01/01/2023,GRA,ST005,QAR,PRK.1203,Iced Spanish Latte,20,4080,4080,204
01/01/2023,GRA,ST005,QAR,PRK.1204,Iced Latte,18,936,936,52
01/01/2023,GRA,ST005,QAR,PRK.1205,Iced Americano,15,660,660,44
01/01/2023,GRA,ST005,QAR,PRK.1234,Pepperoni Pizza small,40,200,200,5
01/01/2023,GRA,ST005,QAR,PRK.1235,Margherita Pizza small,30,300,300,10
01/01/2023,GRA,ST005,QAR,PRK.1236,BBQ chicken Pizza small,35,385,385,11
01/01/2023,GRA,ST005,QAR,PRK.1262,Highland Still,5,4670,4670,934
01/01/2023,GRA,ST005,QAR,PRK.1265,Perrier Sparkling,9,819,819,91
01/01/2023,GRA,ST005,QAR,PRK.1291,Coke,5,825,825,165
01/01/2023,GRA,ST005,QAR,PRK.1292,Diet Coke,5,855,855,171
01/01/2023,GRA,ST005,QAR,PRK.1351,Espresso Single,12,516,516,43
01/01/2023,GRA,ST005,QAR,PRK.1352,Macchiato,18,36,36,2
01/01/2023,GRA,ST005,QAR,PRK.1353,Americano Hot,15,1800,1800,120
01/01/2023,GRA,ST005,QAR,PRK.1354,Flat White Hot,18,1530,1530,85
01/01/2023,GRA,ST005,QAR,PRK.1355,Cappucino,18,3024,3024,168
01/01/2023,GRA,ST005,QAR,PRK.1356,Cortado,18,792,792,44
01/01/2023,GRA,ST005,QAR,PRK.1358,Spanish Latte,20,3740,3740,187
01/01/2023,GRA,ST005,QAR,PRK.1359,Classic Mocha,25,850,850,34
01/01/2023,GRA,ST005,QAR,PRK.1360,Slated Caramel Mocha,25,1025,1025,41
01/01/2023,GRA,ST005,QAR,PRK.1362,Double Espresso,14,588,588,42
01/01/2023,GRA,ST005,QAR,PRK.1363,Latte Hot,18,2412,2412,134
01/01/2023,GRA,ST005,QAR,PRK.1364,English B/F,12,756,756,63
01/01/2023,GRA,ST005,QAR,PRK.1365,Green Tea,12,216,216,18
01/01/2023,GRA,ST005,QAR,PRK.1372,Hot Cocoa,24,4152,4152,173
01/01/2023,GRA,ST005,QAR,PRK.1373,Hibiscus Iced tea,18,1152,1152,64
01/01/2023,GRA,ST005,QAR,PRK.1374,Graze Peach Iced Tea,18,828,828,46
01/01/2023,GRA,ST005,QAR,PRK.1375,Matcha Latte,25,625,625,25
01/01/2023,GRA,ST005,QAR,PRK.1376,Cinnamon Latte,25,50,50,2
01/01/2023,GRA,ST005,QAR,PRK.1386,Orange Juice,22,5192,5192,236
01/01/2023,GRA,ST005,QAR,PRK.1387,Carrot Juice,22,858,858,39
01/01/2023,GRA,ST005,QAR,PRK.1390,Morning Boost,24,1632,1632,68
01/01/2023,GRA,ST005,QAR,PRK.1392,Immune Boost,22,1562,1562,71
01/01/2023,GRA,ST005,QAR,PRK.1396,Ginger Aid Shot,18,3258,3258,181
01/01/2023,GRA,ST005,QAR,PRK.1402,Laban Drink,18,1116,1116,62
01/01/2023,GRA,ST005,QAR,PRK.1404,Green Boost Juice,24,1152,1152,48
01/01/2023,GRA,ST005,QAR,PRK.1406,Beetroot & Apple Juice,20,1380,1380,69
01/01/2023,GRA,ST005,QAR,PRK.1409,Turmeric wellness shot,16,1376,1376,86
01/01/2023,GRA,ST005,QAR,PRK.1412, Mini Cup Yogurt,14,1708,1708,122
01/01/2023,GRA,ST005,QAR,PRK.1413,Regular Cup Yogurt,21,567,567,27
01/01/2023,GRA,ST005,QAR,PRK.1416,Large Cup Yogurt,23,23,23,1
01/01/2023,GRA,ST005,QAR,PRK.1418, Mini Cup Yogurt/Topping,18,1566,1566,87
01/01/2023,GRA,ST005,QAR,PRK.1419,Reg Cup Yogurt/Toping,26,728,728,28
01/01/2023,GRA,ST005,QAR,PRK.1422,Large Cup Yogurt/Topping,30,90,90,3
01/01/2023,GRA,ST005,QAR,PRK.1429,Mini Mango Ice Cream,14,4102,4102,293
01/01/2023,GRA,ST005,QAR,PRK.1430,Regular Mango Ice Cream,21,1638,1638,78
01/01/2023,GRA,ST005,QAR,PRK.1431,Large Mango Ice Cream,23,437,437,19
01/01/2023,GRA,ST005,QAR,PRK.1432,Mini Mango Ice Cream/Topp,18,2502,2502,139
01/01/2023,GRA,ST005,QAR,PRK.1433,Reg Mango Ice cream/Topp,26,1976,1976,76
01/01/2023,GRA,ST005,QAR,PRK.1434,Large Mango Ice Cream/Top,30,510,510,17
01/01/2023,GRA,ST005,QAR,PRK.1464,Fresh Pineapple,3,6,6,2
01/01/2023,GRA,ST005,QAR,PRK.1470,Lotus Biscuit,3,9,9,3
01/01/2023,GRA,ST005,QAR,PRK.1474,Spaghetti Bolognese,45,1485,1485,33
01/01/2023,GRA,ST005,QAR,PRK.1475,Salmon with Cilantro Rice,65,4485,4485,69
01/01/2023,GRA,ST005,QAR,PRK.1476,Chicken Noodle Bowl,40,1240,1240,31
01/01/2023,GRA,ST005,QAR,PRK.1477,BBQ Steak,45,2250,2250,50
01/01/2023,GRA,ST005,QAR,PRK.1478,Rib eye Steak with Vegeta,55,3575,3575,65
01/01/2023,GRA,ST005,QAR,PRK.1479,Lasagne Pasta,45,2198,2198,49
01/01/2023,GRA,ST005,QAR,PRK.1480,Steak cajun potato,50,2850,2850,57
01/01/2023,GRA,ST005,QAR,PRK.1501,pomegranate,3,48,48,16
01/01/2023,GRA,ST005,QAR,PRK.1502,Strawberry,3,147,147,49
01/01/2023,GRA,ST005,QAR,PRK.1505,Salted Caramel,3,6,6,2
01/01/2023,GRA,ST005,QAR,PRK.1506,Pretzel,3,6,6,2
01/01/2023,GRA,ST005,QAR,PRK.1507,Crispy Crepe,3,15,15,5
01/01/2023,GRA,ST005,QAR,PRK.1508,Granola,3,12,12,4
01/01/2023,GRA,ST005,QAR,PRK.1509,Coconut Flakes,3,27,27,9
01/01/2023,GRA,ST005,QAR,PRK.1510,Crushed Graham,3,3,3,1
01/01/2023,GRA,ST005,QAR,PRK.1514,Dulce de Leche,3,18,18,6
01/01/2023,GRA,ST005,QAR,PRK.1527,Mango,3,54,54,18
01/01/2023,GRA,ST005,QAR,PRK.1531,Power Shake,35,1400,1400,40
01/01/2023,GRA,ST005,QAR,PRK.1532,Peanut Power Shake,35,210,210,6
01/01/2023,GRA,ST005,QAR,PRK.1533,Pre-workout protein shak,45,270,270,6
01/01/2023,GRA,ST005,QAR,PRK.1534,Choco Power Shake,35,175,175,5
01/01/2023,GRA,ST005,QAR,PRK.1536,Energizer protine Shakes,45,765,765,17
01/01/2023,GRA,ST005,QAR,PRK.1538,Pre-workout shake,35,70,70,2
01/01/2023,GRA,ST005,QAR,PRK.1540,Energizer shakes,35,315,315,9
01/01/2023,GRA,ST005,QAR,PRK.1542,14oz Pre-work out Protein,40,80,80,2
01/01/2023,GRA,ST005,QAR,PRK.1544,14oz Essential protine,40,40,40,1
01/01/2023,GRA,ST005,QAR,PRK.1545,14oz Energizer protine,40,720,720,18
01/01/2023,GRA,ST005,QAR,PRK.1546,14oz Pre-workout shake,30,30,30,1
01/01/2023,GRA,ST005,QAR,PRK.1548,14oz Energizer shakes,30,690,690,23
01/01/2023,GRA,ST005,QAR,PRK.1550,Extra Protein,10,20,20,2
01/01/2023,GRA,ST005,QAR,PRK.1581,Mini coconut frz yog I/C,14,14,14,1
01/01/2023,GRA,ST005,QAR,PRK.1588,Acai Small,35,6860,6860,196
01/01/2023,GRA,ST005,QAR,PRK.1589,Acai Large,40,1320,1320,33
01/01/2023,GRA,ST005,QAR,PRK.1590,Peanut Choco Ice Cream,30,1080,1080,36
01/01/2023,GRA,ST005,QAR,PRK.1621,Orange loaf,12,264,264,22
01/01/2023,GRA,ST005,QAR,PRK.1623,Brownie flavour cookies,10,2660,2660,266
01/01/2023,GRA,ST005,QAR,PRK.1628,Brownie bites,13,702,702,54
01/01/2023,GRA,ST005,QAR,PRK.1632,Turkey cheese roll,19,893,893,47
01/01/2023,GRA,ST005,QAR,PRK.1633,Spinach feta roll,18,576,576,32
01/01/2023,GRA,ST005,QAR,PRK.1634,Madeleine,12,924,924,77
01/01/2023,GRA,ST005,QAR,PRK.1635,Poppy Lemon seeds,12,672,672,56
01/01/2023,GRA,ST005,QAR,PRK.1651,PB & Jam sourdough bread,18,468,468,26
01/01/2023,GRA,ST005,QAR,PRK.1655,Graze Oatmeal,30,1230,1230,41
01/01/2023,GRA,ST005,QAR,PRK.1681,Salted Caramel Mocha,24,1176,1176,49
01/01/2023,GRA,ST005,QAR,PRK.1682,Matcha Frappe,26,3094,3094,119
01/01/2023,GRA,ST005,QAR,PRK.1711,Pomegranate Pot,18,666,666,37
01/01/2023,GRA,ST005,QAR,PRK.1712,Mango Peach Muesli Pot,24,432,432,18
01/01/2023,GRA,ST005,QAR,PRK.1713,Overnight oats PB&Jam,25,975,975,39
01/01/2023,GRA,ST005,QAR,PRK.1741,Spicy Tuna sandwich,26,1482,1482,57
01/01/2023,GRA,ST005,QAR,PRK.1742,Three cheese,22,1210,1210,55
01/01/2023,GRA,ST005,QAR,PRK.1743,Falafel and Labna,25,525,525,21
01/01/2023,GRA,ST005,QAR,PRK.1746,GRAZE CLUB SANDWICH,42,42,42,1
01/01/2023,GRA,ST005,QAR,PRK.1747,BEEF BURGER,35,385,385,11
01/01/2023,GRA,ST005,QAR,PRK.1748,Chicken Shawarma,18,1404,1404,78
01/01/2023,GRA,ST005,QAR,PRK.1749,Tenderloin Beef Shawarma,22,880,880,40
01/01/2023,GRA,ST005,QAR,PRK.1750,Cream Cheese Roll,9,477,477,53
01/01/2023,GRA,ST005,QAR,PRK.1751,Egg Mayo Roll,9,531,531,59
01/01/2023,GRA,ST005,QAR,PRK.1752,Club sandwich,30,1170,1170,39
01/01/2023,GRA,ST005,QAR,PRK.1771,Pistachio Arabeshi,5,685,685,137
01/01/2023,GRA,ST005,QAR,PRK.1772,Fresh Raspberry,5,590,590,118
01/01/2023,GRA,ST005,QAR,PRK.1773,Fresh blueberry,5,300,300,60
01/01/2023,GRA,ST005,QAR,PRK.1774,Chocolate Flakes,5,210,210,42
01/01/2023,GRA,ST005,QAR,PRK.1775,Honey Comb,5,65,65,13
01/01/2023,GRA,ST005,QAR,PRK.1776,Milk powder,3,24,24,8
01/01/2023,GRA,ST005,QAR,PRK.4501,Full Fat Milk,0,0,0,1
01/01/2023,GRA,ST005,QAR,PRK.4502,Low Fat Milk,0,0,0,20
01/01/2023,GRA,ST005,QAR,PRK.4503,Almond Milk,2,196,196,98
01/01/2023,GRA,ST005,QAR,PRK.4504,Soya Milk,2,58,58,29
01/01/2023,GRA,ST005,QAR,PRK.4509,Double Shot,0,0,0,2
01/01/2023,GRA,ST005,QAR,PRK.4510,Less Hot,0,0,0,1
01/01/2023,GRA,ST005,QAR,PRK.4516,Decaf,0,0,0,2
01/01/2023,GRA,ST005,QAR,PRK.4517,Vanilla Flavor,0,0,0,8
01/01/2023,GRA,ST005,QAR,PRK.4519,caramel flavor,0,0,0,5
01/01/2023,GRA,ST005,QAR,PRK.4520,hazelnut flavor,0,0,0,1
01/01/2023,GRA,ST005,QAR,PRK.4521,Oat Milk,2,56,56,28
01/01/2023,GRA,ST005,QAR,PRK.4522,Skimmed Milk,2,2,2,1
01/01/2023,GRA,ST005,QAR,PRK.4523,Coconut Milk,2,20,20,10
01/01/2023,GRA,ST005,QAR,PRK.4531,w/ Granola,0,0,0,12
01/01/2023,GRA,ST005,QAR,PRK.4533,w/ Pretzel,0,0,0,4
01/01/2023,GRA,ST005,QAR,PRK.4534,w/ Coconut Flakes,0,0,0,13
01/01/2023,GRA,ST005,QAR,PRK.4535,w/ Crispy Crepe,0,0,0,27
01/01/2023,GRA,ST005,QAR,PRK.4537,w/ Mixed Berries Sauce,0,0,0,12
01/01/2023,GRA,ST005,QAR,PRK.4541,w/ Strawberry,0,0,0,98
01/01/2023,GRA,ST005,QAR,PRK.4543,w/ Salted Caramel,0,0,0,24
01/01/2023,GRA,ST005,QAR,PRK.4544,w/ Pomegranate,0,0,0,45
01/01/2023,GRA,ST005,QAR,PRK.4545,w/ Dulce de leche,0,0,0,2
01/01/2023,GRA,ST005,QAR,PRK.4549,w/ Mango Sauce,0,0,0,5
01/01/2023,GRA,ST005,QAR,PRK.4550,w/ Mango,0,0,0,126
01/01/2023,GRA,ST005,QAR,PRK.4552,w/ Crushed Grahams,0,0,0,9
01/01/2023,GRA,ST005,QAR,PRK.4557,w/ Kiwi Fruit,0,0,0,2
01/01/2023,GRA,ST005,QAR,PRK.4558,w/ Lotus Biscuit,0,0,0,30
01/01/2023,GRA,ST005,QAR,PRK.4561,MIXED FROZEN YOGURT,0,0,0,32
01/01/2023,GRA,ST005,QAR,PRK.4562,MIXED MANGO YOGURT,0,0,0,3
