DATE,BRANCHCODE,WAREHOUSECODE,CURRENCY,ERPCODE,ITEMNAME,RAWPRICE,GROSSAMT,NETVALUE,QTYSOLD
03/01/2023,GRA,ST005,QAR,PRK.902,Granola,55,880,880,16
03/01/2023,GRA,ST005,QAR,PRK.904,Graze House Mix,55,55,55,1
03/01/2023,GRA,ST005,QAR,PRK.907,Zaatar Chips,6,216,216,36
03/01/2023,GRA,ST005,QAR,PRK.909,Spicy Pesto Chips,6,162,162,27
03/01/2023,GRA,ST005,QAR,PRK.910,Graze Spicy Mix Sml,25,125,125,5
03/01/2023,GRA,ST005,QAR,PRK.911,Graze House Mix Sml,25,175,175,7
03/01/2023,GRA,ST005,QAR,PRK.937,Baby Mozzarella Salad,45,990,990,22
03/01/2023,GRA,ST005,QAR,PRK.938,4 Grain Salad with Beetro,55,1375,1375,25
03/01/2023,GRA,ST005,QAR,PRK.939,Steak Salad with Green Sa,55,3465,3465,63
03/01/2023,GRA,ST005,QAR,PRK.961,Extra cheese,5,35,35,7
03/01/2023,GRA,ST005,QAR,PRK.962,Extra flavor,3,75,75,25
03/01/2023,GRA,ST005,QAR,PRK.994,Crsnt w Egg/Avaca/ SunTom,24,1008,1008,42
03/01/2023,GRA,ST005,QAR,PRK.995,Egg Burrito,20,620,620,31
03/01/2023,GRA,ST005,QAR,PRK.996,Blueberry Granola parfait,25,1250,1250,50
03/01/2023,GRA,ST005,QAR,PRK.997,Yog Dates Chia Pista Alm,22,726,726,33
03/01/2023,GRA,ST005,QAR,PRK.1007,Zatar Croissant,16,192,192,12
03/01/2023,GRA,ST005,QAR,PRK.1010,Tomato Puff Pastry,16,288,288,18
03/01/2023,GRA,ST005,QAR,PRK.1012,Three Berry Yogurt & Date,25,700,700,28
03/01/2023,GRA,ST005,QAR,PRK.1015,Kiri Cheese Danish,14,616,616,44
03/01/2023,GRA,ST005,QAR,PRK.1016,Plain Croissant,10,290,290,29
03/01/2023,GRA,ST005,QAR,PRK.1021,Shirazi Salad,12,252,252,21
03/01/2023,GRA,ST005,QAR,PRK.1023,Falafel Salad,45,1620,1620,36
03/01/2023,GRA,ST005,QAR,PRK.1024,Quinoa Swt potato Salad,40,920,920,23
03/01/2023,GRA,ST005,QAR,PRK.1027,Mex Chkn Chilli Bean Sld,40,2400,2400,60
03/01/2023,GRA,ST005,QAR,PRK.1031,Teriyaki GRAZE Salmn,55,4510,4510,82
03/01/2023,GRA,ST005,QAR,PRK.1039,Keto Chicken Salad,40,1440,1440,36
03/01/2023,GRA,ST005,QAR,PRK.1046,Greek Salad,30,960,960,32
03/01/2023,GRA,ST005,QAR,PRK.1048,Mexican  Caesar Salad chk,39,5382,5382,138
03/01/2023,GRA,ST005,QAR,PRK.1049,ROCCA SALAD,22,836,836,38
03/01/2023,GRA,ST005,QAR,PRK.1052,Smoke Turkey Sandwich,34,3808,3808,112
03/01/2023,GRA,ST005,QAR,PRK.1054,lemon&Rosemary Chkn,36,5004,4968,139
03/01/2023,GRA,ST005,QAR,PRK.1057,Steak & Philly Chz SW,32,1472,1472,46
03/01/2023,GRA,ST005,QAR,PRK.1063,Egg Mayo with Rocket,20,460,460,23
03/01/2023,GRA,ST005,QAR,PRK.1068,Crispy Chicken Bun,24,888,888,37
03/01/2023,GRA,ST005,QAR,PRK.1075,Avocado Toast,40,360,360,9
03/01/2023,GRA,ST005,QAR,PRK.1077,Spicy Halloumi,38,988,988,26
03/01/2023,GRA,ST005,QAR,PRK.1078,Graze Breakfast (egg box),32,384,384,12
03/01/2023,GRA,ST005,QAR,PRK.1083,Chkn Soup,19,646,646,34
03/01/2023,GRA,ST005,QAR,PRK.1086,Lamb Soup,35,35,35,1
03/01/2023,GRA,ST005,QAR,PRK.1087,Lentil Soup,20,840,840,42
03/01/2023,GRA,ST005,QAR,PRK.1089,Vegetable soup,16,432,432,27
03/01/2023,GRA,ST005,QAR,PRK.1090,Tom kha soup,28,364,364,13
03/01/2023,GRA,ST005,QAR,PRK.1113,Chkn Katsu Curry,45,6030,6030,134
03/01/2023,GRA,ST005,QAR,PRK.1115,Mushroom Pasta,40,4120,4120,103
03/01/2023,GRA,ST005,QAR,PRK.1119,Chicken Biryani,45,9360,9360,208
03/01/2023,GRA,ST005,QAR,PRK.1121,Chinese Sesame Chicken,40,6920,6920,173
03/01/2023,GRA,ST005,QAR,PRK.1127,Rock Shrimp,45,1845,1845,41
03/01/2023,GRA,ST005,QAR,PRK.1133,Lamb  Kabsa,45,3960,3960,88
03/01/2023,GRA,ST005,QAR,PRK.1140,Chicken Curry & Saffron r,43,4386,4386,102
03/01/2023,GRA,ST005,QAR,PRK.1141,CRAB BOWL,28,196,196,7
03/01/2023,GRA,ST005,QAR,PRK.1145,Yoghurt & Cucumber dip,12,276,276,23
03/01/2023,GRA,ST005,QAR,PRK.1146,Spicy Guacamole Pot,13,351,351,27
03/01/2023,GRA,ST005,QAR,PRK.1149,Edamame Pot,12,300,300,25
03/01/2023,GRA,ST005,QAR,PRK.1159,Greek Tabbouleh,20,540,540,27
03/01/2023,GRA,ST005,QAR,PRK.1160,Egg pot,16,80,80,5
03/01/2023,GRA,ST005,QAR,PRK.1173,Choco Chia Energy Ball,30,1140,1140,38
03/01/2023,GRA,ST005,QAR,PRK.1175,Pecan Bars,14,280,280,20
03/01/2023,GRA,ST005,QAR,PRK.1177,Carrot Cake,15,510,510,34
03/01/2023,GRA,ST005,QAR,PRK.1181,Green Apple,2,12,12,6
03/01/2023,GRA,ST005,QAR,PRK.1182,Red Apple,2,10,10,5
03/01/2023,GRA,ST005,QAR,PRK.1183,Bannana,2,138,138,69
03/01/2023,GRA,ST005,QAR,PRK.1184,Watermelon,18,1512,1512,84
03/01/2023,GRA,ST005,QAR,PRK.1185,Pineapplemix,18,1674,1674,93
03/01/2023,GRA,ST005,QAR,PRK.1186,Mixed Berries,22,2882,2882,131
03/01/2023,GRA,ST005,QAR,PRK.1194,Lotus Cheesecake,15,375,375,25
03/01/2023,GRA,ST005,QAR,PRK.1196,Chia Blueberry Yodurt,24,456,456,19
03/01/2023,GRA,ST005,QAR,PRK.1201,Iced Flat White,18,342,342,19
03/01/2023,GRA,ST005,QAR,PRK.1203,Iced Spanish Latte,20,3600,3600,180
03/01/2023,GRA,ST005,QAR,PRK.1204,Iced Latte,18,936,936,52
03/01/2023,GRA,ST005,QAR,PRK.1205,Iced Americano,15,525,510,35
03/01/2023,GRA,ST005,QAR,PRK.1234,Pepperoni Pizza small,40,200,200,5
03/01/2023,GRA,ST005,QAR,PRK.1235,Margherita Pizza small,30,180,180,6
03/01/2023,GRA,ST005,QAR,PRK.1236,BBQ chicken Pizza small,35,210,210,6
03/01/2023,GRA,ST005,QAR,PRK.1262,Highland Still,5,3795,3795,759
03/01/2023,GRA,ST005,QAR,PRK.1265,Perrier Sparkling,9,837,837,93
03/01/2023,GRA,ST005,QAR,PRK.1291,Coke,5,830,830,166
03/01/2023,GRA,ST005,QAR,PRK.1292,Diet Coke,5,810,810,162
03/01/2023,GRA,ST005,QAR,PRK.1351,Espresso Single,12,252,252,21
03/01/2023,GRA,ST005,QAR,PRK.1352,Macchiato,18,18,18,1
03/01/2023,GRA,ST005,QAR,PRK.1353,Americano Hot,15,1560,1560,104
03/01/2023,GRA,ST005,QAR,PRK.1354,Flat White Hot,18,1116,1116,62
03/01/2023,GRA,ST005,QAR,PRK.1355,Cappucino,18,1818,1818,101
03/01/2023,GRA,ST005,QAR,PRK.1356,Cortado,18,360,360,20
03/01/2023,GRA,ST005,QAR,PRK.1358,Spanish Latte,20,2840,2840,142
03/01/2023,GRA,ST005,QAR,PRK.1359,Classic Mocha,25,475,475,19
03/01/2023,GRA,ST005,QAR,PRK.1360,Slated Caramel Mocha,25,200,200,8
03/01/2023,GRA,ST005,QAR,PRK.1362,Double Espresso,14,364,364,26
03/01/2023,GRA,ST005,QAR,PRK.1363,Latte Hot,18,1152,1152,64
03/01/2023,GRA,ST005,QAR,PRK.1364,English B/F,12,276,276,23
03/01/2023,GRA,ST005,QAR,PRK.1365,Green Tea,12,132,132,11
03/01/2023,GRA,ST005,QAR,PRK.1372,Hot Cocoa,24,840,840,35
03/01/2023,GRA,ST005,QAR,PRK.1373,Hibiscus Iced tea,18,846,846,47
03/01/2023,GRA,ST005,QAR,PRK.1374,Graze Peach Iced Tea,18,630,630,35
03/01/2023,GRA,ST005,QAR,PRK.1375,Matcha Latte,25,225,225,9
03/01/2023,GRA,ST005,QAR,PRK.1376,Cinnamon Latte,25,25,25,1
03/01/2023,GRA,ST005,QAR,PRK.1386,Orange Juice,22,3542,3542,161
03/01/2023,GRA,ST005,QAR,PRK.1387,Carrot Juice,22,572,572,26
03/01/2023,GRA,ST005,QAR,PRK.1390,Morning Boost,24,1248,1248,52
03/01/2023,GRA,ST005,QAR,PRK.1392,Immune Boost,22,1298,1298,59
03/01/2023,GRA,ST005,QAR,PRK.1396,Ginger Aid Shot,18,2232,2232,124
03/01/2023,GRA,ST005,QAR,PRK.1402,Laban Drink,18,918,918,51
03/01/2023,GRA,ST005,QAR,PRK.1403,Vimto Juice,18,54,54,3
03/01/2023,GRA,ST005,QAR,PRK.1404,Green Boost Juice,24,1224,1224,51
03/01/2023,GRA,ST005,QAR,PRK.1406,Beetroot & Apple Juice,20,1260,1260,63
03/01/2023,GRA,ST005,QAR,PRK.1409,Turmeric wellness shot,16,880,880,55
03/01/2023,GRA,ST005,QAR,PRK.1412, Mini Cup Yogurt,14,1582,1582,113
03/01/2023,GRA,ST005,QAR,PRK.1413,Regular Cup Yogurt,21,1008,1008,48
03/01/2023,GRA,ST005,QAR,PRK.1416,Large Cup Yogurt,23,161,161,7
03/01/2023,GRA,ST005,QAR,PRK.1418, Mini Cup Yogurt/Topping,18,1404,1404,78
03/01/2023,GRA,ST005,QAR,PRK.1419,Reg Cup Yogurt/Toping,26,1300,1300,50
03/01/2023,GRA,ST005,QAR,PRK.1422,Large Cup Yogurt/Topping,30,60,60,2
03/01/2023,GRA,ST005,QAR,PRK.1429,Mini Mango Ice Cream,14,4382,4382,313
03/01/2023,GRA,ST005,QAR,PRK.1430,Regular Mango Ice Cream,21,2016,2016,96
03/01/2023,GRA,ST005,QAR,PRK.1431,Large Mango Ice Cream,23,368,368,16
03/01/2023,GRA,ST005,QAR,PRK.1432,Mini Mango Ice Cream/Topp,18,2952,2952,164
03/01/2023,GRA,ST005,QAR,PRK.1433,Reg Mango Ice cream/Topp,26,2496,2496,96
03/01/2023,GRA,ST005,QAR,PRK.1434,Large Mango Ice Cream/Top,30,660,660,22
03/01/2023,GRA,ST005,QAR,PRK.1464,Fresh Pineapple,3,6,6,2
03/01/2023,GRA,ST005,QAR,PRK.1469,Kiwi Fruit,3,3,3,1
03/01/2023,GRA,ST005,QAR,PRK.1470,Lotus Biscuit,3,3,3,1
03/01/2023,GRA,ST005,QAR,PRK.1474,Spaghetti Bolognese,45,1395,1395,31
03/01/2023,GRA,ST005,QAR,PRK.1475,Salmon with Cilantro Rice,65,3900,3900,60
03/01/2023,GRA,ST005,QAR,PRK.1476,Chicken Noodle Bowl,40,1280,1280,32
03/01/2023,GRA,ST005,QAR,PRK.1477,BBQ Steak,45,1215,1215,27
03/01/2023,GRA,ST005,QAR,PRK.1478,Rib eye Steak with Vegeta,55,3080,3080,56
03/01/2023,GRA,ST005,QAR,PRK.1479,Lasagne Pasta,45,1350,1350,30
03/01/2023,GRA,ST005,QAR,PRK.1480,Steak cajun potato,50,2750,2750,55
03/01/2023,GRA,ST005,QAR,PRK.1501,pomegranate,3,15,15,5
03/01/2023,GRA,ST005,QAR,PRK.1502,Strawberry,3,150,150,50
03/01/2023,GRA,ST005,QAR,PRK.1505,Salted Caramel,3,3,3,1
03/01/2023,GRA,ST005,QAR,PRK.1507,Crispy Crepe,3,24,24,8
03/01/2023,GRA,ST005,QAR,PRK.1508,Granola,3,42,42,14
03/01/2023,GRA,ST005,QAR,PRK.1509,Coconut Flakes,3,33,33,11
03/01/2023,GRA,ST005,QAR,PRK.1510,Crushed Graham,3,3,3,1
03/01/2023,GRA,ST005,QAR,PRK.1514,Dulce de Leche,3,12,12,4
03/01/2023,GRA,ST005,QAR,PRK.1520,Mixed Berries Sauce,3,6,6,2
03/01/2023,GRA,ST005,QAR,PRK.1523,Peanut Butter Sauce,3,24,24,8
03/01/2023,GRA,ST005,QAR,PRK.1527,Mango,3,66,66,22
03/01/2023,GRA,ST005,QAR,PRK.1529,Raita,3,3,3,1
03/01/2023,GRA,ST005,QAR,PRK.1531,Power Shake,35,1295,1295,37
03/01/2023,GRA,ST005,QAR,PRK.1532,Peanut Power Shake,35,385,385,11
03/01/2023,GRA,ST005,QAR,PRK.1533,Pre-workout protein shak,45,315,315,7
03/01/2023,GRA,ST005,QAR,PRK.1536,Energizer protine Shakes,45,360,360,8
03/01/2023,GRA,ST005,QAR,PRK.1540,Energizer shakes,35,665,665,19
03/01/2023,GRA,ST005,QAR,PRK.1542,14oz Pre-work out Protein,40,120,120,3
03/01/2023,GRA,ST005,QAR,PRK.1545,14oz Energizer protine,40,120,120,3
03/01/2023,GRA,ST005,QAR,PRK.1548,14oz Energizer shakes,30,390,390,13
03/01/2023,GRA,ST005,QAR,PRK.1550,Extra Protein,10,30,30,3
03/01/2023,GRA,ST005,QAR,PRK.1580,Ogaily cardamom ice cream,30,720,720,24
03/01/2023,GRA,ST005,QAR,PRK.1587,Supersize,45,45,45,1
03/01/2023,GRA,ST005,QAR,PRK.1588,Acai Small,35,7560,7560,216
03/01/2023,GRA,ST005,QAR,PRK.1589,Acai Large,40,1240,1240,31
03/01/2023,GRA,ST005,QAR,PRK.1590,Peanut Choco Ice Cream,30,720,720,24
03/01/2023,GRA,ST005,QAR,PRK.1592,Watermelon Coolex,24,672,672,28
03/01/2023,GRA,ST005,QAR,PRK.1593,Tropicana,24,1272,1272,53
03/01/2023,GRA,ST005,QAR,PRK.1621,Orange loaf,12,324,324,27
03/01/2023,GRA,ST005,QAR,PRK.1623,Brownie flavour cookies,10,1660,1660,166
03/01/2023,GRA,ST005,QAR,PRK.1628,Brownie bites,13,650,650,50
03/01/2023,GRA,ST005,QAR,PRK.1632,Turkey cheese roll,19,513,513,27
03/01/2023,GRA,ST005,QAR,PRK.1633,Spinach feta roll,18,342,342,19
03/01/2023,GRA,ST005,QAR,PRK.1634,Madeleine,12,996,996,83
03/01/2023,GRA,ST005,QAR,PRK.1635,Poppy Lemon seeds,12,120,120,10
03/01/2023,GRA,ST005,QAR,PRK.1651,PB & Jam sourdough bread,18,270,270,15
03/01/2023,GRA,ST005,QAR,PRK.1655,Graze Oatmeal,30,480,480,16
03/01/2023,GRA,ST005,QAR,PRK.1681,Salted Caramel Mocha,24,744,744,31
03/01/2023,GRA,ST005,QAR,PRK.1682,Matcha Frappe,26,2574,2574,99
03/01/2023,GRA,ST005,QAR,PRK.1711,Pomegranate Pot,18,558,558,31
03/01/2023,GRA,ST005,QAR,PRK.1712,Mango Peach Muesli Pot,24,264,264,11
03/01/2023,GRA,ST005,QAR,PRK.1713,Overnight oats PB&Jam,25,800,800,32
03/01/2023,GRA,ST005,QAR,PRK.1741,Spicy Tuna sandwich,26,1222,1222,47
03/01/2023,GRA,ST005,QAR,PRK.1742,Three cheese,22,638,638,29
03/01/2023,GRA,ST005,QAR,PRK.1743,Falafel and Labna,25,500,500,20
03/01/2023,GRA,ST005,QAR,PRK.1747,BEEF BURGER,35,175,175,5
03/01/2023,GRA,ST005,QAR,PRK.1748,Chicken Shawarma,18,1350,1350,75
03/01/2023,GRA,ST005,QAR,PRK.1749,Tenderloin Beef Shawarma,22,1078,1078,49
03/01/2023,GRA,ST005,QAR,PRK.1750,Cream Cheese Roll,9,171,171,19
03/01/2023,GRA,ST005,QAR,PRK.1751,Egg Mayo Roll,9,234,234,26
03/01/2023,GRA,ST005,QAR,PRK.1752,Club sandwich,30,1950,1950,65
03/01/2023,GRA,ST005,QAR,PRK.1771,Pistachio Arabeshi,5,480,480,96
03/01/2023,GRA,ST005,QAR,PRK.1772,Fresh Raspberry,5,615,615,123
03/01/2023,GRA,ST005,QAR,PRK.1773,Fresh blueberry,5,275,275,55
03/01/2023,GRA,ST005,QAR,PRK.1774,Chocolate Flakes,5,330,330,66
03/01/2023,GRA,ST005,QAR,PRK.1775,Honey Comb,5,80,80,16
03/01/2023,GRA,ST005,QAR,PRK.1776,Milk powder,3,39,39,13
03/01/2023,GRA,ST005,QAR,PRK.4501,Full Fat Milk,0,0,0,1
03/01/2023,GRA,ST005,QAR,PRK.4502,Low Fat Milk,0,0,0,10
03/01/2023,GRA,ST005,QAR,PRK.4503,Almond Milk,2,108,108,54
03/01/2023,GRA,ST005,QAR,PRK.4504,Soya Milk,2,70,70,35
03/01/2023,GRA,ST005,QAR,PRK.4509,Double Shot,0,0,0,1
03/01/2023,GRA,ST005,QAR,PRK.4516,Decaf,0,0,0,1
03/01/2023,GRA,ST005,QAR,PRK.4517,Vanilla Flavor,0,0,0,12
03/01/2023,GRA,ST005,QAR,PRK.4520,hazelnut flavor,0,0,0,1
03/01/2023,GRA,ST005,QAR,PRK.4521,Oat Milk,2,70,70,35
03/01/2023,GRA,ST005,QAR,PRK.4522,Skimmed Milk,2,24,24,12
03/01/2023,GRA,ST005,QAR,PRK.4523,Coconut Milk,2,32,32,16
03/01/2023,GRA,ST005,QAR,PRK.4531,w/ Granola,0,0,0,109
03/01/2023,GRA,ST005,QAR,PRK.4533,w/ Pretzel,0,0,0,40
03/01/2023,GRA,ST005,QAR,PRK.4534,w/ Coconut Flakes,0,0,0,27
03/01/2023,GRA,ST005,QAR,PRK.4535,w/ Crispy Crepe,0,0,0,99
03/01/2023,GRA,ST005,QAR,PRK.4537,w/ Mixed Berries Sauce,0,0,0,42
03/01/2023,GRA,ST005,QAR,PRK.4541,w/ Strawberry,0,0,0,239
03/01/2023,GRA,ST005,QAR,PRK.4543,w/ Salted Caramel,0,0,0,14
03/01/2023,GRA,ST005,QAR,PRK.4544,w/ Pomegranate,0,0,0,32
03/01/2023,GRA,ST005,QAR,PRK.4545,w/ Dulce de leche,0,0,0,18
03/01/2023,GRA,ST005,QAR,PRK.4549,w/ Mango Sauce,0,0,0,86
03/01/2023,GRA,ST005,QAR,PRK.4550,w/ Mango,0,0,0,243
03/01/2023,GRA,ST005,QAR,PRK.4552,w/ Crushed Grahams,0,0,0,11
03/01/2023,GRA,ST005,QAR,PRK.4556,w/ Fresh Pineapple,0,0,0,4
03/01/2023,GRA,ST005,QAR,PRK.4557,w/ Kiwi Fruit,0,0,0,2
03/01/2023,GRA,ST005,QAR,PRK.4558,w/ Lotus Biscuit,0,0,0,34
03/01/2023,GRA,ST005,QAR,PRK.4561,MIXED FROZEN YOGURT,0,0,0,31
03/01/2023,GRA,ST005,QAR,PRK.4562,MIXED MANGO YOGURT,0,0,0,9
