DATE,BRANCHCODE,WAREHOUSECODE,CURRENCY,ERPCODE,ITEMNAME,RAWPRICE,GROSSAMT,NETVALUE,QTYSOLD
05/01/2023,GRA,ST005,QAR,PRK.902,Granola,55,660,660,12
05/01/2023,GRA,ST005,QAR,PRK.904,Graze House Mix,55,55,55,1
05/01/2023,GRA,ST005,QAR,PRK.907,Zaatar Chips,6,234,234,39
05/01/2023,GRA,ST005,QAR,PRK.909,Spicy Pesto Chips,6,168,168,28
05/01/2023,GRA,ST005,QAR,PRK.910,Graze Spicy Mix Sml,25,125,125,5
05/01/2023,GRA,ST005,QAR,PRK.911,Graze House Mix Sml,25,150,150,6
05/01/2023,GRA,ST005,QAR,PRK.937,Baby Mozzarella Salad,45,675,675,15
05/01/2023,GRA,ST005,QAR,PRK.938,4 Grain Salad with Beetro,55,1870,1870,34
05/01/2023,GRA,ST005,QAR,PRK.939,Steak Salad with Green Sa,55,2090,2090,38
05/01/2023,GRA,ST005,QAR,PRK.961,Extra cheese,5,15,15,3
05/01/2023,GRA,ST005,QAR,PRK.962,Extra flavor,3,48,48,16
05/01/2023,GRA,ST005,QAR,PRK.994,Crsnt w Egg/Avaca/ SunTom,24,1680,1680,70
05/01/2023,GRA,ST005,QAR,PRK.995,Egg Burrito,20,680,680,34
05/01/2023,GRA,ST005,QAR,PRK.996,Blueberry Granola parfait,25,1475,1475,59
05/01/2023,GRA,ST005,QAR,PRK.997,Yog Dates Chia Pista Alm,22,1122,1122,51
05/01/2023,GRA,ST005,QAR,PRK.1007,Zatar Croissant,16,256,256,16
05/01/2023,GRA,ST005,QAR,PRK.1010,Tomato Puff Pastry,16,368,368,23
05/01/2023,GRA,ST005,QAR,PRK.1012,Three Berry Yogurt & Date,25,1025,1025,41
05/01/2023,GRA,ST005,QAR,PRK.1015,Kiri Cheese Danish,14,476,476,34
05/01/2023,GRA,ST005,QAR,PRK.1016,Plain Croissant,10,330,330,33
05/01/2023,GRA,ST005,QAR,PRK.1021,Shirazi Salad,12,480,480,40
05/01/2023,GRA,ST005,QAR,PRK.1023,Falafel Salad,45,2070,2070,46
05/01/2023,GRA,ST005,QAR,PRK.1024,Quinoa Swt potato Salad,40,1080,1080,27
05/01/2023,GRA,ST005,QAR,PRK.1027,Mex Chkn Chilli Bean Sld,40,2080,2080,52
05/01/2023,GRA,ST005,QAR,PRK.1031,Teriyaki GRAZE Salmn,55,4565,4565,83
05/01/2023,GRA,ST005,QAR,PRK.1039,Keto Chicken Salad,40,2680,2680,67
05/01/2023,GRA,ST005,QAR,PRK.1046,Greek Salad,30,840,840,28
05/01/2023,GRA,ST005,QAR,PRK.1048,Mexican  Caesar Salad chk,39,5421,5421,139
05/01/2023,GRA,ST005,QAR,PRK.1049,ROCCA SALAD,22,704,704,32
05/01/2023,GRA,ST005,QAR,PRK.1052,Smoke Turkey Sandwich,34,2618,2618,77
05/01/2023,GRA,ST005,QAR,PRK.1054,lemon&Rosemary Chkn,36,3744,3744,104
05/01/2023,GRA,ST005,QAR,PRK.1057,Steak & Philly Chz SW,32,1632,1632,51
05/01/2023,GRA,ST005,QAR,PRK.1063,Egg Mayo with Rocket,20,660,660,33
05/01/2023,GRA,ST005,QAR,PRK.1068,Crispy Chicken Bun,24,768,768,32
05/01/2023,GRA,ST005,QAR,PRK.1075,Avocado Toast,40,1240,1240,31
05/01/2023,GRA,ST005,QAR,PRK.1077,Spicy Halloumi,38,912,912,24
05/01/2023,GRA,ST005,QAR,PRK.1078,Graze Breakfast (egg box),32,480,480,15
05/01/2023,GRA,ST005,QAR,PRK.1083,Chkn Soup,19,760,760,40
05/01/2023,GRA,ST005,QAR,PRK.1087,Lentil Soup,20,980,980,49
05/01/2023,GRA,ST005,QAR,PRK.1089,Vegetable soup,16,384,384,24
05/01/2023,GRA,ST005,QAR,PRK.1113,Chkn Katsu Curry,45,7515,7515,167
05/01/2023,GRA,ST005,QAR,PRK.1115,Mushroom Pasta,40,3480,3480,87
05/01/2023,GRA,ST005,QAR,PRK.1119,Chicken Biryani,45,8505,8311.5,189
05/01/2023,GRA,ST005,QAR,PRK.1121,Chinese Sesame Chicken,40,7120,6988,178
05/01/2023,GRA,ST005,QAR,PRK.1127,Rock Shrimp,45,2745,2745,61
05/01/2023,GRA,ST005,QAR,PRK.1133,Lamb  Kabsa,45,3375,3375,75
05/01/2023,GRA,ST005,QAR,PRK.1140,Chicken Curry & Saffron r,43,3225,3225,75
05/01/2023,GRA,ST005,QAR,PRK.1141,CRAB BOWL,28,168,168,6
05/01/2023,GRA,ST005,QAR,PRK.1145,Yoghurt & Cucumber dip,12,300,300,25
05/01/2023,GRA,ST005,QAR,PRK.1146,Spicy Guacamole Pot,13,455,455,35
05/01/2023,GRA,ST005,QAR,PRK.1149,Edamame Pot,12,312,312,26
05/01/2023,GRA,ST005,QAR,PRK.1155,Classic hummus pot,18,36,36,2
05/01/2023,GRA,ST005,QAR,PRK.1159,Greek Tabbouleh,20,460,460,23
05/01/2023,GRA,ST005,QAR,PRK.1160,Egg pot,16,32,32,2
05/01/2023,GRA,ST005,QAR,PRK.1173,Choco Chia Energy Ball,30,630,630,21
05/01/2023,GRA,ST005,QAR,PRK.1175,Pecan Bars,14,252,252,18
05/01/2023,GRA,ST005,QAR,PRK.1177,Carrot Cake,15,435,435,29
05/01/2023,GRA,ST005,QAR,PRK.1181,Green Apple,2,26,26,13
05/01/2023,GRA,ST005,QAR,PRK.1182,Red Apple,2,12,12,6
05/01/2023,GRA,ST005,QAR,PRK.1183,Bannana,2,176,176,88
05/01/2023,GRA,ST005,QAR,PRK.1184,Watermelon,18,1908,1908,106
05/01/2023,GRA,ST005,QAR,PRK.1185,Pineapplemix,18,1296,1296,72
05/01/2023,GRA,ST005,QAR,PRK.1186,Mixed Berries,22,2508,2508,114
05/01/2023,GRA,ST005,QAR,PRK.1194,Lotus Cheesecake,15,600,600,40
05/01/2023,GRA,ST005,QAR,PRK.1196,Chia Blueberry Yodurt,24,984,984,41
05/01/2023,GRA,ST005,QAR,PRK.1201,Iced Flat White,18,288,288,16
05/01/2023,GRA,ST005,QAR,PRK.1203,Iced Spanish Latte,20,2860,2860,143
05/01/2023,GRA,ST005,QAR,PRK.1204,Iced Latte,18,1008,1008,56
05/01/2023,GRA,ST005,QAR,PRK.1205,Iced Americano,15,480,480,32
05/01/2023,GRA,ST005,QAR,PRK.1234,Pepperoni Pizza small,40,160,160,4
05/01/2023,GRA,ST005,QAR,PRK.1235,Margherita Pizza small,30,270,270,9
05/01/2023,GRA,ST005,QAR,PRK.1236,BBQ chicken Pizza small,35,140,140,4
05/01/2023,GRA,ST005,QAR,PRK.1262,Highland Still,5,2840,2840,568
05/01/2023,GRA,ST005,QAR,PRK.1265,Perrier Sparkling,9,783,783,87
05/01/2023,GRA,ST005,QAR,PRK.1291,Coke,5,1040,1040,208
05/01/2023,GRA,ST005,QAR,PRK.1292,Diet Coke,5,850,850,170
05/01/2023,GRA,ST005,QAR,PRK.1321,Mini Cup /Pina Colada,14,1148,1148,82
05/01/2023,GRA,ST005,QAR,PRK.1322,Regular Cup / Pina Colada,21,609,609,29
05/01/2023,GRA,ST005,QAR,PRK.1323,Large cup /Pina Colada,23,92,92,4
05/01/2023,GRA,ST005,QAR,PRK.1324,Mini Pina Colada/Topping,18,540,540,30
05/01/2023,GRA,ST005,QAR,PRK.1325,Regular Pina Colada/Toppi,26,494,494,19
05/01/2023,GRA,ST005,QAR,PRK.1333,Stay Home w/Graze M 6 X1,130,130,130,1
05/01/2023,GRA,ST005,QAR,PRK.1334,Stay Home w/Graze M12 X1,240,240,240,1
05/01/2023,GRA,ST005,QAR,PRK.1351,Espresso Single,12,396,396,33
05/01/2023,GRA,ST005,QAR,PRK.1352,Macchiato,18,36,36,2
05/01/2023,GRA,ST005,QAR,PRK.1353,Americano Hot,15,1200,1200,80
05/01/2023,GRA,ST005,QAR,PRK.1354,Flat White Hot,18,666,666,37
05/01/2023,GRA,ST005,QAR,PRK.1355,Cappucino,18,1818,1818,101
05/01/2023,GRA,ST005,QAR,PRK.1356,Cortado,18,162,162,9
05/01/2023,GRA,ST005,QAR,PRK.1358,Spanish Latte,20,1980,1980,99
05/01/2023,GRA,ST005,QAR,PRK.1359,Classic Mocha,25,275,275,11
05/01/2023,GRA,ST005,QAR,PRK.1360,Slated Caramel Mocha,25,375,375,15
05/01/2023,GRA,ST005,QAR,PRK.1361,Extra Shot,0,0,0,1
05/01/2023,GRA,ST005,QAR,PRK.1362,Double Espresso,14,392,392,28
05/01/2023,GRA,ST005,QAR,PRK.1363,Latte Hot,18,972,972,54
05/01/2023,GRA,ST005,QAR,PRK.1364,English B/F,12,240,240,20
05/01/2023,GRA,ST005,QAR,PRK.1365,Green Tea,12,60,60,5
05/01/2023,GRA,ST005,QAR,PRK.1372,Hot Cocoa,24,600,600,25
05/01/2023,GRA,ST005,QAR,PRK.1374,Graze Peach Iced Tea,18,882,882,49
05/01/2023,GRA,ST005,QAR,PRK.1375,Matcha Latte,25,100,100,4
05/01/2023,GRA,ST005,QAR,PRK.1386,Orange Juice,22,3410,3410,155
05/01/2023,GRA,ST005,QAR,PRK.1387,Carrot Juice,22,902,902,41
05/01/2023,GRA,ST005,QAR,PRK.1390,Morning Boost,24,936,936,39
05/01/2023,GRA,ST005,QAR,PRK.1392,Immune Boost,22,1122,1122,51
05/01/2023,GRA,ST005,QAR,PRK.1396,Ginger Aid Shot,18,1818,1818,101
05/01/2023,GRA,ST005,QAR,PRK.1402,Laban Drink,18,540,540,30
05/01/2023,GRA,ST005,QAR,PRK.1404,Green Boost Juice,24,1464,1464,61
05/01/2023,GRA,ST005,QAR,PRK.1406,Beetroot & Apple Juice,20,1620,1620,81
05/01/2023,GRA,ST005,QAR,PRK.1409,Turmeric wellness shot,16,1008,1008,63
05/01/2023,GRA,ST005,QAR,PRK.1412, Mini Cup Yogurt,14,714,714,51
05/01/2023,GRA,ST005,QAR,PRK.1413,Regular Cup Yogurt,21,609,609,29
05/01/2023,GRA,ST005,QAR,PRK.1416,Large Cup Yogurt,23,230,230,10
05/01/2023,GRA,ST005,QAR,PRK.1418, Mini Cup Yogurt/Topping,18,1080,1080,60
05/01/2023,GRA,ST005,QAR,PRK.1419,Reg Cup Yogurt/Toping,26,468,468,18
05/01/2023,GRA,ST005,QAR,PRK.1422,Large Cup Yogurt/Topping,30,210,210,7
05/01/2023,GRA,ST005,QAR,PRK.1429,Mini Mango Ice Cream,14,4564,4564,326
05/01/2023,GRA,ST005,QAR,PRK.1430,Regular Mango Ice Cream,21,3213,3213,153
05/01/2023,GRA,ST005,QAR,PRK.1431,Large Mango Ice Cream,23,667,667,29
05/01/2023,GRA,ST005,QAR,PRK.1432,Mini Mango Ice Cream/Topp,18,2772,2772,154
05/01/2023,GRA,ST005,QAR,PRK.1433,Reg Mango Ice cream/Topp,26,2392,2392,92
05/01/2023,GRA,ST005,QAR,PRK.1434,Large Mango Ice Cream/Top,30,630,630,21
05/01/2023,GRA,ST005,QAR,PRK.1474,Spaghetti Bolognese,45,720,720,16
05/01/2023,GRA,ST005,QAR,PRK.1475,Salmon with Cilantro Rice,65,4940,4940,76
05/01/2023,GRA,ST005,QAR,PRK.1476,Chicken Noodle Bowl,40,1240,1240,31
05/01/2023,GRA,ST005,QAR,PRK.1477,BBQ Steak,45,2160,2160,48
05/01/2023,GRA,ST005,QAR,PRK.1478,Rib eye Steak with Vegeta,55,1760,1760,32
05/01/2023,GRA,ST005,QAR,PRK.1479,Lasagne Pasta,45,990,990,22
05/01/2023,GRA,ST005,QAR,PRK.1480,Steak cajun potato,50,2200,2200,44
05/01/2023,GRA,ST005,QAR,PRK.1501,pomegranate,3,21,21,7
05/01/2023,GRA,ST005,QAR,PRK.1502,Strawberry,3,81,81,27
05/01/2023,GRA,ST005,QAR,PRK.1505,Salted Caramel,3,6,6,2
05/01/2023,GRA,ST005,QAR,PRK.1506,Pretzel,3,3,3,1
05/01/2023,GRA,ST005,QAR,PRK.1507,Crispy Crepe,3,81,81,27
05/01/2023,GRA,ST005,QAR,PRK.1508,Granola,3,24,24,8
05/01/2023,GRA,ST005,QAR,PRK.1509,Coconut Flakes,3,9,9,3
05/01/2023,GRA,ST005,QAR,PRK.1510,Crushed Graham,3,9,9,3
05/01/2023,GRA,ST005,QAR,PRK.1520,Mixed Berries Sauce,3,3,3,1
05/01/2023,GRA,ST005,QAR,PRK.1521,Mango Sauce,3,9,9,3
05/01/2023,GRA,ST005,QAR,PRK.1523,Peanut Butter Sauce,3,18,18,6
05/01/2023,GRA,ST005,QAR,PRK.1527,Mango,3,60,60,20
05/01/2023,GRA,ST005,QAR,PRK.1529,Raita,3,60,60,20
05/01/2023,GRA,ST005,QAR,PRK.1530,Chili Tomato Sauce,3,12,12,4
05/01/2023,GRA,ST005,QAR,PRK.1531,Power Shake,35,770,770,22
05/01/2023,GRA,ST005,QAR,PRK.1532,Peanut Power Shake,35,210,210,6
05/01/2023,GRA,ST005,QAR,PRK.1533,Pre-workout protein shak,45,180,180,4
05/01/2023,GRA,ST005,QAR,PRK.1534,Choco Power Shake,35,70,70,2
05/01/2023,GRA,ST005,QAR,PRK.1536,Energizer protine Shakes,45,1170,1170,26
05/01/2023,GRA,ST005,QAR,PRK.1538,Pre-workout shake,35,35,35,1
05/01/2023,GRA,ST005,QAR,PRK.1540,Energizer shakes,35,525,525,15
05/01/2023,GRA,ST005,QAR,PRK.1542,14oz Pre-work out Protein,40,80,80,2
05/01/2023,GRA,ST005,QAR,PRK.1545,14oz Energizer protine,40,80,80,2
05/01/2023,GRA,ST005,QAR,PRK.1548,14oz Energizer shakes,30,240,240,8
05/01/2023,GRA,ST005,QAR,PRK.1550,Extra Protein,10,10,10,1
05/01/2023,GRA,ST005,QAR,PRK.1563,Large Pomegranate i/c,23,23,23,1
05/01/2023,GRA,ST005,QAR,PRK.1588,Acai Small,35,5145,5145,147
05/01/2023,GRA,ST005,QAR,PRK.1589,Acai Large,40,1200,1200,30
05/01/2023,GRA,ST005,QAR,PRK.1592,Watermelon Coolex,24,720,720,30
05/01/2023,GRA,ST005,QAR,PRK.1593,Tropicana,24,1056,1056,44
05/01/2023,GRA,ST005,QAR,PRK.1621,Orange loaf,12,372,372,31
05/01/2023,GRA,ST005,QAR,PRK.1623,Brownie flavour cookies,10,1450,1450,145
05/01/2023,GRA,ST005,QAR,PRK.1628,Brownie bites,13,260,260,20
05/01/2023,GRA,ST005,QAR,PRK.1632,Turkey cheese roll,19,342,342,18
05/01/2023,GRA,ST005,QAR,PRK.1633,Spinach feta roll,18,288,288,16
05/01/2023,GRA,ST005,QAR,PRK.1634,Madeleine,12,456,456,38
05/01/2023,GRA,ST005,QAR,PRK.1651,PB & Jam sourdough bread,18,468,468,26
05/01/2023,GRA,ST005,QAR,PRK.1652,Italian Poached Eggs,32,32,32,1
05/01/2023,GRA,ST005,QAR,PRK.1655,Graze Oatmeal,30,930,930,31
05/01/2023,GRA,ST005,QAR,PRK.1681,Salted Caramel Mocha,24,888,888,37
05/01/2023,GRA,ST005,QAR,PRK.1682,Matcha Frappe,26,1872,1872,72
05/01/2023,GRA,ST005,QAR,PRK.1711,Pomegranate Pot,18,378,378,21
05/01/2023,GRA,ST005,QAR,PRK.1712,Mango Peach Muesli Pot,24,240,240,10
05/01/2023,GRA,ST005,QAR,PRK.1713,Overnight oats PB&Jam,25,825,825,33
05/01/2023,GRA,ST005,QAR,PRK.1741,Spicy Tuna sandwich,26,1664,1664,64
05/01/2023,GRA,ST005,QAR,PRK.1742,Three cheese,22,638,638,29
05/01/2023,GRA,ST005,QAR,PRK.1743,Falafel and Labna,25,525,525,21
05/01/2023,GRA,ST005,QAR,PRK.1747,BEEF BURGER,35,525,525,15
05/01/2023,GRA,ST005,QAR,PRK.1748,Chicken Shawarma,18,1242,1242,69
05/01/2023,GRA,ST005,QAR,PRK.1749,Tenderloin Beef Shawarma,22,660,660,30
05/01/2023,GRA,ST005,QAR,PRK.1750,Cream Cheese Roll,9,684,684,76
05/01/2023,GRA,ST005,QAR,PRK.1751,Egg Mayo Roll,9,261,261,29
05/01/2023,GRA,ST005,QAR,PRK.1752,Club sandwich,30,1500,1500,50
05/01/2023,GRA,ST005,QAR,PRK.1771,Pistachio Arabeshi,5,510,510,102
05/01/2023,GRA,ST005,QAR,PRK.1772,Fresh Raspberry,5,560,560,112
05/01/2023,GRA,ST005,QAR,PRK.1773,Fresh blueberry,5,425,425,85
05/01/2023,GRA,ST005,QAR,PRK.1774,Chocolate Flakes,5,285,285,57
05/01/2023,GRA,ST005,QAR,PRK.1775,Honey Comb,5,50,50,10
05/01/2023,GRA,ST005,QAR,PRK.1776,Milk powder,3,12,12,4
05/01/2023,GRA,ST005,QAR,PRK.4501,Full Fat Milk,0,0,0,3
05/01/2023,GRA,ST005,QAR,PRK.4502,Low Fat Milk,0,0,0,11
05/01/2023,GRA,ST005,QAR,PRK.4503,Almond Milk,2,74,74,37
05/01/2023,GRA,ST005,QAR,PRK.4504,Soya Milk,2,38,38,19
05/01/2023,GRA,ST005,QAR,PRK.4509,Double Shot,0,0,0,1
05/01/2023,GRA,ST005,QAR,PRK.4520,hazelnut flavor,0,0,0,6
05/01/2023,GRA,ST005,QAR,PRK.4521,Oat Milk,2,68,68,34
05/01/2023,GRA,ST005,QAR,PRK.4522,Skimmed Milk,2,12,12,6
05/01/2023,GRA,ST005,QAR,PRK.4523,Coconut Milk,2,18,18,9
05/01/2023,GRA,ST005,QAR,PRK.4531,w/ Granola,0,0,0,92
05/01/2023,GRA,ST005,QAR,PRK.4533,w/ Pretzel,0,0,0,13
05/01/2023,GRA,ST005,QAR,PRK.4534,w/ Coconut Flakes,0,0,0,13
05/01/2023,GRA,ST005,QAR,PRK.4535,w/ Crispy Crepe,0,0,0,42
05/01/2023,GRA,ST005,QAR,PRK.4537,w/ Mixed Berries Sauce,0,0,0,50
05/01/2023,GRA,ST005,QAR,PRK.4541,w/ Strawberry,0,0,0,230
05/01/2023,GRA,ST005,QAR,PRK.4543,w/ Salted Caramel,0,0,0,31
05/01/2023,GRA,ST005,QAR,PRK.4544,w/ Pomegranate,0,0,0,92
05/01/2023,GRA,ST005,QAR,PRK.4545,w/ Dulce de leche,0,0,0,19
05/01/2023,GRA,ST005,QAR,PRK.4549,w/ Mango Sauce,0,0,0,143
05/01/2023,GRA,ST005,QAR,PRK.4550,w/ Mango,0,0,0,254
05/01/2023,GRA,ST005,QAR,PRK.4551,w/ Peanut Butter Sauce,0,0,0,6
05/01/2023,GRA,ST005,QAR,PRK.4552,w/ Crushed Grahams,0,0,0,15
05/01/2023,GRA,ST005,QAR,PRK.4556,w/ Fresh Pineapple,0,0,0,10
05/01/2023,GRA,ST005,QAR,PRK.4557,w/ Kiwi Fruit,0,0,0,7
05/01/2023,GRA,ST005,QAR,PRK.4558,w/ Lotus Biscuit,0,0,0,24
05/01/2023,GRA,ST005,QAR,PRK.4561,MIXED FROZEN YOGURT,0,0,0,30
05/01/2023,GRA,ST005,QAR,PRK.4562,MIXED MANGO YOGURT,0,0,0,7
