DATE,BRANCHCODE,WAREHOUSECODE,CURRENCY,ERPCODE,ITEMNAME,RAWPRICE,GROSSAMT,NETVALUE,QTYSOLD
07/01/2023,GRA,ST005,QAR,PRK.902,Granola,55,275,275,5
07/01/2023,GRA,ST005,QAR,PRK.904,Graze House Mix,55,55,55,1
07/01/2023,GRA,ST005,QAR,PRK.907,Zaatar Chips,6,66,66,11
07/01/2023,GRA,ST005,QAR,PRK.909,Spicy Pesto Chips,6,42,42,7
07/01/2023,GRA,ST005,QAR,PRK.910,Graze Spicy Mix Sml,25,25,25,1
07/01/2023,GRA,ST005,QAR,PRK.911,Graze House Mix Sml,25,100,100,4
07/01/2023,GRA,ST005,QAR,PRK.937,Baby Mozzarella Salad,45,45,45,1
07/01/2023,GRA,ST005,QAR,PRK.938,4 Grain Salad with Beetro,55,330,330,6
07/01/2023,GRA,ST005,QAR,PRK.939,Steak Salad with Green Sa,55,1210,1210,22
07/01/2023,GRA,ST005,QAR,PRK.962,Extra flavor,3,15,15,5
07/01/2023,GRA,ST005,QAR,PRK.994,Crsnt w Egg/Avaca/ SunTom,24,648,648,27
07/01/2023,GRA,ST005,QAR,PRK.995,Egg Burrito,20,500,500,25
07/01/2023,GRA,ST005,QAR,PRK.996,Blueberry Granola parfait,25,550,550,22
07/01/2023,GRA,ST005,QAR,PRK.997,Yog Dates Chia Pista Alm,22,682,682,31
07/01/2023,GRA,ST005,QAR,PRK.1007,Zatar Croissant,16,160,160,10
07/01/2023,GRA,ST005,QAR,PRK.1010,Tomato Puff Pastry,16,176,176,11
07/01/2023,GRA,ST005,QAR,PRK.1012,Three Berry Yogurt & Date,25,425,425,17
07/01/2023,GRA,ST005,QAR,PRK.1015,Kiri Cheese Danish,14,252,252,18
07/01/2023,GRA,ST005,QAR,PRK.1016,Plain Croissant,10,100,100,10
07/01/2023,GRA,ST005,QAR,PRK.1021,Shirazi Salad,12,396,396,33
07/01/2023,GRA,ST005,QAR,PRK.1023,Falafel Salad,45,1125,1125,25
07/01/2023,GRA,ST005,QAR,PRK.1024,Quinoa Swt potato Salad,40,520,520,13
07/01/2023,GRA,ST005,QAR,PRK.1027,Mex Chkn Chilli Bean Sld,40,1000,1000,25
07/01/2023,GRA,ST005,QAR,PRK.1029,Burrata Salad,50,50,50,1
07/01/2023,GRA,ST005,QAR,PRK.1031,Teriyaki GRAZE Salmn,55,2255,2255,41
07/01/2023,GRA,ST005,QAR,PRK.1039,Keto Chicken Salad,40,600,600,15
07/01/2023,GRA,ST005,QAR,PRK.1046,Greek Salad,30,600,600,20
07/01/2023,GRA,ST005,QAR,PRK.1048,Mexican  Caesar Salad chk,39,2418,2418,62
07/01/2023,GRA,ST005,QAR,PRK.1049,ROCCA SALAD,22,638,638,29
07/01/2023,GRA,ST005,QAR,PRK.1052,Smoke Turkey Sandwich,34,1190,1190,35
07/01/2023,GRA,ST005,QAR,PRK.1054,lemon&Rosemary Chkn,36,2160,2160,60
07/01/2023,GRA,ST005,QAR,PRK.1057,Steak & Philly Chz SW,32,544,544,17
07/01/2023,GRA,ST005,QAR,PRK.1063,Egg Mayo with Rocket,20,360,360,18
07/01/2023,GRA,ST005,QAR,PRK.1075,Avocado Toast,40,240,240,6
07/01/2023,GRA,ST005,QAR,PRK.1077,Spicy Halloumi,38,304,304,8
07/01/2023,GRA,ST005,QAR,PRK.1078,Graze Breakfast (egg box),32,96,96,3
07/01/2023,GRA,ST005,QAR,PRK.1083,Chkn Soup,19,304,304,16
07/01/2023,GRA,ST005,QAR,PRK.1087,Lentil Soup,20,540,540,27
07/01/2023,GRA,ST005,QAR,PRK.1089,Vegetable soup,16,112,112,7
07/01/2023,GRA,ST005,QAR,PRK.1113,Chkn Katsu Curry,45,3600,3600,80
07/01/2023,GRA,ST005,QAR,PRK.1115,Mushroom Pasta,40,1040,1040,26
07/01/2023,GRA,ST005,QAR,PRK.1119,Chicken Biryani,45,4365,4365,97
07/01/2023,GRA,ST005,QAR,PRK.1121,Chinese Sesame Chicken,40,2480,2480,62
07/01/2023,GRA,ST005,QAR,PRK.1127,Rock Shrimp,45,1530,1530,34
07/01/2023,GRA,ST005,QAR,PRK.1133,Lamb  Kabsa,45,2025,2025,45
07/01/2023,GRA,ST005,QAR,PRK.1140,Chicken Curry & Saffron r,43,1677,1677,39
07/01/2023,GRA,ST005,QAR,PRK.1145,Yoghurt & Cucumber dip,12,240,240,20
07/01/2023,GRA,ST005,QAR,PRK.1146,Spicy Guacamole Pot,13,169,169,13
07/01/2023,GRA,ST005,QAR,PRK.1149,Edamame Pot,12,252,252,21
07/01/2023,GRA,ST005,QAR,PRK.1159,Greek Tabbouleh,20,460,460,23
07/01/2023,GRA,ST005,QAR,PRK.1173,Choco Chia Energy Ball,30,300,300,10
07/01/2023,GRA,ST005,QAR,PRK.1175,Pecan Bars,14,168,168,12
07/01/2023,GRA,ST005,QAR,PRK.1177,Carrot Cake,15,195,195,13
07/01/2023,GRA,ST005,QAR,PRK.1181,Green Apple,2,14,14,7
07/01/2023,GRA,ST005,QAR,PRK.1182,Red Apple,2,10,10,5
07/01/2023,GRA,ST005,QAR,PRK.1183,Bannana,2,124,124,62
07/01/2023,GRA,ST005,QAR,PRK.1184,Watermelon,18,990,990,55
07/01/2023,GRA,ST005,QAR,PRK.1185,Pineapplemix,18,612,612,34
07/01/2023,GRA,ST005,QAR,PRK.1186,Mixed Berries,22,1100,1100,50
07/01/2023,GRA,ST005,QAR,PRK.1194,Lotus Cheesecake,15,225,225,15
07/01/2023,GRA,ST005,QAR,PRK.1196,Chia Blueberry Yodurt,24,504,504,21
07/01/2023,GRA,ST005,QAR,PRK.1201,Iced Flat White,18,36,36,2
07/01/2023,GRA,ST005,QAR,PRK.1203,Iced Spanish Latte,20,1500,1500,75
07/01/2023,GRA,ST005,QAR,PRK.1204,Iced Latte,18,540,540,30
07/01/2023,GRA,ST005,QAR,PRK.1205,Iced Americano,15,180,180,12
07/01/2023,GRA,ST005,QAR,PRK.1234,Pepperoni Pizza small,40,40,40,1
07/01/2023,GRA,ST005,QAR,PRK.1235,Margherita Pizza small,30,120,120,4
07/01/2023,GRA,ST005,QAR,PRK.1236,BBQ chicken Pizza small,35,35,35,1
07/01/2023,GRA,ST005,QAR,PRK.1262,Highland Still,5,1285,1280,257
07/01/2023,GRA,ST005,QAR,PRK.1265,Perrier Sparkling,9,216,216,24
07/01/2023,GRA,ST005,QAR,PRK.1291,Coke,5,235,235,47
07/01/2023,GRA,ST005,QAR,PRK.1292,Diet Coke,5,300,300,60
07/01/2023,GRA,ST005,QAR,PRK.1321,Mini Cup /Pina Colada,14,560,560,40
07/01/2023,GRA,ST005,QAR,PRK.1322,Regular Cup / Pina Colada,21,273,273,13
07/01/2023,GRA,ST005,QAR,PRK.1323,Large cup /Pina Colada,23,46,46,2
07/01/2023,GRA,ST005,QAR,PRK.1324,Mini Pina Colada/Topping,18,396,396,22
07/01/2023,GRA,ST005,QAR,PRK.1325,Regular Pina Colada/Toppi,26,182,182,7
07/01/2023,GRA,ST005,QAR,PRK.1326,Large Pina Colada/Topping,30,30,30,1
07/01/2023,GRA,ST005,QAR,PRK.1351,Espresso Single,12,48,48,4
07/01/2023,GRA,ST005,QAR,PRK.1352,Macchiato,18,18,18,1
07/01/2023,GRA,ST005,QAR,PRK.1353,Americano Hot,15,600,600,40
07/01/2023,GRA,ST005,QAR,PRK.1354,Flat White Hot,18,468,468,26
07/01/2023,GRA,ST005,QAR,PRK.1355,Cappucino,18,432,432,24
07/01/2023,GRA,ST005,QAR,PRK.1356,Cortado,18,126,126,7
07/01/2023,GRA,ST005,QAR,PRK.1358,Spanish Latte,20,920,920,46
07/01/2023,GRA,ST005,QAR,PRK.1359,Classic Mocha,25,100,100,4
07/01/2023,GRA,ST005,QAR,PRK.1360,Slated Caramel Mocha,25,50,50,2
07/01/2023,GRA,ST005,QAR,PRK.1362,Double Espresso,14,98,98,7
07/01/2023,GRA,ST005,QAR,PRK.1363,Latte Hot,18,630,630,35
07/01/2023,GRA,ST005,QAR,PRK.1364,English B/F,12,72,72,6
07/01/2023,GRA,ST005,QAR,PRK.1365,Green Tea,12,24,24,2
07/01/2023,GRA,ST005,QAR,PRK.1372,Hot Cocoa,24,264,264,11
07/01/2023,GRA,ST005,QAR,PRK.1373,Hibiscus Iced tea,18,306,306,17
07/01/2023,GRA,ST005,QAR,PRK.1374,Graze Peach Iced Tea,18,324,324,18
07/01/2023,GRA,ST005,QAR,PRK.1375,Matcha Latte,25,100,100,4
07/01/2023,GRA,ST005,QAR,PRK.1386,Orange Juice,22,1672,1672,76
07/01/2023,GRA,ST005,QAR,PRK.1387,Carrot Juice,22,462,462,21
07/01/2023,GRA,ST005,QAR,PRK.1390,Morning Boost,24,528,528,22
07/01/2023,GRA,ST005,QAR,PRK.1392,Immune Boost,22,792,792,36
07/01/2023,GRA,ST005,QAR,PRK.1396,Ginger Aid Shot,18,738,738,41
07/01/2023,GRA,ST005,QAR,PRK.1402,Laban Drink,18,432,432,24
07/01/2023,GRA,ST005,QAR,PRK.1404,Green Boost Juice,24,840,840,35
07/01/2023,GRA,ST005,QAR,PRK.1406,Beetroot & Apple Juice,20,760,760,38
07/01/2023,GRA,ST005,QAR,PRK.1409,Turmeric wellness shot,16,512,512,32
07/01/2023,GRA,ST005,QAR,PRK.1412, Mini Cup Yogurt,14,392,392,28
07/01/2023,GRA,ST005,QAR,PRK.1413,Regular Cup Yogurt,21,357,357,17
07/01/2023,GRA,ST005,QAR,PRK.1416,Large Cup Yogurt,23,46,46,2
07/01/2023,GRA,ST005,QAR,PRK.1418, Mini Cup Yogurt/Topping,18,378,378,21
07/01/2023,GRA,ST005,QAR,PRK.1419,Reg Cup Yogurt/Toping,26,260,260,10
07/01/2023,GRA,ST005,QAR,PRK.1429,Mini Mango Ice Cream,14,2226,2226,159
07/01/2023,GRA,ST005,QAR,PRK.1430,Regular Mango Ice Cream,21,2037,2037,97
07/01/2023,GRA,ST005,QAR,PRK.1431,Large Mango Ice Cream,23,1058,1058,46
07/01/2023,GRA,ST005,QAR,PRK.1432,Mini Mango Ice Cream/Topp,18,846,846,47
07/01/2023,GRA,ST005,QAR,PRK.1433,Reg Mango Ice cream/Topp,26,806,806,31
07/01/2023,GRA,ST005,QAR,PRK.1434,Large Mango Ice Cream/Top,30,330,330,11
07/01/2023,GRA,ST005,QAR,PRK.1470,Lotus Biscuit,3,6,6,2
07/01/2023,GRA,ST005,QAR,PRK.1474,Spaghetti Bolognese,45,675,675,15
07/01/2023,GRA,ST005,QAR,PRK.1475,Salmon with Cilantro Rice,65,1560,1560,24
07/01/2023,GRA,ST005,QAR,PRK.1476,Chicken Noodle Bowl,40,200,200,5
07/01/2023,GRA,ST005,QAR,PRK.1477,BBQ Steak,45,90,90,2
07/01/2023,GRA,ST005,QAR,PRK.1478,Rib eye Steak with Vegeta,55,1210,1210,22
07/01/2023,GRA,ST005,QAR,PRK.1480,Steak cajun potato,50,900,900,18
07/01/2023,GRA,ST005,QAR,PRK.1501,pomegranate,3,21,21,7
07/01/2023,GRA,ST005,QAR,PRK.1502,Strawberry,3,45,45,15
07/01/2023,GRA,ST005,QAR,PRK.1505,Salted Caramel,3,6,6,2
07/01/2023,GRA,ST005,QAR,PRK.1507,Crispy Crepe,3,3,3,1
07/01/2023,GRA,ST005,QAR,PRK.1508,Granola,3,36,36,12
07/01/2023,GRA,ST005,QAR,PRK.1509,Coconut Flakes,3,3,3,1
07/01/2023,GRA,ST005,QAR,PRK.1514,Dulce de Leche,3,6,6,2
07/01/2023,GRA,ST005,QAR,PRK.1520,Mixed Berries Sauce,3,3,3,1
07/01/2023,GRA,ST005,QAR,PRK.1521,Mango Sauce,3,12,12,4
07/01/2023,GRA,ST005,QAR,PRK.1523,Peanut Butter Sauce,3,9,9,3
07/01/2023,GRA,ST005,QAR,PRK.1527,Mango,3,69,69,23
07/01/2023,GRA,ST005,QAR,PRK.1529,Raita,3,24,24,8
07/01/2023,GRA,ST005,QAR,PRK.1530,Chili Tomato Sauce,3,6,6,2
07/01/2023,GRA,ST005,QAR,PRK.1531,Power Shake,35,1645,1645,47
07/01/2023,GRA,ST005,QAR,PRK.1532,Peanut Power Shake,35,455,455,13
07/01/2023,GRA,ST005,QAR,PRK.1533,Pre-workout protein shak,45,135,135,3
07/01/2023,GRA,ST005,QAR,PRK.1534,Choco Power Shake,35,105,105,3
07/01/2023,GRA,ST005,QAR,PRK.1536,Energizer protine Shakes,45,945,945,21
07/01/2023,GRA,ST005,QAR,PRK.1538,Pre-workout shake,35,35,35,1
07/01/2023,GRA,ST005,QAR,PRK.1540,Energizer shakes,35,455,455,13
07/01/2023,GRA,ST005,QAR,PRK.1542,14oz Pre-work out Protein,40,40,40,1
07/01/2023,GRA,ST005,QAR,PRK.1545,14oz Energizer protine,40,320,320,8
07/01/2023,GRA,ST005,QAR,PRK.1548,14oz Energizer shakes,30,60,60,2
07/01/2023,GRA,ST005,QAR,PRK.1550,Extra Protein,10,50,50,5
07/01/2023,GRA,ST005,QAR,PRK.1587,Supersize,45,45,45,1
07/01/2023,GRA,ST005,QAR,PRK.1588,Acai Small,35,2240,2240,64
07/01/2023,GRA,ST005,QAR,PRK.1589,Acai Large,40,160,160,4
07/01/2023,GRA,ST005,QAR,PRK.1592,Watermelon Coolex,24,552,552,23
07/01/2023,GRA,ST005,QAR,PRK.1593,Tropicana,24,504,504,21
07/01/2023,GRA,ST005,QAR,PRK.1621,Orange loaf,12,228,228,19
07/01/2023,GRA,ST005,QAR,PRK.1623,Brownie flavour cookies,10,470,470,47
07/01/2023,GRA,ST005,QAR,PRK.1628,Brownie bites,13,169,156,13
07/01/2023,GRA,ST005,QAR,PRK.1632,Turkey cheese roll,19,209,209,11
07/01/2023,GRA,ST005,QAR,PRK.1633,Spinach feta roll,18,54,54,3
07/01/2023,GRA,ST005,QAR,PRK.1634,Madeleine,12,120,120,10
07/01/2023,GRA,ST005,QAR,PRK.1655,Graze Oatmeal,30,120,120,4
07/01/2023,GRA,ST005,QAR,PRK.1681,Salted Caramel Mocha,24,336,288,14
07/01/2023,GRA,ST005,QAR,PRK.1682,Matcha Frappe,26,650,650,25
07/01/2023,GRA,ST005,QAR,PRK.1711,Pomegranate Pot,18,288,288,16
07/01/2023,GRA,ST005,QAR,PRK.1712,Mango Peach Muesli Pot,24,96,96,4
07/01/2023,GRA,ST005,QAR,PRK.1713,Overnight oats PB&Jam,25,275,275,11
07/01/2023,GRA,ST005,QAR,PRK.1741,Spicy Tuna sandwich,26,650,650,25
07/01/2023,GRA,ST005,QAR,PRK.1742,Three cheese,22,308,308,14
07/01/2023,GRA,ST005,QAR,PRK.1743,Falafel and Labna,25,75,75,3
07/01/2023,GRA,ST005,QAR,PRK.1748,Chicken Shawarma,18,576,576,32
07/01/2023,GRA,ST005,QAR,PRK.1749,Tenderloin Beef Shawarma,22,286,286,13
07/01/2023,GRA,ST005,QAR,PRK.1750,Cream Cheese Roll,9,306,306,34
07/01/2023,GRA,ST005,QAR,PRK.1751,Egg Mayo Roll,9,54,54,6
07/01/2023,GRA,ST005,QAR,PRK.1752,Club sandwich,30,1050,1050,35
07/01/2023,GRA,ST005,QAR,PRK.1753,Slider Chicken Burger,38,684,684,18
07/01/2023,GRA,ST005,QAR,PRK.1754,Slider Beef Burger,39,624,624,16
07/01/2023,GRA,ST005,QAR,PRK.1771,Pistachio Arabeshi,5,205,205,41
07/01/2023,GRA,ST005,QAR,PRK.1772,Fresh Raspberry,5,205,205,41
07/01/2023,GRA,ST005,QAR,PRK.1773,Fresh blueberry,5,110,110,22
07/01/2023,GRA,ST005,QAR,PRK.1774,Chocolate Flakes,5,65,65,13
07/01/2023,GRA,ST005,QAR,PRK.1775,Honey Comb,5,10,10,2
07/01/2023,GRA,ST005,QAR,PRK.1776,Milk powder,3,3,3,1
07/01/2023,GRA,ST005,QAR,PRK.4502,Low Fat Milk,0,0,0,10
07/01/2023,GRA,ST005,QAR,PRK.4503,Almond Milk,2,34,34,17
07/01/2023,GRA,ST005,QAR,PRK.4504,Soya Milk,2,18,18,9
07/01/2023,GRA,ST005,QAR,PRK.4516,Decaf,0,0,0,2
07/01/2023,GRA,ST005,QAR,PRK.4517,Vanilla Flavor,0,0,0,2
07/01/2023,GRA,ST005,QAR,PRK.4520,hazelnut flavor,0,0,0,1
07/01/2023,GRA,ST005,QAR,PRK.4521,Oat Milk,2,56,56,28
07/01/2023,GRA,ST005,QAR,PRK.4523,Coconut Milk,2,12,12,6
07/01/2023,GRA,ST005,QAR,PRK.4531,w/ Granola,0,0,0,25
07/01/2023,GRA,ST005,QAR,PRK.4533,w/ Pretzel,0,0,0,5
07/01/2023,GRA,ST005,QAR,PRK.4534,w/ Coconut Flakes,0,0,0,18
07/01/2023,GRA,ST005,QAR,PRK.4535,w/ Crispy Crepe,0,0,0,33
07/01/2023,GRA,ST005,QAR,PRK.4537,w/ Mixed Berries Sauce,0,0,0,43
07/01/2023,GRA,ST005,QAR,PRK.4541,w/ Strawberry,0,0,0,88
07/01/2023,GRA,ST005,QAR,PRK.4543,w/ Salted Caramel,0,0,0,10
07/01/2023,GRA,ST005,QAR,PRK.4544,w/ Pomegranate,0,0,0,30
07/01/2023,GRA,ST005,QAR,PRK.4545,w/ Dulce de leche,0,0,0,19
07/01/2023,GRA,ST005,QAR,PRK.4549,w/ Mango Sauce,0,0,0,40
07/01/2023,GRA,ST005,QAR,PRK.4550,w/ Mango,0,0,0,98
07/01/2023,GRA,ST005,QAR,PRK.4551,w/ Peanut Butter Sauce,0,0,0,3
07/01/2023,GRA,ST005,QAR,PRK.4552,w/ Crushed Grahams,0,0,0,18
07/01/2023,GRA,ST005,QAR,PRK.4556,w/ Fresh Pineapple,0,0,0,1
07/01/2023,GRA,ST005,QAR,PRK.4557,w/ Kiwi Fruit,0,0,0,1
07/01/2023,GRA,ST005,QAR,PRK.4558,w/ Lotus Biscuit,0,0,0,24
07/01/2023,GRA,ST005,QAR,PRK.4561,MIXED FROZEN YOGURT,0,0,0,4
07/01/2023,GRA,ST005,QAR,PRK.4562,MIXED MANGO YOGURT,0,0,0,4
