DATE,BRANCHCODE,WAREHOUSECODE,CURRENCY,ERPCODE,ITEMNAME,RAWPRICE,GROSSAMT,NETVALUE,QTYSOLD
04/01/2023,GRA,ST005,QAR,PRK.902,Granola,55,110,110,2
04/01/2023,GRA,ST005,QAR,PRK.907,Zaatar Chips,6,60,60,10
04/01/2023,GRA,ST005,QAR,PRK.909,Spicy Pesto Chips,6,90,90,15
04/01/2023,GRA,ST005,QAR,PRK.910,Graze Spicy Mix Sml,25,75,75,3
04/01/2023,GRA,ST005,QAR,PRK.911,Graze House Mix Sml,25,125,125,5
04/01/2023,GRA,ST005,QAR,PRK.937,Baby Mozzarella Salad,45,360,360,8
04/01/2023,GRA,ST005,QAR,PRK.938,4 Grain Salad with Beetro,55,550,550,10
04/01/2023,GRA,ST005,QAR,PRK.939,Steak Salad with Green Sa,55,1045,1045,19
04/01/2023,GRA,ST005,QAR,PRK.961,Extra cheese,5,5,5,1
04/01/2023,GRA,ST005,QAR,PRK.962,Extra flavor,3,39,39,13
04/01/2023,GRA,ST005,QAR,PRK.994,Crsnt w Egg/Avaca/ SunTom,24,576,576,24
04/01/2023,GRA,ST005,QAR,PRK.995,Egg Burrito,20,340,340,17
04/01/2023,GRA,ST005,QAR,PRK.996,Blueberry Granola parfait,25,550,550,22
04/01/2023,GRA,ST005,QAR,PRK.997,Yog Dates Chia Pista Alm,22,484,484,22
04/01/2023,GRA,ST005,QAR,PRK.1007,Zatar Croissant,16,128,128,8
04/01/2023,GRA,ST005,QAR,PRK.1010,Tomato Puff Pastry,16,16,16,1
04/01/2023,GRA,ST005,QAR,PRK.1012,Three Berry Yogurt & Date,25,300,300,12
04/01/2023,GRA,ST005,QAR,PRK.1015,Kiri Cheese Danish,14,392,392,28
04/01/2023,GRA,ST005,QAR,PRK.1016,Plain Croissant,10,300,300,30
04/01/2023,GRA,ST005,QAR,PRK.1021,Shirazi Salad,12,300,300,25
04/01/2023,GRA,ST005,QAR,PRK.1023,Falafel Salad,45,1035,1035,23
04/01/2023,GRA,ST005,QAR,PRK.1024,Quinoa Swt potato Salad,40,40,40,1
04/01/2023,GRA,ST005,QAR,PRK.1027,Mex Chkn Chilli Bean Sld,40,920,920,23
04/01/2023,GRA,ST005,QAR,PRK.1031,Teriyaki GRAZE Salmn,55,2585,2585,47
04/01/2023,GRA,ST005,QAR,PRK.1039,Keto Chicken Salad,40,920,920,23
04/01/2023,GRA,ST005,QAR,PRK.1046,Greek Salad,30,480,480,16
04/01/2023,GRA,ST005,QAR,PRK.1048,Mexican  Caesar Salad chk,39,2106,2106,54
04/01/2023,GRA,ST005,QAR,PRK.1049,ROCCA SALAD,22,396,396,18
04/01/2023,GRA,ST005,QAR,PRK.1052,Smoke Turkey Sandwich,34,2074,2074,61
04/01/2023,GRA,ST005,QAR,PRK.1054,lemon&Rosemary Chkn,36,2124,2124,59
04/01/2023,GRA,ST005,QAR,PRK.1057,Steak & Philly Chz SW,32,800,800,25
04/01/2023,GRA,ST005,QAR,PRK.1063,Egg Mayo with Rocket,20,360,360,18
04/01/2023,GRA,ST005,QAR,PRK.1068,Crispy Chicken Bun,24,624,624,26
04/01/2023,GRA,ST005,QAR,PRK.1075,Avocado Toast,40,600,600,15
04/01/2023,GRA,ST005,QAR,PRK.1077,Spicy Halloumi,38,190,190,5
04/01/2023,GRA,ST005,QAR,PRK.1078,Graze Breakfast (egg box),32,32,32,1
04/01/2023,GRA,ST005,QAR,PRK.1083,Chkn Soup,19,304,304,16
04/01/2023,GRA,ST005,QAR,PRK.1086,Lamb Soup,35,210,210,6
04/01/2023,GRA,ST005,QAR,PRK.1087,Lentil Soup,20,520,520,26
04/01/2023,GRA,ST005,QAR,PRK.1089,Vegetable soup,16,272,272,17
04/01/2023,GRA,ST005,QAR,PRK.1090,Tom kha soup,28,140,140,5
04/01/2023,GRA,ST005,QAR,PRK.1113,Chkn Katsu Curry,45,2970,2970,66
04/01/2023,GRA,ST005,QAR,PRK.1115,Mushroom Pasta,40,1480,1480,37
04/01/2023,GRA,ST005,QAR,PRK.1119,Chicken Biryani,45,2655,2655,59
04/01/2023,GRA,ST005,QAR,PRK.1121,Chinese Sesame Chicken,40,2720,2720,68
04/01/2023,GRA,ST005,QAR,PRK.1127,Rock Shrimp,45,1260,1260,28
04/01/2023,GRA,ST005,QAR,PRK.1133,Lamb  Kabsa,45,1845,1845,41
04/01/2023,GRA,ST005,QAR,PRK.1140,Chicken Curry & Saffron r,43,1806,1806,42
04/01/2023,GRA,ST005,QAR,PRK.1145,Yoghurt & Cucumber dip,12,84,84,7
04/01/2023,GRA,ST005,QAR,PRK.1146,Spicy Guacamole Pot,13,260,260,20
04/01/2023,GRA,ST005,QAR,PRK.1149,Edamame Pot,12,180,180,15
04/01/2023,GRA,ST005,QAR,PRK.1159,Greek Tabbouleh,20,220,220,11
04/01/2023,GRA,ST005,QAR,PRK.1173,Choco Chia Energy Ball,30,570,570,19
04/01/2023,GRA,ST005,QAR,PRK.1175,Pecan Bars,14,224,224,16
04/01/2023,GRA,ST005,QAR,PRK.1177,Carrot Cake,15,315,315,21
04/01/2023,GRA,ST005,QAR,PRK.1181,Green Apple,2,14,14,7
04/01/2023,GRA,ST005,QAR,PRK.1182,Red Apple,2,24,24,12
04/01/2023,GRA,ST005,QAR,PRK.1183,Bannana,2,62,62,31
04/01/2023,GRA,ST005,QAR,PRK.1184,Watermelon,18,594,594,33
04/01/2023,GRA,ST005,QAR,PRK.1185,Pineapplemix,18,738,738,41
04/01/2023,GRA,ST005,QAR,PRK.1186,Mixed Berries,22,1254,1254,57
04/01/2023,GRA,ST005,QAR,PRK.1194,Lotus Cheesecake,15,375,375,25
04/01/2023,GRA,ST005,QAR,PRK.1196,Chia Blueberry Yodurt,24,192,192,8
04/01/2023,GRA,ST005,QAR,PRK.1201,Iced Flat White,18,90,90,5
04/01/2023,GRA,ST005,QAR,PRK.1203,Iced Spanish Latte,20,1740,1740,87
04/01/2023,GRA,ST005,QAR,PRK.1204,Iced Latte,18,936,936,52
04/01/2023,GRA,ST005,QAR,PRK.1205,Iced Americano,15,360,360,24
04/01/2023,GRA,ST005,QAR,PRK.1262,Highland Still,5,1360,1360,272
04/01/2023,GRA,ST005,QAR,PRK.1265,Perrier Sparkling,9,144,144,16
04/01/2023,GRA,ST005,QAR,PRK.1291,Coke,5,270,270,54
04/01/2023,GRA,ST005,QAR,PRK.1292,Diet Coke,5,375,375,75
04/01/2023,GRA,ST005,QAR,PRK.1330,Stay Home w/ Graze R 4X1,130,130,130,1
04/01/2023,GRA,ST005,QAR,PRK.1351,Espresso Single,12,144,144,12
04/01/2023,GRA,ST005,QAR,PRK.1352,Macchiato,18,18,18,1
04/01/2023,GRA,ST005,QAR,PRK.1353,Americano Hot,15,1200,1200,80
04/01/2023,GRA,ST005,QAR,PRK.1354,Flat White Hot,18,1368,1368,76
04/01/2023,GRA,ST005,QAR,PRK.1355,Cappucino,18,1746,1746,97
04/01/2023,GRA,ST005,QAR,PRK.1356,Cortado,18,144,144,8
04/01/2023,GRA,ST005,QAR,PRK.1358,Spanish Latte,20,1820,1820,91
04/01/2023,GRA,ST005,QAR,PRK.1359,Classic Mocha,25,425,425,17
04/01/2023,GRA,ST005,QAR,PRK.1360,Slated Caramel Mocha,25,150,150,6
04/01/2023,GRA,ST005,QAR,PRK.1362,Double Espresso,14,266,266,19
04/01/2023,GRA,ST005,QAR,PRK.1363,Latte Hot,18,1080,1080,60
04/01/2023,GRA,ST005,QAR,PRK.1364,English B/F,12,216,216,18
04/01/2023,GRA,ST005,QAR,PRK.1365,Green Tea,12,72,72,6
04/01/2023,GRA,ST005,QAR,PRK.1372,Hot Cocoa,24,336,336,14
04/01/2023,GRA,ST005,QAR,PRK.1373,Hibiscus Iced tea,18,342,342,19
04/01/2023,GRA,ST005,QAR,PRK.1374,Graze Peach Iced Tea,18,36,36,2
04/01/2023,GRA,ST005,QAR,PRK.1375,Matcha Latte,25,175,175,7
04/01/2023,GRA,ST005,QAR,PRK.1386,Orange Juice,22,1012,1012,46
04/01/2023,GRA,ST005,QAR,PRK.1387,Carrot Juice,22,308,308,14
04/01/2023,GRA,ST005,QAR,PRK.1390,Morning Boost,24,720,720,30
04/01/2023,GRA,ST005,QAR,PRK.1392,Immune Boost,22,572,572,26
04/01/2023,GRA,ST005,QAR,PRK.1396,Ginger Aid Shot,18,810,810,45
04/01/2023,GRA,ST005,QAR,PRK.1402,Laban Drink,18,252,252,14
04/01/2023,GRA,ST005,QAR,PRK.1403,Vimto Juice,18,270,270,15
04/01/2023,GRA,ST005,QAR,PRK.1404,Green Boost Juice,24,504,504,21
04/01/2023,GRA,ST005,QAR,PRK.1406,Beetroot & Apple Juice,20,600,600,30
04/01/2023,GRA,ST005,QAR,PRK.1409,Turmeric wellness shot,16,464,464,29
04/01/2023,GRA,ST005,QAR,PRK.1412, Mini Cup Yogurt,14,742,742,53
04/01/2023,GRA,ST005,QAR,PRK.1413,Regular Cup Yogurt,21,462,462,22
04/01/2023,GRA,ST005,QAR,PRK.1416,Large Cup Yogurt,23,69,69,3
04/01/2023,GRA,ST005,QAR,PRK.1418, Mini Cup Yogurt/Topping,18,702,702,39
04/01/2023,GRA,ST005,QAR,PRK.1419,Reg Cup Yogurt/Toping,26,338,338,13
04/01/2023,GRA,ST005,QAR,PRK.1429,Mini Mango Ice Cream,14,1680,1680,120
04/01/2023,GRA,ST005,QAR,PRK.1430,Regular Mango Ice Cream,21,1449,1449,69
04/01/2023,GRA,ST005,QAR,PRK.1431,Large Mango Ice Cream,23,483,483,21
04/01/2023,GRA,ST005,QAR,PRK.1432,Mini Mango Ice Cream/Topp,18,1440,1440,80
04/01/2023,GRA,ST005,QAR,PRK.1433,Reg Mango Ice cream/Topp,26,1196,1196,46
04/01/2023,GRA,ST005,QAR,PRK.1434,Large Mango Ice Cream/Top,30,330,330,11
04/01/2023,GRA,ST005,QAR,PRK.1470,Lotus Biscuit,3,6,6,2
04/01/2023,GRA,ST005,QAR,PRK.1474,Spaghetti Bolognese,45,1170,1170,26
04/01/2023,GRA,ST005,QAR,PRK.1475,Salmon with Cilantro Rice,65,845,845,13
04/01/2023,GRA,ST005,QAR,PRK.1476,Chicken Noodle Bowl,40,680,680,17
04/01/2023,GRA,ST005,QAR,PRK.1477,BBQ Steak,45,720,720,16
04/01/2023,GRA,ST005,QAR,PRK.1478,Rib eye Steak with Vegeta,55,770,770,14
04/01/2023,GRA,ST005,QAR,PRK.1479,Lasagne Pasta,45,225,225,5
04/01/2023,GRA,ST005,QAR,PRK.1480,Steak cajun potato,50,1200,1200,24
04/01/2023,GRA,ST005,QAR,PRK.1501,pomegranate,3,3,3,1
04/01/2023,GRA,ST005,QAR,PRK.1502,Strawberry,3,78,78,26
04/01/2023,GRA,ST005,QAR,PRK.1505,Salted Caramel,3,3,3,1
04/01/2023,GRA,ST005,QAR,PRK.1506,Pretzel,3,3,3,1
04/01/2023,GRA,ST005,QAR,PRK.1507,Crispy Crepe,3,36,36,12
04/01/2023,GRA,ST005,QAR,PRK.1508,Granola,3,33,33,11
04/01/2023,GRA,ST005,QAR,PRK.1509,Coconut Flakes,3,6,6,2
04/01/2023,GRA,ST005,QAR,PRK.1510,Crushed Graham,3,6,6,2
04/01/2023,GRA,ST005,QAR,PRK.1521,Mango Sauce,3,9,9,3
04/01/2023,GRA,ST005,QAR,PRK.1523,Peanut Butter Sauce,3,15,15,5
04/01/2023,GRA,ST005,QAR,PRK.1527,Mango,3,27,27,9
04/01/2023,GRA,ST005,QAR,PRK.1531,Power Shake,35,665,665,19
04/01/2023,GRA,ST005,QAR,PRK.1532,Peanut Power Shake,35,140,140,4
04/01/2023,GRA,ST005,QAR,PRK.1533,Pre-workout protein shak,45,45,45,1
04/01/2023,GRA,ST005,QAR,PRK.1534,Choco Power Shake,35,35,35,1
04/01/2023,GRA,ST005,QAR,PRK.1536,Energizer protine Shakes,45,360,360,8
04/01/2023,GRA,ST005,QAR,PRK.1538,Pre-workout shake,35,105,105,3
04/01/2023,GRA,ST005,QAR,PRK.1540,Energizer shakes,35,385,385,11
04/01/2023,GRA,ST005,QAR,PRK.1548,14oz Energizer shakes,30,90,90,3
04/01/2023,GRA,ST005,QAR,PRK.1580,Ogaily cardamom ice cream,30,1770,1770,59
04/01/2023,GRA,ST005,QAR,PRK.1588,Acai Small,35,2380,2380,68
04/01/2023,GRA,ST005,QAR,PRK.1589,Acai Large,40,1080,1080,27
04/01/2023,GRA,ST005,QAR,PRK.1592,Watermelon Coolex,24,24,24,1
04/01/2023,GRA,ST005,QAR,PRK.1593,Tropicana,24,384,384,16
04/01/2023,GRA,ST005,QAR,PRK.1621,Orange loaf,12,264,264,22
04/01/2023,GRA,ST005,QAR,PRK.1623,Brownie flavour cookies,10,1070,1070,107
04/01/2023,GRA,ST005,QAR,PRK.1628,Brownie bites,13,429,429,33
04/01/2023,GRA,ST005,QAR,PRK.1632,Turkey cheese roll,19,266,266,14
04/01/2023,GRA,ST005,QAR,PRK.1633,Spinach feta roll,18,180,180,10
04/01/2023,GRA,ST005,QAR,PRK.1634,Madeleine,12,420,420,35
04/01/2023,GRA,ST005,QAR,PRK.1651,PB & Jam sourdough bread,18,72,72,4
04/01/2023,GRA,ST005,QAR,PRK.1655,Graze Oatmeal,30,60,60,2
04/01/2023,GRA,ST005,QAR,PRK.1681,Salted Caramel Mocha,24,384,384,16
04/01/2023,GRA,ST005,QAR,PRK.1682,Matcha Frappe,26,1586,1586,61
04/01/2023,GRA,ST005,QAR,PRK.1711,Pomegranate Pot,18,180,180,10
04/01/2023,GRA,ST005,QAR,PRK.1713,Overnight oats PB&Jam,25,350,350,14
04/01/2023,GRA,ST005,QAR,PRK.1741,Spicy Tuna sandwich,26,624,624,24
04/01/2023,GRA,ST005,QAR,PRK.1742,Three cheese,22,242,242,11
04/01/2023,GRA,ST005,QAR,PRK.1743,Falafel and Labna,25,250,250,10
04/01/2023,GRA,ST005,QAR,PRK.1747,BEEF BURGER,35,35,35,1
04/01/2023,GRA,ST005,QAR,PRK.1748,Chicken Shawarma,18,792,792,44
04/01/2023,GRA,ST005,QAR,PRK.1749,Tenderloin Beef Shawarma,22,330,330,15
04/01/2023,GRA,ST005,QAR,PRK.1750,Cream Cheese Roll,9,9,9,1
04/01/2023,GRA,ST005,QAR,PRK.1751,Egg Mayo Roll,9,18,18,2
04/01/2023,GRA,ST005,QAR,PRK.1752,Club sandwich,30,990,990,33
04/01/2023,GRA,ST005,QAR,PRK.1771,Pistachio Arabeshi,5,290,290,58
04/01/2023,GRA,ST005,QAR,PRK.1772,Fresh Raspberry,5,270,270,54
04/01/2023,GRA,ST005,QAR,PRK.1773,Fresh blueberry,5,90,90,18
04/01/2023,GRA,ST005,QAR,PRK.1774,Chocolate Flakes,5,115,115,23
04/01/2023,GRA,ST005,QAR,PRK.1775,Honey Comb,5,25,25,5
04/01/2023,GRA,ST005,QAR,PRK.1776,Milk powder,3,3,3,1
04/01/2023,GRA,ST005,QAR,PRK.4501,Full Fat Milk,0,0,0,5
04/01/2023,GRA,ST005,QAR,PRK.4502,Low Fat Milk,0,0,0,9
04/01/2023,GRA,ST005,QAR,PRK.4503,Almond Milk,2,48,48,24
04/01/2023,GRA,ST005,QAR,PRK.4504,Soya Milk,2,40,40,20
04/01/2023,GRA,ST005,QAR,PRK.4509,Double Shot,0,0,0,4
04/01/2023,GRA,ST005,QAR,PRK.4511,More Hot,0,0,0,2
04/01/2023,GRA,ST005,QAR,PRK.4516,Decaf,0,0,0,1
04/01/2023,GRA,ST005,QAR,PRK.4517,Vanilla Flavor,0,0,0,1
04/01/2023,GRA,ST005,QAR,PRK.4519,caramel flavor,0,0,0,2
04/01/2023,GRA,ST005,QAR,PRK.4521,Oat Milk,2,74,74,37
04/01/2023,GRA,ST005,QAR,PRK.4522,Skimmed Milk,2,18,18,9
04/01/2023,GRA,ST005,QAR,PRK.4523,Coconut Milk,2,18,18,9
04/01/2023,GRA,ST005,QAR,PRK.4531,w/ Granola,0,0,0,45
04/01/2023,GRA,ST005,QAR,PRK.4533,w/ Pretzel,0,0,0,15
04/01/2023,GRA,ST005,QAR,PRK.4534,w/ Coconut Flakes,0,0,0,16
04/01/2023,GRA,ST005,QAR,PRK.4535,w/ Crispy Crepe,0,0,0,57
04/01/2023,GRA,ST005,QAR,PRK.4537,w/ Mixed Berries Sauce,0,0,0,35
04/01/2023,GRA,ST005,QAR,PRK.4541,w/ Strawberry,0,0,0,128
04/01/2023,GRA,ST005,QAR,PRK.4543,w/ Salted Caramel,0,0,0,13
04/01/2023,GRA,ST005,QAR,PRK.4544,w/ Pomegranate,0,0,0,27
04/01/2023,GRA,ST005,QAR,PRK.4545,w/ Dulce de leche,0,0,0,9
04/01/2023,GRA,ST005,QAR,PRK.4549,w/ Mango Sauce,0,0,0,58
04/01/2023,GRA,ST005,QAR,PRK.4550,w/ Mango,0,0,0,157
04/01/2023,GRA,ST005,QAR,PRK.4552,w/ Crushed Grahams,0,0,0,11
04/01/2023,GRA,ST005,QAR,PRK.4556,w/ Fresh Pineapple,0,0,0,1
04/01/2023,GRA,ST005,QAR,PRK.4557,w/ Kiwi Fruit,0,0,0,2
04/01/2023,GRA,ST005,QAR,PRK.4558,w/ Lotus Biscuit,0,0,0,26
04/01/2023,GRA,ST005,QAR,PRK.4561,MIXED FROZEN YOGURT,0,0,0,17
04/01/2023,GRA,ST005,QAR,PRK.4562,MIXED MANGO YOGURT,0,0,0,3
