DATE,BRANCHCODE,WAREHOUSECODE,CURRENCY,ERPCODE,ITEMNAME,RAWPRICE,GROSSAMT,NETVALUE,QTYSOLD
08/01/2023,GRA,ST005,QAR,PRK.902,Granola,55,550,550,10
08/01/2023,GRA,ST005,QAR,PRK.904,Graze House Mix,55,55,55,1
08/01/2023,GRA,ST005,QAR,PRK.907,Zaatar Chips,6,108,108,18
08/01/2023,GRA,ST005,QAR,PRK.909,Spicy Pesto Chips,6,114,114,19
08/01/2023,GRA,ST005,QAR,PRK.910,Graze Spicy Mix Sml,25,175,175,7
08/01/2023,GRA,ST005,QAR,PRK.911,Graze House Mix Sml,25,125,125,5
08/01/2023,GRA,ST005,QAR,PRK.938,4 Grain Salad with Beetro,55,1045,1045,19
08/01/2023,GRA,ST005,QAR,PRK.939,Steak Salad with Green Sa,55,2035,2035,37
08/01/2023,GRA,ST005,QAR,PRK.961,Extra cheese,5,5,5,1
08/01/2023,GRA,ST005,QAR,PRK.962,Extra flavor,3,30,30,10
08/01/2023,GRA,ST005,QAR,PRK.994,Crsnt w Egg/Avaca/ SunTom,24,936,936,39
08/01/2023,GRA,ST005,QAR,PRK.995,Egg Burrito,20,840,840,42
08/01/2023,GRA,ST005,QAR,PRK.996,Blueberry Granola parfait,25,1200,1200,48
08/01/2023,GRA,ST005,QAR,PRK.997,Yog Dates Chia Pista Alm,22,1078,1078,49
08/01/2023,GRA,ST005,QAR,PRK.1007,Zatar Croissant,16,192,192,12
08/01/2023,GRA,ST005,QAR,PRK.1010,Tomato Puff Pastry,16,256,256,16
08/01/2023,GRA,ST005,QAR,PRK.1012,Three Berry Yogurt & Date,25,700,700,28
08/01/2023,GRA,ST005,QAR,PRK.1015,Kiri Cheese Danish,14,420,420,30
08/01/2023,GRA,ST005,QAR,PRK.1016,Plain Croissant,10,180,180,18
08/01/2023,GRA,ST005,QAR,PRK.1021,Shirazi Salad,12,360,360,30
08/01/2023,GRA,ST005,QAR,PRK.1023,Falafel Salad,45,1575,1575,35
08/01/2023,GRA,ST005,QAR,PRK.1024,Quinoa Swt potato Salad,40,1120,1120,28
08/01/2023,GRA,ST005,QAR,PRK.1027,Mex Chkn Chilli Bean Sld,40,1880,1880,47
08/01/2023,GRA,ST005,QAR,PRK.1029,Burrata Salad,50,750,750,15
08/01/2023,GRA,ST005,QAR,PRK.1031,Teriyaki GRAZE Salmn,55,4675,4675,85
08/01/2023,GRA,ST005,QAR,PRK.1039,Keto Chicken Salad,40,1120,1120,28
08/01/2023,GRA,ST005,QAR,PRK.1046,Greek Salad,30,570,570,19
08/01/2023,GRA,ST005,QAR,PRK.1048,Mexican  Caesar Salad chk,39,4992,4992,128
08/01/2023,GRA,ST005,QAR,PRK.1049,ROCCA SALAD,22,1034,1034,47
08/01/2023,GRA,ST005,QAR,PRK.1052,Smoke Turkey Sandwich,34,3026,3026,89
08/01/2023,GRA,ST005,QAR,PRK.1054,lemon&Rosemary Chkn,36,3888,3888,108
08/01/2023,GRA,ST005,QAR,PRK.1057,Steak & Philly Chz SW,32,1728,1728,54
08/01/2023,GRA,ST005,QAR,PRK.1063,Egg Mayo with Rocket,20,640,640,32
08/01/2023,GRA,ST005,QAR,PRK.1075,Avocado Toast,40,400,400,10
08/01/2023,GRA,ST005,QAR,PRK.1077,Spicy Halloumi,38,1672,1672,44
08/01/2023,GRA,ST005,QAR,PRK.1078,Graze Breakfast (egg box),32,256,256,8
08/01/2023,GRA,ST005,QAR,PRK.1083,Chkn Soup,19,570,570,30
08/01/2023,GRA,ST005,QAR,PRK.1087,Lentil Soup,20,800,800,40
08/01/2023,GRA,ST005,QAR,PRK.1089,Vegetable soup,16,176,176,11
08/01/2023,GRA,ST005,QAR,PRK.1113,Chkn Katsu Curry,45,5670,5670,126
08/01/2023,GRA,ST005,QAR,PRK.1115,Mushroom Pasta,40,2560,2560,64
08/01/2023,GRA,ST005,QAR,PRK.1119,Chicken Biryani,45,8100,8100,180
08/01/2023,GRA,ST005,QAR,PRK.1121,Chinese Sesame Chicken,40,7440,7440,186
08/01/2023,GRA,ST005,QAR,PRK.1127,Rock Shrimp,45,3690,3690,82
08/01/2023,GRA,ST005,QAR,PRK.1133,Lamb  Kabsa,45,3780,3780,84
08/01/2023,GRA,ST005,QAR,PRK.1140,Chicken Curry & Saffron r,43,3311,3311,77
08/01/2023,GRA,ST005,QAR,PRK.1141,CRAB BOWL,28,56,56,2
08/01/2023,GRA,ST005,QAR,PRK.1145,Yoghurt & Cucumber dip,12,264,264,22
08/01/2023,GRA,ST005,QAR,PRK.1146,Spicy Guacamole Pot,13,260,260,20
08/01/2023,GRA,ST005,QAR,PRK.1149,Edamame Pot,12,204,204,17
08/01/2023,GRA,ST005,QAR,PRK.1159,Greek Tabbouleh,20,720,720,36
08/01/2023,GRA,ST005,QAR,PRK.1173,Choco Chia Energy Ball,30,870,870,29
08/01/2023,GRA,ST005,QAR,PRK.1175,Pecan Bars,14,224,224,16
08/01/2023,GRA,ST005,QAR,PRK.1177,Carrot Cake,15,255,255,17
08/01/2023,GRA,ST005,QAR,PRK.1181,Green Apple,2,12,12,6
08/01/2023,GRA,ST005,QAR,PRK.1182,Red Apple,2,2,2,1
08/01/2023,GRA,ST005,QAR,PRK.1183,Bannana,2,166,166,83
08/01/2023,GRA,ST005,QAR,PRK.1184,Watermelon,18,1620,1620,90
08/01/2023,GRA,ST005,QAR,PRK.1185,Pineapplemix,18,1170,1170,65
08/01/2023,GRA,ST005,QAR,PRK.1186,Mixed Berries,22,2354,2354,107
08/01/2023,GRA,ST005,QAR,PRK.1194,Lotus Cheesecake,15,345,341.25,23
08/01/2023,GRA,ST005,QAR,PRK.1196,Chia Blueberry Yodurt,24,1008,1008,42
08/01/2023,GRA,ST005,QAR,PRK.1201,Iced Flat White,18,180,180,10
08/01/2023,GRA,ST005,QAR,PRK.1203,Iced Spanish Latte,20,2040,2040,102
08/01/2023,GRA,ST005,QAR,PRK.1204,Iced Latte,18,1044,1044,58
08/01/2023,GRA,ST005,QAR,PRK.1205,Iced Americano,15,465,465,31
08/01/2023,GRA,ST005,QAR,PRK.1234,Pepperoni Pizza small,40,40,40,1
08/01/2023,GRA,ST005,QAR,PRK.1235,Margherita Pizza small,30,90,90,3
08/01/2023,GRA,ST005,QAR,PRK.1236,BBQ chicken Pizza small,35,35,35,1
08/01/2023,GRA,ST005,QAR,PRK.1262,Highland Still,5,2975,2975,595
08/01/2023,GRA,ST005,QAR,PRK.1265,Perrier Sparkling,9,684,684,76
08/01/2023,GRA,ST005,QAR,PRK.1291,Coke,5,660,660,132
08/01/2023,GRA,ST005,QAR,PRK.1292,Diet Coke,5,735,735,147
08/01/2023,GRA,ST005,QAR,PRK.1351,Espresso Single,12,132,132,11
08/01/2023,GRA,ST005,QAR,PRK.1353,Americano Hot,15,1350,1350,90
08/01/2023,GRA,ST005,QAR,PRK.1354,Flat White Hot,18,666,666,37
08/01/2023,GRA,ST005,QAR,PRK.1355,Cappucino,18,1494,1494,83
08/01/2023,GRA,ST005,QAR,PRK.1356,Cortado,18,180,180,10
08/01/2023,GRA,ST005,QAR,PRK.1358,Spanish Latte,20,1820,1820,91
08/01/2023,GRA,ST005,QAR,PRK.1359,Classic Mocha,25,125,125,5
08/01/2023,GRA,ST005,QAR,PRK.1360,Slated Caramel Mocha,25,125,125,5
08/01/2023,GRA,ST005,QAR,PRK.1362,Double Espresso,14,196,196,14
08/01/2023,GRA,ST005,QAR,PRK.1363,Latte Hot,18,720,720,40
08/01/2023,GRA,ST005,QAR,PRK.1364,English B/F,12,84,84,7
08/01/2023,GRA,ST005,QAR,PRK.1365,Green Tea,12,72,72,6
08/01/2023,GRA,ST005,QAR,PRK.1372,Hot Cocoa,24,240,240,10
08/01/2023,GRA,ST005,QAR,PRK.1373,Hibiscus Iced tea,18,1062,1062,59
08/01/2023,GRA,ST005,QAR,PRK.1374,Graze Peach Iced Tea,18,648,648,36
08/01/2023,GRA,ST005,QAR,PRK.1375,Matcha Latte,25,50,50,2
08/01/2023,GRA,ST005,QAR,PRK.1376,Cinnamon Latte,25,25,25,1
08/01/2023,GRA,ST005,QAR,PRK.1386,Orange Juice,22,2772,2772,126
08/01/2023,GRA,ST005,QAR,PRK.1387,Carrot Juice,22,748,748,34
08/01/2023,GRA,ST005,QAR,PRK.1390,Morning Boost,24,1056,1056,44
08/01/2023,GRA,ST005,QAR,PRK.1392,Immune Boost,22,858,858,39
08/01/2023,GRA,ST005,QAR,PRK.1396,Ginger Aid Shot,18,1620,1620,90
08/01/2023,GRA,ST005,QAR,PRK.1402,Laban Drink,18,576,576,32
08/01/2023,GRA,ST005,QAR,PRK.1404,Green Boost Juice,24,1248,1248,52
08/01/2023,GRA,ST005,QAR,PRK.1406,Beetroot & Apple Juice,20,1040,1040,52
08/01/2023,GRA,ST005,QAR,PRK.1409,Turmeric wellness shot,16,720,720,45
08/01/2023,GRA,ST005,QAR,PRK.1429,Mini Mango Ice Cream,14,4088,4088,292
08/01/2023,GRA,ST005,QAR,PRK.1430,Regular Mango Ice Cream,21,2625,2625,125
08/01/2023,GRA,ST005,QAR,PRK.1431,Large Mango Ice Cream,23,1058,1058,46
08/01/2023,GRA,ST005,QAR,PRK.1432,Mini Mango Ice Cream/Topp,18,2700,2700,150
08/01/2023,GRA,ST005,QAR,PRK.1433,Reg Mango Ice cream/Topp,26,1924,1924,74
08/01/2023,GRA,ST005,QAR,PRK.1434,Large Mango Ice Cream/Top,30,180,180,6
08/01/2023,GRA,ST005,QAR,PRK.1435,Mini Cup Milky Ice Cream,14,602,602,43
08/01/2023,GRA,ST005,QAR,PRK.1436,Reg Cup Milky Ice Cream,21,273,273,13
08/01/2023,GRA,ST005,QAR,PRK.1437,Lrge Cup Milky Ice Cream,23,23,23,1
08/01/2023,GRA,ST005,QAR,PRK.1438,Mini Cup Milky Ice C/Top,18,234,234,13
08/01/2023,GRA,ST005,QAR,PRK.1439,Reg Cup Milky Ice Cre/Top,26,156,156,6
08/01/2023,GRA,ST005,QAR,PRK.1474,Spaghetti Bolognese,45,1125,1125,25
08/01/2023,GRA,ST005,QAR,PRK.1475,Salmon with Cilantro Rice,65,3120,3120,48
08/01/2023,GRA,ST005,QAR,PRK.1476,Chicken Noodle Bowl,40,640,640,16
08/01/2023,GRA,ST005,QAR,PRK.1477,BBQ Steak,45,1440,1440,32
08/01/2023,GRA,ST005,QAR,PRK.1478,Rib eye Steak with Vegeta,55,2475,2475,45
08/01/2023,GRA,ST005,QAR,PRK.1479,Lasagne Pasta,45,315,315,7
08/01/2023,GRA,ST005,QAR,PRK.1480,Steak cajun potato,50,2250,2250,45
08/01/2023,GRA,ST005,QAR,PRK.1501,pomegranate,3,15,15,5
08/01/2023,GRA,ST005,QAR,PRK.1502,Strawberry,3,69,69,23
08/01/2023,GRA,ST005,QAR,PRK.1505,Salted Caramel,3,6,6,2
08/01/2023,GRA,ST005,QAR,PRK.1507,Crispy Crepe,3,18,18,6
08/01/2023,GRA,ST005,QAR,PRK.1508,Granola,3,24,24,8
08/01/2023,GRA,ST005,QAR,PRK.1509,Coconut Flakes,3,18,18,6
08/01/2023,GRA,ST005,QAR,PRK.1520,Mixed Berries Sauce,3,3,3,1
08/01/2023,GRA,ST005,QAR,PRK.1523,Peanut Butter Sauce,3,18,18,6
08/01/2023,GRA,ST005,QAR,PRK.1527,Mango,3,27,27,9
08/01/2023,GRA,ST005,QAR,PRK.1529,Raita,3,39,39,13
08/01/2023,GRA,ST005,QAR,PRK.1530,Chili Tomato Sauce,3,27,27,9
08/01/2023,GRA,ST005,QAR,PRK.1531,Power Shake,35,1715,1715,49
08/01/2023,GRA,ST005,QAR,PRK.1532,Peanut Power Shake,35,350,350,10
08/01/2023,GRA,ST005,QAR,PRK.1533,Pre-workout protein shak,45,225,225,5
08/01/2023,GRA,ST005,QAR,PRK.1534,Choco Power Shake,35,140,140,4
08/01/2023,GRA,ST005,QAR,PRK.1536,Energizer protine Shakes,45,810,810,18
08/01/2023,GRA,ST005,QAR,PRK.1540,Energizer shakes,35,455,455,13
08/01/2023,GRA,ST005,QAR,PRK.1542,14oz Pre-work out Protein,40,120,120,3
08/01/2023,GRA,ST005,QAR,PRK.1545,14oz Energizer protine,40,120,120,3
08/01/2023,GRA,ST005,QAR,PRK.1548,14oz Energizer shakes,30,270,270,9
08/01/2023,GRA,ST005,QAR,PRK.1550,Extra Protein,10,40,40,4
08/01/2023,GRA,ST005,QAR,PRK.1581,Mini coconut frz yog I/C,14,882,882,63
08/01/2023,GRA,ST005,QAR,PRK.1582,Regular coconut frz yog I,21,231,231,11
08/01/2023,GRA,ST005,QAR,PRK.1583,Large coconut frz yog I/C,23,69,69,3
08/01/2023,GRA,ST005,QAR,PRK.1584,Mini coconut frz yog  Top,18,594,594,33
08/01/2023,GRA,ST005,QAR,PRK.1585,Reg- coconut frz yog Top,26,286,286,11
08/01/2023,GRA,ST005,QAR,PRK.1586,Large coconut frz yog  To,30,90,90,3
08/01/2023,GRA,ST005,QAR,PRK.1588,Acai Small,35,4795,4795,137
08/01/2023,GRA,ST005,QAR,PRK.1589,Acai Large,40,920,920,23
08/01/2023,GRA,ST005,QAR,PRK.1592,Watermelon Coolex,24,696,696,29
08/01/2023,GRA,ST005,QAR,PRK.1593,Tropicana,24,912,912,38
08/01/2023,GRA,ST005,QAR,PRK.1621,Orange loaf,12,216,216,18
08/01/2023,GRA,ST005,QAR,PRK.1623,Brownie flavour cookies,10,1140,1140,114
08/01/2023,GRA,ST005,QAR,PRK.1628,Brownie bites,13,143,143,11
08/01/2023,GRA,ST005,QAR,PRK.1632,Turkey cheese roll,19,1102,1102,58
08/01/2023,GRA,ST005,QAR,PRK.1633,Spinach feta roll,18,198,198,11
08/01/2023,GRA,ST005,QAR,PRK.1634,Madeleine,12,300,300,25
08/01/2023,GRA,ST005,QAR,PRK.1636,Sweet Potato Choco Cake,15,75,75,5
08/01/2023,GRA,ST005,QAR,PRK.1651,PB & Jam sourdough bread,18,90,90,5
08/01/2023,GRA,ST005,QAR,PRK.1655,Graze Oatmeal,30,720,720,24
08/01/2023,GRA,ST005,QAR,PRK.1681,Salted Caramel Mocha,24,384,384,16
08/01/2023,GRA,ST005,QAR,PRK.1682,Matcha Frappe,26,1846,1846,71
08/01/2023,GRA,ST005,QAR,PRK.1711,Pomegranate Pot,18,630,630,35
08/01/2023,GRA,ST005,QAR,PRK.1712,Mango Peach Muesli Pot,24,312,312,13
08/01/2023,GRA,ST005,QAR,PRK.1713,Overnight oats PB&Jam,25,400,400,16
08/01/2023,GRA,ST005,QAR,PRK.1741,Spicy Tuna sandwich,26,1040,1040,40
08/01/2023,GRA,ST005,QAR,PRK.1742,Three cheese,22,946,946,43
08/01/2023,GRA,ST005,QAR,PRK.1743,Falafel and Labna,25,250,250,10
08/01/2023,GRA,ST005,QAR,PRK.1748,Chicken Shawarma,18,774,774,43
08/01/2023,GRA,ST005,QAR,PRK.1749,Tenderloin Beef Shawarma,22,506,506,23
08/01/2023,GRA,ST005,QAR,PRK.1750,Cream Cheese Roll,9,666,666,74
08/01/2023,GRA,ST005,QAR,PRK.1751,Egg Mayo Roll,9,63,63,7
08/01/2023,GRA,ST005,QAR,PRK.1752,Club sandwich,30,2130,2130,71
08/01/2023,GRA,ST005,QAR,PRK.1753,Slider Chicken Burger,38,988,988,26
08/01/2023,GRA,ST005,QAR,PRK.1754,Slider Beef Burger,39,1053,1053,27
08/01/2023,GRA,ST005,QAR,PRK.1771,Pistachio Arabeshi,5,430,430,86
08/01/2023,GRA,ST005,QAR,PRK.1772,Fresh Raspberry,5,325,325,65
08/01/2023,GRA,ST005,QAR,PRK.1773,Fresh blueberry,5,205,205,41
08/01/2023,GRA,ST005,QAR,PRK.1774,Chocolate Flakes,5,170,170,34
08/01/2023,GRA,ST005,QAR,PRK.1775,Honey Comb,5,25,25,5
08/01/2023,GRA,ST005,QAR,PRK.1776,Milk powder,3,6,6,2
08/01/2023,GRA,ST005,QAR,PRK.4501,Full Fat Milk,0,0,0,4
08/01/2023,GRA,ST005,QAR,PRK.4502,Low Fat Milk,0,0,0,13
08/01/2023,GRA,ST005,QAR,PRK.4503,Almond Milk,2,30,30,15
08/01/2023,GRA,ST005,QAR,PRK.4504,Soya Milk,2,30,30,15
08/01/2023,GRA,ST005,QAR,PRK.4521,Oat Milk,2,72,72,36
08/01/2023,GRA,ST005,QAR,PRK.4523,Coconut Milk,2,10,10,5
08/01/2023,GRA,ST005,QAR,PRK.4531,w/ Granola,0,0,0,37
08/01/2023,GRA,ST005,QAR,PRK.4533,w/ Pretzel,0,0,0,2
08/01/2023,GRA,ST005,QAR,PRK.4534,w/ Coconut Flakes,0,0,0,26
08/01/2023,GRA,ST005,QAR,PRK.4535,w/ Crispy Crepe,0,0,0,37
08/01/2023,GRA,ST005,QAR,PRK.4537,w/ Mixed Berries Sauce,0,0,0,47
08/01/2023,GRA,ST005,QAR,PRK.4541,w/ Strawberry,0,0,0,232
08/01/2023,GRA,ST005,QAR,PRK.4543,w/ Salted Caramel,0,0,0,18
08/01/2023,GRA,ST005,QAR,PRK.4544,w/ Pomegranate,0,0,0,67
08/01/2023,GRA,ST005,QAR,PRK.4545,w/ Dulce de leche,0,0,0,32
08/01/2023,GRA,ST005,QAR,PRK.4549,w/ Mango Sauce,0,0,0,99
08/01/2023,GRA,ST005,QAR,PRK.4550,w/ Mango,0,0,0,202
08/01/2023,GRA,ST005,QAR,PRK.4552,w/ Crushed Grahams,0,0,0,3
08/01/2023,GRA,ST005,QAR,PRK.4556,w/ Fresh Pineapple,0,0,0,1
08/01/2023,GRA,ST005,QAR,PRK.4558,w/ Lotus Biscuit,0,0,0,14
08/01/2023,GRA,ST005,QAR,PRK.4562,MIXED MANGO YOGURT,0,0,0,11
08/01/2023,GRA,ST005,QAR,PRK.4564,MIXED MILKY ICE CREAM,0,0,0,1
