DATE,BRANCHCODE,WAREHOUSECODE,CURRENCY,ERPCODE,ITEMNAME,RAWPRICE,GROSSAMT,NETVALUE,QTYSOLD
05/01/2022,GRA,ST007,QAR,PRK.902,Granola,55,990,990,18
05/01/2022,GRA,ST007,QAR,PRK.904,Graze House Mix,55,55,55,1
05/01/2022,GRA,ST007,QAR,PRK.907,Zaatar Chips,6,126,126,21
05/01/2022,GRA,ST007,QAR,PRK.909,Spicy Pesto Chips,6,156,156,26
05/01/2022,GRA,ST007,QAR,PRK.910,Graze Spicy Mix Sml,25,400,400,16
05/01/2022,GRA,ST007,QAR,PRK.911,Graze House Mix Sml,25,300,300,12
05/01/2022,GRA,ST007,QAR,PRK.962,Extra flavor,3,30,30,10
05/01/2022,GRA,ST007,QAR,PRK.994,Crsnt w Egg/Avaca/ SunTom,24,1416,1416,59
05/01/2022,GRA,ST007,QAR,PRK.995,Egg Burrito,20,660,660,33
05/01/2022,GRA,ST007,QAR,PRK.996,Blueberry Granola parfait,25,1200,1200,48
05/01/2022,GRA,ST007,QAR,PRK.997,Yog Dates Chia Pista Alm,22,1188,1188,54
05/01/2022,GRA,ST007,QAR,PRK.1003,Cheese Croissant,16,496,496,31
05/01/2022,GRA,ST007,QAR,PRK.1007,Zatar Croissant,16,304,304,19
05/01/2022,GRA,ST007,QAR,PRK.1008,Chocolate Croissant,16,80,80,5
05/01/2022,GRA,ST007,QAR,PRK.1010,Tomato Puff Pastry,16,480,480,30
05/01/2022,GRA,ST007,QAR,PRK.1012,Three Berry Yogurt & Date,25,725,725,29
05/01/2022,GRA,ST007,QAR,PRK.1015,Kiri Cheese Danish,14,840,840,60
05/01/2022,GRA,ST007,QAR,PRK.1016,Plain Croissant,10,230,230,23
05/01/2022,GRA,ST007,QAR,PRK.1020,Almond Croissant,16,96,96,6
05/01/2022,GRA,ST007,QAR,PRK.1021,Shirazi Salad,12,288,288,24
05/01/2022,GRA,ST007,QAR,PRK.1023,Falafel Salad,35,770,770,22
05/01/2022,GRA,ST007,QAR,PRK.1024,Quinoa Swt potato Salad,40,680,680,17
05/01/2022,GRA,ST007,QAR,PRK.1027,Mex Chkn Chilli Bean Sld,40,1640,1640,41
05/01/2022,GRA,ST007,QAR,PRK.1029,Burrata Salad,50,800,800,16
05/01/2022,GRA,ST007,QAR,PRK.1031,Teriyaki GRAZE Salmn,55,3190,3190,58
05/01/2022,GRA,ST007,QAR,PRK.1034,BBQ Chick Peas,38,912,912,24
05/01/2022,GRA,ST007,QAR,PRK.1039,Keto Chicken Salad,40,1520,1520,38
05/01/2022,GRA,ST007,QAR,PRK.1044,Southern Chicken Salad,45,1035,1035,23
05/01/2022,GRA,ST007,QAR,PRK.1048,Mexican  Caesar Salad chk,39,4212,4212,108
05/01/2022,GRA,ST007,QAR,PRK.1049,ROCCA SALAD,22,858,858,39
05/01/2022,GRA,ST007,QAR,PRK.1052,Smoke Turkey Sandwich,34,3468,3468,102
05/01/2022,GRA,ST007,QAR,PRK.1054,lemon&Rosemary Chkn,36,3924,3924,109
05/01/2022,GRA,ST007,QAR,PRK.1057,Steak & Philly Chz SW,32,1600,1600,50
05/01/2022,GRA,ST007,QAR,PRK.1063,Egg Mayo with Rocket,20,620,620,31
05/01/2022,GRA,ST007,QAR,PRK.1068,Crispy Chicken Bun,24,744,744,31
05/01/2022,GRA,ST007,QAR,PRK.1069,Spicy Courgette Falafel W,24,888,888,37
05/01/2022,GRA,ST007,QAR,PRK.1070,Chicken Pesto & Mozzarell,32,2592,2592,81
05/01/2022,GRA,ST007,QAR,PRK.1075,Avocado Toast,40,640,640,16
05/01/2022,GRA,ST007,QAR,PRK.1077,Spicy Halloumi,38,798,798,21
05/01/2022,GRA,ST007,QAR,PRK.1078,Graze Breakfast (egg box),32,576,576,18
05/01/2022,GRA,ST007,QAR,PRK.1083,Chkn Soup,19,1026,1026,54
05/01/2022,GRA,ST007,QAR,PRK.1086,Lamb Soup,28,84,84,3
05/01/2022,GRA,ST007,QAR,PRK.1087,Lentil Soup,20,840,840,42
05/01/2022,GRA,ST007,QAR,PRK.1111,Penne Bolognese,50,1450,1450,29
05/01/2022,GRA,ST007,QAR,PRK.1113,Chkn Katsu Curry,45,4320,4320,96
05/01/2022,GRA,ST007,QAR,PRK.1115,Mushroom Pasta,40,2120,2120,53
05/01/2022,GRA,ST007,QAR,PRK.1118,Steak With Mushroom Sauce,45,2790,2790,62
05/01/2022,GRA,ST007,QAR,PRK.1119,Chicken Biryani,45,4860,4860,108
05/01/2022,GRA,ST007,QAR,PRK.1121,Chinese Sesame Chicken,40,4840,4840,121
05/01/2022,GRA,ST007,QAR,PRK.1127,Rock Shrimp,45,2700,2700,60
05/01/2022,GRA,ST007,QAR,PRK.1133,Lamb  Kabsa,45,2520,2520,56
05/01/2022,GRA,ST007,QAR,PRK.1140,Chicken Curry & Saffron r,43,2107,2107,49
05/01/2022,GRA,ST007,QAR,PRK.1141,CRAB BOWL,28,616,616,22
05/01/2022,GRA,ST007,QAR,PRK.1145,Yoghurt & Cucumber dip,12,240,240,20
05/01/2022,GRA,ST007,QAR,PRK.1146,Spicy Guacamole Pot,13,546,546,42
05/01/2022,GRA,ST007,QAR,PRK.1149,Edamame Pot,12,828,828,69
05/01/2022,GRA,ST007,QAR,PRK.1155,Classic hummus pot,18,18,18,1
05/01/2022,GRA,ST007,QAR,PRK.1159,Greek Tabbouleh,20,620,620,31
05/01/2022,GRA,ST007,QAR,PRK.1160,Egg pot,16,16,16,1
05/01/2022,GRA,ST007,QAR,PRK.1173,Choco Chia Energy Ball,30,480,480,16
05/01/2022,GRA,ST007,QAR,PRK.1175,Pecan Bars,14,308,308,22
05/01/2022,GRA,ST007,QAR,PRK.1177,Carrot Cake,15,420,420,28
05/01/2022,GRA,ST007,QAR,PRK.1178,Sweet Potatoe Choco Cake,15,465,465,31
05/01/2022,GRA,ST007,QAR,PRK.1181,Green Apple,2,8,8,4
05/01/2022,GRA,ST007,QAR,PRK.1182,Red Apple,2,30,30,15
05/01/2022,GRA,ST007,QAR,PRK.1183,Bannana,2,220,220,110
05/01/2022,GRA,ST007,QAR,PRK.1184,Watermelon,18,990,990,55
05/01/2022,GRA,ST007,QAR,PRK.1185,Pineapplemix,18,882,882,49
05/01/2022,GRA,ST007,QAR,PRK.1186,Mixed Berries,22,1276,1276,58
05/01/2022,GRA,ST007,QAR,PRK.1194,Lotus Cheesecake,15,315,315,21
05/01/2022,GRA,ST007,QAR,PRK.1196,Chia Blueberry Yodurt,24,480,480,20
05/01/2022,GRA,ST007,QAR,PRK.1201,Iced Flat White,18,396,396,22
05/01/2022,GRA,ST007,QAR,PRK.1203,Iced Spanish Latte,20,1680,1680,84
05/01/2022,GRA,ST007,QAR,PRK.1204,Iced Latte,18,324,324,18
05/01/2022,GRA,ST007,QAR,PRK.1205,Iced Americano,15,855,855,57
05/01/2022,GRA,ST007,QAR,PRK.1233,BBQ chicken Pizza,50,50,50,1
05/01/2022,GRA,ST007,QAR,PRK.1234,Pepperoni Pizza small,40,680,680,17
05/01/2022,GRA,ST007,QAR,PRK.1235,Margherita Pizza small,30,630,630,21
05/01/2022,GRA,ST007,QAR,PRK.1236,BBQ chicken Pizza small,35,595,595,17
05/01/2022,GRA,ST007,QAR,PRK.1262,Highland Still,5,1160,1160,232
05/01/2022,GRA,ST007,QAR,PRK.1265,Perrier Sparkling,9,387,387,43
05/01/2022,GRA,ST007,QAR,PRK.1291,Coke,5,215,215,43
05/01/2022,GRA,ST007,QAR,PRK.1292,Diet Coke,5,295,295,59
05/01/2022,GRA,ST007,QAR,PRK.1321,Mini Cup /Pina Colada,14,966,966,69
05/01/2022,GRA,ST007,QAR,PRK.1322,Regular Cup / Pina Colada,21,672,672,32
05/01/2022,GRA,ST007,QAR,PRK.1323,Large cup /Pina Colada,23,391,391,17
05/01/2022,GRA,ST007,QAR,PRK.1324,Mini Pina Colada/Topping,18,792,792,44
05/01/2022,GRA,ST007,QAR,PRK.1325,Regular Pina Colada/Toppi,26,910,910,35
05/01/2022,GRA,ST007,QAR,PRK.1326,Large Pina Colada/Topping,30,150,150,5
05/01/2022,GRA,ST007,QAR,PRK.1328,Stay Home w/ Graze L 6 X1,195,195,195,1
05/01/2022,GRA,ST007,QAR,PRK.1333,Stay Home w/Graze M 6 X1,130,130,130,1
05/01/2022,GRA,ST007,QAR,PRK.1334,Stay Home w/Graze M12 X1,240,720,720,3
05/01/2022,GRA,ST007,QAR,PRK.1335,Cool Box,15,120,120,8
05/01/2022,GRA,ST007,QAR,PRK.1351,Espresso Single,12,264,264,22
05/01/2022,GRA,ST007,QAR,PRK.1352,Macchiato,18,18,18,1
05/01/2022,GRA,ST007,QAR,PRK.1353,Americano Hot,15,1140,1140,76
05/01/2022,GRA,ST007,QAR,PRK.1354,Flat White Hot,18,1098,1098,61
05/01/2022,GRA,ST007,QAR,PRK.1355,Cappucino,18,1116,1116,62
05/01/2022,GRA,ST007,QAR,PRK.1356,Cortado,18,648,648,36
05/01/2022,GRA,ST007,QAR,PRK.1358,Spanish Latte,20,1740,1740,87
05/01/2022,GRA,ST007,QAR,PRK.1359,Classic Mocha,25,100,100,4
05/01/2022,GRA,ST007,QAR,PRK.1360,Slated Caramel Mocha,25,650,650,26
05/01/2022,GRA,ST007,QAR,PRK.1362,Double Espresso,14,182,182,13
05/01/2022,GRA,ST007,QAR,PRK.1363,Latte Hot,18,1422,1422,79
05/01/2022,GRA,ST007,QAR,PRK.1364,English B/F,12,84,84,7
05/01/2022,GRA,ST007,QAR,PRK.1365,Green Tea,12,72,72,6
05/01/2022,GRA,ST007,QAR,PRK.1366,Earl Grey,12,36,36,3
05/01/2022,GRA,ST007,QAR,PRK.1368,Lemon Grass/ Ginger,12,60,60,5
05/01/2022,GRA,ST007,QAR,PRK.1369,Jasmine,12,60,60,5
05/01/2022,GRA,ST007,QAR,PRK.1372,Hot Cocoa,24,264,264,11
05/01/2022,GRA,ST007,QAR,PRK.1373,Hibiscus Iced tea,18,720,720,40
05/01/2022,GRA,ST007,QAR,PRK.1374,Peach Iced Tea,18,180,180,10
05/01/2022,GRA,ST007,QAR,PRK.1375,Matcha Latte,25,150,150,6
05/01/2022,GRA,ST007,QAR,PRK.1383,Watermelon & Coconut cool,20,340,340,17
05/01/2022,GRA,ST007,QAR,PRK.1386,Orange Juice,22,2244,2244,102
05/01/2022,GRA,ST007,QAR,PRK.1387,Carrot Juice,22,506,506,23
05/01/2022,GRA,ST007,QAR,PRK.1390,Morning Boost,24,1416,1416,59
05/01/2022,GRA,ST007,QAR,PRK.1392,Immune Boost,22,1430,1430,65
05/01/2022,GRA,ST007,QAR,PRK.1396,Ginger Aid Shot,18,1584,1584,88
05/01/2022,GRA,ST007,QAR,PRK.1402,Laban Drink,18,648,648,36
05/01/2022,GRA,ST007,QAR,PRK.1403,Vimto Juice,18,54,54,3
05/01/2022,GRA,ST007,QAR,PRK.1404,Green Boost Juice,24,792,792,33
05/01/2022,GRA,ST007,QAR,PRK.1406,Beetroot & Apple Juice,20,1180,1180,59
05/01/2022,GRA,ST007,QAR,PRK.1407,Coconut & Pineapple Juice,24,24,24,1
05/01/2022,GRA,ST007,QAR,PRK.1409,Turmeric wellness shot,16,448,448,28
05/01/2022,GRA,ST007,QAR,PRK.1412, Mini Cup Yogurt,14,4354,4354,311
05/01/2022,GRA,ST007,QAR,PRK.1413,Regular Cup Yogurt,21,3612,3612,172
05/01/2022,GRA,ST007,QAR,PRK.1416,Large Cup Yogurt,23,667,667,29
05/01/2022,GRA,ST007,QAR,PRK.1418, Mini Cup Yogurt/Topping,18,2448,2448,136
05/01/2022,GRA,ST007,QAR,PRK.1419,Reg Cup Yogurt/Toping,26,2704,2704,104
05/01/2022,GRA,ST007,QAR,PRK.1422,Large Cup Yogurt/Topping,30,1200,1200,40
05/01/2022,GRA,ST007,QAR,PRK.1429,Mini Mango Ice Cream,14,9072,9072,648
05/01/2022,GRA,ST007,QAR,PRK.1430,Regular Mango Ice Cream,21,9156,9156,436
05/01/2022,GRA,ST007,QAR,PRK.1431,Large Mango Ice Cream,23,3956,3956,172
05/01/2022,GRA,ST007,QAR,PRK.1432,Mini Mango Ice Cream/Topp,18,4284,4284,238
05/01/2022,GRA,ST007,QAR,PRK.1433,Reg Mango Ice cream/Topp,26,5382,5382,207
05/01/2022,GRA,ST007,QAR,PRK.1434,Large Mango Ice Cream/Top,30,1200,1200,40
05/01/2022,GRA,ST007,QAR,PRK.1435,Mini Cup Milky Ice Cream,14,1050,1050,75
05/01/2022,GRA,ST007,QAR,PRK.1436,Reg Cup Milky Ice Cream,21,798,798,38
05/01/2022,GRA,ST007,QAR,PRK.1437,Lrge Cup Milky Ice Cream,23,276,276,12
05/01/2022,GRA,ST007,QAR,PRK.1438,Mini Cup Milky Ice C/Top,18,648,648,36
05/01/2022,GRA,ST007,QAR,PRK.1439,Reg Cup Milky Ice Cre/Top,26,1092,1092,42
05/01/2022,GRA,ST007,QAR,PRK.1440,Lrge Cup Milky Ice Cr/Top,30,240,240,8
05/01/2022,GRA,ST007,QAR,PRK.1464,Fresh Pineapple,3,24,24,8
05/01/2022,GRA,ST007,QAR,PRK.1469,Kiwi Fruit,3,15,15,5
05/01/2022,GRA,ST007,QAR,PRK.1470,Lotus Biscuit,3,36,36,12
05/01/2022,GRA,ST007,QAR,PRK.1471,BEEF STROGANOFF,50,650,650,13
05/01/2022,GRA,ST007,QAR,PRK.1472,CHICKEN CURRY & RICE,48,1632,1632,34
05/01/2022,GRA,ST007,QAR,PRK.1473,NOODLES BOWL,45,1170,1170,26
05/01/2022,GRA,ST007,QAR,PRK.1501,pomegranate,3,213,213,71
05/01/2022,GRA,ST007,QAR,PRK.1502,Strawberry,3,279,279,93
05/01/2022,GRA,ST007,QAR,PRK.1505,Salted Caramel,3,24,24,8
05/01/2022,GRA,ST007,QAR,PRK.1506,Pretzel,3,27,27,9
05/01/2022,GRA,ST007,QAR,PRK.1507,Crispy Crepe,3,153,153,51
05/01/2022,GRA,ST007,QAR,PRK.1508,Granola,3,102,102,34
05/01/2022,GRA,ST007,QAR,PRK.1509,Coconut Flakes,3,81,81,27
05/01/2022,GRA,ST007,QAR,PRK.1510,Crushed Graham,3,15,15,5
05/01/2022,GRA,ST007,QAR,PRK.1514,Dulce de Leche,3,15,15,5
05/01/2022,GRA,ST007,QAR,PRK.1520,Mixed Berries Sauce,3,123,123,41
05/01/2022,GRA,ST007,QAR,PRK.1521,Mango Sauce,3,120,120,40
05/01/2022,GRA,ST007,QAR,PRK.1527,Mango,3,408,408,136
05/01/2022,GRA,ST007,QAR,PRK.1531,Power Shake,35,420,420,12
05/01/2022,GRA,ST007,QAR,PRK.1532,Peanut Power Shake,35,315,315,9
05/01/2022,GRA,ST007,QAR,PRK.1534,Choco Power Shake,35,140,140,4
05/01/2022,GRA,ST007,QAR,PRK.1536,Energizer protine Shakes,45,900,900,20
05/01/2022,GRA,ST007,QAR,PRK.1540,Energizer shakes,35,490,490,14
05/01/2022,GRA,ST007,QAR,PRK.1541,Essential shakes,35,35,35,1
05/01/2022,GRA,ST007,QAR,PRK.1545,14oz Energizer protine,40,40,40,1
05/01/2022,GRA,ST007,QAR,PRK.1548,14oz Energizer shakes,30,30,30,1
05/01/2022,GRA,ST007,QAR,PRK.1550,Extra Protein,10,70,70,7
05/01/2022,GRA,ST007,QAR,PRK.1580,Ogaily cardamom ice cream,25,675,675,27
05/01/2022,GRA,ST007,QAR,PRK.1587,Supersize,45,1080,1080,24
05/01/2022,GRA,ST007,QAR,PRK.1621,Orange loaf,12,456,456,38
05/01/2022,GRA,ST007,QAR,PRK.1623,Brownie flavour cookies,10,1020,1020,102
05/01/2022,GRA,ST007,QAR,PRK.1626,Cinnamon Roll,13,273,273,21
05/01/2022,GRA,ST007,QAR,PRK.1627,Custard Raisin Roll,14,70,70,5
05/01/2022,GRA,ST007,QAR,PRK.1628,Brownie bites,13,338,338,26
05/01/2022,GRA,ST007,QAR,PRK.1632,Turkey cheese roll,19,190,190,10
05/01/2022,GRA,ST007,QAR,PRK.1633,Spinach feta roll,18,252,252,14
05/01/2022,GRA,ST007,QAR,PRK.1651,■PB & Jam sourdough bread,18,1080,1080,60
05/01/2022,GRA,ST007,QAR,PRK.1652,■Italian Poached Eggs,32,64,64,2
05/01/2022,GRA,ST007,QAR,PRK.1656,Eid breakfast,350,8050,8050,23
05/01/2022,GRA,ST007,QAR,PRK.1681,Salted Caramel Mocha,24,216,216,9
05/01/2022,GRA,ST007,QAR,PRK.1682,■Matcha Frappe,26,494,494,19
05/01/2022,GRA,ST007,QAR,PRK.1711,Pomegranate Pot,18,504,504,28
05/01/2022,GRA,ST007,QAR,PRK.1712,Mango Peach Muesli Pot,24,48,48,2
05/01/2022,GRA,ST007,QAR,PRK.1713,Overnight oats PB&Jam,25,375,375,15
05/01/2022,GRA,ST007,QAR,PRK.1741,Spicy Tuna sandwich,26,1222,1222,47
05/01/2022,GRA,ST007,QAR,PRK.1742,Three cheese,22,726,726,33
05/01/2022,GRA,ST007,QAR,PRK.1743,Falafel and Labna,25,700,700,28
05/01/2022,GRA,ST007,QAR,PRK.1745,Graze Sandwich Box,42,966,966,23
05/01/2022,GRA,ST007,QAR,PRK.1746,GRAZE CLUB SANDWICH,35,595,595,17
05/01/2022,GRA,ST007,QAR,PRK.1771,Pistachio Arabeshi,5,1680,1680,336
05/01/2022,GRA,ST007,QAR,PRK.1772,Fresh Raspberry,5,630,630,126
05/01/2022,GRA,ST007,QAR,PRK.1773,Fresh blueberry,5,410,410,82
05/01/2022,GRA,ST007,QAR,PRK.1774,Chocolate Flakes,5,600,600,120
05/01/2022,GRA,ST007,QAR,PRK.1775,Honey Comb,5,60,60,12
05/01/2022,GRA,ST007,QAR,PRK.4501,Full Fat Milk,0,0,0,8
05/01/2022,GRA,ST007,QAR,PRK.4502,Low Fat Milk,0,0,0,12
05/01/2022,GRA,ST007,QAR,PRK.4503,Almond Milk,2,56,56,28
05/01/2022,GRA,ST007,QAR,PRK.4504,Soya Milk,2,10,10,5
05/01/2022,GRA,ST007,QAR,PRK.4509,Double Shot,0,0,0,1
05/01/2022,GRA,ST007,QAR,PRK.4517,Vanilla Flavor,0,0,0,1
05/01/2022,GRA,ST007,QAR,PRK.4518,Chocolate Flavor,0,0,0,1
05/01/2022,GRA,ST007,QAR,PRK.4531,w/ Granola,0,0,0,201
05/01/2022,GRA,ST007,QAR,PRK.4533,w/ Pretzel,0,0,0,113
05/01/2022,GRA,ST007,QAR,PRK.4534,w/ Coconut Flakes,0,0,0,69
05/01/2022,GRA,ST007,QAR,PRK.4535,w/ Crispy Crepe,0,0,0,181
05/01/2022,GRA,ST007,QAR,PRK.4537,w/ Mixed Berries Sauce,0,0,0,221
05/01/2022,GRA,ST007,QAR,PRK.4541,w/ Strawberry,0,0,0,640
05/01/2022,GRA,ST007,QAR,PRK.4543,w/ Salted Caramel,0,0,0,71
05/01/2022,GRA,ST007,QAR,PRK.4544,w/ Pomegranate,0,0,0,415
05/01/2022,GRA,ST007,QAR,PRK.4545,w/ Dulce de leche,0,0,0,84
05/01/2022,GRA,ST007,QAR,PRK.4549,w/ Mango Sauce,0,0,0,227
05/01/2022,GRA,ST007,QAR,PRK.4550,w/ Mango,0,0,0,743
05/01/2022,GRA,ST007,QAR,PRK.4552,w/ Crushed Grahams,0,0,0,47
05/01/2022,GRA,ST007,QAR,PRK.4556,w/ Fresh Pineapple,0,0,0,49
05/01/2022,GRA,ST007,QAR,PRK.4557,w/ Kiwi Fruit,0,0,0,42
05/01/2022,GRA,ST007,QAR,PRK.4558,w/ Lotus Biscuit,0,0,0,61
05/01/2022,GRA,ST007,QAR,PRK.4561,MIXED FROZEN YOGURT,0,0,0,121
05/01/2022,GRA,ST007,QAR,PRK.4562,MIXED MANGO YOGURT,0,0,0,112
05/01/2022,GRA,ST007,QAR,PRK.4564,MIXED MILKY ICE CREAM,0,0,0,8
