DATE,BRANCHCODE,WAREHOUSECODE,CURRENCY,ERPCODE,ITEMNAME,RAWPRICE,GROSSAMT,NETVALUE,QTYSOLD
04/01/2022,GRA,ST007,QAR,PRK.902,Granola,55,605,605,11
04/01/2022,GRA,ST007,QAR,PRK.904,Graze House Mix,55,55,55,1
04/01/2022,GRA,ST007,QAR,PRK.907,Zaatar Chips,6,60,60,10
04/01/2022,GRA,ST007,QAR,PRK.909,Spicy Pesto Chips,6,36,36,6
04/01/2022,GRA,ST007,QAR,PRK.910,Graze Spicy Mix Sml,25,75,75,3
04/01/2022,GRA,ST007,QAR,PRK.911,Graze House Mix Sml,25,150,150,6
04/01/2022,GRA,ST007,QAR,PRK.962,Extra flavor,3,18,18,6
04/01/2022,GRA,ST007,QAR,PRK.994,Crsnt w Egg/Avaca/ SunTom,24,48,48,2
04/01/2022,GRA,ST007,QAR,PRK.995,Egg Burrito,20,120,120,6
04/01/2022,GRA,ST007,QAR,PRK.996,Blueberry Granola parfait,25,475,475,19
04/01/2022,GRA,ST007,QAR,PRK.997,Yog Dates Chia Pista Alm,22,286,286,13
04/01/2022,GRA,ST007,QAR,PRK.1003,Cheese Croissant,16,112,112,7
04/01/2022,GRA,ST007,QAR,PRK.1007,Zatar Croissant,16,64,64,4
04/01/2022,GRA,ST007,QAR,PRK.1010,Tomato Puff Pastry,16,192,192,12
04/01/2022,GRA,ST007,QAR,PRK.1012,Three Berry Yogurt & Date,25,225,225,9
04/01/2022,GRA,ST007,QAR,PRK.1015,Kiri Cheese Danish,14,56,56,4
04/01/2022,GRA,ST007,QAR,PRK.1016,Plain Croissant,10,150,150,15
04/01/2022,GRA,ST007,QAR,PRK.1020,Almond Croissant,16,16,16,1
04/01/2022,GRA,ST007,QAR,PRK.1021,Shirazi Salad,12,12,12,1
04/01/2022,GRA,ST007,QAR,PRK.1023,Falafel Salad,35,875,875,25
04/01/2022,GRA,ST007,QAR,PRK.1024,Quinoa Swt potato Salad,40,80,80,2
04/01/2022,GRA,ST007,QAR,PRK.1027,Mex Chkn Chilli Bean Sld,40,1560,1560,39
04/01/2022,GRA,ST007,QAR,PRK.1029,Burrata Salad,50,100,100,2
04/01/2022,GRA,ST007,QAR,PRK.1031,Teriyaki GRAZE Salmn,55,2255,2255,41
04/01/2022,GRA,ST007,QAR,PRK.1034,BBQ Chick Peas,38,190,190,5
04/01/2022,GRA,ST007,QAR,PRK.1039,Keto Chicken Salad,40,840,840,21
04/01/2022,GRA,ST007,QAR,PRK.1044,Southern Chicken Salad,45,270,270,6
04/01/2022,GRA,ST007,QAR,PRK.1048,Mexican  Caesar Salad chk,39,2652,2652,68
04/01/2022,GRA,ST007,QAR,PRK.1049,ROCCA SALAD,22,594,594,27
04/01/2022,GRA,ST007,QAR,PRK.1052,Smoke Turkey Sandwich,34,1394,1394,41
04/01/2022,GRA,ST007,QAR,PRK.1054,lemon&Rosemary Chkn,36,1728,1728,48
04/01/2022,GRA,ST007,QAR,PRK.1057,Steak & Philly Chz SW,32,704,704,22
04/01/2022,GRA,ST007,QAR,PRK.1063,Egg Mayo with Rocket,20,320,320,16
04/01/2022,GRA,ST007,QAR,PRK.1068,Crispy Chicken Bun,24,456,456,19
04/01/2022,GRA,ST007,QAR,PRK.1069,Spicy Courgette Falafel W,24,360,360,15
04/01/2022,GRA,ST007,QAR,PRK.1070,Chicken Pesto & Mozzarell,32,1056,1056,33
04/01/2022,GRA,ST007,QAR,PRK.1075,Avocado Toast,40,160,160,4
04/01/2022,GRA,ST007,QAR,PRK.1077,Spicy Halloumi,38,38,38,1
04/01/2022,GRA,ST007,QAR,PRK.1078,Graze Breakfast (egg box),32,32,32,1
04/01/2022,GRA,ST007,QAR,PRK.1083,Chkn Soup,19,741,741,39
04/01/2022,GRA,ST007,QAR,PRK.1086,Lamb Soup,28,28,28,1
04/01/2022,GRA,ST007,QAR,PRK.1087,Lentil Soup,20,960,960,48
04/01/2022,GRA,ST007,QAR,PRK.1111,Penne Bolognese,50,450,450,9
04/01/2022,GRA,ST007,QAR,PRK.1113,Chkn Katsu Curry,45,2835,2835,63
04/01/2022,GRA,ST007,QAR,PRK.1115,Mushroom Pasta,40,1440,1440,36
04/01/2022,GRA,ST007,QAR,PRK.1118,Steak With Mushroom Sauce,45,1845,1845,41
04/01/2022,GRA,ST007,QAR,PRK.1119,Chicken Biryani,45,3375,3375,75
04/01/2022,GRA,ST007,QAR,PRK.1121,Chinese Sesame Chicken,40,3440,3440,86
04/01/2022,GRA,ST007,QAR,PRK.1127,Rock Shrimp,45,1620,1620,36
04/01/2022,GRA,ST007,QAR,PRK.1133,Lamb  Kabsa,45,2025,2025,45
04/01/2022,GRA,ST007,QAR,PRK.1140,Chicken Curry & Saffron r,43,1204,1204,28
04/01/2022,GRA,ST007,QAR,PRK.1141,CRAB BOWL,28,448,448,16
04/01/2022,GRA,ST007,QAR,PRK.1145,Yoghurt & Cucumber dip,12,24,24,2
04/01/2022,GRA,ST007,QAR,PRK.1146,Spicy Guacamole Pot,13,182,182,14
04/01/2022,GRA,ST007,QAR,PRK.1149,Edamame Pot,12,348,348,29
04/01/2022,GRA,ST007,QAR,PRK.1155,Classic hummus pot,18,18,18,1
04/01/2022,GRA,ST007,QAR,PRK.1159,Greek Tabbouleh,20,180,180,9
04/01/2022,GRA,ST007,QAR,PRK.1173,Choco Chia Energy Ball,30,510,510,17
04/01/2022,GRA,ST007,QAR,PRK.1175,Pecan Bars,14,238,238,17
04/01/2022,GRA,ST007,QAR,PRK.1177,Carrot Cake,15,165,165,11
04/01/2022,GRA,ST007,QAR,PRK.1178,Sweet Potatoe Choco Cake,15,195,195,13
04/01/2022,GRA,ST007,QAR,PRK.1181,Green Apple,2,8,8,4
04/01/2022,GRA,ST007,QAR,PRK.1182,Red Apple,2,8,8,4
04/01/2022,GRA,ST007,QAR,PRK.1183,Bannana,2,138,138,69
04/01/2022,GRA,ST007,QAR,PRK.1184,Watermelon,18,306,306,17
04/01/2022,GRA,ST007,QAR,PRK.1185,Pineapplemix,18,162,162,9
04/01/2022,GRA,ST007,QAR,PRK.1186,Mixed Berries,22,352,352,16
04/01/2022,GRA,ST007,QAR,PRK.1194,Lotus Cheesecake,15,270,270,18
04/01/2022,GRA,ST007,QAR,PRK.1196,Chia Blueberry Yodurt,24,240,240,10
04/01/2022,GRA,ST007,QAR,PRK.1201,Iced Flat White,18,306,306,17
04/01/2022,GRA,ST007,QAR,PRK.1203,Iced Spanish Latte,20,1320,1320,66
04/01/2022,GRA,ST007,QAR,PRK.1204,Iced Latte,18,630,630,35
04/01/2022,GRA,ST007,QAR,PRK.1205,Iced Americano,15,765,765,51
04/01/2022,GRA,ST007,QAR,PRK.1209,Iced Span.330 ML,20,20,20,1
04/01/2022,GRA,ST007,QAR,PRK.1234,Pepperoni Pizza small,40,440,440,11
04/01/2022,GRA,ST007,QAR,PRK.1235,Margherita Pizza small,30,450,450,15
04/01/2022,GRA,ST007,QAR,PRK.1236,BBQ chicken Pizza small,35,385,385,11
04/01/2022,GRA,ST007,QAR,PRK.1262,Highland Still,5,435,435,87
04/01/2022,GRA,ST007,QAR,PRK.1265,Perrier Sparkling,9,126,126,14
04/01/2022,GRA,ST007,QAR,PRK.1291,Coke,5,200,200,40
04/01/2022,GRA,ST007,QAR,PRK.1292,Diet Coke,5,280,280,56
04/01/2022,GRA,ST007,QAR,PRK.1333,Stay Home w/Graze M 6 X1,130,130,130,1
04/01/2022,GRA,ST007,QAR,PRK.1335,Cool Box,15,30,30,2
04/01/2022,GRA,ST007,QAR,PRK.1351,Espresso Single,12,84,84,7
04/01/2022,GRA,ST007,QAR,PRK.1353,Americano Hot,15,855,855,57
04/01/2022,GRA,ST007,QAR,PRK.1354,Flat White Hot,18,1134,1134,63
04/01/2022,GRA,ST007,QAR,PRK.1355,Cappucino,18,1332,1332,74
04/01/2022,GRA,ST007,QAR,PRK.1356,Cortado,18,468,468,26
04/01/2022,GRA,ST007,QAR,PRK.1358,Spanish Latte,20,1200,1200,60
04/01/2022,GRA,ST007,QAR,PRK.1359,Classic Mocha,25,250,250,10
04/01/2022,GRA,ST007,QAR,PRK.1360,Slated Caramel Mocha,25,250,250,10
04/01/2022,GRA,ST007,QAR,PRK.1362,Double Espresso,14,98,98,7
04/01/2022,GRA,ST007,QAR,PRK.1363,Latte Hot,18,1206,1206,67
04/01/2022,GRA,ST007,QAR,PRK.1364,English B/F,12,24,24,2
04/01/2022,GRA,ST007,QAR,PRK.1365,Green Tea,12,48,48,4
04/01/2022,GRA,ST007,QAR,PRK.1368,Lemon Grass/ Ginger,12,36,36,3
04/01/2022,GRA,ST007,QAR,PRK.1369,Jasmine,12,48,48,4
04/01/2022,GRA,ST007,QAR,PRK.1372,Hot Cocoa,24,360,360,15
04/01/2022,GRA,ST007,QAR,PRK.1373,Hibiscus Iced tea,18,342,342,19
04/01/2022,GRA,ST007,QAR,PRK.1374,Peach Iced Tea,18,18,18,1
04/01/2022,GRA,ST007,QAR,PRK.1375,Matcha Latte,25,125,125,5
04/01/2022,GRA,ST007,QAR,PRK.1376,Cinnamon Latte,25,25,25,1
04/01/2022,GRA,ST007,QAR,PRK.1386,Orange Juice,22,990,990,45
04/01/2022,GRA,ST007,QAR,PRK.1390,Morning Boost,24,840,840,35
04/01/2022,GRA,ST007,QAR,PRK.1392,Immune Boost,22,770,770,35
04/01/2022,GRA,ST007,QAR,PRK.1396,Ginger Aid Shot,18,540,540,30
04/01/2022,GRA,ST007,QAR,PRK.1402,Laban Drink,18,270,270,15
04/01/2022,GRA,ST007,QAR,PRK.1403,Vimto Juice,18,360,360,20
04/01/2022,GRA,ST007,QAR,PRK.1404,Green Boost Juice,24,168,168,7
04/01/2022,GRA,ST007,QAR,PRK.1406,Beetroot & Apple Juice,20,420,420,21
04/01/2022,GRA,ST007,QAR,PRK.1409,Turmeric wellness shot,16,144,144,9
04/01/2022,GRA,ST007,QAR,PRK.1412, Mini Cup Yogurt,14,2394,2394,171
04/01/2022,GRA,ST007,QAR,PRK.1413,Regular Cup Yogurt,21,2688,2688,128
04/01/2022,GRA,ST007,QAR,PRK.1416,Large Cup Yogurt,23,805,805,35
04/01/2022,GRA,ST007,QAR,PRK.1418, Mini Cup Yogurt/Topping,18,1638,1638,91
04/01/2022,GRA,ST007,QAR,PRK.1419,Reg Cup Yogurt/Toping,26,2600,2600,100
04/01/2022,GRA,ST007,QAR,PRK.1422,Large Cup Yogurt/Topping,30,810,810,27
04/01/2022,GRA,ST007,QAR,PRK.1424,Reg.Cup Choco Ice Cream,20,20,20,1
04/01/2022,GRA,ST007,QAR,PRK.1426,Mini Cup Choco /Topping,17,17,17,1
04/01/2022,GRA,ST007,QAR,PRK.1429,Mini Mango Ice Cream,14,6650,6650,475
04/01/2022,GRA,ST007,QAR,PRK.1430,Regular Mango Ice Cream,21,6195,6195,295
04/01/2022,GRA,ST007,QAR,PRK.1431,Large Mango Ice Cream,23,3335,3335,145
04/01/2022,GRA,ST007,QAR,PRK.1432,Mini Mango Ice Cream/Topp,18,3348,3348,186
04/01/2022,GRA,ST007,QAR,PRK.1433,Reg Mango Ice cream/Topp,26,3796,3796,146
04/01/2022,GRA,ST007,QAR,PRK.1434,Large Mango Ice Cream/Top,30,1200,1200,40
04/01/2022,GRA,ST007,QAR,PRK.1435,Mini Cup Milky Ice Cream,14,896,896,64
04/01/2022,GRA,ST007,QAR,PRK.1436,Reg Cup Milky Ice Cream,21,525,525,25
04/01/2022,GRA,ST007,QAR,PRK.1437,Lrge Cup Milky Ice Cream,23,92,92,4
04/01/2022,GRA,ST007,QAR,PRK.1438,Mini Cup Milky Ice C/Top,18,396,396,22
04/01/2022,GRA,ST007,QAR,PRK.1439,Reg Cup Milky Ice Cre/Top,26,520,520,20
04/01/2022,GRA,ST007,QAR,PRK.1440,Lrge Cup Milky Ice Cr/Top,30,30,30,1
04/01/2022,GRA,ST007,QAR,PRK.1464,Fresh Pineapple,3,63,63,21
04/01/2022,GRA,ST007,QAR,PRK.1469,Kiwi Fruit,3,33,33,11
04/01/2022,GRA,ST007,QAR,PRK.1470,Lotus Biscuit,3,36,36,12
04/01/2022,GRA,ST007,QAR,PRK.1471,BEEF STROGANOFF,50,250,250,5
04/01/2022,GRA,ST007,QAR,PRK.1472,CHICKEN CURRY & RICE,48,1200,1200,25
04/01/2022,GRA,ST007,QAR,PRK.1473,NOODLES BOWL,45,540,540,12
04/01/2022,GRA,ST007,QAR,PRK.1501,pomegranate,3,168,168,56
04/01/2022,GRA,ST007,QAR,PRK.1502,Strawberry,3,276,276,92
04/01/2022,GRA,ST007,QAR,PRK.1505,Salted Caramel,3,30,30,10
04/01/2022,GRA,ST007,QAR,PRK.1506,Pretzel,3,12,12,4
04/01/2022,GRA,ST007,QAR,PRK.1507,Crispy Crepe,3,126,126,42
04/01/2022,GRA,ST007,QAR,PRK.1508,Granola,3,54,54,18
04/01/2022,GRA,ST007,QAR,PRK.1509,Coconut Flakes,3,81,81,27
04/01/2022,GRA,ST007,QAR,PRK.1510,Crushed Graham,3,30,30,10
04/01/2022,GRA,ST007,QAR,PRK.1514,Dulce de Leche,3,48,48,16
04/01/2022,GRA,ST007,QAR,PRK.1520,Mixed Berries Sauce,3,54,54,18
04/01/2022,GRA,ST007,QAR,PRK.1521,Mango Sauce,3,48,48,16
04/01/2022,GRA,ST007,QAR,PRK.1527,Mango,3,282,282,94
04/01/2022,GRA,ST007,QAR,PRK.1531,Power Shake,35,770,770,22
04/01/2022,GRA,ST007,QAR,PRK.1532,Peanut Power Shake,35,70,70,2
04/01/2022,GRA,ST007,QAR,PRK.1534,Choco Power Shake,35,35,35,1
04/01/2022,GRA,ST007,QAR,PRK.1536,Energizer protine Shakes,45,1395,1395,31
04/01/2022,GRA,ST007,QAR,PRK.1537,Essential protine shakes,45,45,45,1
04/01/2022,GRA,ST007,QAR,PRK.1540,Energizer shakes,35,805,805,23
04/01/2022,GRA,ST007,QAR,PRK.1550,Extra Protein,10,10,10,1
04/01/2022,GRA,ST007,QAR,PRK.1580,Ogaily cardamom ice cream,25,9225,9225,369
04/01/2022,GRA,ST007,QAR,PRK.1587,Supersize,45,675,675,15
04/01/2022,GRA,ST007,QAR,PRK.1621,Orange loaf,12,396,396,33
04/01/2022,GRA,ST007,QAR,PRK.1623,Brownie flavour cookies,10,540,540,54
04/01/2022,GRA,ST007,QAR,PRK.1628,Brownie bites,13,182,182,14
04/01/2022,GRA,ST007,QAR,PRK.1651,■PB & Jam sourdough bread,18,828,828,46
04/01/2022,GRA,ST007,QAR,PRK.1681,Salted Caramel Mocha,24,120,120,5
04/01/2022,GRA,ST007,QAR,PRK.1682,■Matcha Frappe,26,338,338,13
04/01/2022,GRA,ST007,QAR,PRK.1711,Pomegranate Pot,18,288,288,16
04/01/2022,GRA,ST007,QAR,PRK.1713,Overnight oats PB&Jam,25,125,125,5
04/01/2022,GRA,ST007,QAR,PRK.1741,Spicy Tuna sandwich,26,468,468,18
04/01/2022,GRA,ST007,QAR,PRK.1742,Three cheese,22,264,264,12
04/01/2022,GRA,ST007,QAR,PRK.1743,Falafel and Labna,25,100,100,4
04/01/2022,GRA,ST007,QAR,PRK.1745,Graze Sandwich Box,42,210,210,5
04/01/2022,GRA,ST007,QAR,PRK.1746,GRAZE CLUB SANDWICH,35,105,105,3
04/01/2022,GRA,ST007,QAR,PRK.1771,Pistachio Arabeshi,5,960,960,192
04/01/2022,GRA,ST007,QAR,PRK.1772,Fresh Raspberry,5,450,450,90
04/01/2022,GRA,ST007,QAR,PRK.1773,Fresh blueberry,5,400,400,80
04/01/2022,GRA,ST007,QAR,PRK.1774,Chocolate Flakes,5,660,660,132
04/01/2022,GRA,ST007,QAR,PRK.1775,Honey Comb,5,45,45,9
04/01/2022,GRA,ST007,QAR,PRK.4501,Full Fat Milk,0,0,0,6
04/01/2022,GRA,ST007,QAR,PRK.4502,Low Fat Milk,0,0,0,30
04/01/2022,GRA,ST007,QAR,PRK.4503,Almond Milk,2,66,66,33
04/01/2022,GRA,ST007,QAR,PRK.4504,Soya Milk,2,26,26,13
04/01/2022,GRA,ST007,QAR,PRK.4506,More Sweet,0,0,0,1
04/01/2022,GRA,ST007,QAR,PRK.4507,Half Shot,0,0,0,1
04/01/2022,GRA,ST007,QAR,PRK.4509,Double Shot,0,0,0,2
04/01/2022,GRA,ST007,QAR,PRK.4514,Less Ice,0,0,0,1
04/01/2022,GRA,ST007,QAR,PRK.4517,Vanilla Flavor,0,0,0,3
04/01/2022,GRA,ST007,QAR,PRK.4531,w/ Granola,0,0,0,68
04/01/2022,GRA,ST007,QAR,PRK.4533,w/ Pretzel,0,0,0,52
04/01/2022,GRA,ST007,QAR,PRK.4534,w/ Coconut Flakes,0,0,0,54
04/01/2022,GRA,ST007,QAR,PRK.4535,w/ Crispy Crepe,0,0,0,132
04/01/2022,GRA,ST007,QAR,PRK.4537,w/ Mixed Berries Sauce,0,0,0,132
04/01/2022,GRA,ST007,QAR,PRK.4541,w/ Strawberry,0,0,0,446
04/01/2022,GRA,ST007,QAR,PRK.4543,w/ Salted Caramel,0,0,0,66
04/01/2022,GRA,ST007,QAR,PRK.4544,w/ Pomegranate,0,0,0,257
04/01/2022,GRA,ST007,QAR,PRK.4545,w/ Dulce de leche,0,0,0,33
04/01/2022,GRA,ST007,QAR,PRK.4549,w/ Mango Sauce,0,0,0,133
04/01/2022,GRA,ST007,QAR,PRK.4550,w/ Mango,0,0,0,514
04/01/2022,GRA,ST007,QAR,PRK.4552,w/ Crushed Grahams,0,0,0,37
04/01/2022,GRA,ST007,QAR,PRK.4556,w/ Fresh Pineapple,0,0,0,38
04/01/2022,GRA,ST007,QAR,PRK.4557,w/ Kiwi Fruit,0,0,0,23
04/01/2022,GRA,ST007,QAR,PRK.4558,w/ Lotus Biscuit,0,0,0,41
04/01/2022,GRA,ST007,QAR,PRK.4561,MIXED FROZEN YOGURT,0,0,0,101
04/01/2022,GRA,ST007,QAR,PRK.4562,MIXED MANGO YOGURT,0,0,0,25
04/01/2022,GRA,ST007,QAR,PRK.4564,MIXED MILKY ICE CREAM,0,0,0,5
