DATE,BRANCHCODE,WAREHOUSECODE,CURRENCY,ERPCODE,ITEMNAME,RAWPRICE,GROSSAMT,NETVALUE,QTYSOLD
08/01/2022,GRA,ST007,QAR,PRK.902,Granola,55,1265,1265,23
08/01/2022,GRA,ST007,QAR,PRK.904,Graze House Mix,55,55,55,1
08/01/2022,GRA,ST007,QAR,PRK.907,Zaatar Chips,6,144,144,24
08/01/2022,GRA,ST007,QAR,PRK.909,Spicy Pesto Chips,6,228,228,38
08/01/2022,GRA,ST007,QAR,PRK.910,Graze Spicy Mix Sml,25,450,450,18
08/01/2022,GRA,ST007,QAR,PRK.911,Graze House Mix Sml,25,500,500,20
08/01/2022,GRA,ST007,QAR,PRK.961,Extra cheese,5,5,5,1
08/01/2022,GRA,ST007,QAR,PRK.962,Extra flavor,3,21,21,7
08/01/2022,GRA,ST007,QAR,PRK.994,Crsnt w Egg/Avaca/ SunTom,24,1680,1680,70
08/01/2022,GRA,ST007,QAR,PRK.995,Egg Burrito,20,820,820,41
08/01/2022,GRA,ST007,QAR,PRK.996,Blueberry Granola parfait,25,1875,1875,75
08/01/2022,GRA,ST007,QAR,PRK.997,Yog Dates Chia Pista Alm,22,1210,1210,55
08/01/2022,GRA,ST007,QAR,PRK.1003,Cheese Croissant,16,464,464,29
08/01/2022,GRA,ST007,QAR,PRK.1007,Zatar Croissant,16,288,288,18
08/01/2022,GRA,ST007,QAR,PRK.1008,Chocolate Croissant,16,208,208,13
08/01/2022,GRA,ST007,QAR,PRK.1010,Tomato Puff Pastry,16,608,608,38
08/01/2022,GRA,ST007,QAR,PRK.1012,Three Berry Yogurt & Date,25,725,725,29
08/01/2022,GRA,ST007,QAR,PRK.1015,Kiri Cheese Danish,14,784,784,56
08/01/2022,GRA,ST007,QAR,PRK.1016,Plain Croissant,10,230,230,23
08/01/2022,GRA,ST007,QAR,PRK.1020,Almond Croissant,16,208,208,13
08/01/2022,GRA,ST007,QAR,PRK.1021,Shirazi Salad,12,612,612,51
08/01/2022,GRA,ST007,QAR,PRK.1023,Falafel Salad,45,925,925,25
08/01/2022,GRA,ST007,QAR,PRK.1024,Quinoa Swt potato Salad,40,1280,1240,32
08/01/2022,GRA,ST007,QAR,PRK.1027,Mex Chkn Chilli Bean Sld,40,2280,2240,57
08/01/2022,GRA,ST007,QAR,PRK.1029,Burrata Salad,50,1900,1850,38
08/01/2022,GRA,ST007,QAR,PRK.1031,Teriyaki GRAZE Salmn,55,4565,4565,83
08/01/2022,GRA,ST007,QAR,PRK.1034,BBQ Chick Peas,38,1178,1178,31
08/01/2022,GRA,ST007,QAR,PRK.1039,Keto Chicken Salad,40,1840,1840,46
08/01/2022,GRA,ST007,QAR,PRK.1044,Southern Chicken Salad,45,2160,2115,48
08/01/2022,GRA,ST007,QAR,PRK.1046,Greek Salad,30,210,210,7
08/01/2022,GRA,ST007,QAR,PRK.1048,Mexican  Caesar Salad chk,39,5304,5304,136
08/01/2022,GRA,ST007,QAR,PRK.1049,ROCCA SALAD,22,374,374,17
08/01/2022,GRA,ST007,QAR,PRK.1052,Smoke Turkey Sandwich,34,3094,3094,91
08/01/2022,GRA,ST007,QAR,PRK.1054,lemon&Rosemary Chkn,36,3456,3456,96
08/01/2022,GRA,ST007,QAR,PRK.1057,Steak & Philly Chz SW,32,1920,1920,60
08/01/2022,GRA,ST007,QAR,PRK.1063,Egg Mayo with Rocket,20,700,700,35
08/01/2022,GRA,ST007,QAR,PRK.1068,Crispy Chicken Bun,24,600,576,25
08/01/2022,GRA,ST007,QAR,PRK.1070,Chicken Pesto & Mozzarell,32,2784,2784,87
08/01/2022,GRA,ST007,QAR,PRK.1075,Avocado Toast,40,440,440,11
08/01/2022,GRA,ST007,QAR,PRK.1077,Spicy Halloumi,38,722,722,19
08/01/2022,GRA,ST007,QAR,PRK.1078,Graze Breakfast (egg box),32,832,832,26
08/01/2022,GRA,ST007,QAR,PRK.1083,Chkn Soup,19,912,912,48
08/01/2022,GRA,ST007,QAR,PRK.1087,Lentil Soup,20,1100,1100,55
08/01/2022,GRA,ST007,QAR,PRK.1089,Vegetable soup,16,32,32,2
08/01/2022,GRA,ST007,QAR,PRK.1111,Penne Bolognese,50,1700,1700,34
08/01/2022,GRA,ST007,QAR,PRK.1113,Chkn Katsu Curry,45,5535,5535,123
08/01/2022,GRA,ST007,QAR,PRK.1115,Mushroom Pasta,40,3200,3200,80
08/01/2022,GRA,ST007,QAR,PRK.1118,Steak With Mushroom Sauce,45,4950,4950,110
08/01/2022,GRA,ST007,QAR,PRK.1119,Chicken Biryani,45,7425,7425,165
08/01/2022,GRA,ST007,QAR,PRK.1121,Chinese Sesame Chicken,40,5560,5560,139
08/01/2022,GRA,ST007,QAR,PRK.1127,Rock Shrimp,45,3690,3690,82
08/01/2022,GRA,ST007,QAR,PRK.1133,Lamb  Kabsa,45,4050,4050,90
08/01/2022,GRA,ST007,QAR,PRK.1140,Chicken Curry & Saffron r,43,5117,5117,119
08/01/2022,GRA,ST007,QAR,PRK.1141,CRAB BOWL,28,420,364,15
08/01/2022,GRA,ST007,QAR,PRK.1145,Yoghurt & Cucumber dip,12,192,192,16
08/01/2022,GRA,ST007,QAR,PRK.1146,Spicy Guacamole Pot,13,507,507,39
08/01/2022,GRA,ST007,QAR,PRK.1149,Edamame Pot,12,696,696,58
08/01/2022,GRA,ST007,QAR,PRK.1155,Classic hummus pot,18,162,162,9
08/01/2022,GRA,ST007,QAR,PRK.1159,Greek Tabbouleh,20,1020,1020,51
08/01/2022,GRA,ST007,QAR,PRK.1161,Labneh Beetroot,12,12,12,1
08/01/2022,GRA,ST007,QAR,PRK.1173,Choco Chia Energy Ball,30,960,960,32
08/01/2022,GRA,ST007,QAR,PRK.1175,Pecan Bars,14,378,364,27
08/01/2022,GRA,ST007,QAR,PRK.1177,Carrot Cake,15,375,375,25
08/01/2022,GRA,ST007,QAR,PRK.1178,Sweet Potatoe Choco Cake,15,285,285,19
08/01/2022,GRA,ST007,QAR,PRK.1181,Green Apple,2,30,30,15
08/01/2022,GRA,ST007,QAR,PRK.1182,Red Apple,2,30,30,15
08/01/2022,GRA,ST007,QAR,PRK.1183,Bannana,2,170,170,85
08/01/2022,GRA,ST007,QAR,PRK.1184,Watermelon,18,1278,1278,71
08/01/2022,GRA,ST007,QAR,PRK.1185,Pineapplemix,18,954,936,53
08/01/2022,GRA,ST007,QAR,PRK.1186,Mixed Berries,22,1408,1408,64
08/01/2022,GRA,ST007,QAR,PRK.1194,Lotus Cheesecake,15,555,555,37
08/01/2022,GRA,ST007,QAR,PRK.1196,Chia Blueberry Yodurt,24,552,552,23
08/01/2022,GRA,ST007,QAR,PRK.1201,Iced Flat White,18,252,234,14
08/01/2022,GRA,ST007,QAR,PRK.1203,Iced Spanish Latte,20,1620,1620,81
08/01/2022,GRA,ST007,QAR,PRK.1204,Iced Latte,18,666,666,37
08/01/2022,GRA,ST007,QAR,PRK.1205,Iced Americano,15,810,810,54
08/01/2022,GRA,ST007,QAR,PRK.1234,Pepperoni Pizza small,40,680,680,17
08/01/2022,GRA,ST007,QAR,PRK.1235,Margherita Pizza small,30,540,540,18
08/01/2022,GRA,ST007,QAR,PRK.1236,BBQ chicken Pizza small,35,560,560,16
08/01/2022,GRA,ST007,QAR,PRK.1262,Highland Still,5,1200,1200,240
08/01/2022,GRA,ST007,QAR,PRK.1265,Perrier Sparkling,9,198,198,22
08/01/2022,GRA,ST007,QAR,PRK.1291,Coke,5,245,245,49
08/01/2022,GRA,ST007,QAR,PRK.1292,Diet Coke,5,410,410,82
08/01/2022,GRA,ST007,QAR,PRK.1329,Stay Home w/ Graze L 8 X1,250,250,250,1
08/01/2022,GRA,ST007,QAR,PRK.1334,Stay Home w/Graze M12 X1,240,960,960,4
08/01/2022,GRA,ST007,QAR,PRK.1335,Cool Box,15,165,165,11
08/01/2022,GRA,ST007,QAR,PRK.1351,Espresso Single,12,300,300,25
08/01/2022,GRA,ST007,QAR,PRK.1352,Macchiato,18,18,18,1
08/01/2022,GRA,ST007,QAR,PRK.1353,Americano Hot,15,1260,1230,84
08/01/2022,GRA,ST007,QAR,PRK.1354,Flat White Hot,18,1008,1008,56
08/01/2022,GRA,ST007,QAR,PRK.1355,Cappucino,18,1692,1692,94
08/01/2022,GRA,ST007,QAR,PRK.1356,Cortado,18,540,540,30
08/01/2022,GRA,ST007,QAR,PRK.1358,Spanish Latte,20,1320,1320,66
08/01/2022,GRA,ST007,QAR,PRK.1359,Classic Mocha,25,300,300,12
08/01/2022,GRA,ST007,QAR,PRK.1362,Double Espresso,14,182,182,13
08/01/2022,GRA,ST007,QAR,PRK.1363,Latte Hot,18,1296,1296,72
08/01/2022,GRA,ST007,QAR,PRK.1364,English B/F,12,168,168,14
08/01/2022,GRA,ST007,QAR,PRK.1365,Green Tea,12,120,120,10
08/01/2022,GRA,ST007,QAR,PRK.1366,Earl Grey,12,24,24,2
08/01/2022,GRA,ST007,QAR,PRK.1368,Lemon Grass/ Ginger,12,48,48,4
08/01/2022,GRA,ST007,QAR,PRK.1369,Jasmine,12,12,12,1
08/01/2022,GRA,ST007,QAR,PRK.1372,Hot Cocoa,24,96,96,4
08/01/2022,GRA,ST007,QAR,PRK.1373,Hibiscus Iced tea,18,648,648,36
08/01/2022,GRA,ST007,QAR,PRK.1374,Peach Iced Tea,18,306,306,17
08/01/2022,GRA,ST007,QAR,PRK.1375,Matcha Latte,25,225,175,9
08/01/2022,GRA,ST007,QAR,PRK.1376,Cinnamon Latte,25,25,25,1
08/01/2022,GRA,ST007,QAR,PRK.1383,Watermelon & Coconut cool,20,140,140,7
08/01/2022,GRA,ST007,QAR,PRK.1386,Orange Juice,22,3344,3344,152
08/01/2022,GRA,ST007,QAR,PRK.1387,Carrot Juice,22,198,176,9
08/01/2022,GRA,ST007,QAR,PRK.1390,Morning Boost,24,1512,1512,63
08/01/2022,GRA,ST007,QAR,PRK.1392,Immune Boost,22,1034,1034,47
08/01/2022,GRA,ST007,QAR,PRK.1396,Ginger Aid Shot,18,1584,1584,88
08/01/2022,GRA,ST007,QAR,PRK.1402,Laban Drink,18,702,702,39
08/01/2022,GRA,ST007,QAR,PRK.1404,Green Boost Juice,24,504,504,21
08/01/2022,GRA,ST007,QAR,PRK.1406,Beetroot & Apple Juice,20,1140,1140,57
08/01/2022,GRA,ST007,QAR,PRK.1409,Turmeric wellness shot,16,528,528,33
08/01/2022,GRA,ST007,QAR,PRK.1412, Mini Cup Yogurt,14,4032,4032,288
08/01/2022,GRA,ST007,QAR,PRK.1413,Regular Cup Yogurt,21,3843,3843,183
08/01/2022,GRA,ST007,QAR,PRK.1416,Large Cup Yogurt,23,1265,1265,55
08/01/2022,GRA,ST007,QAR,PRK.1418, Mini Cup Yogurt/Topping,18,2682,2682,149
08/01/2022,GRA,ST007,QAR,PRK.1419,Reg Cup Yogurt/Toping,26,3068,3068,118
08/01/2022,GRA,ST007,QAR,PRK.1422,Large Cup Yogurt/Topping,30,810,810,27
08/01/2022,GRA,ST007,QAR,PRK.1429,Mini Mango Ice Cream,14,10724,10724,766
08/01/2022,GRA,ST007,QAR,PRK.1430,Regular Mango Ice Cream,21,7854,7854,374
08/01/2022,GRA,ST007,QAR,PRK.1431,Large Mango Ice Cream,23,3703,3703,161
08/01/2022,GRA,ST007,QAR,PRK.1432,Mini Mango Ice Cream/Topp,18,5706,5706,317
08/01/2022,GRA,ST007,QAR,PRK.1433,Reg Mango Ice cream/Topp,26,7826,7566,301
08/01/2022,GRA,ST007,QAR,PRK.1434,Large Mango Ice Cream/Top,30,1710,1710,57
08/01/2022,GRA,ST007,QAR,PRK.1435,Mini Cup Milky Ice Cream,14,1274,1274,91
08/01/2022,GRA,ST007,QAR,PRK.1436,Reg Cup Milky Ice Cream,21,1260,1260,60
08/01/2022,GRA,ST007,QAR,PRK.1437,Lrge Cup Milky Ice Cream,23,322,322,14
08/01/2022,GRA,ST007,QAR,PRK.1438,Mini Cup Milky Ice C/Top,18,486,486,27
08/01/2022,GRA,ST007,QAR,PRK.1439,Reg Cup Milky Ice Cre/Top,26,884,884,34
08/01/2022,GRA,ST007,QAR,PRK.1440,Lrge Cup Milky Ice Cr/Top,30,90,90,3
08/01/2022,GRA,ST007,QAR,PRK.1464,Fresh Pineapple,3,18,18,6
08/01/2022,GRA,ST007,QAR,PRK.1469,Kiwi Fruit,3,6,6,2
08/01/2022,GRA,ST007,QAR,PRK.1470,Lotus Biscuit,3,54,54,18
08/01/2022,GRA,ST007,QAR,PRK.1471,BEEF STROGANOFF,50,1200,1150,24
08/01/2022,GRA,ST007,QAR,PRK.1472,CHICKEN CURRY & RICE,48,2400,2400,50
08/01/2022,GRA,ST007,QAR,PRK.1473,NOODLES BOWL,45,1215,1215,27
08/01/2022,GRA,ST007,QAR,PRK.1474,Spaghetti Bolognese,45,270,270,6
08/01/2022,GRA,ST007,QAR,PRK.1475,Salmon with Cilantro Rice,65,455,455,7
08/01/2022,GRA,ST007,QAR,PRK.1476,Chicken Noodle Bowl,40,160,160,4
08/01/2022,GRA,ST007,QAR,PRK.1501,pomegranate,3,270,270,90
08/01/2022,GRA,ST007,QAR,PRK.1502,Strawberry,3,183,183,61
08/01/2022,GRA,ST007,QAR,PRK.1505,Salted Caramel,3,51,51,17
08/01/2022,GRA,ST007,QAR,PRK.1506,Pretzel,3,3,3,1
08/01/2022,GRA,ST007,QAR,PRK.1507,Crispy Crepe,3,282,282,94
08/01/2022,GRA,ST007,QAR,PRK.1508,Granola,3,141,141,47
08/01/2022,GRA,ST007,QAR,PRK.1509,Coconut Flakes,3,60,60,20
08/01/2022,GRA,ST007,QAR,PRK.1510,Crushed Graham,3,24,24,8
08/01/2022,GRA,ST007,QAR,PRK.1514,Dulce de Leche,3,21,21,7
08/01/2022,GRA,ST007,QAR,PRK.1520,Mixed Berries Sauce,3,81,81,27
08/01/2022,GRA,ST007,QAR,PRK.1521,Mango Sauce,3,63,63,21
08/01/2022,GRA,ST007,QAR,PRK.1527,Mango,3,255,255,85
08/01/2022,GRA,ST007,QAR,PRK.1531,Power Shake,35,770,770,22
08/01/2022,GRA,ST007,QAR,PRK.1532,Peanut Power Shake,35,455,455,13
08/01/2022,GRA,ST007,QAR,PRK.1533,Pre-workout protein shak,45,90,45,2
08/01/2022,GRA,ST007,QAR,PRK.1534,Choco Power Shake,35,140,140,4
08/01/2022,GRA,ST007,QAR,PRK.1536,Energizer protine Shakes,45,1125,1125,25
08/01/2022,GRA,ST007,QAR,PRK.1538,Pre-workout shake,35,35,35,1
08/01/2022,GRA,ST007,QAR,PRK.1540,Energizer shakes,35,280,280,8
08/01/2022,GRA,ST007,QAR,PRK.1542,14oz Pre-work out Protein,40,40,40,1
08/01/2022,GRA,ST007,QAR,PRK.1545,14oz Energizer protine,40,80,80,2
08/01/2022,GRA,ST007,QAR,PRK.1550,Extra Protein,10,70,70,7
08/01/2022,GRA,ST007,QAR,PRK.1561,Mini Pomegranate i/c,14,868,868,62
08/01/2022,GRA,ST007,QAR,PRK.1562,Regular Pomegranate i/c,21,378,378,18
08/01/2022,GRA,ST007,QAR,PRK.1563,Large Pomegranate i/c,23,69,69,3
08/01/2022,GRA,ST007,QAR,PRK.1564,Mini pomegranate /topping,18,270,270,15
08/01/2022,GRA,ST007,QAR,PRK.1565,Regular Pomegrante /topp,26,780,572,30
08/01/2022,GRA,ST007,QAR,PRK.1566,Large Pomegranate/topping,30,240,240,8
08/01/2022,GRA,ST007,QAR,PRK.1581,Mini coconut frz yog I/C,14,1008,1008,72
08/01/2022,GRA,ST007,QAR,PRK.1582,Regular coconut frz yog I,21,504,504,24
08/01/2022,GRA,ST007,QAR,PRK.1583,Large coconut frz yog I/C,23,598,598,26
08/01/2022,GRA,ST007,QAR,PRK.1584,Mini coconut frz yog  Top,18,468,468,26
08/01/2022,GRA,ST007,QAR,PRK.1585,Reg- coconut frz yog Top,26,468,468,18
08/01/2022,GRA,ST007,QAR,PRK.1586,Large coconut frz yog  To,30,150,150,5
08/01/2022,GRA,ST007,QAR,PRK.1587,Supersize,45,900,900,20
08/01/2022,GRA,ST007,QAR,PRK.1621,Orange loaf,12,600,600,50
08/01/2022,GRA,ST007,QAR,PRK.1623,Brownie flavour cookies,10,1000,1000,100
08/01/2022,GRA,ST007,QAR,PRK.1626,Cinnamon Roll,13,403,403,31
08/01/2022,GRA,ST007,QAR,PRK.1627,Custard Raisin Roll,14,252,238,18
08/01/2022,GRA,ST007,QAR,PRK.1628,Brownie bites,13,338,338,26
08/01/2022,GRA,ST007,QAR,PRK.1632,Turkey cheese roll,19,646,589,34
08/01/2022,GRA,ST007,QAR,PRK.1633,Spinach feta roll,18,630,594,35
08/01/2022,GRA,ST007,QAR,PRK.1651,■PB & Jam sourdough bread,18,756,756,42
08/01/2022,GRA,ST007,QAR,PRK.1681,Salted Caramel Mocha,24,408,408,17
08/01/2022,GRA,ST007,QAR,PRK.1682,■Matcha Frappe,26,1352,1326,52
08/01/2022,GRA,ST007,QAR,PRK.1711,Pomegranate Pot,18,450,450,25
08/01/2022,GRA,ST007,QAR,PRK.1712,Mango Peach Muesli Pot,24,168,168,7
08/01/2022,GRA,ST007,QAR,PRK.1713,Overnight oats PB&Jam,25,550,550,22
08/01/2022,GRA,ST007,QAR,PRK.1741,Spicy Tuna sandwich,26,1196,1196,46
08/01/2022,GRA,ST007,QAR,PRK.1742,Three cheese,22,968,968,44
08/01/2022,GRA,ST007,QAR,PRK.1743,Falafel and Labna,25,1000,1000,40
08/01/2022,GRA,ST007,QAR,PRK.1746,GRAZE CLUB SANDWICH,42,1260,1260,30
08/01/2022,GRA,ST007,QAR,PRK.1747,BEEF BURGER,35,595,560,17
08/01/2022,GRA,ST007,QAR,PRK.1748,Chicken Shawarma,18,288,288,16
08/01/2022,GRA,ST007,QAR,PRK.1749,Tenderloin Beef Shawarma,22,132,132,6
08/01/2022,GRA,ST007,QAR,PRK.1771,Pistachio Arabeshi,5,1850,1850,370
08/01/2022,GRA,ST007,QAR,PRK.1772,Fresh Raspberry,5,725,725,145
08/01/2022,GRA,ST007,QAR,PRK.1773,Fresh blueberry,5,745,745,149
08/01/2022,GRA,ST007,QAR,PRK.1774,Chocolate Flakes,5,455,455,91
08/01/2022,GRA,ST007,QAR,PRK.1775,Honey Comb,5,75,75,15
08/01/2022,GRA,ST007,QAR,PRK.4502,Low Fat Milk,0,0,0,2
08/01/2022,GRA,ST007,QAR,PRK.4503,Almond Milk,2,72,72,36
08/01/2022,GRA,ST007,QAR,PRK.4504,Soya Milk,2,16,16,8
08/01/2022,GRA,ST007,QAR,PRK.4505,Less Sweet,0,0,0,2
08/01/2022,GRA,ST007,QAR,PRK.4516,Decaf,0,0,0,2
08/01/2022,GRA,ST007,QAR,PRK.4519,caramel flavor,0,0,0,1
08/01/2022,GRA,ST007,QAR,PRK.4520,hazelnut flavor,0,0,0,1
08/01/2022,GRA,ST007,QAR,PRK.4531,w/ Granola,0,0,0,164
08/01/2022,GRA,ST007,QAR,PRK.4533,w/ Pretzel,0,0,0,44
08/01/2022,GRA,ST007,QAR,PRK.4534,w/ Coconut Flakes,0,0,0,66
08/01/2022,GRA,ST007,QAR,PRK.4535,w/ Crispy Crepe,0,0,0,199
08/01/2022,GRA,ST007,QAR,PRK.4537,w/ Mixed Berries Sauce,0,0,0,144
08/01/2022,GRA,ST007,QAR,PRK.4541,w/ Strawberry,0,0,0,654
08/01/2022,GRA,ST007,QAR,PRK.4543,w/ Salted Caramel,0,0,0,31
08/01/2022,GRA,ST007,QAR,PRK.4544,w/ Pomegranate,0,0,0,515
08/01/2022,GRA,ST007,QAR,PRK.4545,w/ Dulce de leche,0,0,0,108
08/01/2022,GRA,ST007,QAR,PRK.4549,w/ Mango Sauce,0,0,0,197
08/01/2022,GRA,ST007,QAR,PRK.4550,w/ Mango,0,0,0,815
08/01/2022,GRA,ST007,QAR,PRK.4551,w/ Peanut Butter Sauce,0,0,0,23
08/01/2022,GRA,ST007,QAR,PRK.4552,w/ Crushed Grahams,0,0,0,37
08/01/2022,GRA,ST007,QAR,PRK.4556,w/ Fresh Pineapple,0,0,0,81
08/01/2022,GRA,ST007,QAR,PRK.4557,w/ Kiwi Fruit,0,0,0,69
08/01/2022,GRA,ST007,QAR,PRK.4558,w/ Lotus Biscuit,0,0,0,45
08/01/2022,GRA,ST007,QAR,PRK.4561,MIXED FROZEN YOGURT,0,0,0,168
08/01/2022,GRA,ST007,QAR,PRK.4562,MIXED MANGO YOGURT,0,0,0,72
08/01/2022,GRA,ST007,QAR,PRK.4564,MIXED MILKY ICE CREAM,0,0,0,8
