DATE,BRANCHCODE,WAREHOUSECODE,CURRENCY,ERPCODE,ITEMNAME,RAWPRICE,GROSSAMT,NETVALUE,QTYSOLD
06/01/2022,GRA,ST007,QAR,PRK.902,Granola,55,1430,1430,26
06/01/2022,GRA,ST007,QAR,PRK.903,Graze Spicy  Mix,55,110,110,2
06/01/2022,GRA,ST007,QAR,PRK.907,Zaatar Chips,6,282,282,47
06/01/2022,GRA,ST007,QAR,PRK.909,Spicy Pesto Chips,6,348,348,58
06/01/2022,GRA,ST007,QAR,PRK.910,Graze Spicy Mix Sml,25,300,300,12
06/01/2022,GRA,ST007,QAR,PRK.911,Graze House Mix Sml,25,700,700,28
06/01/2022,GRA,ST007,QAR,PRK.962,Extra flavor,3,57,57,19
06/01/2022,GRA,ST007,QAR,PRK.963,Crispy bread,2,2,2,1
06/01/2022,GRA,ST007,QAR,PRK.994,Crsnt w Egg/Avaca/ SunTom,24,1944,1944,81
06/01/2022,GRA,ST007,QAR,PRK.995,Egg Burrito,20,760,760,38
06/01/2022,GRA,ST007,QAR,PRK.996,Blueberry Granola parfait,25,1850,1850,74
06/01/2022,GRA,ST007,QAR,PRK.997,Yog Dates Chia Pista Alm,22,1474,1474,67
06/01/2022,GRA,ST007,QAR,PRK.1003,Cheese Croissant,16,320,320,20
06/01/2022,GRA,ST007,QAR,PRK.1007,Zatar Croissant,16,368,368,23
06/01/2022,GRA,ST007,QAR,PRK.1008,Chocolate Croissant,16,256,256,16
06/01/2022,GRA,ST007,QAR,PRK.1010,Tomato Puff Pastry,16,624,624,39
06/01/2022,GRA,ST007,QAR,PRK.1012,Three Berry Yogurt & Date,25,1100,1100,44
06/01/2022,GRA,ST007,QAR,PRK.1015,Kiri Cheese Danish,14,798,798,57
06/01/2022,GRA,ST007,QAR,PRK.1016,Plain Croissant,10,250,250,25
06/01/2022,GRA,ST007,QAR,PRK.1020,Almond Croissant,16,192,192,12
06/01/2022,GRA,ST007,QAR,PRK.1021,Shirazi Salad,12,360,360,30
06/01/2022,GRA,ST007,QAR,PRK.1023,Falafel Salad,35,1085,1085,31
06/01/2022,GRA,ST007,QAR,PRK.1024,Quinoa Swt potato Salad,40,1400,1320,35
06/01/2022,GRA,ST007,QAR,PRK.1027,Mex Chkn Chilli Bean Sld,40,2800,2800,70
06/01/2022,GRA,ST007,QAR,PRK.1029,Burrata Salad,50,2000,1950,40
06/01/2022,GRA,ST007,QAR,PRK.1031,Teriyaki GRAZE Salmn,55,5115,5115,93
06/01/2022,GRA,ST007,QAR,PRK.1034,BBQ Chick Peas,38,722,684,19
06/01/2022,GRA,ST007,QAR,PRK.1039,Keto Chicken Salad,40,2000,2000,50
06/01/2022,GRA,ST007,QAR,PRK.1044,Southern Chicken Salad,45,1800,1755,40
06/01/2022,GRA,ST007,QAR,PRK.1048,Mexican  Caesar Salad chk,39,5421,5421,139
06/01/2022,GRA,ST007,QAR,PRK.1049,ROCCA SALAD,22,880,858,40
06/01/2022,GRA,ST007,QAR,PRK.1052,Smoke Turkey Sandwich,34,3434,3434,101
06/01/2022,GRA,ST007,QAR,PRK.1054,lemon&Rosemary Chkn,36,3708,3708,103
06/01/2022,GRA,ST007,QAR,PRK.1057,Steak & Philly Chz SW,32,1440,1440,45
06/01/2022,GRA,ST007,QAR,PRK.1063,Egg Mayo with Rocket,20,800,800,40
06/01/2022,GRA,ST007,QAR,PRK.1068,Crispy Chicken Bun,24,816,816,34
06/01/2022,GRA,ST007,QAR,PRK.1069,Spicy Courgette Falafel W,24,72,72,3
06/01/2022,GRA,ST007,QAR,PRK.1070,Chicken Pesto & Mozzarell,32,2976,2976,93
06/01/2022,GRA,ST007,QAR,PRK.1075,Avocado Toast,40,1040,1040,26
06/01/2022,GRA,ST007,QAR,PRK.1077,Spicy Halloumi,38,1026,1026,27
06/01/2022,GRA,ST007,QAR,PRK.1078,Graze Breakfast (egg box),32,928,928,29
06/01/2022,GRA,ST007,QAR,PRK.1083,Chkn Soup,19,1083,1083,57
06/01/2022,GRA,ST007,QAR,PRK.1086,Lamb Soup,28,112,112,4
06/01/2022,GRA,ST007,QAR,PRK.1087,Lentil Soup,20,1200,1200,60
06/01/2022,GRA,ST007,QAR,PRK.1111,Penne Bolognese,50,2400,2400,48
06/01/2022,GRA,ST007,QAR,PRK.1113,Chkn Katsu Curry,45,4725,4725,105
06/01/2022,GRA,ST007,QAR,PRK.1115,Mushroom Pasta,40,2320,2320,58
06/01/2022,GRA,ST007,QAR,PRK.1118,Steak With Mushroom Sauce,45,3960,3960,88
06/01/2022,GRA,ST007,QAR,PRK.1119,Chicken Biryani,45,5670,5670,126
06/01/2022,GRA,ST007,QAR,PRK.1121,Chinese Sesame Chicken,40,5280,5280,132
06/01/2022,GRA,ST007,QAR,PRK.1127,Rock Shrimp,45,4320,4320,96
06/01/2022,GRA,ST007,QAR,PRK.1133,Lamb  Kabsa,45,3240,3240,72
06/01/2022,GRA,ST007,QAR,PRK.1140,Chicken Curry & Saffron r,43,3139,3139,73
06/01/2022,GRA,ST007,QAR,PRK.1141,CRAB BOWL,28,532,532,19
06/01/2022,GRA,ST007,QAR,PRK.1145,Yoghurt & Cucumber dip,12,312,312,26
06/01/2022,GRA,ST007,QAR,PRK.1146,Spicy Guacamole Pot,13,637,637,49
06/01/2022,GRA,ST007,QAR,PRK.1149,Edamame Pot,12,900,900,75
06/01/2022,GRA,ST007,QAR,PRK.1155,Classic hummus pot,18,18,18,1
06/01/2022,GRA,ST007,QAR,PRK.1159,Greek Tabbouleh,20,880,860,44
06/01/2022,GRA,ST007,QAR,PRK.1160,Egg pot,16,144,144,9
06/01/2022,GRA,ST007,QAR,PRK.1173,Choco Chia Energy Ball,30,870,870,29
06/01/2022,GRA,ST007,QAR,PRK.1175,Pecan Bars,14,602,602,43
06/01/2022,GRA,ST007,QAR,PRK.1177,Carrot Cake,15,495,495,33
06/01/2022,GRA,ST007,QAR,PRK.1178,Sweet Potatoe Choco Cake,15,480,465,32
06/01/2022,GRA,ST007,QAR,PRK.1181,Green Apple,2,28,28,14
06/01/2022,GRA,ST007,QAR,PRK.1182,Red Apple,2,60,60,30
06/01/2022,GRA,ST007,QAR,PRK.1183,Bannana,2,230,230,115
06/01/2022,GRA,ST007,QAR,PRK.1184,Watermelon,18,1404,1404,78
06/01/2022,GRA,ST007,QAR,PRK.1185,Pineapplemix,18,972,954,54
06/01/2022,GRA,ST007,QAR,PRK.1186,Mixed Berries,22,1386,1386,63
06/01/2022,GRA,ST007,QAR,PRK.1194,Lotus Cheesecake,15,435,435,29
06/01/2022,GRA,ST007,QAR,PRK.1196,Chia Blueberry Yodurt,24,648,648,27
06/01/2022,GRA,ST007,QAR,PRK.1201,Iced Flat White,18,378,378,21
06/01/2022,GRA,ST007,QAR,PRK.1203,Iced Spanish Latte,20,2160,2140,108
06/01/2022,GRA,ST007,QAR,PRK.1204,Iced Latte,18,738,738,41
06/01/2022,GRA,ST007,QAR,PRK.1205,Iced Americano,15,840,840,56
06/01/2022,GRA,ST007,QAR,PRK.1234,Pepperoni Pizza small,40,480,480,12
06/01/2022,GRA,ST007,QAR,PRK.1235,Margherita Pizza small,30,570,570,19
06/01/2022,GRA,ST007,QAR,PRK.1236,BBQ chicken Pizza small,35,665,630,19
06/01/2022,GRA,ST007,QAR,PRK.1262,Highland Still,5,1255,1235,251
06/01/2022,GRA,ST007,QAR,PRK.1265,Perrier Sparkling,9,405,405,45
06/01/2022,GRA,ST007,QAR,PRK.1291,Coke,5,305,305,61
06/01/2022,GRA,ST007,QAR,PRK.1292,Diet Coke,5,435,425,87
06/01/2022,GRA,ST007,QAR,PRK.1321,Mini Cup /Pina Colada,14,2366,2366,169
06/01/2022,GRA,ST007,QAR,PRK.1322,Regular Cup / Pina Colada,21,2100,2100,100
06/01/2022,GRA,ST007,QAR,PRK.1323,Large cup /Pina Colada,23,506,506,22
06/01/2022,GRA,ST007,QAR,PRK.1324,Mini Pina Colada/Topping,18,1134,1098,63
06/01/2022,GRA,ST007,QAR,PRK.1325,Regular Pina Colada/Toppi,26,1248,1196,48
06/01/2022,GRA,ST007,QAR,PRK.1326,Large Pina Colada/Topping,30,480,480,16
06/01/2022,GRA,ST007,QAR,PRK.1327,Stay Home w/ Graze L 4X1,140,140,140,1
06/01/2022,GRA,ST007,QAR,PRK.1330,Stay Home w/ Graze R 4X1,130,130,130,1
06/01/2022,GRA,ST007,QAR,PRK.1333,Stay Home w/Graze M 6 X1,130,130,130,1
06/01/2022,GRA,ST007,QAR,PRK.1334,Stay Home w/Graze M12 X1,240,1440,1440,6
06/01/2022,GRA,ST007,QAR,PRK.1335,Cool Box,15,180,180,12
06/01/2022,GRA,ST007,QAR,PRK.1351,Espresso Single,12,132,132,11
06/01/2022,GRA,ST007,QAR,PRK.1352,Macchiato,18,36,36,2
06/01/2022,GRA,ST007,QAR,PRK.1353,Americano Hot,15,1020,1020,68
06/01/2022,GRA,ST007,QAR,PRK.1354,Flat White Hot,18,936,936,52
06/01/2022,GRA,ST007,QAR,PRK.1355,Cappucino,18,1440,1440,80
06/01/2022,GRA,ST007,QAR,PRK.1356,Cortado,18,360,360,20
06/01/2022,GRA,ST007,QAR,PRK.1358,Spanish Latte,20,1360,1360,68
06/01/2022,GRA,ST007,QAR,PRK.1359,Classic Mocha,25,175,175,7
06/01/2022,GRA,ST007,QAR,PRK.1360,Slated Caramel Mocha,25,500,500,20
06/01/2022,GRA,ST007,QAR,PRK.1362,Double Espresso,14,266,266,19
06/01/2022,GRA,ST007,QAR,PRK.1363,Latte Hot,18,1458,1422,81
06/01/2022,GRA,ST007,QAR,PRK.1364,English B/F,12,72,72,6
06/01/2022,GRA,ST007,QAR,PRK.1365,Green Tea,12,144,144,12
06/01/2022,GRA,ST007,QAR,PRK.1366,Earl Grey,12,84,84,7
06/01/2022,GRA,ST007,QAR,PRK.1368,Lemon Grass/ Ginger,12,96,96,8
06/01/2022,GRA,ST007,QAR,PRK.1369,Jasmine,12,48,48,4
06/01/2022,GRA,ST007,QAR,PRK.1372,Hot Cocoa,24,168,168,7
06/01/2022,GRA,ST007,QAR,PRK.1373,Hibiscus Iced tea,18,684,684,38
06/01/2022,GRA,ST007,QAR,PRK.1374,Peach Iced Tea,18,414,414,23
06/01/2022,GRA,ST007,QAR,PRK.1375,Matcha Latte,25,125,125,5
06/01/2022,GRA,ST007,QAR,PRK.1376,Cinnamon Latte,25,125,125,5
06/01/2022,GRA,ST007,QAR,PRK.1383,Watermelon & Coconut cool,20,460,460,23
06/01/2022,GRA,ST007,QAR,PRK.1386,Orange Juice,22,2816,2816,128
06/01/2022,GRA,ST007,QAR,PRK.1387,Carrot Juice,22,462,462,21
06/01/2022,GRA,ST007,QAR,PRK.1390,Morning Boost,24,1344,1344,56
06/01/2022,GRA,ST007,QAR,PRK.1392,Immune Boost,22,1276,1276,58
06/01/2022,GRA,ST007,QAR,PRK.1396,Ginger Aid Shot,18,2178,2178,121
06/01/2022,GRA,ST007,QAR,PRK.1402,Laban Drink,18,576,576,32
06/01/2022,GRA,ST007,QAR,PRK.1404,Green Boost Juice,24,600,600,25
06/01/2022,GRA,ST007,QAR,PRK.1406,Beetroot & Apple Juice,20,1160,1160,58
06/01/2022,GRA,ST007,QAR,PRK.1407,Coconut & Pineapple Juice,24,96,96,4
06/01/2022,GRA,ST007,QAR,PRK.1409,Turmeric wellness shot,16,688,688,43
06/01/2022,GRA,ST007,QAR,PRK.1412, Mini Cup Yogurt,14,4494,4480,321
06/01/2022,GRA,ST007,QAR,PRK.1413,Regular Cup Yogurt,21,4746,4746,226
06/01/2022,GRA,ST007,QAR,PRK.1416,Large Cup Yogurt,23,2162,2162,94
06/01/2022,GRA,ST007,QAR,PRK.1418, Mini Cup Yogurt/Topping,18,2790,2790,155
06/01/2022,GRA,ST007,QAR,PRK.1419,Reg Cup Yogurt/Toping,26,2470,2470,95
06/01/2022,GRA,ST007,QAR,PRK.1422,Large Cup Yogurt/Topping,30,960,960,32
06/01/2022,GRA,ST007,QAR,PRK.1429,Mini Mango Ice Cream,14,12250,12250,875
06/01/2022,GRA,ST007,QAR,PRK.1430,Regular Mango Ice Cream,21,12432,12432,592
06/01/2022,GRA,ST007,QAR,PRK.1431,Large Mango Ice Cream,23,5451,5451,237
06/01/2022,GRA,ST007,QAR,PRK.1432,Mini Mango Ice Cream/Topp,18,5238,5238,291
06/01/2022,GRA,ST007,QAR,PRK.1433,Reg Mango Ice cream/Topp,26,4654,4628,179
06/01/2022,GRA,ST007,QAR,PRK.1434,Large Mango Ice Cream/Top,30,2100,2100,70
06/01/2022,GRA,ST007,QAR,PRK.1435,Mini Cup Milky Ice Cream,14,2030,2030,145
06/01/2022,GRA,ST007,QAR,PRK.1436,Reg Cup Milky Ice Cream,21,1407,1407,67
06/01/2022,GRA,ST007,QAR,PRK.1437,Lrge Cup Milky Ice Cream,23,345,345,15
06/01/2022,GRA,ST007,QAR,PRK.1438,Mini Cup Milky Ice C/Top,18,972,972,54
06/01/2022,GRA,ST007,QAR,PRK.1439,Reg Cup Milky Ice Cre/Top,26,520,520,20
06/01/2022,GRA,ST007,QAR,PRK.1440,Lrge Cup Milky Ice Cr/Top,30,120,120,4
06/01/2022,GRA,ST007,QAR,PRK.1464,Fresh Pineapple,3,54,54,18
06/01/2022,GRA,ST007,QAR,PRK.1469,Kiwi Fruit,3,21,21,7
06/01/2022,GRA,ST007,QAR,PRK.1470,Lotus Biscuit,3,39,39,13
06/01/2022,GRA,ST007,QAR,PRK.1471,BEEF STROGANOFF,50,1150,1150,23
06/01/2022,GRA,ST007,QAR,PRK.1472,CHICKEN CURRY & RICE,48,2496,2496,52
06/01/2022,GRA,ST007,QAR,PRK.1473,NOODLES BOWL,45,1710,1710,38
06/01/2022,GRA,ST007,QAR,PRK.1501,pomegranate,3,225,225,75
06/01/2022,GRA,ST007,QAR,PRK.1502,Strawberry,3,573,573,191
06/01/2022,GRA,ST007,QAR,PRK.1505,Salted Caramel,3,51,51,17
06/01/2022,GRA,ST007,QAR,PRK.1506,Pretzel,3,3,3,1
06/01/2022,GRA,ST007,QAR,PRK.1507,Crispy Crepe,3,189,189,63
06/01/2022,GRA,ST007,QAR,PRK.1508,Granola,3,123,123,41
06/01/2022,GRA,ST007,QAR,PRK.1509,Coconut Flakes,3,81,81,27
06/01/2022,GRA,ST007,QAR,PRK.1510,Crushed Graham,3,51,51,17
06/01/2022,GRA,ST007,QAR,PRK.1514,Dulce de Leche,3,45,45,15
06/01/2022,GRA,ST007,QAR,PRK.1520,Mixed Berries Sauce,3,72,72,24
06/01/2022,GRA,ST007,QAR,PRK.1521,Mango Sauce,3,108,108,36
06/01/2022,GRA,ST007,QAR,PRK.1527,Mango,3,564,564,188
06/01/2022,GRA,ST007,QAR,PRK.1531,Power Shake,35,315,315,9
06/01/2022,GRA,ST007,QAR,PRK.1532,Peanut Power Shake,35,455,455,13
06/01/2022,GRA,ST007,QAR,PRK.1533,Pre-workout protein shak,45,45,45,1
06/01/2022,GRA,ST007,QAR,PRK.1536,Energizer protine Shakes,45,1665,1665,37
06/01/2022,GRA,ST007,QAR,PRK.1538,Pre-workout shake,35,35,35,1
06/01/2022,GRA,ST007,QAR,PRK.1540,Energizer shakes,35,560,560,16
06/01/2022,GRA,ST007,QAR,PRK.1542,14oz Pre-work out Protein,40,40,40,1
06/01/2022,GRA,ST007,QAR,PRK.1545,14oz Energizer protine,40,80,80,2
06/01/2022,GRA,ST007,QAR,PRK.1550,Extra Protein,10,60,60,6
06/01/2022,GRA,ST007,QAR,PRK.1587,Supersize,45,1890,1890,42
06/01/2022,GRA,ST007,QAR,PRK.1621,Orange loaf,12,432,420,36
06/01/2022,GRA,ST007,QAR,PRK.1623,Brownie flavour cookies,10,1140,1140,114
06/01/2022,GRA,ST007,QAR,PRK.1626,Cinnamon Roll,13,403,403,31
06/01/2022,GRA,ST007,QAR,PRK.1627,Custard Raisin Roll,14,196,182,14
06/01/2022,GRA,ST007,QAR,PRK.1628,Brownie bites,13,494,494,38
06/01/2022,GRA,ST007,QAR,PRK.1632,Turkey cheese roll,19,342,342,18
06/01/2022,GRA,ST007,QAR,PRK.1633,Spinach feta roll,18,360,360,20
06/01/2022,GRA,ST007,QAR,PRK.1651,■PB & Jam sourdough bread,18,756,756,42
06/01/2022,GRA,ST007,QAR,PRK.1652,■Italian Poached Eggs,32,64,32,2
06/01/2022,GRA,ST007,QAR,PRK.1681,Salted Caramel Mocha,24,360,360,15
06/01/2022,GRA,ST007,QAR,PRK.1682,■Matcha Frappe,26,442,442,17
06/01/2022,GRA,ST007,QAR,PRK.1711,Pomegranate Pot,18,504,504,28
06/01/2022,GRA,ST007,QAR,PRK.1712,Mango Peach Muesli Pot,24,240,240,10
06/01/2022,GRA,ST007,QAR,PRK.1713,Overnight oats PB&Jam,25,650,650,26
06/01/2022,GRA,ST007,QAR,PRK.1741,Spicy Tuna sandwich,26,1196,1196,46
06/01/2022,GRA,ST007,QAR,PRK.1742,Three cheese,22,1232,1232,56
06/01/2022,GRA,ST007,QAR,PRK.1743,Falafel and Labna,25,675,675,27
06/01/2022,GRA,ST007,QAR,PRK.1745,Graze Sandwich Box,42,1218,1218,29
06/01/2022,GRA,ST007,QAR,PRK.1746,GRAZE CLUB SANDWICH,35,945,945,27
06/01/2022,GRA,ST007,QAR,PRK.1771,Pistachio Arabeshi,5,2025,2015,405
06/01/2022,GRA,ST007,QAR,PRK.1772,Fresh Raspberry,5,1335,1335,267
06/01/2022,GRA,ST007,QAR,PRK.1773,Fresh blueberry,5,610,610,122
06/01/2022,GRA,ST007,QAR,PRK.1774,Chocolate Flakes,5,940,940,188
06/01/2022,GRA,ST007,QAR,PRK.1775,Honey Comb,5,130,130,26
06/01/2022,GRA,ST007,QAR,PRK.4501,Full Fat Milk,0,0,0,13
06/01/2022,GRA,ST007,QAR,PRK.4502,Low Fat Milk,0,0,0,27
06/01/2022,GRA,ST007,QAR,PRK.4503,Almond Milk,2,72,72,36
06/01/2022,GRA,ST007,QAR,PRK.4504,Soya Milk,2,12,12,6
06/01/2022,GRA,ST007,QAR,PRK.4507,Half Shot,0,0,0,2
06/01/2022,GRA,ST007,QAR,PRK.4509,Double Shot,0,0,0,1
06/01/2022,GRA,ST007,QAR,PRK.4514,Less Ice,0,0,0,1
06/01/2022,GRA,ST007,QAR,PRK.4516,Decaf,0,0,0,6
06/01/2022,GRA,ST007,QAR,PRK.4517,Vanilla Flavor,0,0,0,1
06/01/2022,GRA,ST007,QAR,PRK.4531,w/ Granola,0,0,0,180
06/01/2022,GRA,ST007,QAR,PRK.4533,w/ Pretzel,0,0,0,98
06/01/2022,GRA,ST007,QAR,PRK.4534,w/ Coconut Flakes,0,0,0,98
06/01/2022,GRA,ST007,QAR,PRK.4535,w/ Crispy Crepe,0,0,0,182
06/01/2022,GRA,ST007,QAR,PRK.4537,w/ Mixed Berries Sauce,0,0,0,171
06/01/2022,GRA,ST007,QAR,PRK.4541,w/ Strawberry,0,0,0,536
06/01/2022,GRA,ST007,QAR,PRK.4543,w/ Salted Caramel,0,0,0,73
06/01/2022,GRA,ST007,QAR,PRK.4544,w/ Pomegranate,0,0,0,305
06/01/2022,GRA,ST007,QAR,PRK.4545,w/ Dulce de leche,0,0,0,101
06/01/2022,GRA,ST007,QAR,PRK.4549,w/ Mango Sauce,0,0,0,386
06/01/2022,GRA,ST007,QAR,PRK.4550,w/ Mango,0,0,0,686
06/01/2022,GRA,ST007,QAR,PRK.4552,w/ Crushed Grahams,0,0,0,34
06/01/2022,GRA,ST007,QAR,PRK.4556,w/ Fresh Pineapple,0,0,0,51
06/01/2022,GRA,ST007,QAR,PRK.4557,w/ Kiwi Fruit,0,0,0,50
06/01/2022,GRA,ST007,QAR,PRK.4558,w/ Lotus Biscuit,0,0,0,48
06/01/2022,GRA,ST007,QAR,PRK.4561,MIXED FROZEN YOGURT,0,0,0,152
06/01/2022,GRA,ST007,QAR,PRK.4562,MIXED MANGO YOGURT,0,0,0,159
06/01/2022,GRA,ST007,QAR,PRK.4564,MIXED MILKY ICE CREAM,0,0,0,11
