DATE,BRANCHCODE,WAREHOUSECODE,CURRENCY,ERPCODE,ITEMNAME,RAWPRICE,GROSSAMT,NETVALUE,QTYSOLD
12/01/2022,GRA,ST007,QAR,PRK.902,Granola,55,550,550,10
12/01/2022,GRA,ST007,QAR,PRK.903,Graze Spicy  Mix,55,220,220,4
12/01/2022,GRA,ST007,QAR,PRK.904,Graze House Mix,55,55,55,1
12/01/2022,GRA,ST007,QAR,PRK.907,Zaatar Chips,6,162,162,27
12/01/2022,GRA,ST007,QAR,PRK.909,Spicy Pesto Chips,6,114,114,19
12/01/2022,GRA,ST007,QAR,PRK.910,Graze Spicy Mix Sml,25,300,300,12
12/01/2022,GRA,ST007,QAR,PRK.911,Graze House Mix Sml,25,275,275,11
12/01/2022,GRA,ST007,QAR,PRK.962,Extra flavor,3,51,51,17
12/01/2022,GRA,ST007,QAR,PRK.994,Crsnt w Egg/Avaca/ SunTom,24,1248,1248,52
12/01/2022,GRA,ST007,QAR,PRK.995,Egg Burrito,20,740,740,37
12/01/2022,GRA,ST007,QAR,PRK.996,Blueberry Granola parfait,25,1175,1175,47
12/01/2022,GRA,ST007,QAR,PRK.997,Yog Dates Chia Pista Alm,22,726,726,33
12/01/2022,GRA,ST007,QAR,PRK.1003,Cheese Croissant,16,256,256,16
12/01/2022,GRA,ST007,QAR,PRK.1007,Zatar Croissant,16,352,352,22
12/01/2022,GRA,ST007,QAR,PRK.1008,Chocolate Croissant,16,224,224,14
12/01/2022,GRA,ST007,QAR,PRK.1010,Tomato Puff Pastry,16,656,656,41
12/01/2022,GRA,ST007,QAR,PRK.1012,Three Berry Yogurt & Date,25,500,500,20
12/01/2022,GRA,ST007,QAR,PRK.1014,Tomato Caprese,18,18,18,1
12/01/2022,GRA,ST007,QAR,PRK.1015,Kiri Cheese Danish,14,658,658,47
12/01/2022,GRA,ST007,QAR,PRK.1016,Plain Croissant,10,400,400,40
12/01/2022,GRA,ST007,QAR,PRK.1020,Almond Croissant,16,256,256,16
12/01/2022,GRA,ST007,QAR,PRK.1021,Shirazi Salad,12,480,480,40
12/01/2022,GRA,ST007,QAR,PRK.1023,Falafel Salad,45,1485,1485,33
12/01/2022,GRA,ST007,QAR,PRK.1024,Quinoa Swt potato Salad,40,680,680,17
12/01/2022,GRA,ST007,QAR,PRK.1027,Mex Chkn Chilli Bean Sld,40,2280,2280,57
12/01/2022,GRA,ST007,QAR,PRK.1029,Burrata Salad,50,850,850,17
12/01/2022,GRA,ST007,QAR,PRK.1031,Teriyaki GRAZE Salmn,55,4400,4400,80
12/01/2022,GRA,ST007,QAR,PRK.1039,Keto Chicken Salad,40,800,800,20
12/01/2022,GRA,ST007,QAR,PRK.1046,Greek Salad,30,870,870,29
12/01/2022,GRA,ST007,QAR,PRK.1048,Mexican  Caesar Salad chk,39,2886,2886,74
12/01/2022,GRA,ST007,QAR,PRK.1049,ROCCA SALAD,22,858,858,39
12/01/2022,GRA,ST007,QAR,PRK.1052,Smoke Turkey Sandwich,34,2346,2346,69
12/01/2022,GRA,ST007,QAR,PRK.1054,lemon&Rosemary Chkn,36,2664,2664,74
12/01/2022,GRA,ST007,QAR,PRK.1057,Steak & Philly Chz SW,32,1472,1472,46
12/01/2022,GRA,ST007,QAR,PRK.1063,Egg Mayo with Rocket,20,760,760,38
12/01/2022,GRA,ST007,QAR,PRK.1068,Crispy Chicken Bun,24,864,864,36
12/01/2022,GRA,ST007,QAR,PRK.1070,Chicken Pesto & Mozzarell,32,1952,1952,61
12/01/2022,GRA,ST007,QAR,PRK.1075,Avocado Toast,40,840,840,21
12/01/2022,GRA,ST007,QAR,PRK.1077,Spicy Halloumi,38,342,342,9
12/01/2022,GRA,ST007,QAR,PRK.1078,Graze Breakfast (egg box),32,800,800,25
12/01/2022,GRA,ST007,QAR,PRK.1083,Chkn Soup,19,950,950,50
12/01/2022,GRA,ST007,QAR,PRK.1087,Lentil Soup,20,1240,1240,62
12/01/2022,GRA,ST007,QAR,PRK.1089,Vegetable soup,16,512,512,32
12/01/2022,GRA,ST007,QAR,PRK.1113,Chkn Katsu Curry,45,4860,4860,108
12/01/2022,GRA,ST007,QAR,PRK.1115,Mushroom Pasta,40,2600,2600,65
12/01/2022,GRA,ST007,QAR,PRK.1118,Steak With Mushroom Sauce,45,3150,3150,70
12/01/2022,GRA,ST007,QAR,PRK.1119,Chicken Biryani,45,6345,6345,141
12/01/2022,GRA,ST007,QAR,PRK.1121,Chinese Sesame Chicken,40,4360,4360,109
12/01/2022,GRA,ST007,QAR,PRK.1127,Rock Shrimp,45,2205,2205,49
12/01/2022,GRA,ST007,QAR,PRK.1133,Lamb  Kabsa,45,2655,2655,59
12/01/2022,GRA,ST007,QAR,PRK.1140,Chicken Curry & Saffron r,43,3182,3182,74
12/01/2022,GRA,ST007,QAR,PRK.1141,CRAB BOWL,28,280,280,10
12/01/2022,GRA,ST007,QAR,PRK.1144,Hummus Pot,12,12,12,1
12/01/2022,GRA,ST007,QAR,PRK.1145,Yoghurt & Cucumber dip,12,156,156,13
12/01/2022,GRA,ST007,QAR,PRK.1146,Spicy Guacamole Pot,13,234,234,18
12/01/2022,GRA,ST007,QAR,PRK.1149,Edamame Pot,12,480,480,40
12/01/2022,GRA,ST007,QAR,PRK.1159,Greek Tabbouleh,20,680,680,34
12/01/2022,GRA,ST007,QAR,PRK.1161,Labneh Beetroot,12,108,108,9
12/01/2022,GRA,ST007,QAR,PRK.1173,Choco Chia Energy Ball,30,570,570,19
12/01/2022,GRA,ST007,QAR,PRK.1175,Pecan Bars,14,476,476,34
12/01/2022,GRA,ST007,QAR,PRK.1177,Carrot Cake,15,450,450,30
12/01/2022,GRA,ST007,QAR,PRK.1181,Green Apple,2,16,16,8
12/01/2022,GRA,ST007,QAR,PRK.1182,Red Apple,2,16,16,8
12/01/2022,GRA,ST007,QAR,PRK.1183,Bannana,2,190,190,95
12/01/2022,GRA,ST007,QAR,PRK.1184,Watermelon,18,702,702,39
12/01/2022,GRA,ST007,QAR,PRK.1185,Pineapplemix,18,360,360,20
12/01/2022,GRA,ST007,QAR,PRK.1186,Mixed Berries,22,1188,1188,54
12/01/2022,GRA,ST007,QAR,PRK.1194,Lotus Cheesecake,15,435,435,29
12/01/2022,GRA,ST007,QAR,PRK.1196,Chia Blueberry Yodurt,24,312,312,13
12/01/2022,GRA,ST007,QAR,PRK.1201,Iced Flat White,18,90,90,5
12/01/2022,GRA,ST007,QAR,PRK.1203,Iced Spanish Latte,20,800,800,40
12/01/2022,GRA,ST007,QAR,PRK.1204,Iced Latte,18,450,450,25
12/01/2022,GRA,ST007,QAR,PRK.1205,Iced Americano,15,645,645,43
12/01/2022,GRA,ST007,QAR,PRK.1234,Pepperoni Pizza small,40,480,480,12
12/01/2022,GRA,ST007,QAR,PRK.1235,Margherita Pizza small,30,480,480,16
12/01/2022,GRA,ST007,QAR,PRK.1236,BBQ chicken Pizza small,35,525,525,15
12/01/2022,GRA,ST007,QAR,PRK.1262,Highland Still,5,785,785,157
12/01/2022,GRA,ST007,QAR,PRK.1265,Perrier Sparkling,9,468,468,52
12/01/2022,GRA,ST007,QAR,PRK.1291,Coke,5,140,140,28
12/01/2022,GRA,ST007,QAR,PRK.1292,Diet Coke,5,320,320,64
12/01/2022,GRA,ST007,QAR,PRK.1334,Stay Home w/Graze M12 X1,240,240,240,1
12/01/2022,GRA,ST007,QAR,PRK.1335,Cool Box,15,15,15,1
12/01/2022,GRA,ST007,QAR,PRK.1351,Espresso Single,12,480,480,40
12/01/2022,GRA,ST007,QAR,PRK.1352,Macchiato,18,162,162,9
12/01/2022,GRA,ST007,QAR,PRK.1353,Americano Hot,15,1605,1605,107
12/01/2022,GRA,ST007,QAR,PRK.1354,Flat White Hot,18,1386,1386,77
12/01/2022,GRA,ST007,QAR,PRK.1355,Cappucino,18,1620,1620,90
12/01/2022,GRA,ST007,QAR,PRK.1356,Cortado,18,882,882,49
12/01/2022,GRA,ST007,QAR,PRK.1358,Spanish Latte,20,1760,1760,88
12/01/2022,GRA,ST007,QAR,PRK.1359,Classic Mocha,25,425,425,17
12/01/2022,GRA,ST007,QAR,PRK.1360,Slated Caramel Mocha,25,325,325,13
12/01/2022,GRA,ST007,QAR,PRK.1362,Double Espresso,14,476,476,34
12/01/2022,GRA,ST007,QAR,PRK.1363,Latte Hot,18,1908,1908,106
12/01/2022,GRA,ST007,QAR,PRK.1364,English B/F,12,168,168,14
12/01/2022,GRA,ST007,QAR,PRK.1365,Green Tea,12,84,84,7
12/01/2022,GRA,ST007,QAR,PRK.1368,Lemon Grass/ Ginger,12,108,108,9
12/01/2022,GRA,ST007,QAR,PRK.1369,Jasmine,12,36,36,3
12/01/2022,GRA,ST007,QAR,PRK.1372,Hot Cocoa,24,672,672,28
12/01/2022,GRA,ST007,QAR,PRK.1373,Hibiscus Iced tea,18,288,288,16
12/01/2022,GRA,ST007,QAR,PRK.1374,Peach Iced Tea,18,216,216,12
12/01/2022,GRA,ST007,QAR,PRK.1375,Matcha Latte,25,100,100,4
12/01/2022,GRA,ST007,QAR,PRK.1386,Orange Juice,22,2750,2750,125
12/01/2022,GRA,ST007,QAR,PRK.1387,Carrot Juice,22,132,132,6
12/01/2022,GRA,ST007,QAR,PRK.1390,Morning Boost,24,768,768,32
12/01/2022,GRA,ST007,QAR,PRK.1392,Immune Boost,22,814,814,37
12/01/2022,GRA,ST007,QAR,PRK.1396,Ginger Aid Shot,18,2070,2070,115
12/01/2022,GRA,ST007,QAR,PRK.1402,Laban Drink,18,594,594,33
12/01/2022,GRA,ST007,QAR,PRK.1404,Green Boost Juice,24,480,480,20
12/01/2022,GRA,ST007,QAR,PRK.1406,Beetroot & Apple Juice,20,720,720,36
12/01/2022,GRA,ST007,QAR,PRK.1409,Turmeric wellness shot,16,1120,1120,70
12/01/2022,GRA,ST007,QAR,PRK.1412, Mini Cup Yogurt,14,2646,2646,189
12/01/2022,GRA,ST007,QAR,PRK.1413,Regular Cup Yogurt,21,2247,2247,107
12/01/2022,GRA,ST007,QAR,PRK.1416,Large Cup Yogurt,23,690,690,30
12/01/2022,GRA,ST007,QAR,PRK.1418, Mini Cup Yogurt/Topping,18,1818,1818,101
12/01/2022,GRA,ST007,QAR,PRK.1419,Reg Cup Yogurt/Toping,26,2158,2158,83
12/01/2022,GRA,ST007,QAR,PRK.1422,Large Cup Yogurt/Topping,30,270,270,9
12/01/2022,GRA,ST007,QAR,PRK.1429,Mini Mango Ice Cream,14,4578,4578,327
12/01/2022,GRA,ST007,QAR,PRK.1430,Regular Mango Ice Cream,21,3654,3654,174
12/01/2022,GRA,ST007,QAR,PRK.1431,Large Mango Ice Cream,23,2576,2576,112
12/01/2022,GRA,ST007,QAR,PRK.1432,Mini Mango Ice Cream/Topp,18,3366,3366,187
12/01/2022,GRA,ST007,QAR,PRK.1433,Reg Mango Ice cream/Topp,26,3744,3744,144
12/01/2022,GRA,ST007,QAR,PRK.1434,Large Mango Ice Cream/Top,30,840,840,28
12/01/2022,GRA,ST007,QAR,PRK.1464,Fresh Pineapple,3,18,18,6
12/01/2022,GRA,ST007,QAR,PRK.1469,Kiwi Fruit,3,6,6,2
12/01/2022,GRA,ST007,QAR,PRK.1470,Lotus Biscuit,3,48,48,16
12/01/2022,GRA,ST007,QAR,PRK.1472,CHICKEN CURRY & RICE,48,1488,1488,31
12/01/2022,GRA,ST007,QAR,PRK.1474,Spaghetti Bolognese,45,1890,1890,42
12/01/2022,GRA,ST007,QAR,PRK.1475,Salmon with Cilantro Rice,65,2340,2340,36
12/01/2022,GRA,ST007,QAR,PRK.1476,Chicken Noodle Bowl,40,1000,1000,25
12/01/2022,GRA,ST007,QAR,PRK.1501,pomegranate,3,90,90,30
12/01/2022,GRA,ST007,QAR,PRK.1502,Strawberry,3,234,234,78
12/01/2022,GRA,ST007,QAR,PRK.1505,Salted Caramel,3,12,12,4
12/01/2022,GRA,ST007,QAR,PRK.1507,Crispy Crepe,3,102,102,34
12/01/2022,GRA,ST007,QAR,PRK.1508,Granola,3,105,105,35
12/01/2022,GRA,ST007,QAR,PRK.1509,Coconut Flakes,3,75,75,25
12/01/2022,GRA,ST007,QAR,PRK.1510,Crushed Graham,3,18,18,6
12/01/2022,GRA,ST007,QAR,PRK.1514,Dulce de Leche,3,15,15,5
12/01/2022,GRA,ST007,QAR,PRK.1520,Mixed Berries Sauce,3,33,33,11
12/01/2022,GRA,ST007,QAR,PRK.1521,Mango Sauce,3,57,57,19
12/01/2022,GRA,ST007,QAR,PRK.1523,Peanut Butter Sauce,3,42,42,14
12/01/2022,GRA,ST007,QAR,PRK.1527,Mango,3,216,216,72
12/01/2022,GRA,ST007,QAR,PRK.1531,Power Shake,35,455,455,13
12/01/2022,GRA,ST007,QAR,PRK.1532,Peanut Power Shake,35,175,175,5
12/01/2022,GRA,ST007,QAR,PRK.1536,Energizer protine Shakes,45,630,630,14
12/01/2022,GRA,ST007,QAR,PRK.1540,Energizer shakes,35,245,245,7
12/01/2022,GRA,ST007,QAR,PRK.1545,14oz Energizer protine,40,40,40,1
12/01/2022,GRA,ST007,QAR,PRK.1550,Extra Protein,10,70,70,7
12/01/2022,GRA,ST007,QAR,PRK.1581,Mini coconut frz yog I/C,14,336,336,24
12/01/2022,GRA,ST007,QAR,PRK.1582,Regular coconut frz yog I,21,147,147,7
12/01/2022,GRA,ST007,QAR,PRK.1583,Large coconut frz yog I/C,23,23,23,1
12/01/2022,GRA,ST007,QAR,PRK.1584,Mini coconut frz yog  Top,18,126,126,7
12/01/2022,GRA,ST007,QAR,PRK.1585,Reg- coconut frz yog Top,26,234,234,9
12/01/2022,GRA,ST007,QAR,PRK.1586,Large coconut frz yog  To,30,270,270,9
12/01/2022,GRA,ST007,QAR,PRK.1587,Supersize,45,990,990,22
12/01/2022,GRA,ST007,QAR,PRK.1588,Acai Small,35,4375,4375,125
12/01/2022,GRA,ST007,QAR,PRK.1589,Acai Large,40,2680,2680,67
12/01/2022,GRA,ST007,QAR,PRK.1590,Peanut Choco Ice Cream,30,1350,1320,45
12/01/2022,GRA,ST007,QAR,PRK.1621,Orange loaf,12,444,444,37
12/01/2022,GRA,ST007,QAR,PRK.1623,Brownie flavour cookies,10,600,600,60
12/01/2022,GRA,ST007,QAR,PRK.1626,Cinnamon Roll,13,299,299,23
12/01/2022,GRA,ST007,QAR,PRK.1628,Brownie bites,13,585,585,45
12/01/2022,GRA,ST007,QAR,PRK.1632,Turkey cheese roll,19,589,589,31
12/01/2022,GRA,ST007,QAR,PRK.1633,Spinach feta roll,18,288,288,16
12/01/2022,GRA,ST007,QAR,PRK.1634,Madeleine,12,624,624,52
12/01/2022,GRA,ST007,QAR,PRK.1635,Poppy Lemon seeds,12,264,252,22
12/01/2022,GRA,ST007,QAR,PRK.1651,■PB & Jam sourdough bread,18,630,630,35
12/01/2022,GRA,ST007,QAR,PRK.1681,Salted Caramel Mocha,24,384,384,16
12/01/2022,GRA,ST007,QAR,PRK.1682,■Matcha Frappe,26,364,364,14
12/01/2022,GRA,ST007,QAR,PRK.1711,Pomegranate Pot,18,270,270,15
12/01/2022,GRA,ST007,QAR,PRK.1712,Mango Peach Muesli Pot,24,336,336,14
12/01/2022,GRA,ST007,QAR,PRK.1713,Overnight oats PB&Jam,25,675,675,27
12/01/2022,GRA,ST007,QAR,PRK.1741,Spicy Tuna sandwich,26,1716,1716,66
12/01/2022,GRA,ST007,QAR,PRK.1742,Three cheese,22,660,660,30
12/01/2022,GRA,ST007,QAR,PRK.1743,Falafel and Labna,25,250,250,10
12/01/2022,GRA,ST007,QAR,PRK.1747,BEEF BURGER,35,280,280,8
12/01/2022,GRA,ST007,QAR,PRK.1748,Chicken Shawarma,18,1206,1206,67
12/01/2022,GRA,ST007,QAR,PRK.1749,Tenderloin Beef Shawarma,22,836,836,38
12/01/2022,GRA,ST007,QAR,PRK.1771,Pistachio Arabeshi,5,800,800,160
12/01/2022,GRA,ST007,QAR,PRK.1772,Fresh Raspberry,5,700,700,140
12/01/2022,GRA,ST007,QAR,PRK.1773,Fresh blueberry,5,445,445,89
12/01/2022,GRA,ST007,QAR,PRK.1774,Chocolate Flakes,5,310,310,62
12/01/2022,GRA,ST007,QAR,PRK.1775,Honey Comb,5,120,120,24
12/01/2022,GRA,ST007,QAR,PRK.1776,Milk Powder,3,18,18,6
12/01/2022,GRA,ST007,QAR,PRK.4502,Low Fat Milk,0,0,0,1
12/01/2022,GRA,ST007,QAR,PRK.4503,Almond Milk,2,96,96,48
12/01/2022,GRA,ST007,QAR,PRK.4504,Soya Milk,2,32,32,16
12/01/2022,GRA,ST007,QAR,PRK.4507,Half Shot,0,0,0,1
12/01/2022,GRA,ST007,QAR,PRK.4516,Decaf,0,0,0,4
12/01/2022,GRA,ST007,QAR,PRK.4517,Vanilla Flavor,0,0,0,11
12/01/2022,GRA,ST007,QAR,PRK.4519,caramel flavor,0,0,0,4
12/01/2022,GRA,ST007,QAR,PRK.4521,Oat Milk,2,12,12,6
12/01/2022,GRA,ST007,QAR,PRK.4523,Coconut Milk,2,8,8,4
12/01/2022,GRA,ST007,QAR,PRK.4531,w/ Granola,0,0,0,39
12/01/2022,GRA,ST007,QAR,PRK.4533,w/ Pretzel,0,0,0,9
12/01/2022,GRA,ST007,QAR,PRK.4534,w/ Coconut Flakes,0,0,0,43
12/01/2022,GRA,ST007,QAR,PRK.4535,w/ Crispy Crepe,0,0,0,36
12/01/2022,GRA,ST007,QAR,PRK.4537,w/ Mixed Berries Sauce,0,0,0,17
12/01/2022,GRA,ST007,QAR,PRK.4541,w/ Strawberry,0,0,0,253
12/01/2022,GRA,ST007,QAR,PRK.4543,w/ Salted Caramel,0,0,0,16
12/01/2022,GRA,ST007,QAR,PRK.4544,w/ Pomegranate,0,0,0,179
12/01/2022,GRA,ST007,QAR,PRK.4545,w/ Dulce de leche,0,0,0,14
12/01/2022,GRA,ST007,QAR,PRK.4549,w/ Mango Sauce,0,0,0,20
12/01/2022,GRA,ST007,QAR,PRK.4550,w/ Mango,0,0,0,270
12/01/2022,GRA,ST007,QAR,PRK.4551,w/ Peanut Butter Sauce,0,0,0,1
12/01/2022,GRA,ST007,QAR,PRK.4552,w/ Crushed Grahams,0,0,0,7
12/01/2022,GRA,ST007,QAR,PRK.4556,w/ Fresh Pineapple,0,0,0,17
12/01/2022,GRA,ST007,QAR,PRK.4557,w/ Kiwi Fruit,0,0,0,7
12/01/2022,GRA,ST007,QAR,PRK.4558,w/ Lotus Biscuit,0,0,0,14
12/01/2022,GRA,ST007,QAR,PRK.4561,MIXED FROZEN YOGURT,0,0,0,60
12/01/2022,GRA,ST007,QAR,PRK.4562,MIXED MANGO YOGURT,0,0,0,43
