DATE,BRANCHCODE,WAREHOUSECODE,CURRENCY,ERPCODE,ITEMNAME,RAWPRICE,GROSSAMT,NETVALUE,QTYSOLD
07/01/2022,GRA,ST007,QAR,PRK.902,Granola,55,1265,1265,23
07/01/2022,GRA,ST007,QAR,PRK.903,Graze Spicy  Mix,55,55,55,1
07/01/2022,GRA,ST007,QAR,PRK.904,Graze House Mix,55,55,55,1
07/01/2022,GRA,ST007,QAR,PRK.907,Zaatar Chips,6,138,138,23
07/01/2022,GRA,ST007,QAR,PRK.909,Spicy Pesto Chips,6,174,174,29
07/01/2022,GRA,ST007,QAR,PRK.910,Graze Spicy Mix Sml,25,350,350,14
07/01/2022,GRA,ST007,QAR,PRK.911,Graze House Mix Sml,25,400,400,16
07/01/2022,GRA,ST007,QAR,PRK.961,Extra cheese,5,5,5,1
07/01/2022,GRA,ST007,QAR,PRK.962,Extra flavor,3,27,27,9
07/01/2022,GRA,ST007,QAR,PRK.963,Crispy bread,2,2,2,1
07/01/2022,GRA,ST007,QAR,PRK.994,Crsnt w Egg/Avaca/ SunTom,24,1560,1560,65
07/01/2022,GRA,ST007,QAR,PRK.995,Egg Burrito,20,960,960,48
07/01/2022,GRA,ST007,QAR,PRK.996,Blueberry Granola parfait,25,1300,1300,52
07/01/2022,GRA,ST007,QAR,PRK.997,Yog Dates Chia Pista Alm,22,880,880,40
07/01/2022,GRA,ST007,QAR,PRK.1003,Cheese Croissant,16,448,448,28
07/01/2022,GRA,ST007,QAR,PRK.1007,Zatar Croissant,16,288,288,18
07/01/2022,GRA,ST007,QAR,PRK.1008,Chocolate Croissant,16,208,208,13
07/01/2022,GRA,ST007,QAR,PRK.1010,Tomato Puff Pastry,16,608,608,38
07/01/2022,GRA,ST007,QAR,PRK.1012,Three Berry Yogurt & Date,25,375,375,15
07/01/2022,GRA,ST007,QAR,PRK.1015,Kiri Cheese Danish,14,714,714,51
07/01/2022,GRA,ST007,QAR,PRK.1016,Plain Croissant,10,220,220,22
07/01/2022,GRA,ST007,QAR,PRK.1020,Almond Croissant,16,128,128,8
07/01/2022,GRA,ST007,QAR,PRK.1021,Shirazi Salad,12,276,276,23
07/01/2022,GRA,ST007,QAR,PRK.1023,Falafel Salad,35,630,630,18
07/01/2022,GRA,ST007,QAR,PRK.1024,Quinoa Swt potato Salad,40,800,800,20
07/01/2022,GRA,ST007,QAR,PRK.1027,Mex Chkn Chilli Bean Sld,40,1880,1880,47
07/01/2022,GRA,ST007,QAR,PRK.1029,Burrata Salad,50,950,950,19
07/01/2022,GRA,ST007,QAR,PRK.1031,Teriyaki GRAZE Salmn,55,4510,4510,82
07/01/2022,GRA,ST007,QAR,PRK.1034,BBQ Chick Peas,38,1026,1026,27
07/01/2022,GRA,ST007,QAR,PRK.1039,Keto Chicken Salad,40,1120,1120,28
07/01/2022,GRA,ST007,QAR,PRK.1044,Southern Chicken Salad,45,1080,1080,24
07/01/2022,GRA,ST007,QAR,PRK.1048,Mexican  Caesar Salad chk,39,4095,4095,105
07/01/2022,GRA,ST007,QAR,PRK.1049,ROCCA SALAD,22,638,638,29
07/01/2022,GRA,ST007,QAR,PRK.1052,Smoke Turkey Sandwich,34,2040,2040,60
07/01/2022,GRA,ST007,QAR,PRK.1054,lemon&Rosemary Chkn,36,2628,2628,73
07/01/2022,GRA,ST007,QAR,PRK.1057,Steak & Philly Chz SW,32,1280,1280,40
07/01/2022,GRA,ST007,QAR,PRK.1063,Egg Mayo with Rocket,20,480,480,24
07/01/2022,GRA,ST007,QAR,PRK.1068,Crispy Chicken Bun,24,672,672,28
07/01/2022,GRA,ST007,QAR,PRK.1070,Chicken Pesto & Mozzarell,32,1984,1984,62
07/01/2022,GRA,ST007,QAR,PRK.1075,Avocado Toast,40,400,400,10
07/01/2022,GRA,ST007,QAR,PRK.1077,Spicy Halloumi,38,380,380,10
07/01/2022,GRA,ST007,QAR,PRK.1078,Graze Breakfast (egg box),32,256,256,8
07/01/2022,GRA,ST007,QAR,PRK.1083,Chkn Soup,19,703,703,37
07/01/2022,GRA,ST007,QAR,PRK.1086,Lamb Soup,28,168,168,6
07/01/2022,GRA,ST007,QAR,PRK.1087,Lentil Soup,20,740,740,37
07/01/2022,GRA,ST007,QAR,PRK.1111,Penne Bolognese,50,1100,1100,22
07/01/2022,GRA,ST007,QAR,PRK.1113,Chkn Katsu Curry,45,4500,4500,100
07/01/2022,GRA,ST007,QAR,PRK.1115,Mushroom Pasta,40,1840,1840,46
07/01/2022,GRA,ST007,QAR,PRK.1118,Steak With Mushroom Sauce,45,3195,3195,71
07/01/2022,GRA,ST007,QAR,PRK.1119,Chicken Biryani,45,5220,5220,116
07/01/2022,GRA,ST007,QAR,PRK.1121,Chinese Sesame Chicken,40,4160,4160,104
07/01/2022,GRA,ST007,QAR,PRK.1127,Rock Shrimp,45,2925,2925,65
07/01/2022,GRA,ST007,QAR,PRK.1133,Lamb  Kabsa,45,2925,2925,65
07/01/2022,GRA,ST007,QAR,PRK.1140,Chicken Curry & Saffron r,43,2924,2924,68
07/01/2022,GRA,ST007,QAR,PRK.1141,CRAB BOWL,28,196,196,7
07/01/2022,GRA,ST007,QAR,PRK.1145,Yoghurt & Cucumber dip,12,156,156,13
07/01/2022,GRA,ST007,QAR,PRK.1146,Spicy Guacamole Pot,13,390,390,30
07/01/2022,GRA,ST007,QAR,PRK.1149,Edamame Pot,12,684,684,57
07/01/2022,GRA,ST007,QAR,PRK.1159,Greek Tabbouleh,20,580,580,29
07/01/2022,GRA,ST007,QAR,PRK.1160,Egg pot,16,16,16,1
07/01/2022,GRA,ST007,QAR,PRK.1173,Choco Chia Energy Ball,30,360,360,12
07/01/2022,GRA,ST007,QAR,PRK.1175,Pecan Bars,14,434,434,31
07/01/2022,GRA,ST007,QAR,PRK.1177,Carrot Cake,15,495,495,33
07/01/2022,GRA,ST007,QAR,PRK.1178,Sweet Potatoe Choco Cake,15,330,330,22
07/01/2022,GRA,ST007,QAR,PRK.1180,Tropical Fruits,18,18,18,1
07/01/2022,GRA,ST007,QAR,PRK.1181,Green Apple,2,46,46,23
07/01/2022,GRA,ST007,QAR,PRK.1182,Red Apple,2,50,50,25
07/01/2022,GRA,ST007,QAR,PRK.1183,Bannana,2,202,202,101
07/01/2022,GRA,ST007,QAR,PRK.1184,Watermelon,18,1044,1044,58
07/01/2022,GRA,ST007,QAR,PRK.1185,Pineapplemix,18,774,774,43
07/01/2022,GRA,ST007,QAR,PRK.1186,Mixed Berries,22,1034,1034,47
07/01/2022,GRA,ST007,QAR,PRK.1194,Lotus Cheesecake,15,390,390,26
07/01/2022,GRA,ST007,QAR,PRK.1196,Chia Blueberry Yodurt,24,264,264,11
07/01/2022,GRA,ST007,QAR,PRK.1201,Iced Flat White,18,234,234,13
07/01/2022,GRA,ST007,QAR,PRK.1203,Iced Spanish Latte,20,1620,1620,81
07/01/2022,GRA,ST007,QAR,PRK.1204,Iced Latte,18,720,720,40
07/01/2022,GRA,ST007,QAR,PRK.1205,Iced Americano,15,720,720,48
07/01/2022,GRA,ST007,QAR,PRK.1234,Pepperoni Pizza small,40,320,320,8
07/01/2022,GRA,ST007,QAR,PRK.1235,Margherita Pizza small,30,450,450,15
07/01/2022,GRA,ST007,QAR,PRK.1236,BBQ chicken Pizza small,35,490,490,14
07/01/2022,GRA,ST007,QAR,PRK.1262,Highland Still,5,1455,1455,291
07/01/2022,GRA,ST007,QAR,PRK.1265,Perrier Sparkling,9,198,198,22
07/01/2022,GRA,ST007,QAR,PRK.1291,Coke,5,170,170,34
07/01/2022,GRA,ST007,QAR,PRK.1292,Diet Coke,5,435,435,87
07/01/2022,GRA,ST007,QAR,PRK.1325,Regular Pina Colada/Toppi,26,52,52,2
07/01/2022,GRA,ST007,QAR,PRK.1330,Stay Home w/ Graze R 4X1,130,130,130,1
07/01/2022,GRA,ST007,QAR,PRK.1332,Stay Home w/ Graze R 8 X1,240,240,240,1
07/01/2022,GRA,ST007,QAR,PRK.1333,Stay Home w/Graze M 6 X1,130,260,260,2
07/01/2022,GRA,ST007,QAR,PRK.1334,Stay Home w/Graze M12 X1,240,480,480,2
07/01/2022,GRA,ST007,QAR,PRK.1335,Cool Box,15,150,150,10
07/01/2022,GRA,ST007,QAR,PRK.1351,Espresso Single,12,228,228,19
07/01/2022,GRA,ST007,QAR,PRK.1352,Macchiato,18,36,36,2
07/01/2022,GRA,ST007,QAR,PRK.1353,Americano Hot,15,1365,1365,91
07/01/2022,GRA,ST007,QAR,PRK.1354,Flat White Hot,18,864,864,48
07/01/2022,GRA,ST007,QAR,PRK.1355,Cappucino,18,1062,1062,59
07/01/2022,GRA,ST007,QAR,PRK.1356,Cortado,18,486,486,27
07/01/2022,GRA,ST007,QAR,PRK.1358,Spanish Latte,20,1400,1400,70
07/01/2022,GRA,ST007,QAR,PRK.1359,Classic Mocha,25,450,450,18
07/01/2022,GRA,ST007,QAR,PRK.1361,Extra Shot,0,0,0,1
07/01/2022,GRA,ST007,QAR,PRK.1362,Double Espresso,14,252,252,18
07/01/2022,GRA,ST007,QAR,PRK.1363,Latte Hot,18,1584,1584,88
07/01/2022,GRA,ST007,QAR,PRK.1364,English B/F,12,132,132,11
07/01/2022,GRA,ST007,QAR,PRK.1365,Green Tea,12,96,96,8
07/01/2022,GRA,ST007,QAR,PRK.1366,Earl Grey,12,12,12,1
07/01/2022,GRA,ST007,QAR,PRK.1368,Lemon Grass/ Ginger,12,24,24,2
07/01/2022,GRA,ST007,QAR,PRK.1369,Jasmine,12,132,132,11
07/01/2022,GRA,ST007,QAR,PRK.1372,Hot Cocoa,24,168,168,7
07/01/2022,GRA,ST007,QAR,PRK.1373,Hibiscus Iced tea,18,504,504,28
07/01/2022,GRA,ST007,QAR,PRK.1374,Peach Iced Tea,18,306,306,17
07/01/2022,GRA,ST007,QAR,PRK.1375,Matcha Latte,25,75,75,3
07/01/2022,GRA,ST007,QAR,PRK.1376,Cinnamon Latte,25,25,25,1
07/01/2022,GRA,ST007,QAR,PRK.1383,Watermelon & Coconut cool,20,140,140,7
07/01/2022,GRA,ST007,QAR,PRK.1386,Orange Juice,22,2354,2354,107
07/01/2022,GRA,ST007,QAR,PRK.1387,Carrot Juice,22,154,154,7
07/01/2022,GRA,ST007,QAR,PRK.1390,Morning Boost,24,1200,1200,50
07/01/2022,GRA,ST007,QAR,PRK.1392,Immune Boost,22,1122,1122,51
07/01/2022,GRA,ST007,QAR,PRK.1396,Ginger Aid Shot,18,1368,1368,76
07/01/2022,GRA,ST007,QAR,PRK.1402,Laban Drink,18,504,504,28
07/01/2022,GRA,ST007,QAR,PRK.1404,Green Boost Juice,24,192,192,8
07/01/2022,GRA,ST007,QAR,PRK.1406,Beetroot & Apple Juice,20,920,920,46
07/01/2022,GRA,ST007,QAR,PRK.1409,Turmeric wellness shot,16,704,704,44
07/01/2022,GRA,ST007,QAR,PRK.1412, Mini Cup Yogurt,14,3290,3290,235
07/01/2022,GRA,ST007,QAR,PRK.1413,Regular Cup Yogurt,21,2982,2982,142
07/01/2022,GRA,ST007,QAR,PRK.1416,Large Cup Yogurt,23,1311,1311,57
07/01/2022,GRA,ST007,QAR,PRK.1418, Mini Cup Yogurt/Topping,18,1908,1908,106
07/01/2022,GRA,ST007,QAR,PRK.1419,Reg Cup Yogurt/Toping,26,2652,2652,102
07/01/2022,GRA,ST007,QAR,PRK.1422,Large Cup Yogurt/Topping,30,1050,1050,35
07/01/2022,GRA,ST007,QAR,PRK.1429,Mini Mango Ice Cream,14,9590,9590,685
07/01/2022,GRA,ST007,QAR,PRK.1430,Regular Mango Ice Cream,21,9723,9723,463
07/01/2022,GRA,ST007,QAR,PRK.1431,Large Mango Ice Cream,23,4025,4025,175
07/01/2022,GRA,ST007,QAR,PRK.1432,Mini Mango Ice Cream/Topp,18,4518,4518,251
07/01/2022,GRA,ST007,QAR,PRK.1433,Reg Mango Ice cream/Topp,26,6214,6214,239
07/01/2022,GRA,ST007,QAR,PRK.1434,Large Mango Ice Cream/Top,30,2280,2280,76
07/01/2022,GRA,ST007,QAR,PRK.1435,Mini Cup Milky Ice Cream,14,1232,1232,88
07/01/2022,GRA,ST007,QAR,PRK.1436,Reg Cup Milky Ice Cream,21,903,903,43
07/01/2022,GRA,ST007,QAR,PRK.1437,Lrge Cup Milky Ice Cream,23,345,345,15
07/01/2022,GRA,ST007,QAR,PRK.1438,Mini Cup Milky Ice C/Top,18,810,810,45
07/01/2022,GRA,ST007,QAR,PRK.1439,Reg Cup Milky Ice Cre/Top,26,962,962,37
07/01/2022,GRA,ST007,QAR,PRK.1440,Lrge Cup Milky Ice Cr/Top,30,360,360,12
07/01/2022,GRA,ST007,QAR,PRK.1464,Fresh Pineapple,3,42,42,14
07/01/2022,GRA,ST007,QAR,PRK.1469,Kiwi Fruit,3,3,3,1
07/01/2022,GRA,ST007,QAR,PRK.1470,Lotus Biscuit,3,24,24,8
07/01/2022,GRA,ST007,QAR,PRK.1471,BEEF STROGANOFF,50,500,500,10
07/01/2022,GRA,ST007,QAR,PRK.1472,CHICKEN CURRY & RICE,48,2688,2688,56
07/01/2022,GRA,ST007,QAR,PRK.1473,NOODLES BOWL,45,945,945,21
07/01/2022,GRA,ST007,QAR,PRK.1501,pomegranate,3,156,156,52
07/01/2022,GRA,ST007,QAR,PRK.1502,Strawberry,3,297,297,99
07/01/2022,GRA,ST007,QAR,PRK.1505,Salted Caramel,3,45,45,15
07/01/2022,GRA,ST007,QAR,PRK.1506,Pretzel,3,18,18,6
07/01/2022,GRA,ST007,QAR,PRK.1507,Crispy Crepe,3,183,183,61
07/01/2022,GRA,ST007,QAR,PRK.1508,Granola,3,123,123,41
07/01/2022,GRA,ST007,QAR,PRK.1509,Coconut Flakes,3,99,99,33
07/01/2022,GRA,ST007,QAR,PRK.1510,Crushed Graham,3,36,36,12
07/01/2022,GRA,ST007,QAR,PRK.1514,Dulce de Leche,3,42,42,14
07/01/2022,GRA,ST007,QAR,PRK.1520,Mixed Berries Sauce,3,36,36,12
07/01/2022,GRA,ST007,QAR,PRK.1521,Mango Sauce,3,78,78,26
07/01/2022,GRA,ST007,QAR,PRK.1527,Mango,3,450,450,150
07/01/2022,GRA,ST007,QAR,PRK.1531,Power Shake,35,210,210,6
07/01/2022,GRA,ST007,QAR,PRK.1532,Peanut Power Shake,35,280,280,8
07/01/2022,GRA,ST007,QAR,PRK.1534,Choco Power Shake,35,70,70,2
07/01/2022,GRA,ST007,QAR,PRK.1536,Energizer protine Shakes,45,495,495,11
07/01/2022,GRA,ST007,QAR,PRK.1538,Pre-workout shake,35,35,35,1
07/01/2022,GRA,ST007,QAR,PRK.1540,Energizer shakes,35,595,595,17
07/01/2022,GRA,ST007,QAR,PRK.1545,14oz Energizer protine,40,120,120,3
07/01/2022,GRA,ST007,QAR,PRK.1548,14oz Energizer shakes,30,30,30,1
07/01/2022,GRA,ST007,QAR,PRK.1550,Extra Protein,10,50,50,5
07/01/2022,GRA,ST007,QAR,PRK.1561,Mini Pomegranate i/c,14,2198,2198,157
07/01/2022,GRA,ST007,QAR,PRK.1562,Regular Pomegranate i/c,21,1470,1470,70
07/01/2022,GRA,ST007,QAR,PRK.1563,Large Pomegranate i/c,23,368,368,16
07/01/2022,GRA,ST007,QAR,PRK.1564,Mini pomegranate /topping,18,1188,1188,66
07/01/2022,GRA,ST007,QAR,PRK.1565,Regular Pomegrante /topp,26,1872,1872,72
07/01/2022,GRA,ST007,QAR,PRK.1566,Large Pomegranate/topping,30,300,300,10
07/01/2022,GRA,ST007,QAR,PRK.1587,Supersize,45,1485,1485,33
07/01/2022,GRA,ST007,QAR,PRK.1621,Orange loaf,12,768,768,64
07/01/2022,GRA,ST007,QAR,PRK.1623,Brownie flavour cookies,10,650,650,65
07/01/2022,GRA,ST007,QAR,PRK.1626,Cinnamon Roll,13,273,273,21
07/01/2022,GRA,ST007,QAR,PRK.1627,Custard Raisin Roll,14,168,168,12
07/01/2022,GRA,ST007,QAR,PRK.1628,Brownie bites,13,299,299,23
07/01/2022,GRA,ST007,QAR,PRK.1632,Turkey cheese roll,19,380,380,20
07/01/2022,GRA,ST007,QAR,PRK.1633,Spinach feta roll,18,306,306,17
07/01/2022,GRA,ST007,QAR,PRK.1651,■PB & Jam sourdough bread,18,522,522,29
07/01/2022,GRA,ST007,QAR,PRK.1656,Eid breakfast,350,1750,1750,5
07/01/2022,GRA,ST007,QAR,PRK.1681,Salted Caramel Mocha,24,408,408,17
07/01/2022,GRA,ST007,QAR,PRK.1682,■Matcha Frappe,26,520,520,20
07/01/2022,GRA,ST007,QAR,PRK.1711,Pomegranate Pot,18,270,270,15
07/01/2022,GRA,ST007,QAR,PRK.1713,Overnight oats PB&Jam,25,300,300,12
07/01/2022,GRA,ST007,QAR,PRK.1741,Spicy Tuna sandwich,26,780,780,30
07/01/2022,GRA,ST007,QAR,PRK.1742,Three cheese,22,748,748,34
07/01/2022,GRA,ST007,QAR,PRK.1743,Falafel and Labna,25,600,600,24
07/01/2022,GRA,ST007,QAR,PRK.1745,Graze Sandwich Box,200,200,200,1
07/01/2022,GRA,ST007,QAR,PRK.1746,GRAZE CLUB SANDWICH,42,672,672,16
07/01/2022,GRA,ST007,QAR,PRK.1747,BEEF BURGER,35,350,350,10
07/01/2022,GRA,ST007,QAR,PRK.1771,Pistachio Arabeshi,5,2090,2090,418
07/01/2022,GRA,ST007,QAR,PRK.1772,Fresh Raspberry,5,675,675,135
07/01/2022,GRA,ST007,QAR,PRK.1773,Fresh blueberry,5,695,695,139
07/01/2022,GRA,ST007,QAR,PRK.1774,Chocolate Flakes,5,845,845,169
07/01/2022,GRA,ST007,QAR,PRK.1775,Honey Comb,5,100,100,20
07/01/2022,GRA,ST007,QAR,PRK.4501,Full Fat Milk,0,0,0,19
07/01/2022,GRA,ST007,QAR,PRK.4502,Low Fat Milk,0,0,0,44
07/01/2022,GRA,ST007,QAR,PRK.4503,Almond Milk,2,72,72,36
07/01/2022,GRA,ST007,QAR,PRK.4504,Soya Milk,2,10,10,5
07/01/2022,GRA,ST007,QAR,PRK.4505,Less Sweet,0,0,0,1
07/01/2022,GRA,ST007,QAR,PRK.4511,More Hot,0,0,0,1
07/01/2022,GRA,ST007,QAR,PRK.4516,Decaf,0,0,0,1
07/01/2022,GRA,ST007,QAR,PRK.4519,caramel flavor,0,0,0,1
07/01/2022,GRA,ST007,QAR,PRK.4531,w/ Granola,0,0,0,147
07/01/2022,GRA,ST007,QAR,PRK.4533,w/ Pretzel,0,0,0,52
07/01/2022,GRA,ST007,QAR,PRK.4534,w/ Coconut Flakes,0,0,0,113
07/01/2022,GRA,ST007,QAR,PRK.4535,w/ Crispy Crepe,0,0,0,209
07/01/2022,GRA,ST007,QAR,PRK.4537,w/ Mixed Berries Sauce,0,0,0,158
07/01/2022,GRA,ST007,QAR,PRK.4541,w/ Strawberry,0,0,0,591
07/01/2022,GRA,ST007,QAR,PRK.4543,w/ Salted Caramel,0,0,0,71
07/01/2022,GRA,ST007,QAR,PRK.4544,w/ Pomegranate,0,0,0,359
07/01/2022,GRA,ST007,QAR,PRK.4545,w/ Dulce de leche,0,0,0,61
07/01/2022,GRA,ST007,QAR,PRK.4549,w/ Mango Sauce,0,0,0,255
07/01/2022,GRA,ST007,QAR,PRK.4550,w/ Mango,0,0,0,688
07/01/2022,GRA,ST007,QAR,PRK.4551,w/ Peanut Butter Sauce,0,0,0,2
07/01/2022,GRA,ST007,QAR,PRK.4552,w/ Crushed Grahams,0,0,0,34
07/01/2022,GRA,ST007,QAR,PRK.4556,w/ Fresh Pineapple,0,0,0,28
07/01/2022,GRA,ST007,QAR,PRK.4557,w/ Kiwi Fruit,0,0,0,30
07/01/2022,GRA,ST007,QAR,PRK.4558,w/ Lotus Biscuit,0,0,0,101
07/01/2022,GRA,ST007,QAR,PRK.4561,MIXED FROZEN YOGURT,0,0,0,129
07/01/2022,GRA,ST007,QAR,PRK.4562,MIXED MANGO YOGURT,0,0,0,81
07/01/2022,GRA,ST007,QAR,PRK.4564,MIXED MILKY ICE CREAM,0,0,0,18
