DATE,BRANCHCODE,WAREHOUSECODE,CURRENCY,ERPCODE,ITEMNAME,RAWPRICE,GROSSAMT,NETVALUE,QTYSOLD
09/01/2022,GRA,ST007,QAR,PRK.902,Granola,55,1320,1320,24
09/01/2022,GRA,ST007,QAR,PRK.903,Graze Spicy  Mix,55,55,55,1
09/01/2022,GRA,ST007,QAR,PRK.907,Zaatar Chips,6,246,246,41
09/01/2022,GRA,ST007,QAR,PRK.909,Spicy Pesto Chips,6,198,198,33
09/01/2022,GRA,ST007,QAR,PRK.910,Graze Spicy Mix Sml,25,525,525,21
09/01/2022,GRA,ST007,QAR,PRK.911,Graze House Mix Sml,25,475,475,19
09/01/2022,GRA,ST007,QAR,PRK.962,Extra flavor,3,18,18,6
09/01/2022,GRA,ST007,QAR,PRK.994,Crsnt w Egg/Avaca/ SunTom,24,1872,1872,78
09/01/2022,GRA,ST007,QAR,PRK.995,Egg Burrito,20,880,880,44
09/01/2022,GRA,ST007,QAR,PRK.996,Blueberry Granola parfait,25,1800,1800,72
09/01/2022,GRA,ST007,QAR,PRK.997,Yog Dates Chia Pista Alm,22,1452,1452,66
09/01/2022,GRA,ST007,QAR,PRK.1003,Cheese Croissant,16,256,256,16
09/01/2022,GRA,ST007,QAR,PRK.1007,Zatar Croissant,16,304,304,19
09/01/2022,GRA,ST007,QAR,PRK.1008,Chocolate Croissant,16,272,272,17
09/01/2022,GRA,ST007,QAR,PRK.1010,Tomato Puff Pastry,16,560,560,35
09/01/2022,GRA,ST007,QAR,PRK.1012,Three Berry Yogurt & Date,25,1000,1000,40
09/01/2022,GRA,ST007,QAR,PRK.1015,Kiri Cheese Danish,14,1050,1050,75
09/01/2022,GRA,ST007,QAR,PRK.1016,Plain Croissant,10,320,320,32
09/01/2022,GRA,ST007,QAR,PRK.1020,Almond Croissant,16,48,48,3
09/01/2022,GRA,ST007,QAR,PRK.1021,Shirazi Salad,12,588,588,49
09/01/2022,GRA,ST007,QAR,PRK.1023,Falafel Salad,45,1845,1845,41
09/01/2022,GRA,ST007,QAR,PRK.1024,Quinoa Swt potato Salad,40,1240,1240,31
09/01/2022,GRA,ST007,QAR,PRK.1027,Mex Chkn Chilli Bean Sld,40,2560,2560,64
09/01/2022,GRA,ST007,QAR,PRK.1029,Burrata Salad,50,1800,1800,36
09/01/2022,GRA,ST007,QAR,PRK.1031,Teriyaki GRAZE Salmn,55,4180,4180,76
09/01/2022,GRA,ST007,QAR,PRK.1034,BBQ Chick Peas,38,1102,1102,29
09/01/2022,GRA,ST007,QAR,PRK.1039,Keto Chicken Salad,40,1720,1720,43
09/01/2022,GRA,ST007,QAR,PRK.1044,Southern Chicken Salad,45,2565,2565,57
09/01/2022,GRA,ST007,QAR,PRK.1046,Greek Salad,30,1500,1500,50
09/01/2022,GRA,ST007,QAR,PRK.1048,Mexican  Caesar Salad chk,39,5265,5265,135
09/01/2022,GRA,ST007,QAR,PRK.1049,ROCCA SALAD,22,462,462,21
09/01/2022,GRA,ST007,QAR,PRK.1052,Smoke Turkey Sandwich,34,3502,3502,103
09/01/2022,GRA,ST007,QAR,PRK.1054,lemon&Rosemary Chkn,36,3780,3780,105
09/01/2022,GRA,ST007,QAR,PRK.1057,Steak & Philly Chz SW,32,1568,1568,49
09/01/2022,GRA,ST007,QAR,PRK.1063,Egg Mayo with Rocket,20,820,820,41
09/01/2022,GRA,ST007,QAR,PRK.1068,Crispy Chicken Bun,24,600,600,25
09/01/2022,GRA,ST007,QAR,PRK.1070,Chicken Pesto & Mozzarell,32,2144,2144,67
09/01/2022,GRA,ST007,QAR,PRK.1075,Avocado Toast,40,880,880,22
09/01/2022,GRA,ST007,QAR,PRK.1077,Spicy Halloumi,38,1178,1178,31
09/01/2022,GRA,ST007,QAR,PRK.1078,Graze Breakfast (egg box),32,1056,1056,33
09/01/2022,GRA,ST007,QAR,PRK.1083,Chkn Soup,19,1064,1064,56
09/01/2022,GRA,ST007,QAR,PRK.1087,Lentil Soup,20,1320,1320,66
09/01/2022,GRA,ST007,QAR,PRK.1089,Vegetable soup,16,768,768,48
09/01/2022,GRA,ST007,QAR,PRK.1113,Chkn Katsu Curry,45,5985,5985,133
09/01/2022,GRA,ST007,QAR,PRK.1115,Mushroom Pasta,40,3320,3320,83
09/01/2022,GRA,ST007,QAR,PRK.1118,Steak With Mushroom Sauce,45,5400,5400,120
09/01/2022,GRA,ST007,QAR,PRK.1119,Chicken Biryani,45,7740,7740,172
09/01/2022,GRA,ST007,QAR,PRK.1121,Chinese Sesame Chicken,40,5600,5600,140
09/01/2022,GRA,ST007,QAR,PRK.1127,Rock Shrimp,45,3105,3105,69
09/01/2022,GRA,ST007,QAR,PRK.1133,Lamb  Kabsa,45,3015,3015,67
09/01/2022,GRA,ST007,QAR,PRK.1140,Chicken Curry & Saffron r,43,4171,4171,97
09/01/2022,GRA,ST007,QAR,PRK.1141,CRAB BOWL,28,504,504,18
09/01/2022,GRA,ST007,QAR,PRK.1145,Yoghurt & Cucumber dip,12,312,312,26
09/01/2022,GRA,ST007,QAR,PRK.1146,Spicy Guacamole Pot,13,455,455,35
09/01/2022,GRA,ST007,QAR,PRK.1149,Edamame Pot,12,936,936,78
09/01/2022,GRA,ST007,QAR,PRK.1159,Greek Tabbouleh,20,1180,1180,59
09/01/2022,GRA,ST007,QAR,PRK.1161,Labneh Beetroot,12,168,168,14
09/01/2022,GRA,ST007,QAR,PRK.1173,Choco Chia Energy Ball,30,840,840,28
09/01/2022,GRA,ST007,QAR,PRK.1175,Pecan Bars,14,266,266,19
09/01/2022,GRA,ST007,QAR,PRK.1177,Carrot Cake,15,555,555,37
09/01/2022,GRA,ST007,QAR,PRK.1178,Sweet Potatoe Choco Cake,15,450,450,30
09/01/2022,GRA,ST007,QAR,PRK.1181,Green Apple,2,30,30,15
09/01/2022,GRA,ST007,QAR,PRK.1182,Red Apple,2,56,56,28
09/01/2022,GRA,ST007,QAR,PRK.1183,Bannana,2,246,246,123
09/01/2022,GRA,ST007,QAR,PRK.1184,Watermelon,18,1224,1224,68
09/01/2022,GRA,ST007,QAR,PRK.1185,Pineapplemix,18,990,990,55
09/01/2022,GRA,ST007,QAR,PRK.1186,Mixed Berries,22,1606,1606,73
09/01/2022,GRA,ST007,QAR,PRK.1194,Lotus Cheesecake,15,510,510,34
09/01/2022,GRA,ST007,QAR,PRK.1196,Chia Blueberry Yodurt,24,600,600,25
09/01/2022,GRA,ST007,QAR,PRK.1201,Iced Flat White,18,108,108,6
09/01/2022,GRA,ST007,QAR,PRK.1203,Iced Spanish Latte,20,1520,1520,76
09/01/2022,GRA,ST007,QAR,PRK.1204,Iced Latte,18,1800,1800,100
09/01/2022,GRA,ST007,QAR,PRK.1205,Iced Americano,15,1065,1065,71
09/01/2022,GRA,ST007,QAR,PRK.1234,Pepperoni Pizza small,40,760,760,19
09/01/2022,GRA,ST007,QAR,PRK.1235,Margherita Pizza small,30,600,600,20
09/01/2022,GRA,ST007,QAR,PRK.1236,BBQ chicken Pizza small,35,560,560,16
09/01/2022,GRA,ST007,QAR,PRK.1262,Highland Still,5,1400,1400,280
09/01/2022,GRA,ST007,QAR,PRK.1265,Perrier Sparkling,9,513,513,57
09/01/2022,GRA,ST007,QAR,PRK.1291,Coke,5,280,280,56
09/01/2022,GRA,ST007,QAR,PRK.1292,Diet Coke,5,400,400,80
09/01/2022,GRA,ST007,QAR,PRK.1332,Stay Home w/ Graze R 8 X1,240,240,240,1
09/01/2022,GRA,ST007,QAR,PRK.1333,Stay Home w/Graze M 6 X1,130,390,390,3
09/01/2022,GRA,ST007,QAR,PRK.1334,Stay Home w/Graze M12 X1,240,240,240,1
09/01/2022,GRA,ST007,QAR,PRK.1335,Cool Box,15,195,195,13
09/01/2022,GRA,ST007,QAR,PRK.1351,Espresso Single,12,264,264,22
09/01/2022,GRA,ST007,QAR,PRK.1352,Macchiato,18,36,36,2
09/01/2022,GRA,ST007,QAR,PRK.1353,Americano Hot,15,1395,1395,93
09/01/2022,GRA,ST007,QAR,PRK.1354,Flat White Hot,18,1494,1494,83
09/01/2022,GRA,ST007,QAR,PRK.1355,Cappucino,18,1638,1638,91
09/01/2022,GRA,ST007,QAR,PRK.1356,Cortado,18,630,630,35
09/01/2022,GRA,ST007,QAR,PRK.1358,Spanish Latte,20,1620,1620,81
09/01/2022,GRA,ST007,QAR,PRK.1359,Classic Mocha,25,375,375,15
09/01/2022,GRA,ST007,QAR,PRK.1362,Double Espresso,14,280,280,20
09/01/2022,GRA,ST007,QAR,PRK.1363,Latte Hot,18,1332,1332,74
09/01/2022,GRA,ST007,QAR,PRK.1364,English B/F,12,96,96,8
09/01/2022,GRA,ST007,QAR,PRK.1365,Green Tea,12,144,144,12
09/01/2022,GRA,ST007,QAR,PRK.1366,Earl Grey,12,24,24,2
09/01/2022,GRA,ST007,QAR,PRK.1368,Lemon Grass/ Ginger,12,48,48,4
09/01/2022,GRA,ST007,QAR,PRK.1369,Jasmine,12,48,48,4
09/01/2022,GRA,ST007,QAR,PRK.1372,Hot Cocoa,24,192,192,8
09/01/2022,GRA,ST007,QAR,PRK.1373,Hibiscus Iced tea,18,738,738,41
09/01/2022,GRA,ST007,QAR,PRK.1374,Peach Iced Tea,18,342,342,19
09/01/2022,GRA,ST007,QAR,PRK.1375,Matcha Latte,25,125,125,5
09/01/2022,GRA,ST007,QAR,PRK.1376,Cinnamon Latte,25,25,25,1
09/01/2022,GRA,ST007,QAR,PRK.1377,Fresh Milk,10,10,10,1
09/01/2022,GRA,ST007,QAR,PRK.1383,Watermelon & Coconut cool,20,380,380,19
09/01/2022,GRA,ST007,QAR,PRK.1386,Orange Juice,22,2684,2684,122
09/01/2022,GRA,ST007,QAR,PRK.1387,Carrot Juice,22,440,440,20
09/01/2022,GRA,ST007,QAR,PRK.1390,Morning Boost,24,1320,1320,55
09/01/2022,GRA,ST007,QAR,PRK.1392,Immune Boost,22,1342,1342,61
09/01/2022,GRA,ST007,QAR,PRK.1396,Ginger Aid Shot,18,2160,2160,120
09/01/2022,GRA,ST007,QAR,PRK.1402,Laban Drink,18,666,666,37
09/01/2022,GRA,ST007,QAR,PRK.1404,Green Boost Juice,24,672,672,28
09/01/2022,GRA,ST007,QAR,PRK.1406,Beetroot & Apple Juice,20,1260,1260,63
09/01/2022,GRA,ST007,QAR,PRK.1407,Coconut & Pineapple Juice,24,24,24,1
09/01/2022,GRA,ST007,QAR,PRK.1409,Turmeric wellness shot,16,640,640,40
09/01/2022,GRA,ST007,QAR,PRK.1412, Mini Cup Yogurt,14,4186,4186,299
09/01/2022,GRA,ST007,QAR,PRK.1413,Regular Cup Yogurt,21,2982,2982,142
09/01/2022,GRA,ST007,QAR,PRK.1416,Large Cup Yogurt,23,1403,1403,61
09/01/2022,GRA,ST007,QAR,PRK.1418, Mini Cup Yogurt/Topping,18,2574,2574,143
09/01/2022,GRA,ST007,QAR,PRK.1419,Reg Cup Yogurt/Toping,26,2912,2912,112
09/01/2022,GRA,ST007,QAR,PRK.1422,Large Cup Yogurt/Topping,30,690,690,23
09/01/2022,GRA,ST007,QAR,PRK.1429,Mini Mango Ice Cream,14,9702,9702,693
09/01/2022,GRA,ST007,QAR,PRK.1430,Regular Mango Ice Cream,21,6468,6468,308
09/01/2022,GRA,ST007,QAR,PRK.1431,Large Mango Ice Cream,23,4899,4899,213
09/01/2022,GRA,ST007,QAR,PRK.1432,Mini Mango Ice Cream/Topp,18,4284,4284,238
09/01/2022,GRA,ST007,QAR,PRK.1433,Reg Mango Ice cream/Topp,26,6240,6240,240
09/01/2022,GRA,ST007,QAR,PRK.1434,Large Mango Ice Cream/Top,30,2010,2010,67
09/01/2022,GRA,ST007,QAR,PRK.1435,Mini Cup Milky Ice Cream,14,518,518,37
09/01/2022,GRA,ST007,QAR,PRK.1436,Reg Cup Milky Ice Cream,21,399,399,19
09/01/2022,GRA,ST007,QAR,PRK.1437,Lrge Cup Milky Ice Cream,23,115,115,5
09/01/2022,GRA,ST007,QAR,PRK.1438,Mini Cup Milky Ice C/Top,18,234,234,13
09/01/2022,GRA,ST007,QAR,PRK.1439,Reg Cup Milky Ice Cre/Top,26,520,520,20
09/01/2022,GRA,ST007,QAR,PRK.1440,Lrge Cup Milky Ice Cr/Top,30,150,150,5
09/01/2022,GRA,ST007,QAR,PRK.1464,Fresh Pineapple,3,18,18,6
09/01/2022,GRA,ST007,QAR,PRK.1469,Kiwi Fruit,3,3,3,1
09/01/2022,GRA,ST007,QAR,PRK.1470,Lotus Biscuit,3,42,42,14
09/01/2022,GRA,ST007,QAR,PRK.1471,BEEF STROGANOFF,50,1400,1400,28
09/01/2022,GRA,ST007,QAR,PRK.1472,CHICKEN CURRY & RICE,48,1872,1872,39
09/01/2022,GRA,ST007,QAR,PRK.1474,Spaghetti Bolognese,45,2745,2745,61
09/01/2022,GRA,ST007,QAR,PRK.1475,Salmon with Cilantro Rice,65,4160,4160,64
09/01/2022,GRA,ST007,QAR,PRK.1476,Chicken Noodle Bowl,40,1640,1640,41
09/01/2022,GRA,ST007,QAR,PRK.1501,pomegranate,3,225,225,75
09/01/2022,GRA,ST007,QAR,PRK.1502,Strawberry,3,108,108,36
09/01/2022,GRA,ST007,QAR,PRK.1505,Salted Caramel,3,36,36,12
09/01/2022,GRA,ST007,QAR,PRK.1506,Pretzel,3,12,12,4
09/01/2022,GRA,ST007,QAR,PRK.1507,Crispy Crepe,3,147,147,49
09/01/2022,GRA,ST007,QAR,PRK.1508,Granola,3,258,258,86
09/01/2022,GRA,ST007,QAR,PRK.1509,Coconut Flakes,3,72,72,24
09/01/2022,GRA,ST007,QAR,PRK.1510,Crushed Graham,3,30,30,10
09/01/2022,GRA,ST007,QAR,PRK.1514,Dulce de Leche,3,30,30,10
09/01/2022,GRA,ST007,QAR,PRK.1520,Mixed Berries Sauce,3,96,96,32
09/01/2022,GRA,ST007,QAR,PRK.1521,Mango Sauce,3,45,45,15
09/01/2022,GRA,ST007,QAR,PRK.1523,Peanut Butter Sauce,3,27,27,9
09/01/2022,GRA,ST007,QAR,PRK.1527,Mango,3,411,411,137
09/01/2022,GRA,ST007,QAR,PRK.1531,Power Shake,35,805,805,23
09/01/2022,GRA,ST007,QAR,PRK.1532,Peanut Power Shake,35,595,595,17
09/01/2022,GRA,ST007,QAR,PRK.1536,Energizer protine Shakes,45,1305,1305,29
09/01/2022,GRA,ST007,QAR,PRK.1538,Pre-workout shake,35,70,70,2
09/01/2022,GRA,ST007,QAR,PRK.1540,Energizer shakes,35,735,735,21
09/01/2022,GRA,ST007,QAR,PRK.1545,14oz Energizer protine,40,160,160,4
09/01/2022,GRA,ST007,QAR,PRK.1550,Extra Protein,10,10,10,1
09/01/2022,GRA,ST007,QAR,PRK.1581,Mini coconut frz yog I/C,14,1414,1414,101
09/01/2022,GRA,ST007,QAR,PRK.1582,Regular coconut frz yog I,21,735,735,35
09/01/2022,GRA,ST007,QAR,PRK.1583,Large coconut frz yog I/C,23,506,506,22
09/01/2022,GRA,ST007,QAR,PRK.1584,Mini coconut frz yog  Top,18,720,720,40
09/01/2022,GRA,ST007,QAR,PRK.1585,Reg- coconut frz yog Top,26,1066,1066,41
09/01/2022,GRA,ST007,QAR,PRK.1586,Large coconut frz yog  To,30,1110,1110,37
09/01/2022,GRA,ST007,QAR,PRK.1587,Supersize,45,990,990,22
09/01/2022,GRA,ST007,QAR,PRK.1588,Acai Small,35,2590,2590,74
09/01/2022,GRA,ST007,QAR,PRK.1589,Acai Large,40,1400,1400,35
09/01/2022,GRA,ST007,QAR,PRK.1621,Orange loaf,12,912,912,76
09/01/2022,GRA,ST007,QAR,PRK.1623,Brownie flavour cookies,10,1050,1050,105
09/01/2022,GRA,ST007,QAR,PRK.1626,Cinnamon Roll,13,390,390,30
09/01/2022,GRA,ST007,QAR,PRK.1627,Custard Raisin Roll,14,294,294,21
09/01/2022,GRA,ST007,QAR,PRK.1628,Brownie bites,13,429,429,33
09/01/2022,GRA,ST007,QAR,PRK.1632,Turkey cheese roll,19,646,646,34
09/01/2022,GRA,ST007,QAR,PRK.1633,Spinach feta roll,18,324,324,18
09/01/2022,GRA,ST007,QAR,PRK.1651,■PB & Jam sourdough bread,18,900,900,50
09/01/2022,GRA,ST007,QAR,PRK.1681,Salted Caramel Mocha,24,192,192,8
09/01/2022,GRA,ST007,QAR,PRK.1682,■Matcha Frappe,26,754,754,29
09/01/2022,GRA,ST007,QAR,PRK.1711,Pomegranate Pot,18,360,360,20
09/01/2022,GRA,ST007,QAR,PRK.1712,Mango Peach Muesli Pot,24,312,312,13
09/01/2022,GRA,ST007,QAR,PRK.1713,Overnight oats PB&Jam,25,625,625,25
09/01/2022,GRA,ST007,QAR,PRK.1741,Spicy Tuna sandwich,26,1326,1326,51
09/01/2022,GRA,ST007,QAR,PRK.1742,Three cheese,22,1122,1122,51
09/01/2022,GRA,ST007,QAR,PRK.1743,Falafel and Labna,25,625,625,25
09/01/2022,GRA,ST007,QAR,PRK.1746,GRAZE CLUB SANDWICH,42,882,882,21
09/01/2022,GRA,ST007,QAR,PRK.1747,BEEF BURGER,35,665,665,19
09/01/2022,GRA,ST007,QAR,PRK.1748,Chicken Shawarma,18,1764,1764,98
09/01/2022,GRA,ST007,QAR,PRK.1749,Tenderloin Beef Shawarma,22,1342,1342,61
09/01/2022,GRA,ST007,QAR,PRK.1771,Pistachio Arabeshi,5,1925,1925,385
09/01/2022,GRA,ST007,QAR,PRK.1772,Fresh Raspberry,5,830,830,166
09/01/2022,GRA,ST007,QAR,PRK.1773,Fresh blueberry,5,535,535,107
09/01/2022,GRA,ST007,QAR,PRK.1774,Chocolate Flakes,5,580,580,116
09/01/2022,GRA,ST007,QAR,PRK.1775,Honey Comb,5,180,180,36
09/01/2022,GRA,ST007,QAR,PRK.4501,Full Fat Milk,0,0,0,1
09/01/2022,GRA,ST007,QAR,PRK.4502,Low Fat Milk,0,0,0,7
09/01/2022,GRA,ST007,QAR,PRK.4503,Almond Milk,2,118,118,59
09/01/2022,GRA,ST007,QAR,PRK.4504,Soya Milk,2,16,16,8
09/01/2022,GRA,ST007,QAR,PRK.4509,Double Shot,0,0,0,1
09/01/2022,GRA,ST007,QAR,PRK.4516,Decaf,0,0,0,2
09/01/2022,GRA,ST007,QAR,PRK.4531,w/ Granola,0,0,0,95
09/01/2022,GRA,ST007,QAR,PRK.4533,w/ Pretzel,0,0,0,11
09/01/2022,GRA,ST007,QAR,PRK.4534,w/ Coconut Flakes,0,0,0,50
09/01/2022,GRA,ST007,QAR,PRK.4535,w/ Crispy Crepe,0,0,0,118
09/01/2022,GRA,ST007,QAR,PRK.4537,w/ Mixed Berries Sauce,0,0,0,30
09/01/2022,GRA,ST007,QAR,PRK.4541,w/ Strawberry,0,0,0,386
09/01/2022,GRA,ST007,QAR,PRK.4543,w/ Salted Caramel,0,0,0,30
09/01/2022,GRA,ST007,QAR,PRK.4544,w/ Pomegranate,0,0,0,301
09/01/2022,GRA,ST007,QAR,PRK.4545,w/ Dulce de leche,0,0,0,27
09/01/2022,GRA,ST007,QAR,PRK.4549,w/ Mango Sauce,0,0,0,51
09/01/2022,GRA,ST007,QAR,PRK.4550,w/ Mango,0,0,0,440
09/01/2022,GRA,ST007,QAR,PRK.4551,w/ Peanut Butter Sauce,0,0,0,2
09/01/2022,GRA,ST007,QAR,PRK.4552,w/ Crushed Grahams,0,0,0,16
09/01/2022,GRA,ST007,QAR,PRK.4556,w/ Fresh Pineapple,0,0,0,24
09/01/2022,GRA,ST007,QAR,PRK.4557,w/ Kiwi Fruit,0,0,0,12
09/01/2022,GRA,ST007,QAR,PRK.4558,w/ Lotus Biscuit,0,0,0,41
09/01/2022,GRA,ST007,QAR,PRK.4561,MIXED FROZEN YOGURT,0,0,0,61
09/01/2022,GRA,ST007,QAR,PRK.4562,MIXED MANGO YOGURT,0,0,0,126
