DATE,BRANCHCODE,WAREHOUSECODE,CURRENCY,ERPCODE,ITEMNAME,RAWPRICE,GROSSAMT,NETVALUE,QTYSOLD
11/01/2022,GRA,ST007,QAR,PRK.902,Granola,55,990,990,18
11/01/2022,GRA,ST007,QAR,PRK.903,Graze Spicy  Mix,55,55,55,1
11/01/2022,GRA,ST007,QAR,PRK.904,Graze House Mix,55,55,55,1
11/01/2022,GRA,ST007,QAR,PRK.907,Zaatar Chips,6,168,168,28
11/01/2022,GRA,ST007,QAR,PRK.909,Spicy Pesto Chips,6,114,114,19
11/01/2022,GRA,ST007,QAR,PRK.910,Graze Spicy Mix Sml,25,650,650,26
11/01/2022,GRA,ST007,QAR,PRK.911,Graze House Mix Sml,25,600,600,24
11/01/2022,GRA,ST007,QAR,PRK.962,Extra flavor,3,51,51,17
11/01/2022,GRA,ST007,QAR,PRK.994,Crsnt w Egg/Avaca/ SunTom,24,1776,1776,74
11/01/2022,GRA,ST007,QAR,PRK.995,Egg Burrito,20,1120,1120,56
11/01/2022,GRA,ST007,QAR,PRK.996,Blueberry Granola parfait,25,1500,1500,60
11/01/2022,GRA,ST007,QAR,PRK.997,Yog Dates Chia Pista Alm,22,990,990,45
11/01/2022,GRA,ST007,QAR,PRK.1003,Cheese Croissant,16,336,336,21
11/01/2022,GRA,ST007,QAR,PRK.1007,Zatar Croissant,16,512,512,32
11/01/2022,GRA,ST007,QAR,PRK.1008,Chocolate Croissant,16,512,512,32
11/01/2022,GRA,ST007,QAR,PRK.1010,Tomato Puff Pastry,16,784,784,49
11/01/2022,GRA,ST007,QAR,PRK.1012,Three Berry Yogurt & Date,25,675,675,27
11/01/2022,GRA,ST007,QAR,PRK.1015,Kiri Cheese Danish,14,812,812,58
11/01/2022,GRA,ST007,QAR,PRK.1016,Plain Croissant,10,340,340,34
11/01/2022,GRA,ST007,QAR,PRK.1020,Almond Croissant,16,176,176,11
11/01/2022,GRA,ST007,QAR,PRK.1021,Shirazi Salad,12,576,576,48
11/01/2022,GRA,ST007,QAR,PRK.1023,Falafel Salad,45,1440,1440,32
11/01/2022,GRA,ST007,QAR,PRK.1024,Quinoa Swt potato Salad,40,1200,1200,30
11/01/2022,GRA,ST007,QAR,PRK.1027,Mex Chkn Chilli Bean Sld,40,2480,2480,62
11/01/2022,GRA,ST007,QAR,PRK.1029,Burrata Salad,50,1800,1800,36
11/01/2022,GRA,ST007,QAR,PRK.1031,Teriyaki GRAZE Salmn,55,4235,4235,77
11/01/2022,GRA,ST007,QAR,PRK.1039,Keto Chicken Salad,40,1520,1520,38
11/01/2022,GRA,ST007,QAR,PRK.1046,Greek Salad,30,1290,1290,43
11/01/2022,GRA,ST007,QAR,PRK.1048,Mexican  Caesar Salad chk,39,4017,4017,103
11/01/2022,GRA,ST007,QAR,PRK.1049,ROCCA SALAD,22,990,990,45
11/01/2022,GRA,ST007,QAR,PRK.1052,Smoke Turkey Sandwich,34,3128,3128,92
11/01/2022,GRA,ST007,QAR,PRK.1054,lemon&Rosemary Chkn,36,3600,3600,100
11/01/2022,GRA,ST007,QAR,PRK.1057,Steak & Philly Chz SW,32,1760,1728,55
11/01/2022,GRA,ST007,QAR,PRK.1063,Egg Mayo with Rocket,20,860,860,43
11/01/2022,GRA,ST007,QAR,PRK.1068,Crispy Chicken Bun,24,888,888,37
11/01/2022,GRA,ST007,QAR,PRK.1070,Chicken Pesto & Mozzarell,32,2592,2592,81
11/01/2022,GRA,ST007,QAR,PRK.1075,Avocado Toast,40,960,960,24
11/01/2022,GRA,ST007,QAR,PRK.1077,Spicy Halloumi,38,798,798,21
11/01/2022,GRA,ST007,QAR,PRK.1078,Graze Breakfast (egg box),32,1088,1088,34
11/01/2022,GRA,ST007,QAR,PRK.1083,Chkn Soup,19,1083,1083,57
11/01/2022,GRA,ST007,QAR,PRK.1087,Lentil Soup,20,1260,1260,63
11/01/2022,GRA,ST007,QAR,PRK.1089,Vegetable soup,16,656,656,41
11/01/2022,GRA,ST007,QAR,PRK.1113,Chkn Katsu Curry,45,6300,6300,140
11/01/2022,GRA,ST007,QAR,PRK.1115,Mushroom Pasta,40,2360,2360,59
11/01/2022,GRA,ST007,QAR,PRK.1118,Steak With Mushroom Sauce,45,4095,4095,91
11/01/2022,GRA,ST007,QAR,PRK.1119,Chicken Biryani,45,7065,7065,157
11/01/2022,GRA,ST007,QAR,PRK.1121,Chinese Sesame Chicken,40,4400,4360,110
11/01/2022,GRA,ST007,QAR,PRK.1127,Rock Shrimp,45,2025,1980,45
11/01/2022,GRA,ST007,QAR,PRK.1133,Lamb  Kabsa,45,2925,2925,65
11/01/2022,GRA,ST007,QAR,PRK.1140,Chicken Curry & Saffron r,43,4042,4042,94
11/01/2022,GRA,ST007,QAR,PRK.1141,CRAB BOWL,28,448,448,16
11/01/2022,GRA,ST007,QAR,PRK.1145,Yoghurt & Cucumber dip,12,240,240,20
11/01/2022,GRA,ST007,QAR,PRK.1146,Spicy Guacamole Pot,13,234,234,18
11/01/2022,GRA,ST007,QAR,PRK.1149,Edamame Pot,12,672,660,56
11/01/2022,GRA,ST007,QAR,PRK.1159,Greek Tabbouleh,20,740,740,37
11/01/2022,GRA,ST007,QAR,PRK.1160,Egg pot,16,32,32,2
11/01/2022,GRA,ST007,QAR,PRK.1161,Labneh Beetroot,12,144,144,12
11/01/2022,GRA,ST007,QAR,PRK.1173,Choco Chia Energy Ball,30,810,810,27
11/01/2022,GRA,ST007,QAR,PRK.1175,Pecan Bars,14,378,378,27
11/01/2022,GRA,ST007,QAR,PRK.1177,Carrot Cake,15,405,405,27
11/01/2022,GRA,ST007,QAR,PRK.1178,Sweet Potatoe Choco Cake,15,90,90,6
11/01/2022,GRA,ST007,QAR,PRK.1181,Green Apple,2,28,28,14
11/01/2022,GRA,ST007,QAR,PRK.1182,Red Apple,2,54,54,27
11/01/2022,GRA,ST007,QAR,PRK.1183,Bannana,2,296,296,148
11/01/2022,GRA,ST007,QAR,PRK.1184,Watermelon,18,828,828,46
11/01/2022,GRA,ST007,QAR,PRK.1185,Pineapplemix,18,432,432,24
11/01/2022,GRA,ST007,QAR,PRK.1186,Mixed Berries,22,1430,1430,65
11/01/2022,GRA,ST007,QAR,PRK.1194,Lotus Cheesecake,15,420,420,28
11/01/2022,GRA,ST007,QAR,PRK.1196,Chia Blueberry Yodurt,24,456,456,19
11/01/2022,GRA,ST007,QAR,PRK.1201,Iced Flat White,18,90,90,5
11/01/2022,GRA,ST007,QAR,PRK.1203,Iced Spanish Latte,20,1340,1340,67
11/01/2022,GRA,ST007,QAR,PRK.1204,Iced Latte,18,450,450,25
11/01/2022,GRA,ST007,QAR,PRK.1205,Iced Americano,15,915,915,61
11/01/2022,GRA,ST007,QAR,PRK.1234,Pepperoni Pizza small,40,280,280,7
11/01/2022,GRA,ST007,QAR,PRK.1235,Margherita Pizza small,30,300,300,10
11/01/2022,GRA,ST007,QAR,PRK.1236,BBQ chicken Pizza small,35,560,560,16
11/01/2022,GRA,ST007,QAR,PRK.1262,Highland Still,5,1050,1045,210
11/01/2022,GRA,ST007,QAR,PRK.1265,Perrier Sparkling,9,486,486,54
11/01/2022,GRA,ST007,QAR,PRK.1291,Coke,5,355,355,71
11/01/2022,GRA,ST007,QAR,PRK.1292,Diet Coke,5,485,485,97
11/01/2022,GRA,ST007,QAR,PRK.1327,Stay Home w/ Graze L 4X1,140,140,140,1
11/01/2022,GRA,ST007,QAR,PRK.1333,Stay Home w/Graze M 6 X1,130,130,130,1
11/01/2022,GRA,ST007,QAR,PRK.1334,Stay Home w/Graze M12 X1,240,1440,1440,6
11/01/2022,GRA,ST007,QAR,PRK.1335,Cool Box,15,90,90,6
11/01/2022,GRA,ST007,QAR,PRK.1351,Espresso Single,12,156,156,13
11/01/2022,GRA,ST007,QAR,PRK.1352,Macchiato,18,216,216,12
11/01/2022,GRA,ST007,QAR,PRK.1353,Americano Hot,15,1395,1395,93
11/01/2022,GRA,ST007,QAR,PRK.1354,Flat White Hot,18,1026,1026,57
11/01/2022,GRA,ST007,QAR,PRK.1355,Cappucino,18,1710,1710,95
11/01/2022,GRA,ST007,QAR,PRK.1356,Cortado,18,684,684,38
11/01/2022,GRA,ST007,QAR,PRK.1358,Spanish Latte,20,1640,1640,82
11/01/2022,GRA,ST007,QAR,PRK.1359,Classic Mocha,25,125,125,5
11/01/2022,GRA,ST007,QAR,PRK.1360,Slated Caramel Mocha,25,275,275,11
11/01/2022,GRA,ST007,QAR,PRK.1362,Double Espresso,14,546,546,39
11/01/2022,GRA,ST007,QAR,PRK.1363,Latte Hot,18,1584,1584,88
11/01/2022,GRA,ST007,QAR,PRK.1364,English B/F,12,204,204,17
11/01/2022,GRA,ST007,QAR,PRK.1365,Green Tea,12,132,132,11
11/01/2022,GRA,ST007,QAR,PRK.1366,Earl Grey,12,24,24,2
11/01/2022,GRA,ST007,QAR,PRK.1368,Lemon Grass/ Ginger,12,144,144,12
11/01/2022,GRA,ST007,QAR,PRK.1369,Jasmine,12,12,12,1
11/01/2022,GRA,ST007,QAR,PRK.1372,Hot Cocoa,24,336,336,14
11/01/2022,GRA,ST007,QAR,PRK.1373,Hibiscus Iced tea,18,378,378,21
11/01/2022,GRA,ST007,QAR,PRK.1374,Peach Iced Tea,18,198,198,11
11/01/2022,GRA,ST007,QAR,PRK.1375,Matcha Latte,25,125,125,5
11/01/2022,GRA,ST007,QAR,PRK.1377,Fresh Milk,10,60,60,6
11/01/2022,GRA,ST007,QAR,PRK.1386,Orange Juice,22,2552,2552,116
11/01/2022,GRA,ST007,QAR,PRK.1387,Carrot Juice,22,352,352,16
11/01/2022,GRA,ST007,QAR,PRK.1390,Morning Boost,24,1008,1008,42
11/01/2022,GRA,ST007,QAR,PRK.1392,Immune Boost,22,1188,1188,54
11/01/2022,GRA,ST007,QAR,PRK.1396,Ginger Aid Shot,18,1908,1908,106
11/01/2022,GRA,ST007,QAR,PRK.1402,Laban Drink,18,522,522,29
11/01/2022,GRA,ST007,QAR,PRK.1404,Green Boost Juice,24,864,864,36
11/01/2022,GRA,ST007,QAR,PRK.1406,Beetroot & Apple Juice,20,900,900,45
11/01/2022,GRA,ST007,QAR,PRK.1409,Turmeric wellness shot,16,720,720,45
11/01/2022,GRA,ST007,QAR,PRK.1412, Mini Cup Yogurt,14,2898,2898,207
11/01/2022,GRA,ST007,QAR,PRK.1413,Regular Cup Yogurt,21,2772,2772,132
11/01/2022,GRA,ST007,QAR,PRK.1416,Large Cup Yogurt,23,1012,1012,44
11/01/2022,GRA,ST007,QAR,PRK.1418, Mini Cup Yogurt/Topping,18,1998,1998,111
11/01/2022,GRA,ST007,QAR,PRK.1419,Reg Cup Yogurt/Toping,26,3094,3094,119
11/01/2022,GRA,ST007,QAR,PRK.1422,Large Cup Yogurt/Topping,30,420,420,14
11/01/2022,GRA,ST007,QAR,PRK.1429,Mini Mango Ice Cream,14,5600,5600,400
11/01/2022,GRA,ST007,QAR,PRK.1430,Regular Mango Ice Cream,21,4263,4263,203
11/01/2022,GRA,ST007,QAR,PRK.1431,Large Mango Ice Cream,23,3795,3795,165
11/01/2022,GRA,ST007,QAR,PRK.1432,Mini Mango Ice Cream/Topp,18,4158,4158,231
11/01/2022,GRA,ST007,QAR,PRK.1433,Reg Mango Ice cream/Topp,26,5278,5278,203
11/01/2022,GRA,ST007,QAR,PRK.1434,Large Mango Ice Cream/Top,30,1620,1620,54
11/01/2022,GRA,ST007,QAR,PRK.1464,Fresh Pineapple,3,21,21,7
11/01/2022,GRA,ST007,QAR,PRK.1469,Kiwi Fruit,3,18,18,6
11/01/2022,GRA,ST007,QAR,PRK.1470,Lotus Biscuit,3,54,54,18
11/01/2022,GRA,ST007,QAR,PRK.1472,CHICKEN CURRY & RICE,48,2352,2352,49
11/01/2022,GRA,ST007,QAR,PRK.1474,Spaghetti Bolognese,45,2070,2070,46
11/01/2022,GRA,ST007,QAR,PRK.1475,Salmon with Cilantro Rice,65,3640,3640,56
11/01/2022,GRA,ST007,QAR,PRK.1476,Chicken Noodle Bowl,40,1800,1760,45
11/01/2022,GRA,ST007,QAR,PRK.1501,pomegranate,3,150,150,50
11/01/2022,GRA,ST007,QAR,PRK.1502,Strawberry,3,369,369,123
11/01/2022,GRA,ST007,QAR,PRK.1505,Salted Caramel,3,45,45,15
11/01/2022,GRA,ST007,QAR,PRK.1507,Crispy Crepe,3,189,189,63
11/01/2022,GRA,ST007,QAR,PRK.1508,Granola,3,126,126,42
11/01/2022,GRA,ST007,QAR,PRK.1509,Coconut Flakes,3,51,51,17
11/01/2022,GRA,ST007,QAR,PRK.1510,Crushed Graham,3,18,18,6
11/01/2022,GRA,ST007,QAR,PRK.1514,Dulce de Leche,3,36,36,12
11/01/2022,GRA,ST007,QAR,PRK.1520,Mixed Berries Sauce,3,66,66,22
11/01/2022,GRA,ST007,QAR,PRK.1521,Mango Sauce,3,72,72,24
11/01/2022,GRA,ST007,QAR,PRK.1523,Peanut Butter Sauce,3,51,51,17
11/01/2022,GRA,ST007,QAR,PRK.1527,Mango,3,363,363,121
11/01/2022,GRA,ST007,QAR,PRK.1531,Power Shake,35,560,560,16
11/01/2022,GRA,ST007,QAR,PRK.1532,Peanut Power Shake,35,175,175,5
11/01/2022,GRA,ST007,QAR,PRK.1534,Choco Power Shake,35,105,105,3
11/01/2022,GRA,ST007,QAR,PRK.1536,Energizer protine Shakes,45,945,945,21
11/01/2022,GRA,ST007,QAR,PRK.1540,Energizer shakes,35,630,630,18
11/01/2022,GRA,ST007,QAR,PRK.1545,14oz Energizer protine,40,160,160,4
11/01/2022,GRA,ST007,QAR,PRK.1548,14oz Energizer shakes,30,60,60,2
11/01/2022,GRA,ST007,QAR,PRK.1550,Extra Protein,10,80,80,8
11/01/2022,GRA,ST007,QAR,PRK.1581,Mini coconut frz yog I/C,14,1316,1316,94
11/01/2022,GRA,ST007,QAR,PRK.1582,Regular coconut frz yog I,21,651,651,31
11/01/2022,GRA,ST007,QAR,PRK.1583,Large coconut frz yog I/C,23,437,437,19
11/01/2022,GRA,ST007,QAR,PRK.1584,Mini coconut frz yog  Top,18,648,648,36
11/01/2022,GRA,ST007,QAR,PRK.1585,Reg- coconut frz yog Top,26,1040,1040,40
11/01/2022,GRA,ST007,QAR,PRK.1586,Large coconut frz yog  To,30,1020,1020,34
11/01/2022,GRA,ST007,QAR,PRK.1587,Supersize,45,675,675,15
11/01/2022,GRA,ST007,QAR,PRK.1588,Acai Small,35,5880,5880,168
11/01/2022,GRA,ST007,QAR,PRK.1589,Acai Large,40,3440,3440,86
11/01/2022,GRA,ST007,QAR,PRK.1621,Orange loaf,12,600,600,50
11/01/2022,GRA,ST007,QAR,PRK.1623,Brownie flavour cookies,10,870,870,87
11/01/2022,GRA,ST007,QAR,PRK.1626,Cinnamon Roll,13,299,299,23
11/01/2022,GRA,ST007,QAR,PRK.1628,Brownie bites,13,663,663,51
11/01/2022,GRA,ST007,QAR,PRK.1632,Turkey cheese roll,19,570,570,30
11/01/2022,GRA,ST007,QAR,PRK.1633,Spinach feta roll,18,504,504,28
11/01/2022,GRA,ST007,QAR,PRK.1634,Madeleine,12,648,648,54
11/01/2022,GRA,ST007,QAR,PRK.1651,■PB & Jam sourdough bread,18,648,648,36
11/01/2022,GRA,ST007,QAR,PRK.1681,Salted Caramel Mocha,24,360,360,15
11/01/2022,GRA,ST007,QAR,PRK.1682,■Matcha Frappe,26,806,806,31
11/01/2022,GRA,ST007,QAR,PRK.1711,Pomegranate Pot,18,324,324,18
11/01/2022,GRA,ST007,QAR,PRK.1712,Mango Peach Muesli Pot,24,480,480,20
11/01/2022,GRA,ST007,QAR,PRK.1713,Overnight oats PB&Jam,25,500,500,20
11/01/2022,GRA,ST007,QAR,PRK.1741,Spicy Tuna sandwich,26,1950,1950,75
11/01/2022,GRA,ST007,QAR,PRK.1742,Three cheese,22,1012,990,46
11/01/2022,GRA,ST007,QAR,PRK.1743,Falafel and Labna,25,500,475,20
11/01/2022,GRA,ST007,QAR,PRK.1747,BEEF BURGER,35,525,525,15
11/01/2022,GRA,ST007,QAR,PRK.1748,Chicken Shawarma,18,1476,1476,82
11/01/2022,GRA,ST007,QAR,PRK.1749,Tenderloin Beef Shawarma,22,1188,1188,54
11/01/2022,GRA,ST007,QAR,PRK.1771,Pistachio Arabeshi,5,1215,1215,243
11/01/2022,GRA,ST007,QAR,PRK.1772,Fresh Raspberry,5,830,830,166
11/01/2022,GRA,ST007,QAR,PRK.1773,Fresh blueberry,5,710,710,142
11/01/2022,GRA,ST007,QAR,PRK.1774,Chocolate Flakes,5,445,445,89
11/01/2022,GRA,ST007,QAR,PRK.1775,Honey Comb,5,135,135,27
11/01/2022,GRA,ST007,QAR,PRK.1776,Milk Powder,3,15,15,5
11/01/2022,GRA,ST007,QAR,PRK.4502,Low Fat Milk,0,0,0,4
11/01/2022,GRA,ST007,QAR,PRK.4503,Almond Milk,2,72,72,36
11/01/2022,GRA,ST007,QAR,PRK.4504,Soya Milk,2,10,10,5
11/01/2022,GRA,ST007,QAR,PRK.4516,Decaf,0,0,0,5
11/01/2022,GRA,ST007,QAR,PRK.4517,Vanilla Flavor,0,0,0,8
11/01/2022,GRA,ST007,QAR,PRK.4519,caramel flavor,0,0,0,2
11/01/2022,GRA,ST007,QAR,PRK.4520,hazelnut flavor,0,0,0,2
11/01/2022,GRA,ST007,QAR,PRK.4521,Oat Milk,2,12,12,6
11/01/2022,GRA,ST007,QAR,PRK.4522,Skimmed Milk,2,34,34,17
11/01/2022,GRA,ST007,QAR,PRK.4523,Coconut Milk,2,4,4,2
11/01/2022,GRA,ST007,QAR,PRK.4531,w/ Granola,0,0,0,57
11/01/2022,GRA,ST007,QAR,PRK.4533,w/ Pretzel,0,0,0,5
11/01/2022,GRA,ST007,QAR,PRK.4534,w/ Coconut Flakes,0,0,0,50
11/01/2022,GRA,ST007,QAR,PRK.4535,w/ Crispy Crepe,0,0,0,74
11/01/2022,GRA,ST007,QAR,PRK.4537,w/ Mixed Berries Sauce,0,0,0,27
11/01/2022,GRA,ST007,QAR,PRK.4541,w/ Strawberry,0,0,0,344
11/01/2022,GRA,ST007,QAR,PRK.4543,w/ Salted Caramel,0,0,0,22
11/01/2022,GRA,ST007,QAR,PRK.4544,w/ Pomegranate,0,0,0,240
11/01/2022,GRA,ST007,QAR,PRK.4545,w/ Dulce de leche,0,0,0,11
11/01/2022,GRA,ST007,QAR,PRK.4549,w/ Mango Sauce,0,0,0,36
11/01/2022,GRA,ST007,QAR,PRK.4550,w/ Mango,0,0,0,370
11/01/2022,GRA,ST007,QAR,PRK.4551,w/ Peanut Butter Sauce,0,0,0,2
11/01/2022,GRA,ST007,QAR,PRK.4552,w/ Crushed Grahams,0,0,0,9
11/01/2022,GRA,ST007,QAR,PRK.4556,w/ Fresh Pineapple,0,0,0,18
11/01/2022,GRA,ST007,QAR,PRK.4557,w/ Kiwi Fruit,0,0,0,2
11/01/2022,GRA,ST007,QAR,PRK.4558,w/ Lotus Biscuit,0,0,0,33
11/01/2022,GRA,ST007,QAR,PRK.4561,MIXED FROZEN YOGURT,0,0,0,21
11/01/2022,GRA,ST007,QAR,PRK.4562,MIXED MANGO YOGURT,0,0,0,88
