DATE,BRANCHCODE,WAREHOUSECODE,CURRENCY,ERPCODE,ITEMNAME,RAWPRICE,GROSSAMT,NETVALUE,QTYSOLD
10/01/2022,GRA,ST007,QAR,PRK.902,Granola,55,990,990,18
10/01/2022,GRA,ST007,QAR,PRK.907,Zaatar Chips,6,210,210,35
10/01/2022,GRA,ST007,QAR,PRK.909,Spicy Pesto Chips,6,174,174,29
10/01/2022,GRA,ST007,QAR,PRK.910,Graze Spicy Mix Sml,25,325,325,13
10/01/2022,GRA,ST007,QAR,PRK.911,Graze House Mix Sml,25,525,525,21
10/01/2022,GRA,ST007,QAR,PRK.962,Extra flavor,3,24,24,8
10/01/2022,GRA,ST007,QAR,PRK.994,Crsnt w Egg/Avaca/ SunTom,24,1992,1992,83
10/01/2022,GRA,ST007,QAR,PRK.995,Egg Burrito,20,740,740,37
10/01/2022,GRA,ST007,QAR,PRK.996,Blueberry Granola parfait,25,1900,1900,76
10/01/2022,GRA,ST007,QAR,PRK.997,Yog Dates Chia Pista Alm,22,1364,1364,62
10/01/2022,GRA,ST007,QAR,PRK.1003,Cheese Croissant,16,304,304,19
10/01/2022,GRA,ST007,QAR,PRK.1007,Zatar Croissant,16,240,240,15
10/01/2022,GRA,ST007,QAR,PRK.1008,Chocolate Croissant,16,352,352,22
10/01/2022,GRA,ST007,QAR,PRK.1010,Tomato Puff Pastry,16,688,688,43
10/01/2022,GRA,ST007,QAR,PRK.1012,Three Berry Yogurt & Date,25,625,625,25
10/01/2022,GRA,ST007,QAR,PRK.1015,Kiri Cheese Danish,14,910,910,65
10/01/2022,GRA,ST007,QAR,PRK.1016,Plain Croissant,10,350,350,35
10/01/2022,GRA,ST007,QAR,PRK.1020,Almond Croissant,16,112,112,7
10/01/2022,GRA,ST007,QAR,PRK.1021,Shirazi Salad,12,648,648,54
10/01/2022,GRA,ST007,QAR,PRK.1023,Falafel Salad,45,1935,1935,43
10/01/2022,GRA,ST007,QAR,PRK.1024,Quinoa Swt potato Salad,40,1280,1280,32
10/01/2022,GRA,ST007,QAR,PRK.1027,Mex Chkn Chilli Bean Sld,40,2360,2360,59
10/01/2022,GRA,ST007,QAR,PRK.1029,Burrata Salad,50,2500,2500,50
10/01/2022,GRA,ST007,QAR,PRK.1031,Teriyaki GRAZE Salmn,55,4235,4235,77
10/01/2022,GRA,ST007,QAR,PRK.1034,BBQ Chick Peas,38,152,152,4
10/01/2022,GRA,ST007,QAR,PRK.1039,Keto Chicken Salad,40,1800,1800,45
10/01/2022,GRA,ST007,QAR,PRK.1044,Southern Chicken Salad,45,180,180,4
10/01/2022,GRA,ST007,QAR,PRK.1046,Greek Salad,30,1560,1560,52
10/01/2022,GRA,ST007,QAR,PRK.1048,Mexican  Caesar Salad chk,39,4368,4368,112
10/01/2022,GRA,ST007,QAR,PRK.1049,ROCCA SALAD,22,1078,1078,49
10/01/2022,GRA,ST007,QAR,PRK.1052,Smoke Turkey Sandwich,34,3740,3740,110
10/01/2022,GRA,ST007,QAR,PRK.1054,lemon&Rosemary Chkn,36,3060,3060,85
10/01/2022,GRA,ST007,QAR,PRK.1057,Steak & Philly Chz SW,32,1696,1696,53
10/01/2022,GRA,ST007,QAR,PRK.1063,Egg Mayo with Rocket,20,740,740,37
10/01/2022,GRA,ST007,QAR,PRK.1068,Crispy Chicken Bun,24,816,816,34
10/01/2022,GRA,ST007,QAR,PRK.1070,Chicken Pesto & Mozzarell,32,2144,2144,67
10/01/2022,GRA,ST007,QAR,PRK.1075,Avocado Toast,40,1000,1000,25
10/01/2022,GRA,ST007,QAR,PRK.1077,Spicy Halloumi,38,1140,1140,30
10/01/2022,GRA,ST007,QAR,PRK.1078,Graze Breakfast (egg box),32,704,704,22
10/01/2022,GRA,ST007,QAR,PRK.1083,Chkn Soup,19,1045,1045,55
10/01/2022,GRA,ST007,QAR,PRK.1087,Lentil Soup,20,1220,1220,61
10/01/2022,GRA,ST007,QAR,PRK.1089,Vegetable soup,16,656,656,41
10/01/2022,GRA,ST007,QAR,PRK.1113,Chkn Katsu Curry,45,6795,6795,151
10/01/2022,GRA,ST007,QAR,PRK.1115,Mushroom Pasta,40,3200,3200,80
10/01/2022,GRA,ST007,QAR,PRK.1118,Steak With Mushroom Sauce,45,5175,5175,115
10/01/2022,GRA,ST007,QAR,PRK.1119,Chicken Biryani,45,8325,8325,185
10/01/2022,GRA,ST007,QAR,PRK.1121,Chinese Sesame Chicken,40,5720,5720,143
10/01/2022,GRA,ST007,QAR,PRK.1127,Rock Shrimp,45,2700,2700,60
10/01/2022,GRA,ST007,QAR,PRK.1133,Lamb  Kabsa,45,3555,3555,79
10/01/2022,GRA,ST007,QAR,PRK.1140,Chicken Curry & Saffron r,43,4687,4687,109
10/01/2022,GRA,ST007,QAR,PRK.1141,CRAB BOWL,28,588,588,21
10/01/2022,GRA,ST007,QAR,PRK.1145,Yoghurt & Cucumber dip,12,312,312,26
10/01/2022,GRA,ST007,QAR,PRK.1146,Spicy Guacamole Pot,13,364,364,28
10/01/2022,GRA,ST007,QAR,PRK.1149,Edamame Pot,12,1092,1092,91
10/01/2022,GRA,ST007,QAR,PRK.1159,Greek Tabbouleh,20,960,960,48
10/01/2022,GRA,ST007,QAR,PRK.1160,Egg pot,16,32,32,2
10/01/2022,GRA,ST007,QAR,PRK.1161,Labneh Beetroot,12,300,300,25
10/01/2022,GRA,ST007,QAR,PRK.1173,Choco Chia Energy Ball,30,720,720,24
10/01/2022,GRA,ST007,QAR,PRK.1175,Pecan Bars,14,406,406,29
10/01/2022,GRA,ST007,QAR,PRK.1177,Carrot Cake,15,390,390,26
10/01/2022,GRA,ST007,QAR,PRK.1178,Sweet Potatoe Choco Cake,15,375,375,25
10/01/2022,GRA,ST007,QAR,PRK.1181,Green Apple,2,34,34,17
10/01/2022,GRA,ST007,QAR,PRK.1182,Red Apple,2,40,40,20
10/01/2022,GRA,ST007,QAR,PRK.1183,Bannana,2,304,304,152
10/01/2022,GRA,ST007,QAR,PRK.1184,Watermelon,18,1062,1062,59
10/01/2022,GRA,ST007,QAR,PRK.1185,Pineapplemix,18,756,756,42
10/01/2022,GRA,ST007,QAR,PRK.1186,Mixed Berries,22,1562,1562,71
10/01/2022,GRA,ST007,QAR,PRK.1194,Lotus Cheesecake,15,450,450,30
10/01/2022,GRA,ST007,QAR,PRK.1196,Chia Blueberry Yodurt,24,384,384,16
10/01/2022,GRA,ST007,QAR,PRK.1201,Iced Flat White,18,126,126,7
10/01/2022,GRA,ST007,QAR,PRK.1203,Iced Spanish Latte,20,1460,1460,73
10/01/2022,GRA,ST007,QAR,PRK.1204,Iced Latte,18,324,324,18
10/01/2022,GRA,ST007,QAR,PRK.1205,Iced Americano,15,960,960,64
10/01/2022,GRA,ST007,QAR,PRK.1234,Pepperoni Pizza small,40,480,480,12
10/01/2022,GRA,ST007,QAR,PRK.1235,Margherita Pizza small,30,390,390,13
10/01/2022,GRA,ST007,QAR,PRK.1236,BBQ chicken Pizza small,35,350,350,10
10/01/2022,GRA,ST007,QAR,PRK.1262,Highland Still,5,1105,1105,221
10/01/2022,GRA,ST007,QAR,PRK.1265,Perrier Sparkling,9,522,522,58
10/01/2022,GRA,ST007,QAR,PRK.1291,Coke,5,375,375,75
10/01/2022,GRA,ST007,QAR,PRK.1292,Diet Coke,5,540,540,108
10/01/2022,GRA,ST007,QAR,PRK.1321,Mini Cup /Pina Colada,14,854,854,61
10/01/2022,GRA,ST007,QAR,PRK.1322,Regular Cup / Pina Colada,21,798,798,38
10/01/2022,GRA,ST007,QAR,PRK.1323,Large cup /Pina Colada,23,437,437,19
10/01/2022,GRA,ST007,QAR,PRK.1324,Mini Pina Colada/Topping,18,684,684,38
10/01/2022,GRA,ST007,QAR,PRK.1325,Regular Pina Colada/Toppi,26,962,962,37
10/01/2022,GRA,ST007,QAR,PRK.1326,Large Pina Colada/Topping,30,330,330,11
10/01/2022,GRA,ST007,QAR,PRK.1333,Stay Home w/Graze M 6 X1,130,130,130,1
10/01/2022,GRA,ST007,QAR,PRK.1334,Stay Home w/Graze M12 X1,240,480,480,2
10/01/2022,GRA,ST007,QAR,PRK.1335,Cool Box,15,135,135,9
10/01/2022,GRA,ST007,QAR,PRK.1351,Espresso Single,12,156,156,13
10/01/2022,GRA,ST007,QAR,PRK.1352,Macchiato,18,36,36,2
10/01/2022,GRA,ST007,QAR,PRK.1353,Americano Hot,15,1485,1485,99
10/01/2022,GRA,ST007,QAR,PRK.1354,Flat White Hot,18,720,720,40
10/01/2022,GRA,ST007,QAR,PRK.1355,Cappucino,18,1296,1296,72
10/01/2022,GRA,ST007,QAR,PRK.1356,Cortado,18,612,612,34
10/01/2022,GRA,ST007,QAR,PRK.1358,Spanish Latte,20,1440,1440,72
10/01/2022,GRA,ST007,QAR,PRK.1359,Classic Mocha,25,150,150,6
10/01/2022,GRA,ST007,QAR,PRK.1360,Slated Caramel Mocha,25,375,375,15
10/01/2022,GRA,ST007,QAR,PRK.1362,Double Espresso,14,308,308,22
10/01/2022,GRA,ST007,QAR,PRK.1363,Latte Hot,18,1494,1494,83
10/01/2022,GRA,ST007,QAR,PRK.1364,English B/F,12,120,120,10
10/01/2022,GRA,ST007,QAR,PRK.1365,Green Tea,12,60,60,5
10/01/2022,GRA,ST007,QAR,PRK.1366,Earl Grey,12,36,36,3
10/01/2022,GRA,ST007,QAR,PRK.1368,Lemon Grass/ Ginger,12,144,144,12
10/01/2022,GRA,ST007,QAR,PRK.1369,Jasmine,12,36,36,3
10/01/2022,GRA,ST007,QAR,PRK.1372,Hot Cocoa,24,144,144,6
10/01/2022,GRA,ST007,QAR,PRK.1373,Hibiscus Iced tea,18,450,450,25
10/01/2022,GRA,ST007,QAR,PRK.1374,Peach Iced Tea,18,252,252,14
10/01/2022,GRA,ST007,QAR,PRK.1375,Matcha Latte,25,100,100,4
10/01/2022,GRA,ST007,QAR,PRK.1377,Fresh Milk,10,10,10,1
10/01/2022,GRA,ST007,QAR,PRK.1383,Watermelon & Coconut cool,20,200,200,10
10/01/2022,GRA,ST007,QAR,PRK.1386,Orange Juice,22,2398,2398,109
10/01/2022,GRA,ST007,QAR,PRK.1387,Carrot Juice,22,176,176,8
10/01/2022,GRA,ST007,QAR,PRK.1390,Morning Boost,24,912,912,38
10/01/2022,GRA,ST007,QAR,PRK.1392,Immune Boost,22,1496,1496,68
10/01/2022,GRA,ST007,QAR,PRK.1396,Ginger Aid Shot,18,2142,2142,119
10/01/2022,GRA,ST007,QAR,PRK.1402,Laban Drink,18,630,630,35
10/01/2022,GRA,ST007,QAR,PRK.1404,Green Boost Juice,24,816,816,34
10/01/2022,GRA,ST007,QAR,PRK.1406,Beetroot & Apple Juice,20,1260,1260,63
10/01/2022,GRA,ST007,QAR,PRK.1407,Coconut & Pineapple Juice,24,72,72,3
10/01/2022,GRA,ST007,QAR,PRK.1409,Turmeric wellness shot,16,944,944,59
10/01/2022,GRA,ST007,QAR,PRK.1412, Mini Cup Yogurt,14,756,756,54
10/01/2022,GRA,ST007,QAR,PRK.1413,Regular Cup Yogurt,21,1029,1029,49
10/01/2022,GRA,ST007,QAR,PRK.1416,Large Cup Yogurt,23,644,644,28
10/01/2022,GRA,ST007,QAR,PRK.1418, Mini Cup Yogurt/Topping,18,756,756,42
10/01/2022,GRA,ST007,QAR,PRK.1419,Reg Cup Yogurt/Toping,26,572,572,22
10/01/2022,GRA,ST007,QAR,PRK.1422,Large Cup Yogurt/Topping,30,240,240,8
10/01/2022,GRA,ST007,QAR,PRK.1429,Mini Mango Ice Cream,14,7126,7126,509
10/01/2022,GRA,ST007,QAR,PRK.1430,Regular Mango Ice Cream,21,6111,6111,291
10/01/2022,GRA,ST007,QAR,PRK.1431,Large Mango Ice Cream,23,4094,4094,178
10/01/2022,GRA,ST007,QAR,PRK.1432,Mini Mango Ice Cream/Topp,18,4806,4806,267
10/01/2022,GRA,ST007,QAR,PRK.1433,Reg Mango Ice cream/Topp,26,6786,6786,261
10/01/2022,GRA,ST007,QAR,PRK.1434,Large Mango Ice Cream/Top,30,1590,1590,53
10/01/2022,GRA,ST007,QAR,PRK.1435,Mini Cup Milky Ice Cream,14,28,28,2
10/01/2022,GRA,ST007,QAR,PRK.1438,Mini Cup Milky Ice C/Top,18,18,18,1
10/01/2022,GRA,ST007,QAR,PRK.1464,Fresh Pineapple,3,15,15,5
10/01/2022,GRA,ST007,QAR,PRK.1469,Kiwi Fruit,3,3,3,1
10/01/2022,GRA,ST007,QAR,PRK.1470,Lotus Biscuit,3,24,24,8
10/01/2022,GRA,ST007,QAR,PRK.1471,BEEF STROGANOFF,50,100,100,2
10/01/2022,GRA,ST007,QAR,PRK.1472,CHICKEN CURRY & RICE,48,1968,1968,41
10/01/2022,GRA,ST007,QAR,PRK.1473,NOODLES BOWL,45,45,45,1
10/01/2022,GRA,ST007,QAR,PRK.1474,Spaghetti Bolognese,45,2565,2565,57
10/01/2022,GRA,ST007,QAR,PRK.1475,Salmon with Cilantro Rice,65,4615,4615,71
10/01/2022,GRA,ST007,QAR,PRK.1476,Chicken Noodle Bowl,40,2000,2000,50
10/01/2022,GRA,ST007,QAR,PRK.1501,pomegranate,3,129,129,43
10/01/2022,GRA,ST007,QAR,PRK.1502,Strawberry,3,279,279,93
10/01/2022,GRA,ST007,QAR,PRK.1505,Salted Caramel,3,15,15,5
10/01/2022,GRA,ST007,QAR,PRK.1506,Pretzel,3,3,3,1
10/01/2022,GRA,ST007,QAR,PRK.1507,Crispy Crepe,3,87,87,29
10/01/2022,GRA,ST007,QAR,PRK.1508,Granola,3,111,111,37
10/01/2022,GRA,ST007,QAR,PRK.1509,Coconut Flakes,3,93,93,31
10/01/2022,GRA,ST007,QAR,PRK.1510,Crushed Graham,3,24,24,8
10/01/2022,GRA,ST007,QAR,PRK.1514,Dulce de Leche,3,9,9,3
10/01/2022,GRA,ST007,QAR,PRK.1520,Mixed Berries Sauce,3,33,33,11
10/01/2022,GRA,ST007,QAR,PRK.1521,Mango Sauce,3,81,81,27
10/01/2022,GRA,ST007,QAR,PRK.1523,Peanut Butter Sauce,3,51,51,17
10/01/2022,GRA,ST007,QAR,PRK.1527,Mango,3,357,357,119
10/01/2022,GRA,ST007,QAR,PRK.1531,Power Shake,35,315,315,9
10/01/2022,GRA,ST007,QAR,PRK.1532,Peanut Power Shake,35,245,245,7
10/01/2022,GRA,ST007,QAR,PRK.1533,Pre-workout protein shak,45,45,45,1
10/01/2022,GRA,ST007,QAR,PRK.1534,Choco Power Shake,35,35,35,1
10/01/2022,GRA,ST007,QAR,PRK.1536,Energizer protine Shakes,45,855,855,19
10/01/2022,GRA,ST007,QAR,PRK.1540,Energizer shakes,35,280,280,8
10/01/2022,GRA,ST007,QAR,PRK.1548,14oz Energizer shakes,30,120,120,4
10/01/2022,GRA,ST007,QAR,PRK.1550,Extra Protein,10,90,90,9
10/01/2022,GRA,ST007,QAR,PRK.1581,Mini coconut frz yog I/C,14,1876,1876,134
10/01/2022,GRA,ST007,QAR,PRK.1582,Regular coconut frz yog I,21,1050,1050,50
10/01/2022,GRA,ST007,QAR,PRK.1583,Large coconut frz yog I/C,23,759,759,33
10/01/2022,GRA,ST007,QAR,PRK.1584,Mini coconut frz yog  Top,18,1458,1458,81
10/01/2022,GRA,ST007,QAR,PRK.1585,Reg- coconut frz yog Top,26,2236,2236,86
10/01/2022,GRA,ST007,QAR,PRK.1586,Large coconut frz yog  To,30,1170,1170,39
10/01/2022,GRA,ST007,QAR,PRK.1587,Supersize,45,1260,1260,28
10/01/2022,GRA,ST007,QAR,PRK.1588,Acai Small,35,5320,5320,152
10/01/2022,GRA,ST007,QAR,PRK.1589,Acai Large,40,3720,3720,93
10/01/2022,GRA,ST007,QAR,PRK.1621,Orange loaf,12,768,768,64
10/01/2022,GRA,ST007,QAR,PRK.1623,Brownie flavour cookies,10,800,800,80
10/01/2022,GRA,ST007,QAR,PRK.1626,Cinnamon Roll,13,299,299,23
10/01/2022,GRA,ST007,QAR,PRK.1627,Custard Raisin Roll,14,28,28,2
10/01/2022,GRA,ST007,QAR,PRK.1628,Brownie bites,13,624,624,48
10/01/2022,GRA,ST007,QAR,PRK.1632,Turkey cheese roll,19,361,361,19
10/01/2022,GRA,ST007,QAR,PRK.1633,Spinach feta roll,18,414,414,23
10/01/2022,GRA,ST007,QAR,PRK.1634,Madeleine,12,852,852,71
10/01/2022,GRA,ST007,QAR,PRK.1651,■PB & Jam sourdough bread,18,612,612,34
10/01/2022,GRA,ST007,QAR,PRK.1681,Salted Caramel Mocha,24,120,120,5
10/01/2022,GRA,ST007,QAR,PRK.1682,■Matcha Frappe,26,598,598,23
10/01/2022,GRA,ST007,QAR,PRK.1711,Pomegranate Pot,18,432,432,24
10/01/2022,GRA,ST007,QAR,PRK.1712,Mango Peach Muesli Pot,24,624,624,26
10/01/2022,GRA,ST007,QAR,PRK.1713,Overnight oats PB&Jam,25,400,400,16
10/01/2022,GRA,ST007,QAR,PRK.1741,Spicy Tuna sandwich,26,1664,1664,64
10/01/2022,GRA,ST007,QAR,PRK.1742,Three cheese,22,968,968,44
10/01/2022,GRA,ST007,QAR,PRK.1743,Falafel and Labna,25,725,725,29
10/01/2022,GRA,ST007,QAR,PRK.1746,GRAZE CLUB SANDWICH,42,336,336,8
10/01/2022,GRA,ST007,QAR,PRK.1747,BEEF BURGER,35,525,525,15
10/01/2022,GRA,ST007,QAR,PRK.1748,Chicken Shawarma,18,1638,1638,91
10/01/2022,GRA,ST007,QAR,PRK.1749,Tenderloin Beef Shawarma,22,1210,1210,55
10/01/2022,GRA,ST007,QAR,PRK.1771,Pistachio Arabeshi,5,1565,1565,313
10/01/2022,GRA,ST007,QAR,PRK.1772,Fresh Raspberry,5,895,895,179
10/01/2022,GRA,ST007,QAR,PRK.1773,Fresh blueberry,5,630,630,126
10/01/2022,GRA,ST007,QAR,PRK.1774,Chocolate Flakes,5,660,660,132
10/01/2022,GRA,ST007,QAR,PRK.1775,Honey Comb,5,165,165,33
10/01/2022,GRA,ST007,QAR,PRK.1776,Milk Powder,3,12,12,4
10/01/2022,GRA,ST007,QAR,PRK.4502,Low Fat Milk,0,0,0,3
10/01/2022,GRA,ST007,QAR,PRK.4503,Almond Milk,2,66,66,33
10/01/2022,GRA,ST007,QAR,PRK.4504,Soya Milk,2,2,2,1
10/01/2022,GRA,ST007,QAR,PRK.4509,Double Shot,0,0,0,3
10/01/2022,GRA,ST007,QAR,PRK.4516,Decaf,0,0,0,7
10/01/2022,GRA,ST007,QAR,PRK.4517,Vanilla Flavor,0,0,0,1
10/01/2022,GRA,ST007,QAR,PRK.4531,w/ Granola,0,0,0,144
10/01/2022,GRA,ST007,QAR,PRK.4533,w/ Pretzel,0,0,0,10
10/01/2022,GRA,ST007,QAR,PRK.4534,w/ Coconut Flakes,0,0,0,89
10/01/2022,GRA,ST007,QAR,PRK.4535,w/ Crispy Crepe,0,0,0,73
10/01/2022,GRA,ST007,QAR,PRK.4537,w/ Mixed Berries Sauce,0,0,0,29
10/01/2022,GRA,ST007,QAR,PRK.4541,w/ Strawberry,0,0,0,445
10/01/2022,GRA,ST007,QAR,PRK.4543,w/ Salted Caramel,0,0,0,25
10/01/2022,GRA,ST007,QAR,PRK.4544,w/ Pomegranate,0,0,0,305
10/01/2022,GRA,ST007,QAR,PRK.4545,w/ Dulce de leche,0,0,0,18
10/01/2022,GRA,ST007,QAR,PRK.4549,w/ Mango Sauce,0,0,0,57
10/01/2022,GRA,ST007,QAR,PRK.4550,w/ Mango,0,0,0,484
10/01/2022,GRA,ST007,QAR,PRK.4551,w/ Peanut Butter Sauce,0,0,0,2
10/01/2022,GRA,ST007,QAR,PRK.4552,w/ Crushed Grahams,0,0,0,22
10/01/2022,GRA,ST007,QAR,PRK.4556,w/ Fresh Pineapple,0,0,0,12
10/01/2022,GRA,ST007,QAR,PRK.4557,w/ Kiwi Fruit,0,0,0,4
10/01/2022,GRA,ST007,QAR,PRK.4558,w/ Lotus Biscuit,0,0,0,47
10/01/2022,GRA,ST007,QAR,PRK.4561,MIXED FROZEN YOGURT,0,0,0,28
10/01/2022,GRA,ST007,QAR,PRK.4562,MIXED MANGO YOGURT,0,0,0,113
