DATE,BRANCHCODE,WAREHOUSECODE,CURRENCY,ERPCODE,ITEMNAME,RAWPRICE,GROSSAMT,NETVALUE,QTYSOLD
11/01/2022,GRA,ST005,QAR,PRK.902,Granola,55,330,330,6
11/01/2022,GRA,ST005,QAR,PRK.903,Graze Spicy  Mix,55,55,55,1
11/01/2022,GRA,ST005,QAR,PRK.907,Zaatar Chips,6,150,150,25
11/01/2022,GRA,ST005,QAR,PRK.909,Spicy Pesto Chips,6,156,156,26
11/01/2022,GRA,ST005,QAR,PRK.910,Graze Spicy Mix Sml,25,100,100,4
11/01/2022,GRA,ST005,QAR,PRK.911,Graze House Mix Sml,25,100,100,4
11/01/2022,GRA,ST005,QAR,PRK.961,Extra cheese,5,5,5,1
11/01/2022,GRA,ST005,QAR,PRK.962,Extra flavor,3,48,48,16
11/01/2022,GRA,ST005,QAR,PRK.994,Crsnt w Egg/Avaca/ SunTom,24,1056,1056,44
11/01/2022,GRA,ST005,QAR,PRK.995,Egg Burrito,20,480,480,24
11/01/2022,GRA,ST005,QAR,PRK.996,Blueberry Granola parfait,25,800,800,32
11/01/2022,GRA,ST005,QAR,PRK.997,Yog Dates Chia Pista Alm,22,1034,1034,47
11/01/2022,GRA,ST005,QAR,PRK.1003,Cheese Croissant,16,176,176,11
11/01/2022,GRA,ST005,QAR,PRK.1007,Zatar Croissant,16,384,384,24
11/01/2022,GRA,ST005,QAR,PRK.1008,Chocolate Croissant,16,448,448,28
11/01/2022,GRA,ST005,QAR,PRK.1010,Tomato Puff Pastry,16,272,272,17
11/01/2022,GRA,ST005,QAR,PRK.1012,Three Berry Yogurt & Date,25,275,275,11
11/01/2022,GRA,ST005,QAR,PRK.1015,Kiri Cheese Danish,14,518,518,37
11/01/2022,GRA,ST005,QAR,PRK.1016,Plain Croissant,10,290,290,29
11/01/2022,GRA,ST005,QAR,PRK.1020,Almond Croissant,16,320,320,20
11/01/2022,GRA,ST005,QAR,PRK.1021,Shirazi Salad,12,168,168,14
11/01/2022,GRA,ST005,QAR,PRK.1023,Falafel Salad,45,1890,1890,42
11/01/2022,GRA,ST005,QAR,PRK.1024,Quinoa Swt potato Salad,40,600,600,15
11/01/2022,GRA,ST005,QAR,PRK.1027,Mex Chkn Chilli Bean Sld,40,1440,1440,36
11/01/2022,GRA,ST005,QAR,PRK.1029,Burrata Salad,50,650,650,13
11/01/2022,GRA,ST005,QAR,PRK.1031,Teriyaki GRAZE Salmn,55,2695,2695,49
11/01/2022,GRA,ST005,QAR,PRK.1039,Keto Chicken Salad,40,1120,1120,28
11/01/2022,GRA,ST005,QAR,PRK.1046,Greek Salad,30,570,570,19
11/01/2022,GRA,ST005,QAR,PRK.1048,Mexican  Caesar Salad chk,39,3042,3042,78
11/01/2022,GRA,ST005,QAR,PRK.1049,ROCCA SALAD,22,660,660,30
11/01/2022,GRA,ST005,QAR,PRK.1052,Smoke Turkey Sandwich,34,2550,2550,75
11/01/2022,GRA,ST005,QAR,PRK.1054,lemon&Rosemary Chkn,36,2952,2952,82
11/01/2022,GRA,ST005,QAR,PRK.1057,Steak & Philly Chz SW,32,992,992,31
11/01/2022,GRA,ST005,QAR,PRK.1063,Egg Mayo with Rocket,20,520,520,26
11/01/2022,GRA,ST005,QAR,PRK.1068,Crispy Chicken Bun,24,600,600,25
11/01/2022,GRA,ST005,QAR,PRK.1070,Chicken Pesto & Mozzarell,32,1792,1792,56
11/01/2022,GRA,ST005,QAR,PRK.1075,Avocado Toast,40,440,440,11
11/01/2022,GRA,ST005,QAR,PRK.1077,Spicy Halloumi,38,912,912,24
11/01/2022,GRA,ST005,QAR,PRK.1078,Graze Breakfast (egg box),32,256,256,8
11/01/2022,GRA,ST005,QAR,PRK.1083,Chkn Soup,19,513,513,27
11/01/2022,GRA,ST005,QAR,PRK.1087,Lentil Soup,20,440,440,22
11/01/2022,GRA,ST005,QAR,PRK.1089,Vegetable soup,16,176,176,11
11/01/2022,GRA,ST005,QAR,PRK.1113,Chkn Katsu Curry,45,4770,4770,106
11/01/2022,GRA,ST005,QAR,PRK.1115,Mushroom Pasta,40,1960,1960,49
11/01/2022,GRA,ST005,QAR,PRK.1118,Steak With Mushroom Sauce,45,2565,2565,57
11/01/2022,GRA,ST005,QAR,PRK.1119,Chicken Biryani,45,5220,5220,116
11/01/2022,GRA,ST005,QAR,PRK.1121,Chinese Sesame Chicken,40,4120,4120,103
11/01/2022,GRA,ST005,QAR,PRK.1127,Rock Shrimp,45,1350,1350,30
11/01/2022,GRA,ST005,QAR,PRK.1133,Lamb  Kabsa,45,2385,2385,53
11/01/2022,GRA,ST005,QAR,PRK.1140,Chicken Curry & Saffron r,43,1591,1591,37
11/01/2022,GRA,ST005,QAR,PRK.1141,CRAB BOWL,28,308,308,11
11/01/2022,GRA,ST005,QAR,PRK.1145,Yoghurt & Cucumber dip,12,48,48,4
11/01/2022,GRA,ST005,QAR,PRK.1146,Spicy Guacamole Pot,13,195,195,15
11/01/2022,GRA,ST005,QAR,PRK.1149,Edamame Pot,12,192,192,16
11/01/2022,GRA,ST005,QAR,PRK.1155,Classic hummus pot,18,36,36,2
11/01/2022,GRA,ST005,QAR,PRK.1159,Greek Tabbouleh,20,200,200,10
11/01/2022,GRA,ST005,QAR,PRK.1160,Egg pot,16,32,32,2
11/01/2022,GRA,ST005,QAR,PRK.1161,Labneh Beetroot,12,36,36,3
11/01/2022,GRA,ST005,QAR,PRK.1173,Choco Chia Energy Ball,30,750,750,25
11/01/2022,GRA,ST005,QAR,PRK.1175,Pecan Bars,14,252,252,18
11/01/2022,GRA,ST005,QAR,PRK.1177,Carrot Cake,15,435,435,29
11/01/2022,GRA,ST005,QAR,PRK.1178,Sweet Potatoe Choco Cake,15,90,90,6
11/01/2022,GRA,ST005,QAR,PRK.1181,Green Apple,2,16,16,8
11/01/2022,GRA,ST005,QAR,PRK.1182,Red Apple,2,20,20,10
11/01/2022,GRA,ST005,QAR,PRK.1183,Bannana,2,172,172,86
11/01/2022,GRA,ST005,QAR,PRK.1184,Watermelon,18,954,954,53
11/01/2022,GRA,ST005,QAR,PRK.1185,Pineapplemix,18,990,990,55
11/01/2022,GRA,ST005,QAR,PRK.1186,Mixed Berries,22,1188,1188,54
11/01/2022,GRA,ST005,QAR,PRK.1194,Lotus Cheesecake,15,225,225,15
11/01/2022,GRA,ST005,QAR,PRK.1196,Chia Blueberry Yodurt,24,144,144,6
11/01/2022,GRA,ST005,QAR,PRK.1201,Iced Flat White,18,378,378,21
11/01/2022,GRA,ST005,QAR,PRK.1203,Iced Spanish Latte,20,3700,3700,185
11/01/2022,GRA,ST005,QAR,PRK.1204,Iced Latte,18,1026,1026,57
11/01/2022,GRA,ST005,QAR,PRK.1205,Iced Americano,15,720,720,48
11/01/2022,GRA,ST005,QAR,PRK.1234,Pepperoni Pizza small,40,40,40,1
11/01/2022,GRA,ST005,QAR,PRK.1235,Margherita Pizza small,30,180,180,6
11/01/2022,GRA,ST005,QAR,PRK.1236,BBQ chicken Pizza small,35,70,70,2
11/01/2022,GRA,ST005,QAR,PRK.1262,Highland Still,5,2370,2365,474
11/01/2022,GRA,ST005,QAR,PRK.1265,Perrier Sparkling,9,441,441,49
11/01/2022,GRA,ST005,QAR,PRK.1291,Coke,5,465,465,93
11/01/2022,GRA,ST005,QAR,PRK.1292,Diet Coke,5,505,505,101
11/01/2022,GRA,ST005,QAR,PRK.1335,Cool Box,15,15,15,1
11/01/2022,GRA,ST005,QAR,PRK.1351,Espresso Single,12,312,312,26
11/01/2022,GRA,ST005,QAR,PRK.1352,Macchiato,18,54,54,3
11/01/2022,GRA,ST005,QAR,PRK.1353,Americano Hot,15,1950,1950,130
11/01/2022,GRA,ST005,QAR,PRK.1354,Flat White Hot,18,1404,1404,78
11/01/2022,GRA,ST005,QAR,PRK.1355,Cappucino,18,3690,3690,205
11/01/2022,GRA,ST005,QAR,PRK.1356,Cortado,18,414,414,23
11/01/2022,GRA,ST005,QAR,PRK.1358,Spanish Latte,20,1660,1660,83
11/01/2022,GRA,ST005,QAR,PRK.1359,Classic Mocha,25,275,275,11
11/01/2022,GRA,ST005,QAR,PRK.1360,Slated Caramel Mocha,25,500,500,20
11/01/2022,GRA,ST005,QAR,PRK.1362,Double Espresso,14,644,644,46
11/01/2022,GRA,ST005,QAR,PRK.1363,Latte Hot,18,1962,1962,109
11/01/2022,GRA,ST005,QAR,PRK.1364,English B/F,12,240,240,20
11/01/2022,GRA,ST005,QAR,PRK.1365,Green Tea,12,132,132,11
11/01/2022,GRA,ST005,QAR,PRK.1372,Hot Cocoa,24,744,744,31
11/01/2022,GRA,ST005,QAR,PRK.1373,Hibiscus Iced tea,18,468,468,26
11/01/2022,GRA,ST005,QAR,PRK.1374,Graze Peach Iced Tea,18,666,666,37
11/01/2022,GRA,ST005,QAR,PRK.1375,Matcha Latte,25,250,250,10
11/01/2022,GRA,ST005,QAR,PRK.1376,Cinnamon Latte,25,150,150,6
11/01/2022,GRA,ST005,QAR,PRK.1377,Fresh Milk,10,10,10,1
11/01/2022,GRA,ST005,QAR,PRK.1386,Orange Juice,22,3146,3146,143
11/01/2022,GRA,ST005,QAR,PRK.1387,Carrot Juice,22,396,396,18
11/01/2022,GRA,ST005,QAR,PRK.1390,Morning Boost,24,1152,1152,48
11/01/2022,GRA,ST005,QAR,PRK.1392,Immune Boost,22,858,858,39
11/01/2022,GRA,ST005,QAR,PRK.1396,Ginger Aid Shot,18,1404,1404,78
11/01/2022,GRA,ST005,QAR,PRK.1402,Laban Drink,18,378,378,21
11/01/2022,GRA,ST005,QAR,PRK.1404,Green Boost Juice,24,504,504,21
11/01/2022,GRA,ST005,QAR,PRK.1406,Beetroot & Apple Juice,20,740,740,37
11/01/2022,GRA,ST005,QAR,PRK.1409,Turmeric wellness shot,16,704,704,44
11/01/2022,GRA,ST005,QAR,PRK.1412, Mini Cup Yogurt,14,1008,1008,72
11/01/2022,GRA,ST005,QAR,PRK.1413,Regular Cup Yogurt,21,357,357,17
11/01/2022,GRA,ST005,QAR,PRK.1416,Large Cup Yogurt,23,92,92,4
11/01/2022,GRA,ST005,QAR,PRK.1418, Mini Cup Yogurt/Topping,18,846,846,47
11/01/2022,GRA,ST005,QAR,PRK.1419,Reg Cup Yogurt/Toping,26,832,832,32
11/01/2022,GRA,ST005,QAR,PRK.1422,Large Cup Yogurt/Topping,30,90,90,3
11/01/2022,GRA,ST005,QAR,PRK.1429,Mini Mango Ice Cream,14,1876,1876,134
11/01/2022,GRA,ST005,QAR,PRK.1430,Regular Mango Ice Cream,21,1722,1722,82
11/01/2022,GRA,ST005,QAR,PRK.1431,Large Mango Ice Cream,23,529,529,23
11/01/2022,GRA,ST005,QAR,PRK.1432,Mini Mango Ice Cream/Topp,18,1980,1980,110
11/01/2022,GRA,ST005,QAR,PRK.1433,Reg Mango Ice cream/Topp,26,1768,1768,68
11/01/2022,GRA,ST005,QAR,PRK.1434,Large Mango Ice Cream/Top,30,480,480,16
11/01/2022,GRA,ST005,QAR,PRK.1464,Fresh Pineapple,3,3,3,1
11/01/2022,GRA,ST005,QAR,PRK.1469,Kiwi Fruit,3,6,6,2
11/01/2022,GRA,ST005,QAR,PRK.1470,Lotus Biscuit,3,12,12,4
11/01/2022,GRA,ST005,QAR,PRK.1472,CHICKEN CURRY & RICE,48,720,720,15
11/01/2022,GRA,ST005,QAR,PRK.1474,Spaghetti Bolognese,45,900,900,20
11/01/2022,GRA,ST005,QAR,PRK.1475,Salmon with Cilantro Rice,65,2470,2470,38
11/01/2022,GRA,ST005,QAR,PRK.1476,Chicken Noodle Bowl,40,840,840,21
11/01/2022,GRA,ST005,QAR,PRK.1501,pomegranate,3,24,24,8
11/01/2022,GRA,ST005,QAR,PRK.1502,Strawberry,3,84,84,28
11/01/2022,GRA,ST005,QAR,PRK.1505,Salted Caramel,3,3,3,1
11/01/2022,GRA,ST005,QAR,PRK.1507,Crispy Crepe,3,24,24,8
11/01/2022,GRA,ST005,QAR,PRK.1508,Granola,3,18,18,6
11/01/2022,GRA,ST005,QAR,PRK.1510,Crushed Graham,3,3,3,1
11/01/2022,GRA,ST005,QAR,PRK.1521,Mango Sauce,3,33,33,11
11/01/2022,GRA,ST005,QAR,PRK.1523,Peanut Butter Sauce,3,3,3,1
11/01/2022,GRA,ST005,QAR,PRK.1527,Mango,3,51,51,17
11/01/2022,GRA,ST005,QAR,PRK.1531,Power Shake,35,490,490,14
11/01/2022,GRA,ST005,QAR,PRK.1532,Peanut Power Shake,35,105,105,3
11/01/2022,GRA,ST005,QAR,PRK.1534,Choco Power Shake,35,105,105,3
11/01/2022,GRA,ST005,QAR,PRK.1536,Energizer protine Shakes,45,405,405,9
11/01/2022,GRA,ST005,QAR,PRK.1538,Pre-workout shake,35,70,70,2
11/01/2022,GRA,ST005,QAR,PRK.1540,Energizer shakes,35,105,105,3
11/01/2022,GRA,ST005,QAR,PRK.1542,14oz Pre-work out Protein,40,560,560,14
11/01/2022,GRA,ST005,QAR,PRK.1545,14oz Energizer protine,40,200,200,5
11/01/2022,GRA,ST005,QAR,PRK.1546,14oz Pre-workout shake,30,90,90,3
11/01/2022,GRA,ST005,QAR,PRK.1548,14oz Energizer shakes,30,60,60,2
11/01/2022,GRA,ST005,QAR,PRK.1550,Extra Protein,10,20,20,2
11/01/2022,GRA,ST005,QAR,PRK.1581,Mini coconut frz yog I/C,14,364,364,26
11/01/2022,GRA,ST005,QAR,PRK.1582,Regular coconut frz yog I,21,126,126,6
11/01/2022,GRA,ST005,QAR,PRK.1583,Large coconut frz yog I/C,23,69,69,3
11/01/2022,GRA,ST005,QAR,PRK.1584,Mini coconut frz yog  Top,18,342,342,19
11/01/2022,GRA,ST005,QAR,PRK.1585,Reg- coconut frz yog Top,26,234,234,9
11/01/2022,GRA,ST005,QAR,PRK.1586,Large coconut frz yog  To,30,90,90,3
11/01/2022,GRA,ST005,QAR,PRK.1587,Supersize,45,45,45,1
11/01/2022,GRA,ST005,QAR,PRK.1588,Acai Small,35,3815,3815,109
11/01/2022,GRA,ST005,QAR,PRK.1589,Acai Large,40,1160,1160,29
11/01/2022,GRA,ST005,QAR,PRK.1621,Orange loaf,12,360,360,30
11/01/2022,GRA,ST005,QAR,PRK.1623,Brownie flavour cookies,10,1340,1340,134
11/01/2022,GRA,ST005,QAR,PRK.1626,Cinnamon Roll,13,247,247,19
11/01/2022,GRA,ST005,QAR,PRK.1628,Brownie bites,13,520,520,40
11/01/2022,GRA,ST005,QAR,PRK.1632,Turkey cheese roll,19,418,418,22
11/01/2022,GRA,ST005,QAR,PRK.1633,Spinach feta roll,18,288,288,16
11/01/2022,GRA,ST005,QAR,PRK.1634,Madeleine,12,1104,1104,92
11/01/2022,GRA,ST005,QAR,PRK.1651,PB & Jam sourdough bread,18,162,162,9
11/01/2022,GRA,ST005,QAR,PRK.1655,Graze Oatmeal,30,1170,1170,39
11/01/2022,GRA,ST005,QAR,PRK.1681,Salted Caramel Mocha,24,1248,1248,52
11/01/2022,GRA,ST005,QAR,PRK.1682,Matcha Frappe,26,2314,2314,89
11/01/2022,GRA,ST005,QAR,PRK.1711,Pomegranate Pot,18,234,234,13
11/01/2022,GRA,ST005,QAR,PRK.1712,Mango Peach Muesli Pot,24,144,144,6
11/01/2022,GRA,ST005,QAR,PRK.1713,Overnight oats PB&Jam,25,500,500,20
11/01/2022,GRA,ST005,QAR,PRK.1741,Spicy Tuna sandwich,26,494,494,19
11/01/2022,GRA,ST005,QAR,PRK.1742,Three cheese,22,638,638,29
11/01/2022,GRA,ST005,QAR,PRK.1743,Falafel and Labna,25,175,175,7
11/01/2022,GRA,ST005,QAR,PRK.1747,BEEF BURGER,35,70,70,2
11/01/2022,GRA,ST005,QAR,PRK.1748,Chicken Shawarma,18,1116,1116,62
11/01/2022,GRA,ST005,QAR,PRK.1749,Tenderloin Beef Shawarma,22,836,836,38
11/01/2022,GRA,ST005,QAR,PRK.1750,Cream Cheese Roll,9,441,441,49
11/01/2022,GRA,ST005,QAR,PRK.1751,Egg Mayo Roll,9,423,423,47
11/01/2022,GRA,ST005,QAR,PRK.1771,Pistachio Arabeshi,5,565,565,113
11/01/2022,GRA,ST005,QAR,PRK.1772,Fresh Raspberry,5,250,250,50
11/01/2022,GRA,ST005,QAR,PRK.1773,Fresh blueberry,5,315,315,63
11/01/2022,GRA,ST005,QAR,PRK.1774,Chocolate Flakes,5,210,210,42
11/01/2022,GRA,ST005,QAR,PRK.1775,Honey Comb,5,115,115,23
11/01/2022,GRA,ST005,QAR,PRK.1776,Milk powder,3,3,3,1
11/01/2022,GRA,ST005,QAR,PRK.4501,Full Fat Milk,0,0,0,8
11/01/2022,GRA,ST005,QAR,PRK.4502,Low Fat Milk,0,0,0,27
11/01/2022,GRA,ST005,QAR,PRK.4503,Almond Milk,2,104,104,52
11/01/2022,GRA,ST005,QAR,PRK.4504,Soya Milk,2,48,48,24
11/01/2022,GRA,ST005,QAR,PRK.4509,Double Shot,0,0,0,5
11/01/2022,GRA,ST005,QAR,PRK.4516,Decaf,0,0,0,9
11/01/2022,GRA,ST005,QAR,PRK.4517,Vanilla Flavor,0,0,0,10
11/01/2022,GRA,ST005,QAR,PRK.4519,caramel flavor,0,0,0,1
11/01/2022,GRA,ST005,QAR,PRK.4520,hazelnut flavor,0,0,0,2
11/01/2022,GRA,ST005,QAR,PRK.4521,Oat Milk,2,42,42,21
11/01/2022,GRA,ST005,QAR,PRK.4522,Skimmed Milk,2,28,28,14
11/01/2022,GRA,ST005,QAR,PRK.4523,Coconut Milk,2,12,12,6
11/01/2022,GRA,ST005,QAR,PRK.4531,w/ Granola,0,0,0,41
11/01/2022,GRA,ST005,QAR,PRK.4533,w/ Pretzel,0,0,0,20
11/01/2022,GRA,ST005,QAR,PRK.4534,w/ Coconut Flakes,0,0,0,30
11/01/2022,GRA,ST005,QAR,PRK.4535,w/ Crispy Crepe,0,0,0,61
11/01/2022,GRA,ST005,QAR,PRK.4537,w/ Mixed Berries Sauce,0,0,0,6
11/01/2022,GRA,ST005,QAR,PRK.4541,w/ Strawberry,0,0,0,154
11/01/2022,GRA,ST005,QAR,PRK.4543,w/ Salted Caramel,0,0,0,25
11/01/2022,GRA,ST005,QAR,PRK.4544,w/ Pomegranate,0,0,0,75
11/01/2022,GRA,ST005,QAR,PRK.4545,w/ Dulce de leche,0,0,0,19
11/01/2022,GRA,ST005,QAR,PRK.4549,w/ Mango Sauce,0,0,0,18
11/01/2022,GRA,ST005,QAR,PRK.4550,w/ Mango,0,0,0,153
11/01/2022,GRA,ST005,QAR,PRK.4551,w/ Peanut Butter Sauce,0,0,0,1
11/01/2022,GRA,ST005,QAR,PRK.4552,w/ Crushed Grahams,0,0,0,15
11/01/2022,GRA,ST005,QAR,PRK.4556,w/ Fresh Pineapple,0,0,0,3
11/01/2022,GRA,ST005,QAR,PRK.4557,w/ Kiwi Fruit,0,0,0,5
11/01/2022,GRA,ST005,QAR,PRK.4558,w/ Lotus Biscuit,0,0,0,34
11/01/2022,GRA,ST005,QAR,PRK.4561,MIXED FROZEN YOGURT,0,0,0,18
11/01/2022,GRA,ST005,QAR,PRK.4562,MIXED MANGO YOGURT,0,0,0,31
