DATE,BRANCHCODE,WAREHOUSECODE,CURRENCY,ERPCODE,ITEMNAME,RAWPRICE,GROSSAMT,NETVALUE,QTYSOLD
06/01/2022,GRA,ST005,QAR,PRK.902,Granola,55,1155,1155,21
06/01/2022,GRA,ST005,QAR,PRK.903,Graze Spicy  Mix,55,165,165,3
06/01/2022,GRA,ST005,QAR,PRK.907,Zaatar Chips,6,168,168,28
06/01/2022,GRA,ST005,QAR,PRK.909,Spicy Pesto Chips,6,132,132,22
06/01/2022,GRA,ST005,QAR,PRK.910,Graze Spicy Mix Sml,25,150,150,6
06/01/2022,GRA,ST005,QAR,PRK.911,Graze House Mix Sml,25,275,275,11
06/01/2022,GRA,ST005,QAR,PRK.962,Extra flavor,3,42,42,14
06/01/2022,GRA,ST005,QAR,PRK.963,Crispy bread,2,2,2,1
06/01/2022,GRA,ST005,QAR,PRK.994,Crsnt w Egg/Avaca/ SunTom,24,1368,1368,57
06/01/2022,GRA,ST005,QAR,PRK.995,Egg Burrito,20,860,860,43
06/01/2022,GRA,ST005,QAR,PRK.996,Blueberry Granola parfait,25,1300,1300,52
06/01/2022,GRA,ST005,QAR,PRK.997,Yog Dates Chia Pista Alm,22,858,858,39
06/01/2022,GRA,ST005,QAR,PRK.1003,Cheese Croissant,16,320,320,20
06/01/2022,GRA,ST005,QAR,PRK.1007,Zatar Croissant,16,176,176,11
06/01/2022,GRA,ST005,QAR,PRK.1008,Chocolate Croissant,16,208,208,13
06/01/2022,GRA,ST005,QAR,PRK.1010,Tomato Puff Pastry,16,480,480,30
06/01/2022,GRA,ST005,QAR,PRK.1012,Three Berry Yogurt & Date,25,225,225,9
06/01/2022,GRA,ST005,QAR,PRK.1015,Kiri Cheese Danish,14,518,518,37
06/01/2022,GRA,ST005,QAR,PRK.1016,Plain Croissant,10,360,360,36
06/01/2022,GRA,ST005,QAR,PRK.1020,Almond Croissant,16,240,240,15
06/01/2022,GRA,ST005,QAR,PRK.1021,Shirazi Salad,12,420,420,35
06/01/2022,GRA,ST005,QAR,PRK.1023,Falafel Salad,35,1190,1190,34
06/01/2022,GRA,ST005,QAR,PRK.1024,Quinoa Swt potato Salad,40,600,600,15
06/01/2022,GRA,ST005,QAR,PRK.1027,Mex Chkn Chilli Bean Sld,40,1360,1360,34
06/01/2022,GRA,ST005,QAR,PRK.1029,Burrata Salad,50,1000,1000,20
06/01/2022,GRA,ST005,QAR,PRK.1031,Teriyaki GRAZE Salmn,55,3410,3410,62
06/01/2022,GRA,ST005,QAR,PRK.1034,BBQ Chick Peas,38,1254,1254,33
06/01/2022,GRA,ST005,QAR,PRK.1039,Keto Chicken Salad,40,1440,1440,36
06/01/2022,GRA,ST005,QAR,PRK.1044,Southern Chicken Salad,45,585,585,13
06/01/2022,GRA,ST005,QAR,PRK.1048,Mexican  Caesar Salad chk,39,2730,2730,70
06/01/2022,GRA,ST005,QAR,PRK.1049,ROCCA SALAD,22,1056,1056,48
06/01/2022,GRA,ST005,QAR,PRK.1052,Smoke Turkey Sandwich,34,2618,2618,77
06/01/2022,GRA,ST005,QAR,PRK.1054,lemon&Rosemary Chkn,36,2952,2952,82
06/01/2022,GRA,ST005,QAR,PRK.1057,Steak & Philly Chz SW,32,1440,1440,45
06/01/2022,GRA,ST005,QAR,PRK.1063,Egg Mayo with Rocket,20,760,760,38
06/01/2022,GRA,ST005,QAR,PRK.1068,Crispy Chicken Bun,24,696,696,29
06/01/2022,GRA,ST005,QAR,PRK.1069,Spicy Courgette Falafel W,24,48,48,2
06/01/2022,GRA,ST005,QAR,PRK.1070,Chicken Pesto & Mozzarell,32,1696,1696,53
06/01/2022,GRA,ST005,QAR,PRK.1075,Avocado Toast,40,760,760,19
06/01/2022,GRA,ST005,QAR,PRK.1077,Spicy Halloumi,38,418,418,11
06/01/2022,GRA,ST005,QAR,PRK.1078,Graze Breakfast (egg box),32,736,736,23
06/01/2022,GRA,ST005,QAR,PRK.1083,Chkn Soup,19,513,513,27
06/01/2022,GRA,ST005,QAR,PRK.1086,Lamb Soup,28,84,84,3
06/01/2022,GRA,ST005,QAR,PRK.1087,Lentil Soup,20,660,660,33
06/01/2022,GRA,ST005,QAR,PRK.1111,Penne Bolognese,50,1200,1200,24
06/01/2022,GRA,ST005,QAR,PRK.1113,Chkn Katsu Curry,45,4005,4005,89
06/01/2022,GRA,ST005,QAR,PRK.1115,Mushroom Pasta,40,1760,1760,44
06/01/2022,GRA,ST005,QAR,PRK.1118,Steak With Mushroom Sauce,45,2745,2745,61
06/01/2022,GRA,ST005,QAR,PRK.1119,Chicken Biryani,45,4815,4815,107
06/01/2022,GRA,ST005,QAR,PRK.1121,Chinese Sesame Chicken,40,4600,4600,115
06/01/2022,GRA,ST005,QAR,PRK.1127,Rock Shrimp,45,2385,2385,53
06/01/2022,GRA,ST005,QAR,PRK.1133,Lamb  Kabsa,45,2565,2565,57
06/01/2022,GRA,ST005,QAR,PRK.1140,Chicken Curry & Saffron r,43,2279,2279,53
06/01/2022,GRA,ST005,QAR,PRK.1145,Yoghurt & Cucumber dip,12,180,180,15
06/01/2022,GRA,ST005,QAR,PRK.1146,Spicy Guacamole Pot,13,364,364,28
06/01/2022,GRA,ST005,QAR,PRK.1149,Edamame Pot,12,264,264,22
06/01/2022,GRA,ST005,QAR,PRK.1155,Classic hummus pot,18,36,36,2
06/01/2022,GRA,ST005,QAR,PRK.1159,Greek Tabbouleh,20,340,340,17
06/01/2022,GRA,ST005,QAR,PRK.1160,Egg pot,16,48,48,3
06/01/2022,GRA,ST005,QAR,PRK.1161,Labneh Beetroot,28,112,112,4
06/01/2022,GRA,ST005,QAR,PRK.1173,Choco Chia Energy Ball,30,600,600,20
06/01/2022,GRA,ST005,QAR,PRK.1175,Pecan Bars,14,196,196,14
06/01/2022,GRA,ST005,QAR,PRK.1177,Carrot Cake,15,570,570,38
06/01/2022,GRA,ST005,QAR,PRK.1178,Sweet Potatoe Choco Cake,15,555,555,37
06/01/2022,GRA,ST005,QAR,PRK.1180,Tropical Fruits,18,108,108,6
06/01/2022,GRA,ST005,QAR,PRK.1181,Green Apple,2,16,16,8
06/01/2022,GRA,ST005,QAR,PRK.1182,Red Apple,2,8,8,4
06/01/2022,GRA,ST005,QAR,PRK.1183,Bannana,2,100,100,50
06/01/2022,GRA,ST005,QAR,PRK.1184,Watermelon,18,1224,1224,68
06/01/2022,GRA,ST005,QAR,PRK.1185,Pineapplemix,18,864,864,48
06/01/2022,GRA,ST005,QAR,PRK.1186,Mixed Berries,22,1584,1584,72
06/01/2022,GRA,ST005,QAR,PRK.1194,Lotus Cheesecake,15,255,255,17
06/01/2022,GRA,ST005,QAR,PRK.1196,Chia Blueberry Yodurt,24,240,240,10
06/01/2022,GRA,ST005,QAR,PRK.1201,Iced Flat White,18,270,270,15
06/01/2022,GRA,ST005,QAR,PRK.1203,Iced Spanish Latte,20,2540,2540,127
06/01/2022,GRA,ST005,QAR,PRK.1204,Iced Latte,18,828,828,46
06/01/2022,GRA,ST005,QAR,PRK.1205,Iced Americano,15,870,870,58
06/01/2022,GRA,ST005,QAR,PRK.1234,Pepperoni Pizza small,40,80,80,2
06/01/2022,GRA,ST005,QAR,PRK.1236,BBQ chicken Pizza small,35,105,105,3
06/01/2022,GRA,ST005,QAR,PRK.1262,Highland Still,5,1760,1760,352
06/01/2022,GRA,ST005,QAR,PRK.1265,Perrier Sparkling,9,324,324,36
06/01/2022,GRA,ST005,QAR,PRK.1291,Coke,5,310,310,62
06/01/2022,GRA,ST005,QAR,PRK.1292,Diet Coke,5,405,405,81
06/01/2022,GRA,ST005,QAR,PRK.1321,Mini Cup /Pina Colada,14,560,560,40
06/01/2022,GRA,ST005,QAR,PRK.1322,Regular Cup / Pina Colada,21,315,315,15
06/01/2022,GRA,ST005,QAR,PRK.1323,Large cup /Pina Colada,23,207,207,9
06/01/2022,GRA,ST005,QAR,PRK.1324,Mini Pina Colada/Topping,18,504,504,28
06/01/2022,GRA,ST005,QAR,PRK.1325,Regular Pina Colada/Toppi,26,182,182,7
06/01/2022,GRA,ST005,QAR,PRK.1326,Large Pina Colada/Topping,30,240,240,8
06/01/2022,GRA,ST005,QAR,PRK.1330,Stay Home w/ Graze R 4X1,130,130,130,1
06/01/2022,GRA,ST005,QAR,PRK.1332,Stay Home w/ Graze R 8 X1,240,240,240,1
06/01/2022,GRA,ST005,QAR,PRK.1334,Stay Home w/Graze M12 X1,240,240,240,1
06/01/2022,GRA,ST005,QAR,PRK.1351,Espresso Single,12,96,96,8
06/01/2022,GRA,ST005,QAR,PRK.1352,Macchiato,18,18,18,1
06/01/2022,GRA,ST005,QAR,PRK.1353,Americano Hot,15,1200,1200,80
06/01/2022,GRA,ST005,QAR,PRK.1354,Flat White Hot,18,864,864,48
06/01/2022,GRA,ST005,QAR,PRK.1355,Cappucino,18,1206,1206,67
06/01/2022,GRA,ST005,QAR,PRK.1356,Cortado,18,126,126,7
06/01/2022,GRA,ST005,QAR,PRK.1358,Spanish Latte,20,1360,1360,68
06/01/2022,GRA,ST005,QAR,PRK.1359,Classic Mocha,25,350,350,14
06/01/2022,GRA,ST005,QAR,PRK.1360,Slated Caramel Mocha,25,275,275,11
06/01/2022,GRA,ST005,QAR,PRK.1361,Extra Shot,0,0,0,1
06/01/2022,GRA,ST005,QAR,PRK.1362,Double Espresso,14,154,154,11
06/01/2022,GRA,ST005,QAR,PRK.1363,Latte Hot,18,1314,1314,73
06/01/2022,GRA,ST005,QAR,PRK.1364,English B/F,12,168,168,14
06/01/2022,GRA,ST005,QAR,PRK.1365,Green Tea,12,48,48,4
06/01/2022,GRA,ST005,QAR,PRK.1372,Hot Cocoa,24,456,456,19
06/01/2022,GRA,ST005,QAR,PRK.1373,Hibiscus Iced tea,18,486,486,27
06/01/2022,GRA,ST005,QAR,PRK.1374,Graze Peach Iced Tea,18,360,360,20
06/01/2022,GRA,ST005,QAR,PRK.1375,Matcha Latte,25,200,200,8
06/01/2022,GRA,ST005,QAR,PRK.1376,Cinnamon Latte,25,200,200,8
06/01/2022,GRA,ST005,QAR,PRK.1386,Orange Juice,22,3366,3366,153
06/01/2022,GRA,ST005,QAR,PRK.1387,Carrot Juice,22,638,638,29
06/01/2022,GRA,ST005,QAR,PRK.1390,Morning Boost,24,1320,1320,55
06/01/2022,GRA,ST005,QAR,PRK.1392,Immune Boost,22,704,704,32
06/01/2022,GRA,ST005,QAR,PRK.1396,Ginger Aid Shot,18,1584,1584,88
06/01/2022,GRA,ST005,QAR,PRK.1402,Laban Drink,18,450,450,25
06/01/2022,GRA,ST005,QAR,PRK.1404,Green Boost Juice,24,768,768,32
06/01/2022,GRA,ST005,QAR,PRK.1405,Watermelon & coconut cool,20,300,300,15
06/01/2022,GRA,ST005,QAR,PRK.1406,Beetroot & Apple Juice,20,940,940,47
06/01/2022,GRA,ST005,QAR,PRK.1407,Coconut & Pineapple Juice,24,120,120,5
06/01/2022,GRA,ST005,QAR,PRK.1409,Turmeric wellness shot,16,320,320,20
06/01/2022,GRA,ST005,QAR,PRK.1412, Mini Cup Yogurt,14,1078,1078,77
06/01/2022,GRA,ST005,QAR,PRK.1413,Regular Cup Yogurt,21,399,399,19
06/01/2022,GRA,ST005,QAR,PRK.1416,Large Cup Yogurt,23,368,368,16
06/01/2022,GRA,ST005,QAR,PRK.1418, Mini Cup Yogurt/Topping,18,1188,1188,66
06/01/2022,GRA,ST005,QAR,PRK.1419,Reg Cup Yogurt/Toping,26,858,858,33
06/01/2022,GRA,ST005,QAR,PRK.1422,Large Cup Yogurt/Topping,30,120,120,4
06/01/2022,GRA,ST005,QAR,PRK.1429,Mini Mango Ice Cream,14,3290,3290,235
06/01/2022,GRA,ST005,QAR,PRK.1430,Regular Mango Ice Cream,21,2625,2625,125
06/01/2022,GRA,ST005,QAR,PRK.1431,Large Mango Ice Cream,23,575,575,25
06/01/2022,GRA,ST005,QAR,PRK.1432,Mini Mango Ice Cream/Topp,18,2124,2124,118
06/01/2022,GRA,ST005,QAR,PRK.1433,Reg Mango Ice cream/Topp,26,2106,2106,81
06/01/2022,GRA,ST005,QAR,PRK.1434,Large Mango Ice Cream/Top,30,960,960,32
06/01/2022,GRA,ST005,QAR,PRK.1435,Mini Cup Milky Ice Cream,14,882,882,63
06/01/2022,GRA,ST005,QAR,PRK.1436,Reg Cup Milky Ice Cream,21,399,399,19
06/01/2022,GRA,ST005,QAR,PRK.1437,Lrge Cup Milky Ice Cream,23,115,115,5
06/01/2022,GRA,ST005,QAR,PRK.1438,Mini Cup Milky Ice C/Top,18,648,648,36
06/01/2022,GRA,ST005,QAR,PRK.1439,Reg Cup Milky Ice Cre/Top,26,494,494,19
06/01/2022,GRA,ST005,QAR,PRK.1464,Fresh Pineapple,3,9,9,3
06/01/2022,GRA,ST005,QAR,PRK.1469,Kiwi Fruit,3,3,3,1
06/01/2022,GRA,ST005,QAR,PRK.1470,Lotus Biscuit,3,3,3,1
06/01/2022,GRA,ST005,QAR,PRK.1471,NOODLES BOWL,45,810,810,18
06/01/2022,GRA,ST005,QAR,PRK.1472,CHICKEN CURRY & RICE,48,960,960,20
06/01/2022,GRA,ST005,QAR,PRK.1473,BEEF STROGANOFF,50,750,750,15
06/01/2022,GRA,ST005,QAR,PRK.1501,pomegranate,3,6,6,2
06/01/2022,GRA,ST005,QAR,PRK.1502,Strawberry,3,21,21,7
06/01/2022,GRA,ST005,QAR,PRK.1505,Salted Caramel,3,3,3,1
06/01/2022,GRA,ST005,QAR,PRK.1507,Crispy Crepe,3,24,24,8
06/01/2022,GRA,ST005,QAR,PRK.1508,Granola,3,6,6,2
06/01/2022,GRA,ST005,QAR,PRK.1509,Coconut Flakes,3,18,18,6
06/01/2022,GRA,ST005,QAR,PRK.1510,Crushed Graham,3,3,3,1
06/01/2022,GRA,ST005,QAR,PRK.1514,Dulce de Leche,3,15,15,5
06/01/2022,GRA,ST005,QAR,PRK.1520,Mixed Berries Sauce,3,6,6,2
06/01/2022,GRA,ST005,QAR,PRK.1521,Mango Sauce,3,15,15,5
06/01/2022,GRA,ST005,QAR,PRK.1527,Mango,3,30,30,10
06/01/2022,GRA,ST005,QAR,PRK.1531,Power Shake,35,700,700,20
06/01/2022,GRA,ST005,QAR,PRK.1532,Peanut Power Shake,35,245,245,7
06/01/2022,GRA,ST005,QAR,PRK.1533,Pre-workout protein shak,45,135,135,3
06/01/2022,GRA,ST005,QAR,PRK.1534,Choco Power Shake,35,280,280,8
06/01/2022,GRA,ST005,QAR,PRK.1536,Energizer protine Shakes,45,270,270,6
06/01/2022,GRA,ST005,QAR,PRK.1538,Pre-workout shake,35,175,175,5
06/01/2022,GRA,ST005,QAR,PRK.1540,Energizer shakes,35,210,210,6
06/01/2022,GRA,ST005,QAR,PRK.1542,14oz Pre-work out Protein,40,440,440,11
06/01/2022,GRA,ST005,QAR,PRK.1544,14oz Essential protine,40,40,40,1
06/01/2022,GRA,ST005,QAR,PRK.1545,14oz Energizer protine,40,160,160,4
06/01/2022,GRA,ST005,QAR,PRK.1546,14oz Pre-workout shake,30,150,150,5
06/01/2022,GRA,ST005,QAR,PRK.1548,14oz Energizer shakes,30,780,780,26
06/01/2022,GRA,ST005,QAR,PRK.1550,Extra Protein,10,20,20,2
06/01/2022,GRA,ST005,QAR,PRK.1587,Supersize,45,225,225,5
06/01/2022,GRA,ST005,QAR,PRK.1621,Orange loaf,12,48,48,4
06/01/2022,GRA,ST005,QAR,PRK.1623,Brownie flavour cookies,10,1100,1100,110
06/01/2022,GRA,ST005,QAR,PRK.1626,Cinnamon Roll,13,156,156,12
06/01/2022,GRA,ST005,QAR,PRK.1627,Custard Raisin Roll,14,70,70,5
06/01/2022,GRA,ST005,QAR,PRK.1628,Brownie bites,13,364,364,28
06/01/2022,GRA,ST005,QAR,PRK.1632,Turkey cheese roll,19,380,380,20
06/01/2022,GRA,ST005,QAR,PRK.1633,Spinach feta roll,18,306,306,17
06/01/2022,GRA,ST005,QAR,PRK.1651,PB & Jam sourdough bread,18,288,288,16
06/01/2022,GRA,ST005,QAR,PRK.1655,Graze Oatmeal,30,810,810,27
06/01/2022,GRA,ST005,QAR,PRK.1681,Salted Caramel Mocha,24,432,432,18
06/01/2022,GRA,ST005,QAR,PRK.1682,Matcha Frappe,26,1430,1430,55
06/01/2022,GRA,ST005,QAR,PRK.1711,Pomegranate Pot,18,450,450,25
06/01/2022,GRA,ST005,QAR,PRK.1712,Mango Peach Muesli Pot,24,120,120,5
06/01/2022,GRA,ST005,QAR,PRK.1713,Overnight oats PB&Jam,25,300,300,12
06/01/2022,GRA,ST005,QAR,PRK.1741,Spicy Tuna sandwich,26,676,676,26
06/01/2022,GRA,ST005,QAR,PRK.1742,Three cheese,22,638,638,29
06/01/2022,GRA,ST005,QAR,PRK.1743,Falafel and Labna,25,450,450,18
06/01/2022,GRA,ST005,QAR,PRK.1746,GRAZE CLUB SANDWICH,42,588,588,14
06/01/2022,GRA,ST005,QAR,PRK.1747,BEEF BURGER,35,210,210,6
06/01/2022,GRA,ST005,QAR,PRK.1771,Pistachio Arabeshi,5,460,460,92
06/01/2022,GRA,ST005,QAR,PRK.1772,Fresh Raspberry,5,325,325,65
06/01/2022,GRA,ST005,QAR,PRK.1773,Fresh blueberry,5,335,335,67
06/01/2022,GRA,ST005,QAR,PRK.1774,Chocolate Flakes,5,190,190,38
06/01/2022,GRA,ST005,QAR,PRK.1775,Honey Comb,5,70,70,14
06/01/2022,GRA,ST005,QAR,PRK.4501,Full Fat Milk,0,0,0,3
06/01/2022,GRA,ST005,QAR,PRK.4502,Low Fat Milk,0,0,0,51
06/01/2022,GRA,ST005,QAR,PRK.4503,Almond Milk,2,124,124,62
06/01/2022,GRA,ST005,QAR,PRK.4504,Soya Milk,2,44,44,22
06/01/2022,GRA,ST005,QAR,PRK.4509,Double Shot,0,0,0,6
06/01/2022,GRA,ST005,QAR,PRK.4516,Decaf,0,0,0,10
06/01/2022,GRA,ST005,QAR,PRK.4517,Vanilla Flavor,0,0,0,3
06/01/2022,GRA,ST005,QAR,PRK.4519,caramel flavor,0,0,0,3
06/01/2022,GRA,ST005,QAR,PRK.4520,hazelnut flavor,0,0,0,1
06/01/2022,GRA,ST005,QAR,PRK.4531,w/ Granola,0,0,0,35
06/01/2022,GRA,ST005,QAR,PRK.4533,w/ Pretzel,0,0,0,10
06/01/2022,GRA,ST005,QAR,PRK.4534,w/ Coconut Flakes,0,0,0,51
06/01/2022,GRA,ST005,QAR,PRK.4535,w/ Crispy Crepe,0,0,0,81
06/01/2022,GRA,ST005,QAR,PRK.4537,w/ Mixed Berries Sauce,0,0,0,8
06/01/2022,GRA,ST005,QAR,PRK.4541,w/ Strawberry,0,0,0,171
06/01/2022,GRA,ST005,QAR,PRK.4543,w/ Salted Caramel,0,0,0,23
06/01/2022,GRA,ST005,QAR,PRK.4544,w/ Pomegranate,0,0,0,69
06/01/2022,GRA,ST005,QAR,PRK.4545,w/ Dulce de leche,0,0,0,4
06/01/2022,GRA,ST005,QAR,PRK.4549,w/ Mango Sauce,0,0,0,5
06/01/2022,GRA,ST005,QAR,PRK.4550,w/ Mango,0,0,0,195
06/01/2022,GRA,ST005,QAR,PRK.4552,w/ Crushed Grahams,0,0,0,15
06/01/2022,GRA,ST005,QAR,PRK.4556,w/ Fresh Pineapple,0,0,0,20
06/01/2022,GRA,ST005,QAR,PRK.4557,w/ Kiwi Fruit,0,0,0,16
06/01/2022,GRA,ST005,QAR,PRK.4558,w/ Lotus Biscuit,0,0,0,44
06/01/2022,GRA,ST005,QAR,PRK.4561,MIXED FROZEN YOGURT,0,0,0,38
06/01/2022,GRA,ST005,QAR,PRK.4562,MIXED MANGO YOGURT,0,0,0,45
06/01/2022,GRA,ST005,QAR,PRK.4564,MIXED MILKY ICE CREAM,0,0,0,2
