DATE,BRANCHCODE,WAREHOUSECODE,CURRENCY,ERPCODE,ITEMNAME,RAWPRICE,GROSSAMT,NETVALUE,QTYSOLD
04/01/2022,GRA,ST005,QAR,PRK.902,Granola,55,110,110,2
04/01/2022,GRA,ST005,QAR,PRK.904,Graze House Mix,55,55,55,1
04/01/2022,GRA,ST005,QAR,PRK.907,Zaatar Chips,6,102,102,17
04/01/2022,GRA,ST005,QAR,PRK.909,Spicy Pesto Chips,6,54,54,9
04/01/2022,GRA,ST005,QAR,PRK.910,Graze Spicy Mix Sml,25,75,75,3
04/01/2022,GRA,ST005,QAR,PRK.911,Graze House Mix Sml,25,100,100,4
04/01/2022,GRA,ST005,QAR,PRK.962,Extra flavor,3,93,93,31
04/01/2022,GRA,ST005,QAR,PRK.963,Crispy bread,2,2,2,1
04/01/2022,GRA,ST005,QAR,PRK.996,Blueberry Granola parfait,25,75,75,3
04/01/2022,GRA,ST005,QAR,PRK.997,Yog Dates Chia Pista Alm,22,198,198,9
04/01/2022,GRA,ST005,QAR,PRK.1003,Cheese Croissant,16,16,16,1
04/01/2022,GRA,ST005,QAR,PRK.1008,Chocolate Croissant,16,32,32,2
04/01/2022,GRA,ST005,QAR,PRK.1010,Tomato Puff Pastry,16,16,16,1
04/01/2022,GRA,ST005,QAR,PRK.1012,Three Berry Yogurt & Date,25,150,150,6
04/01/2022,GRA,ST005,QAR,PRK.1015,Kiri Cheese Danish,14,42,42,3
04/01/2022,GRA,ST005,QAR,PRK.1016,Plain Croissant,10,70,70,7
04/01/2022,GRA,ST005,QAR,PRK.1020,Almond Croissant,16,64,64,4
04/01/2022,GRA,ST005,QAR,PRK.1021,Shirazi Salad,12,12,12,1
04/01/2022,GRA,ST005,QAR,PRK.1023,Falafel Salad,35,385,385,11
04/01/2022,GRA,ST005,QAR,PRK.1024,Quinoa Swt potato Salad,40,40,40,1
04/01/2022,GRA,ST005,QAR,PRK.1027,Mex Chkn Chilli Bean Sld,40,920,920,23
04/01/2022,GRA,ST005,QAR,PRK.1029,Burrata Salad,50,200,200,4
04/01/2022,GRA,ST005,QAR,PRK.1031,Teriyaki GRAZE Salmn,55,1540,1540,28
04/01/2022,GRA,ST005,QAR,PRK.1034,BBQ Chick Peas,38,570,570,15
04/01/2022,GRA,ST005,QAR,PRK.1039,Keto Chicken Salad,40,1040,1040,26
04/01/2022,GRA,ST005,QAR,PRK.1044,Southern Chicken Salad,45,495,495,11
04/01/2022,GRA,ST005,QAR,PRK.1048,Mexican  Caesar Salad chk,39,1716,1716,44
04/01/2022,GRA,ST005,QAR,PRK.1049,ROCCA SALAD,22,418,418,19
04/01/2022,GRA,ST005,QAR,PRK.1052,Smoke Turkey Sandwich,34,850,850,25
04/01/2022,GRA,ST005,QAR,PRK.1054,lemon&Rosemary Chkn,36,1008,1008,28
04/01/2022,GRA,ST005,QAR,PRK.1057,Steak & Philly Chz SW,32,512,512,16
04/01/2022,GRA,ST005,QAR,PRK.1063,Egg Mayo with Rocket,20,240,240,12
04/01/2022,GRA,ST005,QAR,PRK.1068,Crispy Chicken Bun,24,744,744,31
04/01/2022,GRA,ST005,QAR,PRK.1069,Spicy Courgette Falafel W,24,72,72,3
04/01/2022,GRA,ST005,QAR,PRK.1070,Chicken Pesto & Mozzarell,32,896,896,28
04/01/2022,GRA,ST005,QAR,PRK.1083,Chkn Soup,19,399,399,21
04/01/2022,GRA,ST005,QAR,PRK.1086,Lamb Soup,28,84,84,3
04/01/2022,GRA,ST005,QAR,PRK.1087,Lentil Soup,20,280,280,14
04/01/2022,GRA,ST005,QAR,PRK.1111,Penne Bolognese,50,250,250,5
04/01/2022,GRA,ST005,QAR,PRK.1113,Chkn Katsu Curry,45,1575,1575,35
04/01/2022,GRA,ST005,QAR,PRK.1115,Mushroom Pasta,40,720,720,18
04/01/2022,GRA,ST005,QAR,PRK.1118,Steak With Mushroom Sauce,45,1125,1125,25
04/01/2022,GRA,ST005,QAR,PRK.1119,Chicken Biryani,45,1620,1620,36
04/01/2022,GRA,ST005,QAR,PRK.1121,Chinese Sesame Chicken,40,1760,1760,44
04/01/2022,GRA,ST005,QAR,PRK.1127,Rock Shrimp,45,1125,1125,25
04/01/2022,GRA,ST005,QAR,PRK.1133,Lamb  Kabsa,45,1035,1035,23
04/01/2022,GRA,ST005,QAR,PRK.1140,Chicken Curry & Saffron r,43,516,516,12
04/01/2022,GRA,ST005,QAR,PRK.1141,CRAB BOWL,28,84,84,3
04/01/2022,GRA,ST005,QAR,PRK.1145,Yoghurt & Cucumber dip,12,36,36,3
04/01/2022,GRA,ST005,QAR,PRK.1146,Spicy Guacamole Pot,13,117,117,9
04/01/2022,GRA,ST005,QAR,PRK.1149,Edamame Pot,12,60,60,5
04/01/2022,GRA,ST005,QAR,PRK.1159,Greek Tabbouleh,20,40,40,2
04/01/2022,GRA,ST005,QAR,PRK.1161,Labneh Beetroot,28,196,196,7
04/01/2022,GRA,ST005,QAR,PRK.1173,Choco Chia Energy Ball,30,690,690,23
04/01/2022,GRA,ST005,QAR,PRK.1175,Pecan Bars,14,224,224,16
04/01/2022,GRA,ST005,QAR,PRK.1177,Carrot Cake,15,285,285,19
04/01/2022,GRA,ST005,QAR,PRK.1178,Sweet Potatoe Choco Cake,15,285,285,19
04/01/2022,GRA,ST005,QAR,PRK.1181,Green Apple,2,6,6,3
04/01/2022,GRA,ST005,QAR,PRK.1182,Red Apple,2,8,8,4
04/01/2022,GRA,ST005,QAR,PRK.1183,Bannana,2,46,46,23
04/01/2022,GRA,ST005,QAR,PRK.1184,Watermelon,18,180,180,10
04/01/2022,GRA,ST005,QAR,PRK.1185,Pineapplemix,18,126,126,7
04/01/2022,GRA,ST005,QAR,PRK.1186,Mixed Berries,22,66,66,3
04/01/2022,GRA,ST005,QAR,PRK.1194,Lotus Cheesecake,15,240,240,16
04/01/2022,GRA,ST005,QAR,PRK.1201,Iced Flat White,18,252,252,14
04/01/2022,GRA,ST005,QAR,PRK.1203,Iced Spanish Latte,20,3660,3660,183
04/01/2022,GRA,ST005,QAR,PRK.1204,Iced Latte,18,1026,1026,57
04/01/2022,GRA,ST005,QAR,PRK.1205,Iced Americano,15,930,930,62
04/01/2022,GRA,ST005,QAR,PRK.1235,Margherita Pizza small,30,30,30,1
04/01/2022,GRA,ST005,QAR,PRK.1262,Highland Still,5,1725,1725,345
04/01/2022,GRA,ST005,QAR,PRK.1265,Perrier Sparkling,9,252,252,28
04/01/2022,GRA,ST005,QAR,PRK.1291,Coke,5,185,185,37
04/01/2022,GRA,ST005,QAR,PRK.1292,Diet Coke,5,205,205,41
04/01/2022,GRA,ST005,QAR,PRK.1349,Graze complimntry Ice Box,0,0,0,18
04/01/2022,GRA,ST005,QAR,PRK.1351,Espresso Single,12,228,228,19
04/01/2022,GRA,ST005,QAR,PRK.1352,Macchiato,18,90,90,5
04/01/2022,GRA,ST005,QAR,PRK.1353,Americano Hot,15,1020,1020,68
04/01/2022,GRA,ST005,QAR,PRK.1354,Flat White Hot,18,1746,1746,97
04/01/2022,GRA,ST005,QAR,PRK.1355,Cappucino,18,1260,1260,70
04/01/2022,GRA,ST005,QAR,PRK.1356,Cortado,18,234,234,13
04/01/2022,GRA,ST005,QAR,PRK.1358,Spanish Latte,20,2400,2400,120
04/01/2022,GRA,ST005,QAR,PRK.1359,Classic Mocha,25,200,200,8
04/01/2022,GRA,ST005,QAR,PRK.1360,Slated Caramel Mocha,25,400,400,16
04/01/2022,GRA,ST005,QAR,PRK.1362,Double Espresso,14,280,280,20
04/01/2022,GRA,ST005,QAR,PRK.1363,Latte Hot,18,1224,1224,68
04/01/2022,GRA,ST005,QAR,PRK.1364,English B/F,12,48,48,4
04/01/2022,GRA,ST005,QAR,PRK.1365,Green Tea,12,132,132,11
04/01/2022,GRA,ST005,QAR,PRK.1372,Hot Cocoa,24,216,216,9
04/01/2022,GRA,ST005,QAR,PRK.1373,Hibiscus Iced tea,18,450,450,25
04/01/2022,GRA,ST005,QAR,PRK.1374,Graze Peach Iced Tea,18,108,108,6
04/01/2022,GRA,ST005,QAR,PRK.1375,Matcha Latte,25,175,175,7
04/01/2022,GRA,ST005,QAR,PRK.1376,Cinnamon Latte,25,150,150,6
04/01/2022,GRA,ST005,QAR,PRK.1386,Orange Juice,22,858,858,39
04/01/2022,GRA,ST005,QAR,PRK.1387,Carrot Juice,22,220,220,10
04/01/2022,GRA,ST005,QAR,PRK.1390,Morning Boost,24,408,408,17
04/01/2022,GRA,ST005,QAR,PRK.1392,Immune Boost,22,374,374,17
04/01/2022,GRA,ST005,QAR,PRK.1396,Ginger Aid Shot,18,486,486,27
04/01/2022,GRA,ST005,QAR,PRK.1402,Laban Drink,18,324,324,18
04/01/2022,GRA,ST005,QAR,PRK.1403,Vimto Juice,18,396,396,22
04/01/2022,GRA,ST005,QAR,PRK.1404,Green Boost Juice,24,192,192,8
04/01/2022,GRA,ST005,QAR,PRK.1405,Watermelon & coconut cool,20,20,20,1
04/01/2022,GRA,ST005,QAR,PRK.1406,Beetroot & Apple Juice,20,140,140,7
04/01/2022,GRA,ST005,QAR,PRK.1407,Coconut & Pineapple Juice,24,120,120,5
04/01/2022,GRA,ST005,QAR,PRK.1409,Turmeric wellness shot,16,32,32,2
04/01/2022,GRA,ST005,QAR,PRK.1412, Mini Cup Yogurt,14,798,798,57
04/01/2022,GRA,ST005,QAR,PRK.1413,Regular Cup Yogurt,21,357,357,17
04/01/2022,GRA,ST005,QAR,PRK.1416,Large Cup Yogurt,23,92,92,4
04/01/2022,GRA,ST005,QAR,PRK.1418, Mini Cup Yogurt/Topping,18,1080,1080,60
04/01/2022,GRA,ST005,QAR,PRK.1419,Reg Cup Yogurt/Toping,26,884,884,34
04/01/2022,GRA,ST005,QAR,PRK.1422,Large Cup Yogurt/Topping,30,210,210,7
04/01/2022,GRA,ST005,QAR,PRK.1423,Mini Cup Choco Ice cream,14,98,98,7
04/01/2022,GRA,ST005,QAR,PRK.1424,Reg.Cup Choco Ice Cream,20,20,20,1
04/01/2022,GRA,ST005,QAR,PRK.1429,Mini Mango Ice Cream,14,2394,2394,171
04/01/2022,GRA,ST005,QAR,PRK.1430,Regular Mango Ice Cream,21,1260,1260,60
04/01/2022,GRA,ST005,QAR,PRK.1431,Large Mango Ice Cream,23,368,368,16
04/01/2022,GRA,ST005,QAR,PRK.1432,Mini Mango Ice Cream/Topp,18,1548,1548,86
04/01/2022,GRA,ST005,QAR,PRK.1433,Reg Mango Ice cream/Topp,26,1378,1378,53
04/01/2022,GRA,ST005,QAR,PRK.1434,Large Mango Ice Cream/Top,30,450,450,15
04/01/2022,GRA,ST005,QAR,PRK.1435,Mini Cup Milky Ice Cream,14,504,504,36
04/01/2022,GRA,ST005,QAR,PRK.1436,Reg Cup Milky Ice Cream,21,378,378,18
04/01/2022,GRA,ST005,QAR,PRK.1437,Lrge Cup Milky Ice Cream,23,138,138,6
04/01/2022,GRA,ST005,QAR,PRK.1438,Mini Cup Milky Ice C/Top,18,342,342,19
04/01/2022,GRA,ST005,QAR,PRK.1439,Reg Cup Milky Ice Cre/Top,26,260,260,10
04/01/2022,GRA,ST005,QAR,PRK.1440,Lrge Cup Milky Ice Cr/Top,30,60,60,2
04/01/2022,GRA,ST005,QAR,PRK.1470,Lotus Biscuit,3,6,6,2
04/01/2022,GRA,ST005,QAR,PRK.1471,NOODLES BOWL,45,765,765,17
04/01/2022,GRA,ST005,QAR,PRK.1472,CHICKEN CURRY & RICE,48,720,720,15
04/01/2022,GRA,ST005,QAR,PRK.1473,BEEF STROGANOFF,50,500,500,10
04/01/2022,GRA,ST005,QAR,PRK.1501,pomegranate,3,12,12,4
04/01/2022,GRA,ST005,QAR,PRK.1502,Strawberry,3,12,12,4
04/01/2022,GRA,ST005,QAR,PRK.1505,Salted Caramel,3,6,6,2
04/01/2022,GRA,ST005,QAR,PRK.1506,Pretzel,3,3,3,1
04/01/2022,GRA,ST005,QAR,PRK.1507,Crispy Crepe,3,12,12,4
04/01/2022,GRA,ST005,QAR,PRK.1508,Granola,3,9,9,3
04/01/2022,GRA,ST005,QAR,PRK.1509,Coconut Flakes,3,3,3,1
04/01/2022,GRA,ST005,QAR,PRK.1510,Crushed Graham,3,6,6,2
04/01/2022,GRA,ST005,QAR,PRK.1514,Dulce de Leche,3,3,3,1
04/01/2022,GRA,ST005,QAR,PRK.1527,Mango,3,3,3,1
04/01/2022,GRA,ST005,QAR,PRK.1531,Power Shake,35,1190,1190,34
04/01/2022,GRA,ST005,QAR,PRK.1532,Peanut Power Shake,35,630,630,18
04/01/2022,GRA,ST005,QAR,PRK.1533,Pre-workout protein shak,45,45,45,1
04/01/2022,GRA,ST005,QAR,PRK.1534,Choco Power Shake,35,245,245,7
04/01/2022,GRA,ST005,QAR,PRK.1536,Energizer protine Shakes,45,135,135,3
04/01/2022,GRA,ST005,QAR,PRK.1538,Pre-workout shake,35,140,140,4
04/01/2022,GRA,ST005,QAR,PRK.1540,Energizer shakes,35,105,105,3
04/01/2022,GRA,ST005,QAR,PRK.1542,14oz Pre-work out Protein,40,320,320,8
04/01/2022,GRA,ST005,QAR,PRK.1545,14oz Energizer protine,40,320,320,8
04/01/2022,GRA,ST005,QAR,PRK.1546,14oz Pre-workout shake,30,90,90,3
04/01/2022,GRA,ST005,QAR,PRK.1548,14oz Energizer shakes,30,390,390,13
04/01/2022,GRA,ST005,QAR,PRK.1550,Extra Protein,10,20,20,2
04/01/2022,GRA,ST005,QAR,PRK.1580,Ogaily cardamom ice cream,25,2600,2600,104
04/01/2022,GRA,ST005,QAR,PRK.1587,Supersize,45,45,45,1
04/01/2022,GRA,ST005,QAR,PRK.1621,Orange loaf,12,72,72,6
04/01/2022,GRA,ST005,QAR,PRK.1623,Brownie flavour cookies,10,1040,1040,104
04/01/2022,GRA,ST005,QAR,PRK.1628,Brownie bites,13,637,637,49
04/01/2022,GRA,ST005,QAR,PRK.1651,PB & Jam sourdough bread,18,72,72,4
04/01/2022,GRA,ST005,QAR,PRK.1681,Salted Caramel Mocha,24,504,504,21
04/01/2022,GRA,ST005,QAR,PRK.1682,Matcha Frappe,26,1248,1248,48
04/01/2022,GRA,ST005,QAR,PRK.1711,Pomegranate Pot,18,180,180,10
04/01/2022,GRA,ST005,QAR,PRK.1741,Spicy Tuna sandwich,26,104,104,4
04/01/2022,GRA,ST005,QAR,PRK.1742,Three cheese,22,308,308,14
04/01/2022,GRA,ST005,QAR,PRK.1743,Falafel and Labna,25,50,50,2
04/01/2022,GRA,ST005,QAR,PRK.1746,GRAZE CLUB SANDWICH,42,546,546,13
04/01/2022,GRA,ST005,QAR,PRK.1747,BEEF BURGER,35,245,245,7
04/01/2022,GRA,ST005,QAR,PRK.1771,Pistachio Arabeshi,5,225,225,45
04/01/2022,GRA,ST005,QAR,PRK.1772,Fresh Raspberry,5,275,275,55
04/01/2022,GRA,ST005,QAR,PRK.1773,Fresh blueberry,5,205,205,41
04/01/2022,GRA,ST005,QAR,PRK.1774,Chocolate Flakes,5,160,160,32
04/01/2022,GRA,ST005,QAR,PRK.1775,Honey Comb,5,70,70,14
04/01/2022,GRA,ST005,QAR,PRK.4501,Full Fat Milk,0,0,0,7
04/01/2022,GRA,ST005,QAR,PRK.4502,Low Fat Milk,0,0,0,28
04/01/2022,GRA,ST005,QAR,PRK.4503,Almond Milk,2,156,156,78
04/01/2022,GRA,ST005,QAR,PRK.4504,Soya Milk,2,106,106,53
04/01/2022,GRA,ST005,QAR,PRK.4505,Less Sweet,0,0,0,8
04/01/2022,GRA,ST005,QAR,PRK.4506,More Sweet,0,0,0,1
04/01/2022,GRA,ST005,QAR,PRK.4507,Half Shot,0,0,0,3
04/01/2022,GRA,ST005,QAR,PRK.4508,Single Shot,0,0,0,1
04/01/2022,GRA,ST005,QAR,PRK.4509,Double Shot,0,0,0,14
04/01/2022,GRA,ST005,QAR,PRK.4511,More Hot,0,0,0,3
04/01/2022,GRA,ST005,QAR,PRK.4514,Less Ice,0,0,0,2
04/01/2022,GRA,ST005,QAR,PRK.4516,Decaf,0,0,0,12
04/01/2022,GRA,ST005,QAR,PRK.4517,Vanilla Flavor,0,0,0,10
04/01/2022,GRA,ST005,QAR,PRK.4519,caramel flavor,0,0,0,13
04/01/2022,GRA,ST005,QAR,PRK.4531,w/ Granola,0,0,0,36
04/01/2022,GRA,ST005,QAR,PRK.4533,w/ Pretzel,0,0,0,7
04/01/2022,GRA,ST005,QAR,PRK.4534,w/ Coconut Flakes,0,0,0,24
04/01/2022,GRA,ST005,QAR,PRK.4535,w/ Crispy Crepe,0,0,0,54
04/01/2022,GRA,ST005,QAR,PRK.4537,w/ Mixed Berries Sauce,0,0,0,15
04/01/2022,GRA,ST005,QAR,PRK.4541,w/ Strawberry,0,0,0,120
04/01/2022,GRA,ST005,QAR,PRK.4543,w/ Salted Caramel,0,0,0,28
04/01/2022,GRA,ST005,QAR,PRK.4544,w/ Pomegranate,0,0,0,53
04/01/2022,GRA,ST005,QAR,PRK.4545,w/ Dulce de leche,0,0,0,20
04/01/2022,GRA,ST005,QAR,PRK.4549,w/ Mango Sauce,0,0,0,22
04/01/2022,GRA,ST005,QAR,PRK.4550,w/ Mango,0,0,0,113
04/01/2022,GRA,ST005,QAR,PRK.4552,w/ Crushed Grahams,0,0,0,21
04/01/2022,GRA,ST005,QAR,PRK.4556,w/ Fresh Pineapple,0,0,0,16
04/01/2022,GRA,ST005,QAR,PRK.4557,w/ Kiwi Fruit,0,0,0,19
04/01/2022,GRA,ST005,QAR,PRK.4558,w/ Lotus Biscuit,0,0,0,30
04/01/2022,GRA,ST005,QAR,PRK.4561,MIXED FROZEN YOGURT,0,0,0,19
04/01/2022,GRA,ST005,QAR,PRK.4562,MIXED MANGO YOGURT,0,0,0,4
04/01/2022,GRA,ST005,QAR,PRK.4564,MIXED MILKY ICE CREAM,0,0,0,1
