DATE,BRANCHCODE,WAREHOUSECODE,CURRENCY,ERPCODE,ITEMNAME,RAWPRICE,GROSSAMT,NETVALUE,QTYSOLD
09/01/2022,GRA,ST005,QAR,PRK.902,Granola,55,440,440,8
09/01/2022,GRA,ST005,QAR,PRK.904,Graze House Mix,55,110,110,2
09/01/2022,GRA,ST005,QAR,PRK.907,Zaatar Chips,6,186,186,31
09/01/2022,GRA,ST005,QAR,PRK.909,Spicy Pesto Chips,6,210,210,35
09/01/2022,GRA,ST005,QAR,PRK.910,Graze Spicy Mix Sml,25,150,150,6
09/01/2022,GRA,ST005,QAR,PRK.911,Graze House Mix Sml,25,150,150,6
09/01/2022,GRA,ST005,QAR,PRK.962,Extra flavor,3,93,93,31
09/01/2022,GRA,ST005,QAR,PRK.994,Crsnt w Egg/Avaca/ SunTom,24,1536,1536,64
09/01/2022,GRA,ST005,QAR,PRK.995,Egg Burrito,20,420,420,21
09/01/2022,GRA,ST005,QAR,PRK.996,Blueberry Granola parfait,25,1925,1925,77
09/01/2022,GRA,ST005,QAR,PRK.997,Yog Dates Chia Pista Alm,22,1628,1628,74
09/01/2022,GRA,ST005,QAR,PRK.1003,Cheese Croissant,16,272,272,17
09/01/2022,GRA,ST005,QAR,PRK.1007,Zatar Croissant,16,464,464,29
09/01/2022,GRA,ST005,QAR,PRK.1008,Chocolate Croissant,16,480,480,30
09/01/2022,GRA,ST005,QAR,PRK.1010,Tomato Puff Pastry,16,672,672,42
09/01/2022,GRA,ST005,QAR,PRK.1012,Three Berry Yogurt & Date,25,800,800,32
09/01/2022,GRA,ST005,QAR,PRK.1015,Kiri Cheese Danish,14,1036,1036,74
09/01/2022,GRA,ST005,QAR,PRK.1016,Plain Croissant,10,400,400,40
09/01/2022,GRA,ST005,QAR,PRK.1020,Almond Croissant,16,240,240,15
09/01/2022,GRA,ST005,QAR,PRK.1021,Shirazi Salad,12,288,288,24
09/01/2022,GRA,ST005,QAR,PRK.1023,Falafel Salad,45,3060,3060,68
09/01/2022,GRA,ST005,QAR,PRK.1024,Quinoa Swt potato Salad,40,880,880,22
09/01/2022,GRA,ST005,QAR,PRK.1027,Mex Chkn Chilli Bean Sld,40,2160,2160,54
09/01/2022,GRA,ST005,QAR,PRK.1029,Burrata Salad,50,1600,1600,32
09/01/2022,GRA,ST005,QAR,PRK.1031,Teriyaki GRAZE Salmn,55,4455,4455,81
09/01/2022,GRA,ST005,QAR,PRK.1034,BBQ Chick Peas,38,988,988,26
09/01/2022,GRA,ST005,QAR,PRK.1039,Keto Chicken Salad,40,1840,1840,46
09/01/2022,GRA,ST005,QAR,PRK.1044,Southern Chicken Salad,45,1620,1620,36
09/01/2022,GRA,ST005,QAR,PRK.1046,Greek Salad,30,1170,1170,39
09/01/2022,GRA,ST005,QAR,PRK.1048,Mexican  Caesar Salad chk,39,4485,4485,115
09/01/2022,GRA,ST005,QAR,PRK.1049,ROCCA SALAD,22,418,418,19
09/01/2022,GRA,ST005,QAR,PRK.1052,Smoke Turkey Sandwich,34,3706,3706,109
09/01/2022,GRA,ST005,QAR,PRK.1054,lemon&Rosemary Chkn,36,4680,4680,130
09/01/2022,GRA,ST005,QAR,PRK.1057,Steak & Philly Chz SW,32,1696,1696,53
09/01/2022,GRA,ST005,QAR,PRK.1063,Egg Mayo with Rocket,20,800,800,40
09/01/2022,GRA,ST005,QAR,PRK.1068,Crispy Chicken Bun,24,1008,1008,42
09/01/2022,GRA,ST005,QAR,PRK.1070,Chicken Pesto & Mozzarell,32,2624,2624,82
09/01/2022,GRA,ST005,QAR,PRK.1075,Avocado Toast,40,800,800,20
09/01/2022,GRA,ST005,QAR,PRK.1077,Spicy Halloumi,38,950,950,25
09/01/2022,GRA,ST005,QAR,PRK.1078,Graze Breakfast (egg box),32,1024,1024,32
09/01/2022,GRA,ST005,QAR,PRK.1083,Chkn Soup,19,893,893,47
09/01/2022,GRA,ST005,QAR,PRK.1087,Lentil Soup,20,940,940,47
09/01/2022,GRA,ST005,QAR,PRK.1089,Vegetable soup,16,320,320,20
09/01/2022,GRA,ST005,QAR,PRK.1113,Chkn Katsu Curry,45,7560,7560,168
09/01/2022,GRA,ST005,QAR,PRK.1115,Mushroom Pasta,40,4760,4760,119
09/01/2022,GRA,ST005,QAR,PRK.1118,Steak With Mushroom Sauce,45,4185,4185,93
09/01/2022,GRA,ST005,QAR,PRK.1119,Chicken Biryani,45,10665,10665,237
09/01/2022,GRA,ST005,QAR,PRK.1121,Chinese Sesame Chicken,40,10120,10120,253
09/01/2022,GRA,ST005,QAR,PRK.1127,Rock Shrimp,45,3330,3330,74
09/01/2022,GRA,ST005,QAR,PRK.1133,Lamb  Kabsa,45,2385,2385,53
09/01/2022,GRA,ST005,QAR,PRK.1140,Chicken Curry & Saffron r,43,4386,4386,102
09/01/2022,GRA,ST005,QAR,PRK.1141,CRAB BOWL,28,280,280,10
09/01/2022,GRA,ST005,QAR,PRK.1145,Yoghurt & Cucumber dip,12,216,216,18
09/01/2022,GRA,ST005,QAR,PRK.1146,Spicy Guacamole Pot,13,442,442,34
09/01/2022,GRA,ST005,QAR,PRK.1149,Edamame Pot,12,372,372,31
09/01/2022,GRA,ST005,QAR,PRK.1155,Classic hummus pot,18,162,162,9
09/01/2022,GRA,ST005,QAR,PRK.1159,Greek Tabbouleh,20,420,420,21
09/01/2022,GRA,ST005,QAR,PRK.1160,Egg pot,16,32,32,2
09/01/2022,GRA,ST005,QAR,PRK.1161,Labneh Beetroot,12,84,84,7
09/01/2022,GRA,ST005,QAR,PRK.1173,Choco Chia Energy Ball,30,1080,1080,36
09/01/2022,GRA,ST005,QAR,PRK.1175,Pecan Bars,14,294,294,21
09/01/2022,GRA,ST005,QAR,PRK.1177,Carrot Cake,15,435,435,29
09/01/2022,GRA,ST005,QAR,PRK.1178,Sweet Potatoe Choco Cake,15,465,465,31
09/01/2022,GRA,ST005,QAR,PRK.1180,Tropical Fruits,18,234,234,13
09/01/2022,GRA,ST005,QAR,PRK.1181,Green Apple,2,20,20,10
09/01/2022,GRA,ST005,QAR,PRK.1182,Red Apple,2,54,54,27
09/01/2022,GRA,ST005,QAR,PRK.1183,Bannana,2,178,178,89
09/01/2022,GRA,ST005,QAR,PRK.1184,Watermelon,18,1764,1764,98
09/01/2022,GRA,ST005,QAR,PRK.1185,Pineapplemix,18,1944,1944,108
09/01/2022,GRA,ST005,QAR,PRK.1186,Mixed Berries,22,2530,2530,115
09/01/2022,GRA,ST005,QAR,PRK.1194,Lotus Cheesecake,15,495,495,33
09/01/2022,GRA,ST005,QAR,PRK.1196,Chia Blueberry Yodurt,24,480,480,20
09/01/2022,GRA,ST005,QAR,PRK.1201,Iced Flat White,18,540,540,30
09/01/2022,GRA,ST005,QAR,PRK.1203,Iced Spanish Latte,20,6480,6480,324
09/01/2022,GRA,ST005,QAR,PRK.1204,Iced Latte,18,1512,1512,84
09/01/2022,GRA,ST005,QAR,PRK.1205,Iced Americano,15,1305,1305,87
09/01/2022,GRA,ST005,QAR,PRK.1234,Pepperoni Pizza small,40,40,40,1
09/01/2022,GRA,ST005,QAR,PRK.1235,Margherita Pizza small,30,210,210,7
09/01/2022,GRA,ST005,QAR,PRK.1236,BBQ chicken Pizza small,35,175,175,5
09/01/2022,GRA,ST005,QAR,PRK.1262,Highland Still,5,4410,4410,882
09/01/2022,GRA,ST005,QAR,PRK.1265,Perrier Sparkling,9,981,981,109
09/01/2022,GRA,ST005,QAR,PRK.1291,Coke,5,825,825,165
09/01/2022,GRA,ST005,QAR,PRK.1292,Diet Coke,5,935,935,187
09/01/2022,GRA,ST005,QAR,PRK.1330,Stay Home w/ Graze R 4X1,130,130,130,1
09/01/2022,GRA,ST005,QAR,PRK.1351,Espresso Single,12,888,888,74
09/01/2022,GRA,ST005,QAR,PRK.1353,Americano Hot,15,2220,2220,148
09/01/2022,GRA,ST005,QAR,PRK.1354,Flat White Hot,18,1368,1368,76
09/01/2022,GRA,ST005,QAR,PRK.1355,Cappucino,18,1980,1980,110
09/01/2022,GRA,ST005,QAR,PRK.1356,Cortado,18,846,846,47
09/01/2022,GRA,ST005,QAR,PRK.1358,Spanish Latte,20,2980,2980,149
09/01/2022,GRA,ST005,QAR,PRK.1359,Classic Mocha,25,425,425,17
09/01/2022,GRA,ST005,QAR,PRK.1360,Slated Caramel Mocha,25,450,450,18
09/01/2022,GRA,ST005,QAR,PRK.1362,Double Espresso,14,476,476,34
09/01/2022,GRA,ST005,QAR,PRK.1363,Latte Hot,18,1908,1908,106
09/01/2022,GRA,ST005,QAR,PRK.1364,English B/F,12,492,492,41
09/01/2022,GRA,ST005,QAR,PRK.1365,Green Tea,12,84,84,7
09/01/2022,GRA,ST005,QAR,PRK.1372,Hot Cocoa,24,936,936,39
09/01/2022,GRA,ST005,QAR,PRK.1373,Hibiscus Iced tea,18,1296,1296,72
09/01/2022,GRA,ST005,QAR,PRK.1374,Graze Peach Iced Tea,18,954,954,53
09/01/2022,GRA,ST005,QAR,PRK.1375,Matcha Latte,25,325,325,13
09/01/2022,GRA,ST005,QAR,PRK.1376,Cinnamon Latte,25,200,200,8
09/01/2022,GRA,ST005,QAR,PRK.1386,Orange Juice,22,5104,5104,232
09/01/2022,GRA,ST005,QAR,PRK.1387,Carrot Juice,22,528,528,24
09/01/2022,GRA,ST005,QAR,PRK.1390,Morning Boost,24,1344,1344,56
09/01/2022,GRA,ST005,QAR,PRK.1392,Immune Boost,22,1364,1364,62
09/01/2022,GRA,ST005,QAR,PRK.1396,Ginger Aid Shot,18,2232,2232,124
09/01/2022,GRA,ST005,QAR,PRK.1402,Laban Drink,18,1134,1134,63
09/01/2022,GRA,ST005,QAR,PRK.1404,Green Boost Juice,24,1416,1416,59
09/01/2022,GRA,ST005,QAR,PRK.1405,Watermelon & coconut cool,20,440,440,22
09/01/2022,GRA,ST005,QAR,PRK.1406,Beetroot & Apple Juice,20,1520,1520,76
09/01/2022,GRA,ST005,QAR,PRK.1407,Coconut & Pineapple Juice,24,408,408,17
09/01/2022,GRA,ST005,QAR,PRK.1409,Turmeric wellness shot,16,672,672,42
09/01/2022,GRA,ST005,QAR,PRK.1412, Mini Cup Yogurt,14,1694,1694,121
09/01/2022,GRA,ST005,QAR,PRK.1413,Regular Cup Yogurt,21,1512,1512,72
09/01/2022,GRA,ST005,QAR,PRK.1416,Large Cup Yogurt,23,276,276,12
09/01/2022,GRA,ST005,QAR,PRK.1418, Mini Cup Yogurt/Topping,18,2196,2196,122
09/01/2022,GRA,ST005,QAR,PRK.1419,Reg Cup Yogurt/Toping,26,1690,1690,65
09/01/2022,GRA,ST005,QAR,PRK.1422,Large Cup Yogurt/Topping,30,360,360,12
09/01/2022,GRA,ST005,QAR,PRK.1429,Mini Mango Ice Cream,14,5460,5460,390
09/01/2022,GRA,ST005,QAR,PRK.1430,Regular Mango Ice Cream,21,2499,2499,119
09/01/2022,GRA,ST005,QAR,PRK.1431,Large Mango Ice Cream,23,897,897,39
09/01/2022,GRA,ST005,QAR,PRK.1432,Mini Mango Ice Cream/Topp,18,3204,3204,178
09/01/2022,GRA,ST005,QAR,PRK.1433,Reg Mango Ice cream/Topp,26,2886,2886,111
09/01/2022,GRA,ST005,QAR,PRK.1434,Large Mango Ice Cream/Top,30,630,630,21
09/01/2022,GRA,ST005,QAR,PRK.1435,Mini Cup Milky Ice Cream,14,742,742,53
09/01/2022,GRA,ST005,QAR,PRK.1436,Reg Cup Milky Ice Cream,21,336,336,16
09/01/2022,GRA,ST005,QAR,PRK.1437,Lrge Cup Milky Ice Cream,23,115,115,5
09/01/2022,GRA,ST005,QAR,PRK.1438,Mini Cup Milky Ice C/Top,18,648,648,36
09/01/2022,GRA,ST005,QAR,PRK.1439,Reg Cup Milky Ice Cre/Top,26,286,286,11
09/01/2022,GRA,ST005,QAR,PRK.1440,Lrge Cup Milky Ice Cr/Top,30,150,150,5
09/01/2022,GRA,ST005,QAR,PRK.1470,Lotus Biscuit,3,24,24,8
09/01/2022,GRA,ST005,QAR,PRK.1472,CHICKEN CURRY & RICE,48,1680,1680,35
09/01/2022,GRA,ST005,QAR,PRK.1473,BEEF STROGANOFF,50,1250,1250,25
09/01/2022,GRA,ST005,QAR,PRK.1474,Spaghetti Bolognese,45,3060,3060,68
09/01/2022,GRA,ST005,QAR,PRK.1475,Salmon with Cilantro Rice,65,5005,5005,77
09/01/2022,GRA,ST005,QAR,PRK.1476,Chicken Noodle Bowl,40,1760,1760,44
09/01/2022,GRA,ST005,QAR,PRK.1501,pomegranate,3,3,3,1
09/01/2022,GRA,ST005,QAR,PRK.1502,Strawberry,3,123,123,41
09/01/2022,GRA,ST005,QAR,PRK.1505,Salted Caramel,3,9,9,3
09/01/2022,GRA,ST005,QAR,PRK.1506,Pretzel,3,3,3,1
09/01/2022,GRA,ST005,QAR,PRK.1507,Crispy Crepe,3,24,24,8
09/01/2022,GRA,ST005,QAR,PRK.1508,Granola,3,12,12,4
09/01/2022,GRA,ST005,QAR,PRK.1509,Coconut Flakes,3,33,33,11
09/01/2022,GRA,ST005,QAR,PRK.1510,Crushed Graham,3,12,12,4
09/01/2022,GRA,ST005,QAR,PRK.1514,Dulce de Leche,3,6,6,2
09/01/2022,GRA,ST005,QAR,PRK.1520,Mixed Berries Sauce,3,3,3,1
09/01/2022,GRA,ST005,QAR,PRK.1521,Mango Sauce,3,6,6,2
09/01/2022,GRA,ST005,QAR,PRK.1527,Mango,3,18,18,6
09/01/2022,GRA,ST005,QAR,PRK.1531,Power Shake,35,1050,1050,30
09/01/2022,GRA,ST005,QAR,PRK.1532,Peanut Power Shake,35,595,595,17
09/01/2022,GRA,ST005,QAR,PRK.1533,Pre-workout protein shak,45,315,315,7
09/01/2022,GRA,ST005,QAR,PRK.1534,Choco Power Shake,35,140,140,4
09/01/2022,GRA,ST005,QAR,PRK.1536,Energizer protine Shakes,45,270,270,6
09/01/2022,GRA,ST005,QAR,PRK.1538,Pre-workout shake,35,105,105,3
09/01/2022,GRA,ST005,QAR,PRK.1540,Energizer shakes,35,140,140,4
09/01/2022,GRA,ST005,QAR,PRK.1542,14oz Pre-work out Protein,40,440,440,11
09/01/2022,GRA,ST005,QAR,PRK.1545,14oz Energizer protine,40,880,880,22
09/01/2022,GRA,ST005,QAR,PRK.1546,14oz Pre-workout shake,30,240,240,8
09/01/2022,GRA,ST005,QAR,PRK.1548,14oz Energizer shakes,30,810,810,27
09/01/2022,GRA,ST005,QAR,PRK.1550,Extra Protein,10,10,10,1
09/01/2022,GRA,ST005,QAR,PRK.1581,Mini coconut frz yog I/C,14,434,434,31
09/01/2022,GRA,ST005,QAR,PRK.1582,Regular coconut frz yog I,21,231,231,11
09/01/2022,GRA,ST005,QAR,PRK.1583,Large coconut frz yog I/C,23,230,230,10
09/01/2022,GRA,ST005,QAR,PRK.1584,Mini coconut frz yog  Top,18,612,612,34
09/01/2022,GRA,ST005,QAR,PRK.1585,Reg- coconut frz yog Top,26,520,520,20
09/01/2022,GRA,ST005,QAR,PRK.1586,Large coconut frz yog  To,30,120,120,4
09/01/2022,GRA,ST005,QAR,PRK.1587,Supersize,45,45,45,1
09/01/2022,GRA,ST005,QAR,PRK.1588,Acai Small,35,3990,3990,114
09/01/2022,GRA,ST005,QAR,PRK.1589,Acai Large,40,600,600,15
09/01/2022,GRA,ST005,QAR,PRK.1621,Orange loaf,12,468,468,39
09/01/2022,GRA,ST005,QAR,PRK.1623,Brownie flavour cookies,10,2680,2680,268
09/01/2022,GRA,ST005,QAR,PRK.1626,Cinnamon Roll,13,351,351,27
09/01/2022,GRA,ST005,QAR,PRK.1627,Custard Raisin Roll,14,98,98,7
09/01/2022,GRA,ST005,QAR,PRK.1628,Brownie bites,13,702,702,54
09/01/2022,GRA,ST005,QAR,PRK.1632,Turkey cheese roll,19,760,760,40
09/01/2022,GRA,ST005,QAR,PRK.1633,Spinach feta roll,18,450,450,25
09/01/2022,GRA,ST005,QAR,PRK.1651,PB & Jam sourdough bread,18,360,360,20
09/01/2022,GRA,ST005,QAR,PRK.1655,Graze Oatmeal,30,1350,1350,45
09/01/2022,GRA,ST005,QAR,PRK.1681,Salted Caramel Mocha,24,1560,1560,65
09/01/2022,GRA,ST005,QAR,PRK.1682,Matcha Frappe,26,4524,4524,174
09/01/2022,GRA,ST005,QAR,PRK.1711,Pomegranate Pot,18,558,558,31
09/01/2022,GRA,ST005,QAR,PRK.1712,Mango Peach Muesli Pot,24,384,384,16
09/01/2022,GRA,ST005,QAR,PRK.1713,Overnight oats PB&Jam,25,750,750,30
09/01/2022,GRA,ST005,QAR,PRK.1741,Spicy Tuna sandwich,26,572,572,22
09/01/2022,GRA,ST005,QAR,PRK.1742,Three cheese,22,1144,1144,52
09/01/2022,GRA,ST005,QAR,PRK.1743,Falafel and Labna,25,525,525,21
09/01/2022,GRA,ST005,QAR,PRK.1746,GRAZE CLUB SANDWICH,42,798,798,19
09/01/2022,GRA,ST005,QAR,PRK.1747,BEEF BURGER,35,490,490,14
09/01/2022,GRA,ST005,QAR,PRK.1748,Chicken Shawarma,18,1944,1944,108
09/01/2022,GRA,ST005,QAR,PRK.1749,Tenderloin Beef Shawarma,22,1254,1254,57
09/01/2022,GRA,ST005,QAR,PRK.1771,Pistachio Arabeshi,5,830,830,166
09/01/2022,GRA,ST005,QAR,PRK.1772,Fresh Raspberry,5,675,675,135
09/01/2022,GRA,ST005,QAR,PRK.1773,Fresh blueberry,5,335,335,67
09/01/2022,GRA,ST005,QAR,PRK.1774,Chocolate Flakes,5,310,310,62
09/01/2022,GRA,ST005,QAR,PRK.1775,Honey Comb,5,145,145,29
09/01/2022,GRA,ST005,QAR,PRK.4501,Full Fat Milk,0,0,0,11
09/01/2022,GRA,ST005,QAR,PRK.4502,Low Fat Milk,0,0,0,39
09/01/2022,GRA,ST005,QAR,PRK.4503,Almond Milk,2,220,220,110
09/01/2022,GRA,ST005,QAR,PRK.4504,Soya Milk,2,80,80,40
09/01/2022,GRA,ST005,QAR,PRK.4505,Less Sweet,0,0,0,2
09/01/2022,GRA,ST005,QAR,PRK.4506,More Sweet,0,0,0,2
09/01/2022,GRA,ST005,QAR,PRK.4507,Half Shot,0,0,0,4
09/01/2022,GRA,ST005,QAR,PRK.4509,Double Shot,0,0,0,7
09/01/2022,GRA,ST005,QAR,PRK.4516,Decaf,0,0,0,4
09/01/2022,GRA,ST005,QAR,PRK.4517,Vanilla Flavor,0,0,0,7
09/01/2022,GRA,ST005,QAR,PRK.4519,caramel flavor,0,0,0,13
09/01/2022,GRA,ST005,QAR,PRK.4520,hazelnut flavor,0,0,0,5
09/01/2022,GRA,ST005,QAR,PRK.4531,w/ Granola,0,0,0,85
09/01/2022,GRA,ST005,QAR,PRK.4533,w/ Pretzel,0,0,0,21
09/01/2022,GRA,ST005,QAR,PRK.4534,w/ Coconut Flakes,0,0,0,53
09/01/2022,GRA,ST005,QAR,PRK.4535,w/ Crispy Crepe,0,0,0,99
09/01/2022,GRA,ST005,QAR,PRK.4537,w/ Mixed Berries Sauce,0,0,0,15
09/01/2022,GRA,ST005,QAR,PRK.4541,w/ Strawberry,0,0,0,301
09/01/2022,GRA,ST005,QAR,PRK.4543,w/ Salted Caramel,0,0,0,38
09/01/2022,GRA,ST005,QAR,PRK.4544,w/ Pomegranate,0,0,0,107
09/01/2022,GRA,ST005,QAR,PRK.4545,w/ Dulce de leche,0,0,0,20
09/01/2022,GRA,ST005,QAR,PRK.4549,w/ Mango Sauce,0,0,0,21
09/01/2022,GRA,ST005,QAR,PRK.4550,w/ Mango,0,0,0,270
09/01/2022,GRA,ST005,QAR,PRK.4552,w/ Crushed Grahams,0,0,0,36
09/01/2022,GRA,ST005,QAR,PRK.4556,w/ Fresh Pineapple,0,0,0,28
09/01/2022,GRA,ST005,QAR,PRK.4557,w/ Kiwi Fruit,0,0,0,4
09/01/2022,GRA,ST005,QAR,PRK.4558,w/ Lotus Biscuit,0,0,0,91
09/01/2022,GRA,ST005,QAR,PRK.4561,MIXED FROZEN YOGURT,0,0,0,49
09/01/2022,GRA,ST005,QAR,PRK.4562,MIXED MANGO YOGURT,0,0,0,56
09/01/2022,GRA,ST005,QAR,PRK.4564,MIXED MILKY ICE CREAM,0,0,0,1
