DATE,BRANCHCODE,WAREHOUSECODE,CURRENCY,ERPCODE,ITEMNAME,RAWPRICE,GROSSAMT,NETVALUE,QTYSOLD
08/01/2022,GRA,ST005,QAR,PRK.902,Granola,55,495,495,9
08/01/2022,GRA,ST005,QAR,PRK.904,Graze House Mix,55,330,330,6
08/01/2022,GRA,ST005,QAR,PRK.907,Zaatar Chips,6,216,216,36
08/01/2022,GRA,ST005,QAR,PRK.909,Spicy Pesto Chips,6,168,168,28
08/01/2022,GRA,ST005,QAR,PRK.910,Graze Spicy Mix Sml,25,175,175,7
08/01/2022,GRA,ST005,QAR,PRK.911,Graze House Mix Sml,25,250,250,10
08/01/2022,GRA,ST005,QAR,PRK.961,Extra cheese,5,5,5,1
08/01/2022,GRA,ST005,QAR,PRK.962,Extra flavor,3,66,66,22
08/01/2022,GRA,ST005,QAR,PRK.994,Crsnt w Egg/Avaca/ SunTom,24,1800,1800,75
08/01/2022,GRA,ST005,QAR,PRK.995,Egg Burrito,20,860,860,43
08/01/2022,GRA,ST005,QAR,PRK.996,Blueberry Granola parfait,25,1825,1825,73
08/01/2022,GRA,ST005,QAR,PRK.997,Yog Dates Chia Pista Alm,22,1826,1826,83
08/01/2022,GRA,ST005,QAR,PRK.1003,Cheese Croissant,16,256,256,16
08/01/2022,GRA,ST005,QAR,PRK.1007,Zatar Croissant,16,448,448,28
08/01/2022,GRA,ST005,QAR,PRK.1008,Chocolate Croissant,16,576,576,36
08/01/2022,GRA,ST005,QAR,PRK.1010,Tomato Puff Pastry,16,928,928,58
08/01/2022,GRA,ST005,QAR,PRK.1012,Three Berry Yogurt & Date,25,850,850,34
08/01/2022,GRA,ST005,QAR,PRK.1015,Kiri Cheese Danish,14,1078,1078,77
08/01/2022,GRA,ST005,QAR,PRK.1016,Plain Croissant,10,310,310,31
08/01/2022,GRA,ST005,QAR,PRK.1020,Almond Croissant,16,256,256,16
08/01/2022,GRA,ST005,QAR,PRK.1021,Shirazi Salad,12,516,516,43
08/01/2022,GRA,ST005,QAR,PRK.1023,Falafel Salad,45,1895,1895,49
08/01/2022,GRA,ST005,QAR,PRK.1024,Quinoa Swt potato Salad,40,1240,1240,31
08/01/2022,GRA,ST005,QAR,PRK.1027,Mex Chkn Chilli Bean Sld,40,2280,2280,57
08/01/2022,GRA,ST005,QAR,PRK.1029,Burrata Salad,50,1700,1700,34
08/01/2022,GRA,ST005,QAR,PRK.1031,Teriyaki GRAZE Salmn,55,6820,6820,124
08/01/2022,GRA,ST005,QAR,PRK.1034,BBQ Chick Peas,38,1444,1444,38
08/01/2022,GRA,ST005,QAR,PRK.1039,Keto Chicken Salad,40,2040,2040,51
08/01/2022,GRA,ST005,QAR,PRK.1044,Southern Chicken Salad,45,1395,1395,31
08/01/2022,GRA,ST005,QAR,PRK.1046,Greek Salad,30,270,270,9
08/01/2022,GRA,ST005,QAR,PRK.1048,Mexican  Caesar Salad chk,39,6123,6123,157
08/01/2022,GRA,ST005,QAR,PRK.1049,ROCCA SALAD,22,484,484,22
08/01/2022,GRA,ST005,QAR,PRK.1052,Smoke Turkey Sandwich,34,4828,4828,142
08/01/2022,GRA,ST005,QAR,PRK.1054,lemon&Rosemary Chkn,36,6300,6300,175
08/01/2022,GRA,ST005,QAR,PRK.1057,Steak & Philly Chz SW,32,2432,2432,76
08/01/2022,GRA,ST005,QAR,PRK.1063,Egg Mayo with Rocket,20,840,840,42
08/01/2022,GRA,ST005,QAR,PRK.1068,Crispy Chicken Bun,24,1440,1440,60
08/01/2022,GRA,ST005,QAR,PRK.1070,Chicken Pesto & Mozzarell,32,4416,4416,138
08/01/2022,GRA,ST005,QAR,PRK.1075,Avocado Toast,40,1240,1240,31
08/01/2022,GRA,ST005,QAR,PRK.1077,Spicy Halloumi,38,988,988,26
08/01/2022,GRA,ST005,QAR,PRK.1078,Graze Breakfast (egg box),32,1152,1152,36
08/01/2022,GRA,ST005,QAR,PRK.1083,Chkn Soup,19,1045,1045,55
08/01/2022,GRA,ST005,QAR,PRK.1087,Lentil Soup,20,1180,1180,59
08/01/2022,GRA,ST005,QAR,PRK.1089,Vegetable soup,16,80,80,5
08/01/2022,GRA,ST005,QAR,PRK.1111,Penne Bolognese,50,2600,2600,52
08/01/2022,GRA,ST005,QAR,PRK.1113,Chkn Katsu Curry,45,9720,9720,216
08/01/2022,GRA,ST005,QAR,PRK.1115,Mushroom Pasta,40,4280,4280,107
08/01/2022,GRA,ST005,QAR,PRK.1118,Steak With Mushroom Sauce,45,5355,5355,119
08/01/2022,GRA,ST005,QAR,PRK.1119,Chicken Biryani,45,8865,8865,197
08/01/2022,GRA,ST005,QAR,PRK.1121,Chinese Sesame Chicken,40,9400,9400,235
08/01/2022,GRA,ST005,QAR,PRK.1127,Rock Shrimp,45,4590,4590,102
08/01/2022,GRA,ST005,QAR,PRK.1133,Lamb  Kabsa,45,3015,3015,67
08/01/2022,GRA,ST005,QAR,PRK.1140,Chicken Curry & Saffron r,43,4988,4988,116
08/01/2022,GRA,ST005,QAR,PRK.1141,CRAB BOWL,28,504,504,18
08/01/2022,GRA,ST005,QAR,PRK.1145,Yoghurt & Cucumber dip,12,324,324,27
08/01/2022,GRA,ST005,QAR,PRK.1146,Spicy Guacamole Pot,13,403,403,31
08/01/2022,GRA,ST005,QAR,PRK.1149,Edamame Pot,12,384,384,32
08/01/2022,GRA,ST005,QAR,PRK.1155,Classic hummus pot,18,90,90,5
08/01/2022,GRA,ST005,QAR,PRK.1159,Greek Tabbouleh,20,420,420,21
08/01/2022,GRA,ST005,QAR,PRK.1160,Egg pot,16,112,112,7
08/01/2022,GRA,ST005,QAR,PRK.1161,Labneh Beetroot,12,12,12,1
08/01/2022,GRA,ST005,QAR,PRK.1173,Choco Chia Energy Ball,30,900,900,30
08/01/2022,GRA,ST005,QAR,PRK.1175,Pecan Bars,14,322,322,23
08/01/2022,GRA,ST005,QAR,PRK.1177,Carrot Cake,15,585,585,39
08/01/2022,GRA,ST005,QAR,PRK.1178,Sweet Potatoe Choco Cake,15,510,510,34
08/01/2022,GRA,ST005,QAR,PRK.1180,Tropical Fruits,18,216,216,12
08/01/2022,GRA,ST005,QAR,PRK.1181,Green Apple,2,22,22,11
08/01/2022,GRA,ST005,QAR,PRK.1182,Red Apple,2,12,12,6
08/01/2022,GRA,ST005,QAR,PRK.1183,Bannana,2,172,172,86
08/01/2022,GRA,ST005,QAR,PRK.1184,Watermelon,18,2394,2394,133
08/01/2022,GRA,ST005,QAR,PRK.1185,Pineapplemix,18,1746,1746,97
08/01/2022,GRA,ST005,QAR,PRK.1186,Mixed Berries,22,3300,3300,150
08/01/2022,GRA,ST005,QAR,PRK.1194,Lotus Cheesecake,15,600,600,40
08/01/2022,GRA,ST005,QAR,PRK.1196,Chia Blueberry Yodurt,24,648,648,27
08/01/2022,GRA,ST005,QAR,PRK.1201,Iced Flat White,18,756,756,42
08/01/2022,GRA,ST005,QAR,PRK.1203,Iced Spanish Latte,20,8780,8780,439
08/01/2022,GRA,ST005,QAR,PRK.1204,Iced Latte,18,1386,1386,77
08/01/2022,GRA,ST005,QAR,PRK.1205,Iced Americano,15,1035,1035,69
08/01/2022,GRA,ST005,QAR,PRK.1234,Pepperoni Pizza small,40,200,200,5
08/01/2022,GRA,ST005,QAR,PRK.1235,Margherita Pizza small,30,330,330,11
08/01/2022,GRA,ST005,QAR,PRK.1236,BBQ chicken Pizza small,35,175,175,5
08/01/2022,GRA,ST005,QAR,PRK.1262,Highland Still,5,4965,4965,993
08/01/2022,GRA,ST005,QAR,PRK.1265,Perrier Sparkling,9,405,405,45
08/01/2022,GRA,ST005,QAR,PRK.1291,Coke,5,795,795,159
08/01/2022,GRA,ST005,QAR,PRK.1292,Diet Coke,5,875,875,175
08/01/2022,GRA,ST005,QAR,PRK.1333,Stay Home w/Graze M 6 X1,130,130,130,1
08/01/2022,GRA,ST005,QAR,PRK.1334,Stay Home w/Graze M12 X1,240,480,480,2
08/01/2022,GRA,ST005,QAR,PRK.1351,Espresso Single,12,504,504,42
08/01/2022,GRA,ST005,QAR,PRK.1352,Macchiato,18,18,18,1
08/01/2022,GRA,ST005,QAR,PRK.1353,Americano Hot,15,1695,1695,113
08/01/2022,GRA,ST005,QAR,PRK.1354,Flat White Hot,18,1260,1260,70
08/01/2022,GRA,ST005,QAR,PRK.1355,Cappucino,18,1584,1584,88
08/01/2022,GRA,ST005,QAR,PRK.1356,Cortado,18,468,468,26
08/01/2022,GRA,ST005,QAR,PRK.1358,Spanish Latte,20,3280,3280,164
08/01/2022,GRA,ST005,QAR,PRK.1359,Classic Mocha,25,525,525,21
08/01/2022,GRA,ST005,QAR,PRK.1360,Slated Caramel Mocha,25,725,725,29
08/01/2022,GRA,ST005,QAR,PRK.1362,Double Espresso,14,644,644,46
08/01/2022,GRA,ST005,QAR,PRK.1363,Latte Hot,18,1710,1710,95
08/01/2022,GRA,ST005,QAR,PRK.1364,English B/F,12,228,228,19
08/01/2022,GRA,ST005,QAR,PRK.1365,Green Tea,12,204,204,17
08/01/2022,GRA,ST005,QAR,PRK.1370,Habiscuss & Black Currant,12,12,12,1
08/01/2022,GRA,ST005,QAR,PRK.1372,Hot Cocoa,24,600,600,25
08/01/2022,GRA,ST005,QAR,PRK.1373,Hibiscus Iced tea,18,1458,1458,81
08/01/2022,GRA,ST005,QAR,PRK.1374,Graze Peach Iced Tea,18,1206,1206,67
08/01/2022,GRA,ST005,QAR,PRK.1375,Matcha Latte,25,325,325,13
08/01/2022,GRA,ST005,QAR,PRK.1376,Cinnamon Latte,25,175,175,7
08/01/2022,GRA,ST005,QAR,PRK.1386,Orange Juice,22,7216,7216,328
08/01/2022,GRA,ST005,QAR,PRK.1387,Carrot Juice,22,572,572,26
08/01/2022,GRA,ST005,QAR,PRK.1390,Morning Boost,24,1944,1944,81
08/01/2022,GRA,ST005,QAR,PRK.1392,Immune Boost,22,1232,1232,56
08/01/2022,GRA,ST005,QAR,PRK.1396,Ginger Aid Shot,18,1944,1944,108
08/01/2022,GRA,ST005,QAR,PRK.1402,Laban Drink,18,1134,1134,63
08/01/2022,GRA,ST005,QAR,PRK.1404,Green Boost Juice,24,1704,1704,71
08/01/2022,GRA,ST005,QAR,PRK.1405,Watermelon & coconut cool,20,580,580,29
08/01/2022,GRA,ST005,QAR,PRK.1406,Beetroot & Apple Juice,20,1640,1640,82
08/01/2022,GRA,ST005,QAR,PRK.1407,Coconut & Pineapple Juice,24,528,528,22
08/01/2022,GRA,ST005,QAR,PRK.1409,Turmeric wellness shot,16,544,544,34
08/01/2022,GRA,ST005,QAR,PRK.1412, Mini Cup Yogurt,14,1568,1568,112
08/01/2022,GRA,ST005,QAR,PRK.1413,Regular Cup Yogurt,21,1281,1281,61
08/01/2022,GRA,ST005,QAR,PRK.1416,Large Cup Yogurt,23,276,276,12
08/01/2022,GRA,ST005,QAR,PRK.1418, Mini Cup Yogurt/Topping,18,2376,2376,132
08/01/2022,GRA,ST005,QAR,PRK.1419,Reg Cup Yogurt/Toping,26,1508,1508,58
08/01/2022,GRA,ST005,QAR,PRK.1422,Large Cup Yogurt/Topping,30,180,180,6
08/01/2022,GRA,ST005,QAR,PRK.1429,Mini Mango Ice Cream,14,6258,6258,447
08/01/2022,GRA,ST005,QAR,PRK.1430,Regular Mango Ice Cream,21,3003,3003,143
08/01/2022,GRA,ST005,QAR,PRK.1431,Large Mango Ice Cream,23,920,920,40
08/01/2022,GRA,ST005,QAR,PRK.1432,Mini Mango Ice Cream/Topp,18,4806,4806,267
08/01/2022,GRA,ST005,QAR,PRK.1433,Reg Mango Ice cream/Topp,26,3120,3120,120
08/01/2022,GRA,ST005,QAR,PRK.1434,Large Mango Ice Cream/Top,30,480,480,16
08/01/2022,GRA,ST005,QAR,PRK.1435,Mini Cup Milky Ice Cream,14,1596,1596,114
08/01/2022,GRA,ST005,QAR,PRK.1436,Reg Cup Milky Ice Cream,21,399,399,19
08/01/2022,GRA,ST005,QAR,PRK.1437,Lrge Cup Milky Ice Cream,23,46,46,2
08/01/2022,GRA,ST005,QAR,PRK.1438,Mini Cup Milky Ice C/Top,18,1314,1314,73
08/01/2022,GRA,ST005,QAR,PRK.1439,Reg Cup Milky Ice Cre/Top,26,702,702,27
08/01/2022,GRA,ST005,QAR,PRK.1440,Lrge Cup Milky Ice Cr/Top,30,90,90,3
08/01/2022,GRA,ST005,QAR,PRK.1471,NOODLES BOWL,45,990,990,22
08/01/2022,GRA,ST005,QAR,PRK.1472,CHICKEN CURRY & RICE,48,1728,1728,36
08/01/2022,GRA,ST005,QAR,PRK.1473,BEEF STROGANOFF,50,1650,1650,33
08/01/2022,GRA,ST005,QAR,PRK.1474,Spaghetti Bolognese,45,945,945,21
08/01/2022,GRA,ST005,QAR,PRK.1475,Salmon with Cilantro Rice,65,845,845,13
08/01/2022,GRA,ST005,QAR,PRK.1476,Chicken Noodle Bowl,40,440,440,11
08/01/2022,GRA,ST005,QAR,PRK.1501,pomegranate,3,12,12,4
08/01/2022,GRA,ST005,QAR,PRK.1502,Strawberry,3,39,39,13
08/01/2022,GRA,ST005,QAR,PRK.1506,Pretzel,3,9,9,3
08/01/2022,GRA,ST005,QAR,PRK.1507,Crispy Crepe,3,12,12,4
08/01/2022,GRA,ST005,QAR,PRK.1508,Granola,3,15,15,5
08/01/2022,GRA,ST005,QAR,PRK.1509,Coconut Flakes,3,27,27,9
08/01/2022,GRA,ST005,QAR,PRK.1510,Crushed Graham,3,3,3,1
08/01/2022,GRA,ST005,QAR,PRK.1514,Dulce de Leche,3,6,6,2
08/01/2022,GRA,ST005,QAR,PRK.1520,Mixed Berries Sauce,3,3,3,1
08/01/2022,GRA,ST005,QAR,PRK.1521,Mango Sauce,3,15,15,5
08/01/2022,GRA,ST005,QAR,PRK.1527,Mango,3,6,6,2
08/01/2022,GRA,ST005,QAR,PRK.1531,Power Shake,35,1365,1365,39
08/01/2022,GRA,ST005,QAR,PRK.1532,Peanut Power Shake,35,490,490,14
08/01/2022,GRA,ST005,QAR,PRK.1533,Pre-workout protein shak,45,405,405,9
08/01/2022,GRA,ST005,QAR,PRK.1534,Choco Power Shake,35,315,315,9
08/01/2022,GRA,ST005,QAR,PRK.1536,Energizer protine Shakes,45,540,540,12
08/01/2022,GRA,ST005,QAR,PRK.1538,Pre-workout shake,35,35,35,1
08/01/2022,GRA,ST005,QAR,PRK.1540,Energizer shakes,35,315,315,9
08/01/2022,GRA,ST005,QAR,PRK.1542,14oz Pre-work out Protein,40,520,520,13
08/01/2022,GRA,ST005,QAR,PRK.1545,14oz Energizer protine,40,880,880,22
08/01/2022,GRA,ST005,QAR,PRK.1546,14oz Pre-workout shake,30,60,60,2
08/01/2022,GRA,ST005,QAR,PRK.1548,14oz Energizer shakes,30,1440,1440,48
08/01/2022,GRA,ST005,QAR,PRK.1550,Extra Protein,10,120,120,12
08/01/2022,GRA,ST005,QAR,PRK.1561,Mini Pomegranate i/c,14,448,448,32
08/01/2022,GRA,ST005,QAR,PRK.1562,Regular Pomegranate i/c,21,63,63,3
08/01/2022,GRA,ST005,QAR,PRK.1563,Large Pomegranate i/c,23,46,46,2
08/01/2022,GRA,ST005,QAR,PRK.1564,Mini pomegranate /topping,18,144,144,8
08/01/2022,GRA,ST005,QAR,PRK.1565,Regular Pomegrante /topp,26,234,234,9
08/01/2022,GRA,ST005,QAR,PRK.1566,Large Pomegranate/topping,30,30,30,1
08/01/2022,GRA,ST005,QAR,PRK.1581,Mini coconut frz yog I/C,14,378,378,27
08/01/2022,GRA,ST005,QAR,PRK.1582,Regular coconut frz yog I,21,126,126,6
08/01/2022,GRA,ST005,QAR,PRK.1583,Large coconut frz yog I/C,23,46,46,2
08/01/2022,GRA,ST005,QAR,PRK.1584,Mini coconut frz yog  Top,18,360,360,20
08/01/2022,GRA,ST005,QAR,PRK.1585,Reg- coconut frz yog Top,26,156,156,6
08/01/2022,GRA,ST005,QAR,PRK.1587,Supersize,45,90,90,2
08/01/2022,GRA,ST005,QAR,PRK.1621,Orange loaf,12,528,528,44
08/01/2022,GRA,ST005,QAR,PRK.1623,Brownie flavour cookies,10,3570,3570,357
08/01/2022,GRA,ST005,QAR,PRK.1626,Cinnamon Roll,13,364,364,28
08/01/2022,GRA,ST005,QAR,PRK.1627,Custard Raisin Roll,14,98,98,7
08/01/2022,GRA,ST005,QAR,PRK.1628,Brownie bites,13,715,715,55
08/01/2022,GRA,ST005,QAR,PRK.1632,Turkey cheese roll,19,893,893,47
08/01/2022,GRA,ST005,QAR,PRK.1633,Spinach feta roll,18,522,522,29
08/01/2022,GRA,ST005,QAR,PRK.1651,PB & Jam sourdough bread,18,486,486,27
08/01/2022,GRA,ST005,QAR,PRK.1655,Graze Oatmeal,30,1320,1320,44
08/01/2022,GRA,ST005,QAR,PRK.1681,Salted Caramel Mocha,24,1704,1704,71
08/01/2022,GRA,ST005,QAR,PRK.1682,Matcha Frappe,26,4342,4342,167
08/01/2022,GRA,ST005,QAR,PRK.1711,Pomegranate Pot,18,486,486,27
08/01/2022,GRA,ST005,QAR,PRK.1712,Mango Peach Muesli Pot,24,264,264,11
08/01/2022,GRA,ST005,QAR,PRK.1713,Overnight oats PB&Jam,25,725,725,29
08/01/2022,GRA,ST005,QAR,PRK.1741,Spicy Tuna sandwich,26,988,988,38
08/01/2022,GRA,ST005,QAR,PRK.1742,Three cheese,22,1166,1166,53
08/01/2022,GRA,ST005,QAR,PRK.1743,Falafel and Labna,25,725,725,29
08/01/2022,GRA,ST005,QAR,PRK.1746,GRAZE CLUB SANDWICH,42,798,798,19
08/01/2022,GRA,ST005,QAR,PRK.1747,BEEF BURGER,35,595,595,17
08/01/2022,GRA,ST005,QAR,PRK.1748,Chicken Shawarma,18,306,306,17
08/01/2022,GRA,ST005,QAR,PRK.1749,Tenderloin Beef Shawarma,22,308,308,14
08/01/2022,GRA,ST005,QAR,PRK.1771,Pistachio Arabeshi,5,850,850,170
08/01/2022,GRA,ST005,QAR,PRK.1772,Fresh Raspberry,5,700,700,140
08/01/2022,GRA,ST005,QAR,PRK.1773,Fresh blueberry,5,420,420,84
08/01/2022,GRA,ST005,QAR,PRK.1774,Chocolate Flakes,5,225,225,45
08/01/2022,GRA,ST005,QAR,PRK.1775,Honey Comb,5,160,160,32
08/01/2022,GRA,ST005,QAR,PRK.4501,Full Fat Milk,0,0,0,18
08/01/2022,GRA,ST005,QAR,PRK.4502,Low Fat Milk,0,0,0,83
08/01/2022,GRA,ST005,QAR,PRK.4503,Almond Milk,2,232,232,116
08/01/2022,GRA,ST005,QAR,PRK.4504,Soya Milk,2,82,82,41
08/01/2022,GRA,ST005,QAR,PRK.4505,Less Sweet,0,0,0,4
08/01/2022,GRA,ST005,QAR,PRK.4507,Half Shot,0,0,0,2
08/01/2022,GRA,ST005,QAR,PRK.4509,Double Shot,0,0,0,2
08/01/2022,GRA,ST005,QAR,PRK.4516,Decaf,0,0,0,7
08/01/2022,GRA,ST005,QAR,PRK.4517,Vanilla Flavor,0,0,0,3
08/01/2022,GRA,ST005,QAR,PRK.4519,caramel flavor,0,0,0,10
08/01/2022,GRA,ST005,QAR,PRK.4520,hazelnut flavor,0,0,0,1
08/01/2022,GRA,ST005,QAR,PRK.4531,w/ Granola,0,0,0,97
08/01/2022,GRA,ST005,QAR,PRK.4533,w/ Pretzel,0,0,0,14
08/01/2022,GRA,ST005,QAR,PRK.4534,w/ Coconut Flakes,0,0,0,66
08/01/2022,GRA,ST005,QAR,PRK.4535,w/ Crispy Crepe,0,0,0,86
08/01/2022,GRA,ST005,QAR,PRK.4537,w/ Mixed Berries Sauce,0,0,0,22
08/01/2022,GRA,ST005,QAR,PRK.4541,w/ Strawberry,0,0,0,401
08/01/2022,GRA,ST005,QAR,PRK.4543,w/ Salted Caramel,0,0,0,42
08/01/2022,GRA,ST005,QAR,PRK.4544,w/ Pomegranate,0,0,0,143
08/01/2022,GRA,ST005,QAR,PRK.4545,w/ Dulce de leche,0,0,0,16
08/01/2022,GRA,ST005,QAR,PRK.4549,w/ Mango Sauce,0,0,0,27
08/01/2022,GRA,ST005,QAR,PRK.4550,w/ Mango,0,0,0,330
08/01/2022,GRA,ST005,QAR,PRK.4552,w/ Crushed Grahams,0,0,0,39
08/01/2022,GRA,ST005,QAR,PRK.4556,w/ Fresh Pineapple,0,0,0,38
08/01/2022,GRA,ST005,QAR,PRK.4557,w/ Kiwi Fruit,0,0,0,6
08/01/2022,GRA,ST005,QAR,PRK.4558,w/ Lotus Biscuit,0,0,0,98
08/01/2022,GRA,ST005,QAR,PRK.4561,MIXED FROZEN YOGURT,0,0,0,87
08/01/2022,GRA,ST005,QAR,PRK.4562,MIXED MANGO YOGURT,0,0,0,42
08/01/2022,GRA,ST005,QAR,PRK.4564,MIXED MILKY ICE CREAM,0,0,0,11
