DATE,BRANCHCODE,WAREHOUSECODE,CURRENCY,ERPCODE,ITEMNAME,RAWPRICE,GROSSAMT,NETVALUE,QTYSOLD
05/01/2022,GRA,ST005,QAR,PRK.902,Granola,55,880,880,16
05/01/2022,GRA,ST005,QAR,PRK.904,Graze House Mix,55,55,55,1
05/01/2022,GRA,ST005,QAR,PRK.907,Zaatar Chips,6,174,174,29
05/01/2022,GRA,ST005,QAR,PRK.909,Spicy Pesto Chips,6,162,162,27
05/01/2022,GRA,ST005,QAR,PRK.910,Graze Spicy Mix Sml,25,150,150,6
05/01/2022,GRA,ST005,QAR,PRK.911,Graze House Mix Sml,25,200,200,8
05/01/2022,GRA,ST005,QAR,PRK.962,Extra flavor,3,57,57,19
05/01/2022,GRA,ST005,QAR,PRK.994,Crsnt w Egg/Avaca/ SunTom,24,1152,1080,48
05/01/2022,GRA,ST005,QAR,PRK.995,Egg Burrito,20,640,640,32
05/01/2022,GRA,ST005,QAR,PRK.996,Blueberry Granola parfait,25,1200,1200,48
05/01/2022,GRA,ST005,QAR,PRK.997,Yog Dates Chia Pista Alm,22,946,946,43
05/01/2022,GRA,ST005,QAR,PRK.1003,Cheese Croissant,16,224,224,14
05/01/2022,GRA,ST005,QAR,PRK.1007,Zatar Croissant,16,128,128,8
05/01/2022,GRA,ST005,QAR,PRK.1008,Chocolate Croissant,16,448,416,28
05/01/2022,GRA,ST005,QAR,PRK.1010,Tomato Puff Pastry,16,592,592,37
05/01/2022,GRA,ST005,QAR,PRK.1012,Three Berry Yogurt & Date,25,575,575,23
05/01/2022,GRA,ST005,QAR,PRK.1015,Kiri Cheese Danish,14,672,672,48
05/01/2022,GRA,ST005,QAR,PRK.1016,Plain Croissant,10,230,230,23
05/01/2022,GRA,ST005,QAR,PRK.1020,Almond Croissant,16,224,208,14
05/01/2022,GRA,ST005,QAR,PRK.1021,Shirazi Salad,12,360,360,30
05/01/2022,GRA,ST005,QAR,PRK.1023,Falafel Salad,35,980,980,28
05/01/2022,GRA,ST005,QAR,PRK.1024,Quinoa Swt potato Salad,40,680,680,17
05/01/2022,GRA,ST005,QAR,PRK.1027,Mex Chkn Chilli Bean Sld,40,1600,1600,40
05/01/2022,GRA,ST005,QAR,PRK.1029,Burrata Salad,50,1200,1200,24
05/01/2022,GRA,ST005,QAR,PRK.1031,Teriyaki GRAZE Salmn,55,4015,3960,73
05/01/2022,GRA,ST005,QAR,PRK.1034,BBQ Chick Peas,38,1368,1368,36
05/01/2022,GRA,ST005,QAR,PRK.1039,Keto Chicken Salad,40,1920,1920,48
05/01/2022,GRA,ST005,QAR,PRK.1044,Southern Chicken Salad,45,945,945,21
05/01/2022,GRA,ST005,QAR,PRK.1048,Mexican  Caesar Salad chk,39,3120,3120,80
05/01/2022,GRA,ST005,QAR,PRK.1049,ROCCA SALAD,22,1298,1298,59
05/01/2022,GRA,ST005,QAR,PRK.1052,Smoke Turkey Sandwich,34,2924,2924,86
05/01/2022,GRA,ST005,QAR,PRK.1054,lemon&Rosemary Chkn,36,3636,3600,101
05/01/2022,GRA,ST005,QAR,PRK.1057,Steak & Philly Chz SW,32,1440,1440,45
05/01/2022,GRA,ST005,QAR,PRK.1063,Egg Mayo with Rocket,20,760,760,38
05/01/2022,GRA,ST005,QAR,PRK.1068,Crispy Chicken Bun,24,960,936,40
05/01/2022,GRA,ST005,QAR,PRK.1069,Spicy Courgette Falafel W,24,360,360,15
05/01/2022,GRA,ST005,QAR,PRK.1070,Chicken Pesto & Mozzarell,32,2240,2240,70
05/01/2022,GRA,ST005,QAR,PRK.1075,Avocado Toast,40,440,440,11
05/01/2022,GRA,ST005,QAR,PRK.1077,Spicy Halloumi,38,874,874,23
05/01/2022,GRA,ST005,QAR,PRK.1078,Graze Breakfast (egg box),32,768,768,24
05/01/2022,GRA,ST005,QAR,PRK.1083,Chkn Soup,19,646,646,34
05/01/2022,GRA,ST005,QAR,PRK.1086,Lamb Soup,28,196,168,7
05/01/2022,GRA,ST005,QAR,PRK.1087,Lentil Soup,20,820,820,41
05/01/2022,GRA,ST005,QAR,PRK.1111,Penne Bolognese,50,1350,1350,27
05/01/2022,GRA,ST005,QAR,PRK.1113,Chkn Katsu Curry,45,3555,3555,79
05/01/2022,GRA,ST005,QAR,PRK.1115,Mushroom Pasta,40,1280,1280,32
05/01/2022,GRA,ST005,QAR,PRK.1118,Steak With Mushroom Sauce,45,2565,2565,57
05/01/2022,GRA,ST005,QAR,PRK.1119,Chicken Biryani,45,4500,4500,100
05/01/2022,GRA,ST005,QAR,PRK.1121,Chinese Sesame Chicken,40,4200,4200,105
05/01/2022,GRA,ST005,QAR,PRK.1127,Rock Shrimp,45,3105,3105,69
05/01/2022,GRA,ST005,QAR,PRK.1133,Lamb  Kabsa,45,2070,2070,46
05/01/2022,GRA,ST005,QAR,PRK.1140,Chicken Curry & Saffron r,43,2408,2408,56
05/01/2022,GRA,ST005,QAR,PRK.1141,CRAB BOWL,28,56,56,2
05/01/2022,GRA,ST005,QAR,PRK.1145,Yoghurt & Cucumber dip,12,132,132,11
05/01/2022,GRA,ST005,QAR,PRK.1146,Spicy Guacamole Pot,13,364,364,28
05/01/2022,GRA,ST005,QAR,PRK.1149,Edamame Pot,12,228,228,19
05/01/2022,GRA,ST005,QAR,PRK.1155,Classic hummus pot,18,54,54,3
05/01/2022,GRA,ST005,QAR,PRK.1159,Greek Tabbouleh,20,400,400,20
05/01/2022,GRA,ST005,QAR,PRK.1160,Egg pot,16,16,16,1
05/01/2022,GRA,ST005,QAR,PRK.1161,Labneh Beetroot,28,168,168,6
05/01/2022,GRA,ST005,QAR,PRK.1173,Choco Chia Energy Ball,30,570,570,19
05/01/2022,GRA,ST005,QAR,PRK.1175,Pecan Bars,14,224,224,16
05/01/2022,GRA,ST005,QAR,PRK.1177,Carrot Cake,15,450,450,30
05/01/2022,GRA,ST005,QAR,PRK.1178,Sweet Potatoe Choco Cake,15,375,375,25
05/01/2022,GRA,ST005,QAR,PRK.1180,Tropical Fruits,18,108,108,6
05/01/2022,GRA,ST005,QAR,PRK.1181,Green Apple,2,22,22,11
05/01/2022,GRA,ST005,QAR,PRK.1182,Red Apple,2,10,10,5
05/01/2022,GRA,ST005,QAR,PRK.1183,Bannana,2,100,100,50
05/01/2022,GRA,ST005,QAR,PRK.1184,Watermelon,18,1260,1242,70
05/01/2022,GRA,ST005,QAR,PRK.1185,Pineapplemix,18,972,954,54
05/01/2022,GRA,ST005,QAR,PRK.1186,Mixed Berries,22,1694,1694,77
05/01/2022,GRA,ST005,QAR,PRK.1194,Lotus Cheesecake,15,270,270,18
05/01/2022,GRA,ST005,QAR,PRK.1196,Chia Blueberry Yodurt,24,312,312,13
05/01/2022,GRA,ST005,QAR,PRK.1201,Iced Flat White,18,936,936,52
05/01/2022,GRA,ST005,QAR,PRK.1203,Iced Spanish Latte,20,4160,4140,208
05/01/2022,GRA,ST005,QAR,PRK.1204,Iced Latte,18,828,828,46
05/01/2022,GRA,ST005,QAR,PRK.1205,Iced Americano,15,645,645,43
05/01/2022,GRA,ST005,QAR,PRK.1234,Pepperoni Pizza small,40,120,120,3
05/01/2022,GRA,ST005,QAR,PRK.1235,Margherita Pizza small,30,180,180,6
05/01/2022,GRA,ST005,QAR,PRK.1236,BBQ chicken Pizza small,35,70,70,2
05/01/2022,GRA,ST005,QAR,PRK.1262,Highland Still,5,2650,2640,530
05/01/2022,GRA,ST005,QAR,PRK.1265,Perrier Sparkling,9,513,513,57
05/01/2022,GRA,ST005,QAR,PRK.1291,Coke,5,405,405,81
05/01/2022,GRA,ST005,QAR,PRK.1292,Diet Coke,5,555,555,111
05/01/2022,GRA,ST005,QAR,PRK.1321,Mini Cup /Pina Colada,14,420,420,30
05/01/2022,GRA,ST005,QAR,PRK.1322,Regular Cup / Pina Colada,21,210,189,10
05/01/2022,GRA,ST005,QAR,PRK.1323,Large cup /Pina Colada,23,23,23,1
05/01/2022,GRA,ST005,QAR,PRK.1324,Mini Pina Colada/Topping,18,414,378,23
05/01/2022,GRA,ST005,QAR,PRK.1325,Regular Pina Colada/Toppi,26,494,468,19
05/01/2022,GRA,ST005,QAR,PRK.1326,Large Pina Colada/Topping,30,180,120,6
05/01/2022,GRA,ST005,QAR,PRK.1334,Stay Home w/Graze M12 X1,240,720,720,3
05/01/2022,GRA,ST005,QAR,PRK.1351,Espresso Single,12,168,168,14
05/01/2022,GRA,ST005,QAR,PRK.1352,Macchiato,18,36,36,2
05/01/2022,GRA,ST005,QAR,PRK.1353,Americano Hot,15,1800,1800,120
05/01/2022,GRA,ST005,QAR,PRK.1354,Flat White Hot,18,936,936,52
05/01/2022,GRA,ST005,QAR,PRK.1355,Cappucino,18,1710,1710,95
05/01/2022,GRA,ST005,QAR,PRK.1356,Cortado,18,306,306,17
05/01/2022,GRA,ST005,QAR,PRK.1358,Spanish Latte,20,2380,2360,119
05/01/2022,GRA,ST005,QAR,PRK.1359,Classic Mocha,25,425,425,17
05/01/2022,GRA,ST005,QAR,PRK.1360,Slated Caramel Mocha,25,425,425,17
05/01/2022,GRA,ST005,QAR,PRK.1362,Double Espresso,14,364,364,26
05/01/2022,GRA,ST005,QAR,PRK.1363,Latte Hot,18,1494,1494,83
05/01/2022,GRA,ST005,QAR,PRK.1364,English B/F,12,288,288,24
05/01/2022,GRA,ST005,QAR,PRK.1365,Green Tea,12,72,72,6
05/01/2022,GRA,ST005,QAR,PRK.1372,Hot Cocoa,24,792,792,33
05/01/2022,GRA,ST005,QAR,PRK.1373,Hibiscus Iced tea,18,540,540,30
05/01/2022,GRA,ST005,QAR,PRK.1374,Graze Peach Iced Tea,18,486,486,27
05/01/2022,GRA,ST005,QAR,PRK.1375,Matcha Latte,25,450,450,18
05/01/2022,GRA,ST005,QAR,PRK.1376,Cinnamon Latte,25,75,75,3
05/01/2022,GRA,ST005,QAR,PRK.1386,Orange Juice,22,3520,3520,160
05/01/2022,GRA,ST005,QAR,PRK.1387,Carrot Juice,22,792,792,36
05/01/2022,GRA,ST005,QAR,PRK.1390,Morning Boost,24,1200,1200,50
05/01/2022,GRA,ST005,QAR,PRK.1392,Immune Boost,22,880,880,40
05/01/2022,GRA,ST005,QAR,PRK.1396,Ginger Aid Shot,18,1368,1368,76
05/01/2022,GRA,ST005,QAR,PRK.1402,Laban Drink,18,432,432,24
05/01/2022,GRA,ST005,QAR,PRK.1403,Vimto Juice,18,36,36,2
05/01/2022,GRA,ST005,QAR,PRK.1404,Green Boost Juice,24,408,408,17
05/01/2022,GRA,ST005,QAR,PRK.1405,Watermelon & coconut cool,20,220,220,11
05/01/2022,GRA,ST005,QAR,PRK.1406,Beetroot & Apple Juice,20,860,860,43
05/01/2022,GRA,ST005,QAR,PRK.1407,Coconut & Pineapple Juice,24,288,288,12
05/01/2022,GRA,ST005,QAR,PRK.1409,Turmeric wellness shot,16,368,368,23
05/01/2022,GRA,ST005,QAR,PRK.1412, Mini Cup Yogurt,14,1022,1022,73
05/01/2022,GRA,ST005,QAR,PRK.1413,Regular Cup Yogurt,21,567,567,27
05/01/2022,GRA,ST005,QAR,PRK.1416,Large Cup Yogurt,23,184,184,8
05/01/2022,GRA,ST005,QAR,PRK.1418, Mini Cup Yogurt/Topping,18,1404,1404,78
05/01/2022,GRA,ST005,QAR,PRK.1419,Reg Cup Yogurt/Toping,26,1664,1664,64
05/01/2022,GRA,ST005,QAR,PRK.1422,Large Cup Yogurt/Topping,30,390,390,13
05/01/2022,GRA,ST005,QAR,PRK.1424,Reg.Cup Choco Ice Cream,20,20,20,1
05/01/2022,GRA,ST005,QAR,PRK.1429,Mini Mango Ice Cream,14,3612,3598,258
05/01/2022,GRA,ST005,QAR,PRK.1430,Regular Mango Ice Cream,21,2835,2835,135
05/01/2022,GRA,ST005,QAR,PRK.1431,Large Mango Ice Cream,23,529,529,23
05/01/2022,GRA,ST005,QAR,PRK.1432,Mini Mango Ice Cream/Topp,18,2142,2142,119
05/01/2022,GRA,ST005,QAR,PRK.1433,Reg Mango Ice cream/Topp,26,2470,2470,95
05/01/2022,GRA,ST005,QAR,PRK.1434,Large Mango Ice Cream/Top,30,960,960,32
05/01/2022,GRA,ST005,QAR,PRK.1435,Mini Cup Milky Ice Cream,14,1470,1414,105
05/01/2022,GRA,ST005,QAR,PRK.1436,Reg Cup Milky Ice Cream,21,399,399,19
05/01/2022,GRA,ST005,QAR,PRK.1437,Lrge Cup Milky Ice Cream,23,115,115,5
05/01/2022,GRA,ST005,QAR,PRK.1438,Mini Cup Milky Ice C/Top,18,414,396,23
05/01/2022,GRA,ST005,QAR,PRK.1439,Reg Cup Milky Ice Cre/Top,26,572,572,22
05/01/2022,GRA,ST005,QAR,PRK.1440,Lrge Cup Milky Ice Cr/Top,30,90,90,3
05/01/2022,GRA,ST005,QAR,PRK.1464,Fresh Pineapple,3,6,6,2
05/01/2022,GRA,ST005,QAR,PRK.1469,Kiwi Fruit,3,3,3,1
05/01/2022,GRA,ST005,QAR,PRK.1470,Lotus Biscuit,3,3,3,1
05/01/2022,GRA,ST005,QAR,PRK.1471,NOODLES BOWL,45,855,810,19
05/01/2022,GRA,ST005,QAR,PRK.1472,CHICKEN CURRY & RICE,48,1584,1536,33
05/01/2022,GRA,ST005,QAR,PRK.1473,BEEF STROGANOFF,50,350,300,7
05/01/2022,GRA,ST005,QAR,PRK.1501,pomegranate,3,12,12,4
05/01/2022,GRA,ST005,QAR,PRK.1502,Strawberry,3,15,15,5
05/01/2022,GRA,ST005,QAR,PRK.1505,Salted Caramel,3,6,6,2
05/01/2022,GRA,ST005,QAR,PRK.1507,Crispy Crepe,3,9,9,3
05/01/2022,GRA,ST005,QAR,PRK.1508,Granola,3,12,12,4
05/01/2022,GRA,ST005,QAR,PRK.1509,Coconut Flakes,3,3,3,1
05/01/2022,GRA,ST005,QAR,PRK.1520,Mixed Berries Sauce,3,6,6,2
05/01/2022,GRA,ST005,QAR,PRK.1527,Mango,3,6,6,2
05/01/2022,GRA,ST005,QAR,PRK.1531,Power Shake,35,980,980,28
05/01/2022,GRA,ST005,QAR,PRK.1532,Peanut Power Shake,35,420,420,12
05/01/2022,GRA,ST005,QAR,PRK.1533,Pre-workout protein shak,45,360,360,8
05/01/2022,GRA,ST005,QAR,PRK.1534,Choco Power Shake,35,280,280,8
05/01/2022,GRA,ST005,QAR,PRK.1536,Energizer protine Shakes,45,135,135,3
05/01/2022,GRA,ST005,QAR,PRK.1538,Pre-workout shake,35,35,35,1
05/01/2022,GRA,ST005,QAR,PRK.1540,Energizer shakes,35,105,105,3
05/01/2022,GRA,ST005,QAR,PRK.1542,14oz Pre-work out Protein,40,520,520,13
05/01/2022,GRA,ST005,QAR,PRK.1545,14oz Energizer protine,40,440,440,11
05/01/2022,GRA,ST005,QAR,PRK.1546,14oz Pre-workout shake,30,150,150,5
05/01/2022,GRA,ST005,QAR,PRK.1548,14oz Energizer shakes,30,660,660,22
05/01/2022,GRA,ST005,QAR,PRK.1550,Extra Protein,10,10,10,1
05/01/2022,GRA,ST005,QAR,PRK.1580,Ogaily cardamom ice cream,25,25,25,1
05/01/2022,GRA,ST005,QAR,PRK.1587,Supersize,45,180,180,4
05/01/2022,GRA,ST005,QAR,PRK.1621,Orange loaf,12,252,252,21
05/01/2022,GRA,ST005,QAR,PRK.1623,Brownie flavour cookies,10,1620,1620,162
05/01/2022,GRA,ST005,QAR,PRK.1626,Cinnamon Roll,13,104,104,8
05/01/2022,GRA,ST005,QAR,PRK.1627,Custard Raisin Roll,14,70,70,5
05/01/2022,GRA,ST005,QAR,PRK.1628,Brownie bites,13,702,702,54
05/01/2022,GRA,ST005,QAR,PRK.1632,Turkey cheese roll,19,266,247,14
05/01/2022,GRA,ST005,QAR,PRK.1633,Spinach feta roll,18,288,270,16
05/01/2022,GRA,ST005,QAR,PRK.1651,PB & Jam sourdough bread,18,324,324,18
05/01/2022,GRA,ST005,QAR,PRK.1655,Graze Oatmeal,30,390,390,13
05/01/2022,GRA,ST005,QAR,PRK.1681,Salted Caramel Mocha,24,1464,1464,61
05/01/2022,GRA,ST005,QAR,PRK.1682,Matcha Frappe,26,1300,1300,50
05/01/2022,GRA,ST005,QAR,PRK.1711,Pomegranate Pot,18,270,270,15
05/01/2022,GRA,ST005,QAR,PRK.1712,Mango Peach Muesli Pot,24,288,264,12
05/01/2022,GRA,ST005,QAR,PRK.1713,Overnight oats PB&Jam,25,250,225,10
05/01/2022,GRA,ST005,QAR,PRK.1741,Spicy Tuna sandwich,26,962,962,37
05/01/2022,GRA,ST005,QAR,PRK.1742,Three cheese,22,704,704,32
05/01/2022,GRA,ST005,QAR,PRK.1743,Falafel and Labna,25,550,550,22
05/01/2022,GRA,ST005,QAR,PRK.1746,GRAZE CLUB SANDWICH,42,1470,1470,35
05/01/2022,GRA,ST005,QAR,PRK.1747,BEEF BURGER,35,490,490,14
05/01/2022,GRA,ST005,QAR,PRK.1771,Pistachio Arabeshi,5,555,545,111
05/01/2022,GRA,ST005,QAR,PRK.1772,Fresh Raspberry,5,500,500,100
05/01/2022,GRA,ST005,QAR,PRK.1773,Fresh blueberry,5,400,400,80
05/01/2022,GRA,ST005,QAR,PRK.1774,Chocolate Flakes,5,305,300,61
05/01/2022,GRA,ST005,QAR,PRK.1775,Honey Comb,5,90,90,18
05/01/2022,GRA,ST005,QAR,PRK.4501,Full Fat Milk,0,0,0,13
05/01/2022,GRA,ST005,QAR,PRK.4502,Low Fat Milk,0,0,0,65
05/01/2022,GRA,ST005,QAR,PRK.4503,Almond Milk,2,112,112,56
05/01/2022,GRA,ST005,QAR,PRK.4504,Soya Milk,2,82,82,41
05/01/2022,GRA,ST005,QAR,PRK.4505,Less Sweet,0,0,0,3
05/01/2022,GRA,ST005,QAR,PRK.4506,More Sweet,0,0,0,2
05/01/2022,GRA,ST005,QAR,PRK.4509,Double Shot,0,0,0,8
05/01/2022,GRA,ST005,QAR,PRK.4514,Less Ice,0,0,0,2
05/01/2022,GRA,ST005,QAR,PRK.4516,Decaf,0,0,0,26
05/01/2022,GRA,ST005,QAR,PRK.4517,Vanilla Flavor,0,0,0,1
05/01/2022,GRA,ST005,QAR,PRK.4519,caramel flavor,0,0,0,9
05/01/2022,GRA,ST005,QAR,PRK.4520,hazelnut flavor,0,0,0,4
05/01/2022,GRA,ST005,QAR,PRK.4531,w/ Granola,0,0,0,47
05/01/2022,GRA,ST005,QAR,PRK.4533,w/ Pretzel,0,0,0,10
05/01/2022,GRA,ST005,QAR,PRK.4534,w/ Coconut Flakes,0,0,0,33
05/01/2022,GRA,ST005,QAR,PRK.4535,w/ Crispy Crepe,0,0,0,109
05/01/2022,GRA,ST005,QAR,PRK.4537,w/ Mixed Berries Sauce,0,0,0,8
05/01/2022,GRA,ST005,QAR,PRK.4541,w/ Strawberry,0,0,0,188
05/01/2022,GRA,ST005,QAR,PRK.4543,w/ Salted Caramel,0,0,0,22
05/01/2022,GRA,ST005,QAR,PRK.4544,w/ Pomegranate,0,0,0,115
05/01/2022,GRA,ST005,QAR,PRK.4545,w/ Dulce de leche,0,0,0,18
05/01/2022,GRA,ST005,QAR,PRK.4549,w/ Mango Sauce,0,0,0,21
05/01/2022,GRA,ST005,QAR,PRK.4550,w/ Mango,0,0,0,203
05/01/2022,GRA,ST005,QAR,PRK.4552,w/ Crushed Grahams,0,0,0,29
05/01/2022,GRA,ST005,QAR,PRK.4556,w/ Fresh Pineapple,0,0,0,20
05/01/2022,GRA,ST005,QAR,PRK.4557,w/ Kiwi Fruit,0,0,0,23
05/01/2022,GRA,ST005,QAR,PRK.4558,w/ Lotus Biscuit,0,0,0,43
05/01/2022,GRA,ST005,QAR,PRK.4561,MIXED FROZEN YOGURT,0,0,0,56
05/01/2022,GRA,ST005,QAR,PRK.4562,MIXED MANGO YOGURT,0,0,0,26
05/01/2022,GRA,ST005,QAR,PRK.4564,MIXED MILKY ICE CREAM,0,0,0,4
