DATE,BRANCHCODE,WAREHOUSECODE,CURRENCY,ERPCODE,ITEMNAME,RAWPRICE,GROSSAMT,NETVALUE,QTYSOLD
10/01/2022,GRA,ST005,QAR,PRK.902,Granola,55,550,550,10
10/01/2022,GRA,ST005,QAR,PRK.907,Zaatar Chips,6,198,198,33
10/01/2022,GRA,ST005,QAR,PRK.909,Spicy Pesto Chips,6,204,204,34
10/01/2022,GRA,ST005,QAR,PRK.910,Graze Spicy Mix Sml,25,150,150,6
10/01/2022,GRA,ST005,QAR,PRK.911,Graze House Mix Sml,25,325,325,13
10/01/2022,GRA,ST005,QAR,PRK.961,Extra cheese,5,5,5,1
10/01/2022,GRA,ST005,QAR,PRK.962,Extra flavor,3,84,84,28
10/01/2022,GRA,ST005,QAR,PRK.994,Crsnt w Egg/Avaca/ SunTom,24,1560,1560,65
10/01/2022,GRA,ST005,QAR,PRK.995,Egg Burrito,20,680,680,34
10/01/2022,GRA,ST005,QAR,PRK.996,Blueberry Granola parfait,25,1675,1675,67
10/01/2022,GRA,ST005,QAR,PRK.997,Yog Dates Chia Pista Alm,22,1584,1584,72
10/01/2022,GRA,ST005,QAR,PRK.1003,Cheese Croissant,16,192,192,12
10/01/2022,GRA,ST005,QAR,PRK.1007,Zatar Croissant,16,400,400,25
10/01/2022,GRA,ST005,QAR,PRK.1008,Chocolate Croissant,16,640,640,40
10/01/2022,GRA,ST005,QAR,PRK.1010,Tomato Puff Pastry,16,624,624,39
10/01/2022,GRA,ST005,QAR,PRK.1012,Three Berry Yogurt & Date,25,700,700,28
10/01/2022,GRA,ST005,QAR,PRK.1015,Kiri Cheese Danish,14,770,770,55
10/01/2022,GRA,ST005,QAR,PRK.1016,Plain Croissant,10,540,540,54
10/01/2022,GRA,ST005,QAR,PRK.1020,Almond Croissant,16,416,416,26
10/01/2022,GRA,ST005,QAR,PRK.1021,Shirazi Salad,12,324,324,27
10/01/2022,GRA,ST005,QAR,PRK.1023,Falafel Salad,45,2475,2475,55
10/01/2022,GRA,ST005,QAR,PRK.1024,Quinoa Swt potato Salad,40,1520,1520,38
10/01/2022,GRA,ST005,QAR,PRK.1027,Mex Chkn Chilli Bean Sld,40,2160,2160,54
10/01/2022,GRA,ST005,QAR,PRK.1029,Burrata Salad,50,1100,1100,22
10/01/2022,GRA,ST005,QAR,PRK.1031,Teriyaki GRAZE Salmn,55,4785,4785,87
10/01/2022,GRA,ST005,QAR,PRK.1034,BBQ Chick Peas,38,152,152,4
10/01/2022,GRA,ST005,QAR,PRK.1039,Keto Chicken Salad,40,1720,1720,43
10/01/2022,GRA,ST005,QAR,PRK.1044,Southern Chicken Salad,45,90,90,2
10/01/2022,GRA,ST005,QAR,PRK.1046,Greek Salad,30,900,900,30
10/01/2022,GRA,ST005,QAR,PRK.1048,Mexican  Caesar Salad chk,39,5265,5265,135
10/01/2022,GRA,ST005,QAR,PRK.1049,ROCCA SALAD,22,858,858,39
10/01/2022,GRA,ST005,QAR,PRK.1052,Smoke Turkey Sandwich,34,3740,3740,110
10/01/2022,GRA,ST005,QAR,PRK.1054,lemon&Rosemary Chkn,36,5472,5472,152
10/01/2022,GRA,ST005,QAR,PRK.1057,Steak & Philly Chz SW,32,1856,1856,58
10/01/2022,GRA,ST005,QAR,PRK.1063,Egg Mayo with Rocket,20,720,720,36
10/01/2022,GRA,ST005,QAR,PRK.1068,Crispy Chicken Bun,24,1056,1056,44
10/01/2022,GRA,ST005,QAR,PRK.1070,Chicken Pesto & Mozzarell,32,2336,2336,73
10/01/2022,GRA,ST005,QAR,PRK.1075,Avocado Toast,40,1200,1200,30
10/01/2022,GRA,ST005,QAR,PRK.1077,Spicy Halloumi,38,988,988,26
10/01/2022,GRA,ST005,QAR,PRK.1078,Graze Breakfast (egg box),32,992,992,31
10/01/2022,GRA,ST005,QAR,PRK.1083,Chkn Soup,19,931,931,49
10/01/2022,GRA,ST005,QAR,PRK.1087,Lentil Soup,20,1080,1080,54
10/01/2022,GRA,ST005,QAR,PRK.1089,Vegetable soup,16,656,656,41
10/01/2022,GRA,ST005,QAR,PRK.1113,Chkn Katsu Curry,45,8550,8550,190
10/01/2022,GRA,ST005,QAR,PRK.1115,Mushroom Pasta,40,3960,3960,99
10/01/2022,GRA,ST005,QAR,PRK.1118,Steak With Mushroom Sauce,45,4095,4095,91
10/01/2022,GRA,ST005,QAR,PRK.1119,Chicken Biryani,45,10260,10260,228
10/01/2022,GRA,ST005,QAR,PRK.1121,Chinese Sesame Chicken,40,9400,9400,235
10/01/2022,GRA,ST005,QAR,PRK.1127,Rock Shrimp,45,2790,2790,62
10/01/2022,GRA,ST005,QAR,PRK.1133,Lamb  Kabsa,45,3645,3645,81
10/01/2022,GRA,ST005,QAR,PRK.1140,Chicken Curry & Saffron r,43,4386,4386,102
10/01/2022,GRA,ST005,QAR,PRK.1141,CRAB BOWL,28,336,336,12
10/01/2022,GRA,ST005,QAR,PRK.1145,Yoghurt & Cucumber dip,12,96,96,8
10/01/2022,GRA,ST005,QAR,PRK.1146,Spicy Guacamole Pot,13,286,286,22
10/01/2022,GRA,ST005,QAR,PRK.1149,Edamame Pot,12,216,216,18
10/01/2022,GRA,ST005,QAR,PRK.1155,Classic hummus pot,18,36,36,2
10/01/2022,GRA,ST005,QAR,PRK.1159,Greek Tabbouleh,20,460,460,23
10/01/2022,GRA,ST005,QAR,PRK.1160,Egg pot,16,80,80,5
10/01/2022,GRA,ST005,QAR,PRK.1161,Labneh Beetroot,12,108,108,9
10/01/2022,GRA,ST005,QAR,PRK.1173,Choco Chia Energy Ball,30,1170,1170,39
10/01/2022,GRA,ST005,QAR,PRK.1175,Pecan Bars,14,266,266,19
10/01/2022,GRA,ST005,QAR,PRK.1177,Carrot Cake,15,375,375,25
10/01/2022,GRA,ST005,QAR,PRK.1178,Sweet Potatoe Choco Cake,15,450,450,30
10/01/2022,GRA,ST005,QAR,PRK.1181,Green Apple,2,34,34,17
10/01/2022,GRA,ST005,QAR,PRK.1182,Red Apple,2,26,26,13
10/01/2022,GRA,ST005,QAR,PRK.1183,Bannana,2,292,292,146
10/01/2022,GRA,ST005,QAR,PRK.1184,Watermelon,18,1638,1638,91
10/01/2022,GRA,ST005,QAR,PRK.1185,Pineapplemix,18,1548,1548,86
10/01/2022,GRA,ST005,QAR,PRK.1186,Mixed Berries,22,2332,2332,106
10/01/2022,GRA,ST005,QAR,PRK.1194,Lotus Cheesecake,15,465,465,31
10/01/2022,GRA,ST005,QAR,PRK.1196,Chia Blueberry Yodurt,24,432,432,18
10/01/2022,GRA,ST005,QAR,PRK.1201,Iced Flat White,18,396,396,22
10/01/2022,GRA,ST005,QAR,PRK.1203,Iced Spanish Latte,20,6820,6820,341
10/01/2022,GRA,ST005,QAR,PRK.1204,Iced Latte,18,1710,1710,95
10/01/2022,GRA,ST005,QAR,PRK.1205,Iced Americano,15,945,945,63
10/01/2022,GRA,ST005,QAR,PRK.1234,Pepperoni Pizza small,40,40,40,1
10/01/2022,GRA,ST005,QAR,PRK.1235,Margherita Pizza small,30,120,120,4
10/01/2022,GRA,ST005,QAR,PRK.1236,BBQ chicken Pizza small,35,210,210,6
10/01/2022,GRA,ST005,QAR,PRK.1262,Highland Still,5,4645,4645,929
10/01/2022,GRA,ST005,QAR,PRK.1265,Perrier Sparkling,9,945,945,105
10/01/2022,GRA,ST005,QAR,PRK.1291,Coke,5,785,785,157
10/01/2022,GRA,ST005,QAR,PRK.1292,Diet Coke,5,905,905,181
10/01/2022,GRA,ST005,QAR,PRK.1321,Mini Cup /Pina Colada,14,504,504,36
10/01/2022,GRA,ST005,QAR,PRK.1322,Regular Cup / Pina Colada,21,168,168,8
10/01/2022,GRA,ST005,QAR,PRK.1323,Large cup /Pina Colada,23,46,46,2
10/01/2022,GRA,ST005,QAR,PRK.1324,Mini Pina Colada/Topping,18,666,666,37
10/01/2022,GRA,ST005,QAR,PRK.1325,Regular Pina Colada/Toppi,26,416,416,16
10/01/2022,GRA,ST005,QAR,PRK.1326,Large Pina Colada/Topping,30,120,120,4
10/01/2022,GRA,ST005,QAR,PRK.1333,Stay Home w/Graze M 6 X1,130,130,130,1
10/01/2022,GRA,ST005,QAR,PRK.1335,Cool Box,15,15,15,1
10/01/2022,GRA,ST005,QAR,PRK.1351,Espresso Single,12,468,468,39
10/01/2022,GRA,ST005,QAR,PRK.1352,Macchiato,18,36,36,2
10/01/2022,GRA,ST005,QAR,PRK.1353,Americano Hot,15,3240,3240,216
10/01/2022,GRA,ST005,QAR,PRK.1354,Flat White Hot,18,1944,1944,108
10/01/2022,GRA,ST005,QAR,PRK.1355,Cappucino,18,3672,3672,204
10/01/2022,GRA,ST005,QAR,PRK.1356,Cortado,18,756,756,42
10/01/2022,GRA,ST005,QAR,PRK.1358,Spanish Latte,20,3720,3720,186
10/01/2022,GRA,ST005,QAR,PRK.1359,Classic Mocha,25,325,325,13
10/01/2022,GRA,ST005,QAR,PRK.1360,Slated Caramel Mocha,25,450,450,18
10/01/2022,GRA,ST005,QAR,PRK.1362,Double Espresso,14,644,644,46
10/01/2022,GRA,ST005,QAR,PRK.1363,Latte Hot,18,2610,2610,145
10/01/2022,GRA,ST005,QAR,PRK.1364,English B/F,12,396,396,33
10/01/2022,GRA,ST005,QAR,PRK.1365,Green Tea,12,108,108,9
10/01/2022,GRA,ST005,QAR,PRK.1372,Hot Cocoa,24,1416,1416,59
10/01/2022,GRA,ST005,QAR,PRK.1373,Hibiscus Iced tea,18,1404,1404,78
10/01/2022,GRA,ST005,QAR,PRK.1374,Graze Peach Iced Tea,18,972,972,54
10/01/2022,GRA,ST005,QAR,PRK.1375,Matcha Latte,25,575,575,23
10/01/2022,GRA,ST005,QAR,PRK.1376,Cinnamon Latte,25,75,75,3
10/01/2022,GRA,ST005,QAR,PRK.1377,Fresh Milk,10,20,20,2
10/01/2022,GRA,ST005,QAR,PRK.1386,Orange Juice,22,5082,5082,231
10/01/2022,GRA,ST005,QAR,PRK.1387,Carrot Juice,22,638,638,29
10/01/2022,GRA,ST005,QAR,PRK.1390,Morning Boost,24,1368,1368,57
10/01/2022,GRA,ST005,QAR,PRK.1392,Immune Boost,22,1452,1452,66
10/01/2022,GRA,ST005,QAR,PRK.1396,Ginger Aid Shot,18,2160,2160,120
10/01/2022,GRA,ST005,QAR,PRK.1402,Laban Drink,18,1062,1062,59
10/01/2022,GRA,ST005,QAR,PRK.1404,Green Boost Juice,24,1440,1440,60
10/01/2022,GRA,ST005,QAR,PRK.1405,Watermelon & coconut cool,20,200,200,10
10/01/2022,GRA,ST005,QAR,PRK.1406,Beetroot & Apple Juice,20,1540,1540,77
10/01/2022,GRA,ST005,QAR,PRK.1407,Coconut & Pineapple Juice,24,288,288,12
10/01/2022,GRA,ST005,QAR,PRK.1409,Turmeric wellness shot,16,896,896,56
10/01/2022,GRA,ST005,QAR,PRK.1412, Mini Cup Yogurt,14,364,364,26
10/01/2022,GRA,ST005,QAR,PRK.1413,Regular Cup Yogurt,21,84,84,4
10/01/2022,GRA,ST005,QAR,PRK.1416,Large Cup Yogurt,23,115,115,5
10/01/2022,GRA,ST005,QAR,PRK.1418, Mini Cup Yogurt/Topping,18,396,396,22
10/01/2022,GRA,ST005,QAR,PRK.1419,Reg Cup Yogurt/Toping,26,286,286,11
10/01/2022,GRA,ST005,QAR,PRK.1422,Large Cup Yogurt/Topping,30,90,90,3
10/01/2022,GRA,ST005,QAR,PRK.1429,Mini Mango Ice Cream,14,4830,4830,345
10/01/2022,GRA,ST005,QAR,PRK.1430,Regular Mango Ice Cream,21,1848,1848,88
10/01/2022,GRA,ST005,QAR,PRK.1431,Large Mango Ice Cream,23,529,529,23
10/01/2022,GRA,ST005,QAR,PRK.1432,Mini Mango Ice Cream/Topp,18,3906,3906,217
10/01/2022,GRA,ST005,QAR,PRK.1433,Reg Mango Ice cream/Topp,26,2964,2964,114
10/01/2022,GRA,ST005,QAR,PRK.1434,Large Mango Ice Cream/Top,30,570,570,19
10/01/2022,GRA,ST005,QAR,PRK.1464,Fresh Pineapple,3,6,6,2
10/01/2022,GRA,ST005,QAR,PRK.1470,Lotus Biscuit,3,12,12,4
10/01/2022,GRA,ST005,QAR,PRK.1472,CHICKEN CURRY & RICE,48,1296,1296,27
10/01/2022,GRA,ST005,QAR,PRK.1473,BEEF STROGANOFF,50,100,100,2
10/01/2022,GRA,ST005,QAR,PRK.1474,Spaghetti Bolognese,45,2295,2295,51
10/01/2022,GRA,ST005,QAR,PRK.1475,Salmon with Cilantro Rice,65,4095,4095,63
10/01/2022,GRA,ST005,QAR,PRK.1476,Chicken Noodle Bowl,40,1640,1640,41
10/01/2022,GRA,ST005,QAR,PRK.1501,pomegranate,3,9,9,3
10/01/2022,GRA,ST005,QAR,PRK.1502,Strawberry,3,114,114,38
10/01/2022,GRA,ST005,QAR,PRK.1505,Salted Caramel,3,12,12,4
10/01/2022,GRA,ST005,QAR,PRK.1506,Pretzel,3,9,9,3
10/01/2022,GRA,ST005,QAR,PRK.1507,Crispy Crepe,3,24,24,8
10/01/2022,GRA,ST005,QAR,PRK.1508,Granola,3,36,36,12
10/01/2022,GRA,ST005,QAR,PRK.1509,Coconut Flakes,3,30,30,10
10/01/2022,GRA,ST005,QAR,PRK.1510,Crushed Graham,3,12,12,4
10/01/2022,GRA,ST005,QAR,PRK.1514,Dulce de Leche,3,9,9,3
10/01/2022,GRA,ST005,QAR,PRK.1520,Mixed Berries Sauce,3,6,6,2
10/01/2022,GRA,ST005,QAR,PRK.1521,Mango Sauce,3,9,9,3
10/01/2022,GRA,ST005,QAR,PRK.1523,Peanut Butter Sauce,3,27,27,9
10/01/2022,GRA,ST005,QAR,PRK.1527,Mango,3,72,72,24
10/01/2022,GRA,ST005,QAR,PRK.1531,Power Shake,35,700,700,20
10/01/2022,GRA,ST005,QAR,PRK.1532,Peanut Power Shake,35,525,525,15
10/01/2022,GRA,ST005,QAR,PRK.1533,Pre-workout protein shak,45,630,630,14
10/01/2022,GRA,ST005,QAR,PRK.1534,Choco Power Shake,35,140,140,4
10/01/2022,GRA,ST005,QAR,PRK.1536,Energizer protine Shakes,45,360,360,8
10/01/2022,GRA,ST005,QAR,PRK.1538,Pre-workout shake,35,140,140,4
10/01/2022,GRA,ST005,QAR,PRK.1540,Energizer shakes,35,420,420,12
10/01/2022,GRA,ST005,QAR,PRK.1542,14oz Pre-work out Protein,40,440,440,11
10/01/2022,GRA,ST005,QAR,PRK.1545,14oz Energizer protine,40,440,440,11
10/01/2022,GRA,ST005,QAR,PRK.1546,14oz Pre-workout shake,30,90,90,3
10/01/2022,GRA,ST005,QAR,PRK.1548,14oz Energizer shakes,30,900,900,30
10/01/2022,GRA,ST005,QAR,PRK.1550,Extra Protein,10,210,210,21
10/01/2022,GRA,ST005,QAR,PRK.1581,Mini coconut frz yog I/C,14,798,798,57
10/01/2022,GRA,ST005,QAR,PRK.1582,Regular coconut frz yog I,21,441,441,21
10/01/2022,GRA,ST005,QAR,PRK.1583,Large coconut frz yog I/C,23,184,184,8
10/01/2022,GRA,ST005,QAR,PRK.1584,Mini coconut frz yog  Top,18,1206,1206,67
10/01/2022,GRA,ST005,QAR,PRK.1585,Reg- coconut frz yog Top,26,338,338,13
10/01/2022,GRA,ST005,QAR,PRK.1586,Large coconut frz yog  To,30,180,180,6
10/01/2022,GRA,ST005,QAR,PRK.1587,Supersize,45,180,180,4
10/01/2022,GRA,ST005,QAR,PRK.1588,Acai Small,35,10430,10430,298
10/01/2022,GRA,ST005,QAR,PRK.1589,Acai Large,40,2360,2360,59
10/01/2022,GRA,ST005,QAR,PRK.1621,Orange loaf,12,372,372,31
10/01/2022,GRA,ST005,QAR,PRK.1623,Brownie flavour cookies,10,2980,2980,298
10/01/2022,GRA,ST005,QAR,PRK.1626,Cinnamon Roll,13,338,338,26
10/01/2022,GRA,ST005,QAR,PRK.1628,Brownie bites,13,1131,1131,87
10/01/2022,GRA,ST005,QAR,PRK.1632,Turkey cheese roll,19,779,779,41
10/01/2022,GRA,ST005,QAR,PRK.1633,Spinach feta roll,18,666,666,37
10/01/2022,GRA,ST005,QAR,PRK.1634,Madeleine,12,1188,1188,99
10/01/2022,GRA,ST005,QAR,PRK.1651,PB & Jam sourdough bread,18,378,378,21
10/01/2022,GRA,ST005,QAR,PRK.1655,Graze Oatmeal,30,930,930,31
10/01/2022,GRA,ST005,QAR,PRK.1681,Salted Caramel Mocha,24,1800,1800,75
10/01/2022,GRA,ST005,QAR,PRK.1682,Matcha Frappe,26,3822,3822,147
10/01/2022,GRA,ST005,QAR,PRK.1711,Pomegranate Pot,18,414,414,23
10/01/2022,GRA,ST005,QAR,PRK.1712,Mango Peach Muesli Pot,24,240,240,10
10/01/2022,GRA,ST005,QAR,PRK.1713,Overnight oats PB&Jam,25,625,625,25
10/01/2022,GRA,ST005,QAR,PRK.1741,Spicy Tuna sandwich,26,858,858,33
10/01/2022,GRA,ST005,QAR,PRK.1742,Three cheese,22,902,902,41
10/01/2022,GRA,ST005,QAR,PRK.1743,Falafel and Labna,25,425,425,17
10/01/2022,GRA,ST005,QAR,PRK.1746,GRAZE CLUB SANDWICH,42,126,126,3
10/01/2022,GRA,ST005,QAR,PRK.1747,BEEF BURGER,35,350,350,10
10/01/2022,GRA,ST005,QAR,PRK.1748,Chicken Shawarma,18,1872,1872,104
10/01/2022,GRA,ST005,QAR,PRK.1749,Tenderloin Beef Shawarma,22,1188,1188,54
10/01/2022,GRA,ST005,QAR,PRK.1750,Cream Cheese Roll,9,477,477,53
10/01/2022,GRA,ST005,QAR,PRK.1751,Egg Mayo Roll,9,801,801,89
10/01/2022,GRA,ST005,QAR,PRK.1771,Pistachio Arabeshi,5,585,585,117
10/01/2022,GRA,ST005,QAR,PRK.1772,Fresh Raspberry,5,450,450,90
10/01/2022,GRA,ST005,QAR,PRK.1773,Fresh blueberry,5,370,370,74
10/01/2022,GRA,ST005,QAR,PRK.1774,Chocolate Flakes,5,210,210,42
10/01/2022,GRA,ST005,QAR,PRK.1775,Honey Comb,5,140,140,28
10/01/2022,GRA,ST005,QAR,PRK.1776,Milk powder,3,9,9,3
10/01/2022,GRA,ST005,QAR,PRK.4501,Full Fat Milk,0,0,0,6
10/01/2022,GRA,ST005,QAR,PRK.4502,Low Fat Milk,0,0,0,51
10/01/2022,GRA,ST005,QAR,PRK.4503,Almond Milk,2,260,260,130
10/01/2022,GRA,ST005,QAR,PRK.4504,Soya Milk,2,90,90,45
10/01/2022,GRA,ST005,QAR,PRK.4505,Less Sweet,0,0,0,2
10/01/2022,GRA,ST005,QAR,PRK.4507,Half Shot,0,0,0,1
10/01/2022,GRA,ST005,QAR,PRK.4509,Double Shot,0,0,0,2
10/01/2022,GRA,ST005,QAR,PRK.4510,Less Hot,0,0,0,1
10/01/2022,GRA,ST005,QAR,PRK.4516,Decaf,0,0,0,5
10/01/2022,GRA,ST005,QAR,PRK.4517,Vanilla Flavor,0,0,0,6
10/01/2022,GRA,ST005,QAR,PRK.4519,caramel flavor,0,0,0,6
10/01/2022,GRA,ST005,QAR,PRK.4520,hazelnut flavor,0,0,0,3
10/01/2022,GRA,ST005,QAR,PRK.4531,w/ Granola,0,0,0,64
10/01/2022,GRA,ST005,QAR,PRK.4533,w/ Pretzel,0,0,0,8
10/01/2022,GRA,ST005,QAR,PRK.4534,w/ Coconut Flakes,0,0,0,30
10/01/2022,GRA,ST005,QAR,PRK.4535,w/ Crispy Crepe,0,0,0,63
10/01/2022,GRA,ST005,QAR,PRK.4537,w/ Mixed Berries Sauce,0,0,0,15
10/01/2022,GRA,ST005,QAR,PRK.4541,w/ Strawberry,0,0,0,248
10/01/2022,GRA,ST005,QAR,PRK.4543,w/ Salted Caramel,0,0,0,24
10/01/2022,GRA,ST005,QAR,PRK.4544,w/ Pomegranate,0,0,0,133
10/01/2022,GRA,ST005,QAR,PRK.4545,w/ Dulce de leche,0,0,0,24
10/01/2022,GRA,ST005,QAR,PRK.4549,w/ Mango Sauce,0,0,0,13
10/01/2022,GRA,ST005,QAR,PRK.4550,w/ Mango,0,0,0,255
10/01/2022,GRA,ST005,QAR,PRK.4552,w/ Crushed Grahams,0,0,0,23
10/01/2022,GRA,ST005,QAR,PRK.4556,w/ Fresh Pineapple,0,0,0,26
10/01/2022,GRA,ST005,QAR,PRK.4557,w/ Kiwi Fruit,0,0,0,7
10/01/2022,GRA,ST005,QAR,PRK.4558,w/ Lotus Biscuit,0,0,0,35
10/01/2022,GRA,ST005,QAR,PRK.4561,MIXED FROZEN YOGURT,0,0,0,10
10/01/2022,GRA,ST005,QAR,PRK.4562,MIXED MANGO YOGURT,0,0,0,77
