DATE,BRANCHCODE,WAREHOUSECODE,CURRENCY,ERPCODE,ITEMNAME,RAWPRICE,GROSSAMT,NETVALUE,QTYSOLD
07/01/2022,GRA,ST005,QAR,PRK.902,Granola,55,715,715,13
07/01/2022,GRA,ST005,QAR,PRK.903,Graze Spicy  Mix,55,55,55,1
07/01/2022,GRA,ST005,QAR,PRK.904,Graze House Mix,55,55,55,1
07/01/2022,GRA,ST005,QAR,PRK.907,Zaatar Chips,6,42,42,7
07/01/2022,GRA,ST005,QAR,PRK.909,Spicy Pesto Chips,6,78,78,13
07/01/2022,GRA,ST005,QAR,PRK.910,Graze Spicy Mix Sml,25,75,75,3
07/01/2022,GRA,ST005,QAR,PRK.911,Graze House Mix Sml,25,75,75,3
07/01/2022,GRA,ST005,QAR,PRK.962,Extra flavor,3,21,21,7
07/01/2022,GRA,ST005,QAR,PRK.994,Crsnt w Egg/Avaca/ SunTom,24,744,744,31
07/01/2022,GRA,ST005,QAR,PRK.995,Egg Burrito,20,280,280,14
07/01/2022,GRA,ST005,QAR,PRK.996,Blueberry Granola parfait,25,575,575,23
07/01/2022,GRA,ST005,QAR,PRK.997,Yog Dates Chia Pista Alm,22,572,572,26
07/01/2022,GRA,ST005,QAR,PRK.1003,Cheese Croissant,16,80,80,5
07/01/2022,GRA,ST005,QAR,PRK.1007,Zatar Croissant,16,64,64,4
07/01/2022,GRA,ST005,QAR,PRK.1008,Chocolate Croissant,16,112,112,7
07/01/2022,GRA,ST005,QAR,PRK.1010,Tomato Puff Pastry,16,144,144,9
07/01/2022,GRA,ST005,QAR,PRK.1012,Three Berry Yogurt & Date,25,50,50,2
07/01/2022,GRA,ST005,QAR,PRK.1015,Kiri Cheese Danish,14,238,238,17
07/01/2022,GRA,ST005,QAR,PRK.1016,Plain Croissant,10,130,130,13
07/01/2022,GRA,ST005,QAR,PRK.1020,Almond Croissant,16,64,64,4
07/01/2022,GRA,ST005,QAR,PRK.1021,Shirazi Salad,12,252,252,21
07/01/2022,GRA,ST005,QAR,PRK.1023,Falafel Salad,35,455,455,13
07/01/2022,GRA,ST005,QAR,PRK.1024,Quinoa Swt potato Salad,40,240,240,6
07/01/2022,GRA,ST005,QAR,PRK.1027,Mex Chkn Chilli Bean Sld,40,920,920,23
07/01/2022,GRA,ST005,QAR,PRK.1029,Burrata Salad,50,400,400,8
07/01/2022,GRA,ST005,QAR,PRK.1031,Teriyaki GRAZE Salmn,55,2640,2640,48
07/01/2022,GRA,ST005,QAR,PRK.1034,BBQ Chick Peas,38,798,798,21
07/01/2022,GRA,ST005,QAR,PRK.1039,Keto Chicken Salad,40,1080,1080,27
07/01/2022,GRA,ST005,QAR,PRK.1044,Southern Chicken Salad,45,360,360,8
07/01/2022,GRA,ST005,QAR,PRK.1048,Mexican  Caesar Salad chk,39,2184,2184,56
07/01/2022,GRA,ST005,QAR,PRK.1049,ROCCA SALAD,22,374,374,17
07/01/2022,GRA,ST005,QAR,PRK.1052,Smoke Turkey Sandwich,34,1462,1462,43
07/01/2022,GRA,ST005,QAR,PRK.1054,lemon&Rosemary Chkn,36,2160,2160,60
07/01/2022,GRA,ST005,QAR,PRK.1057,Steak & Philly Chz SW,32,736,736,23
07/01/2022,GRA,ST005,QAR,PRK.1063,Egg Mayo with Rocket,20,400,400,20
07/01/2022,GRA,ST005,QAR,PRK.1068,Crispy Chicken Bun,24,576,576,24
07/01/2022,GRA,ST005,QAR,PRK.1070,Chicken Pesto & Mozzarell,32,1344,1344,42
07/01/2022,GRA,ST005,QAR,PRK.1075,Avocado Toast,40,320,320,8
07/01/2022,GRA,ST005,QAR,PRK.1077,Spicy Halloumi,38,304,304,8
07/01/2022,GRA,ST005,QAR,PRK.1078,Graze Breakfast (egg box),32,224,224,7
07/01/2022,GRA,ST005,QAR,PRK.1083,Chkn Soup,19,418,418,22
07/01/2022,GRA,ST005,QAR,PRK.1086,Lamb Soup,28,84,84,3
07/01/2022,GRA,ST005,QAR,PRK.1087,Lentil Soup,20,340,340,17
07/01/2022,GRA,ST005,QAR,PRK.1111,Penne Bolognese,50,400,400,8
07/01/2022,GRA,ST005,QAR,PRK.1113,Chkn Katsu Curry,45,2475,2475,55
07/01/2022,GRA,ST005,QAR,PRK.1115,Mushroom Pasta,40,680,680,17
07/01/2022,GRA,ST005,QAR,PRK.1118,Steak With Mushroom Sauce,45,1665,1665,37
07/01/2022,GRA,ST005,QAR,PRK.1119,Chicken Biryani,45,2565,2565,57
07/01/2022,GRA,ST005,QAR,PRK.1121,Chinese Sesame Chicken,40,2720,2720,68
07/01/2022,GRA,ST005,QAR,PRK.1127,Rock Shrimp,45,1485,1485,33
07/01/2022,GRA,ST005,QAR,PRK.1133,Lamb  Kabsa,45,1395,1395,31
07/01/2022,GRA,ST005,QAR,PRK.1140,Chicken Curry & Saffron r,43,1075,1075,25
07/01/2022,GRA,ST005,QAR,PRK.1141,CRAB BOWL,28,28,28,1
07/01/2022,GRA,ST005,QAR,PRK.1145,Yoghurt & Cucumber dip,12,120,120,10
07/01/2022,GRA,ST005,QAR,PRK.1146,Spicy Guacamole Pot,13,143,143,11
07/01/2022,GRA,ST005,QAR,PRK.1149,Edamame Pot,12,180,180,15
07/01/2022,GRA,ST005,QAR,PRK.1159,Greek Tabbouleh,20,220,220,11
07/01/2022,GRA,ST005,QAR,PRK.1173,Choco Chia Energy Ball,30,390,390,13
07/01/2022,GRA,ST005,QAR,PRK.1175,Pecan Bars,14,84,84,6
07/01/2022,GRA,ST005,QAR,PRK.1177,Carrot Cake,15,270,270,18
07/01/2022,GRA,ST005,QAR,PRK.1178,Sweet Potatoe Choco Cake,15,360,360,24
07/01/2022,GRA,ST005,QAR,PRK.1180,Tropical Fruits,18,18,18,1
07/01/2022,GRA,ST005,QAR,PRK.1181,Green Apple,2,12,12,6
07/01/2022,GRA,ST005,QAR,PRK.1182,Red Apple,2,24,24,12
07/01/2022,GRA,ST005,QAR,PRK.1183,Bannana,2,52,52,26
07/01/2022,GRA,ST005,QAR,PRK.1184,Watermelon,18,612,612,34
07/01/2022,GRA,ST005,QAR,PRK.1185,Pineapplemix,18,432,432,24
07/01/2022,GRA,ST005,QAR,PRK.1186,Mixed Berries,22,902,902,41
07/01/2022,GRA,ST005,QAR,PRK.1194,Lotus Cheesecake,15,120,120,8
07/01/2022,GRA,ST005,QAR,PRK.1196,Chia Blueberry Yodurt,24,264,264,11
07/01/2022,GRA,ST005,QAR,PRK.1201,Iced Flat White,18,162,162,9
07/01/2022,GRA,ST005,QAR,PRK.1203,Iced Spanish Latte,20,1640,1640,82
07/01/2022,GRA,ST005,QAR,PRK.1204,Iced Latte,18,504,504,28
07/01/2022,GRA,ST005,QAR,PRK.1205,Iced Americano,15,540,540,36
07/01/2022,GRA,ST005,QAR,PRK.1262,Highland Still,5,1400,1400,280
07/01/2022,GRA,ST005,QAR,PRK.1265,Perrier Sparkling,9,81,81,9
07/01/2022,GRA,ST005,QAR,PRK.1291,Coke,5,260,260,52
07/01/2022,GRA,ST005,QAR,PRK.1292,Diet Coke,5,225,225,45
07/01/2022,GRA,ST005,QAR,PRK.1334,Stay Home w/Graze M12 X1,240,240,240,1
07/01/2022,GRA,ST005,QAR,PRK.1335,Cool Box,15,30,30,2
07/01/2022,GRA,ST005,QAR,PRK.1351,Espresso Single,12,120,120,10
07/01/2022,GRA,ST005,QAR,PRK.1353,Americano Hot,15,645,645,43
07/01/2022,GRA,ST005,QAR,PRK.1354,Flat White Hot,18,288,288,16
07/01/2022,GRA,ST005,QAR,PRK.1355,Cappucino,18,810,810,45
07/01/2022,GRA,ST005,QAR,PRK.1356,Cortado,18,18,18,1
07/01/2022,GRA,ST005,QAR,PRK.1358,Spanish Latte,20,700,700,35
07/01/2022,GRA,ST005,QAR,PRK.1359,Classic Mocha,25,150,150,6
07/01/2022,GRA,ST005,QAR,PRK.1360,Slated Caramel Mocha,25,450,450,18
07/01/2022,GRA,ST005,QAR,PRK.1362,Double Espresso,14,140,140,10
07/01/2022,GRA,ST005,QAR,PRK.1363,Latte Hot,18,792,792,44
07/01/2022,GRA,ST005,QAR,PRK.1364,English B/F,12,108,108,9
07/01/2022,GRA,ST005,QAR,PRK.1365,Green Tea,12,12,12,1
07/01/2022,GRA,ST005,QAR,PRK.1372,Hot Cocoa,24,216,216,9
07/01/2022,GRA,ST005,QAR,PRK.1373,Hibiscus Iced tea,18,432,432,24
07/01/2022,GRA,ST005,QAR,PRK.1374,Graze Peach Iced Tea,18,108,108,6
07/01/2022,GRA,ST005,QAR,PRK.1375,Matcha Latte,25,175,175,7
07/01/2022,GRA,ST005,QAR,PRK.1376,Cinnamon Latte,25,75,75,3
07/01/2022,GRA,ST005,QAR,PRK.1386,Orange Juice,22,1694,1694,77
07/01/2022,GRA,ST005,QAR,PRK.1387,Carrot Juice,22,198,198,9
07/01/2022,GRA,ST005,QAR,PRK.1390,Morning Boost,24,840,840,35
07/01/2022,GRA,ST005,QAR,PRK.1392,Immune Boost,22,682,682,31
07/01/2022,GRA,ST005,QAR,PRK.1396,Ginger Aid Shot,18,972,972,54
07/01/2022,GRA,ST005,QAR,PRK.1402,Laban Drink,18,342,342,19
07/01/2022,GRA,ST005,QAR,PRK.1404,Green Boost Juice,24,600,600,25
07/01/2022,GRA,ST005,QAR,PRK.1405,Watermelon & coconut cool,20,220,220,11
07/01/2022,GRA,ST005,QAR,PRK.1406,Beetroot & Apple Juice,20,740,740,37
07/01/2022,GRA,ST005,QAR,PRK.1409,Turmeric wellness shot,16,336,336,21
07/01/2022,GRA,ST005,QAR,PRK.1412, Mini Cup Yogurt,14,434,434,31
07/01/2022,GRA,ST005,QAR,PRK.1413,Regular Cup Yogurt,21,357,357,17
07/01/2022,GRA,ST005,QAR,PRK.1416,Large Cup Yogurt,23,23,23,1
07/01/2022,GRA,ST005,QAR,PRK.1418, Mini Cup Yogurt/Topping,18,792,792,44
07/01/2022,GRA,ST005,QAR,PRK.1419,Reg Cup Yogurt/Toping,26,598,598,23
07/01/2022,GRA,ST005,QAR,PRK.1422,Large Cup Yogurt/Topping,30,120,120,4
07/01/2022,GRA,ST005,QAR,PRK.1429,Mini Mango Ice Cream,14,2352,2352,168
07/01/2022,GRA,ST005,QAR,PRK.1430,Regular Mango Ice Cream,21,1302,1302,62
07/01/2022,GRA,ST005,QAR,PRK.1431,Large Mango Ice Cream,23,529,529,23
07/01/2022,GRA,ST005,QAR,PRK.1432,Mini Mango Ice Cream/Topp,18,1476,1476,82
07/01/2022,GRA,ST005,QAR,PRK.1433,Reg Mango Ice cream/Topp,26,1066,1066,41
07/01/2022,GRA,ST005,QAR,PRK.1434,Large Mango Ice Cream/Top,30,270,270,9
07/01/2022,GRA,ST005,QAR,PRK.1435,Mini Cup Milky Ice Cream,14,616,616,44
07/01/2022,GRA,ST005,QAR,PRK.1436,Reg Cup Milky Ice Cream,21,189,189,9
07/01/2022,GRA,ST005,QAR,PRK.1437,Lrge Cup Milky Ice Cream,23,46,46,2
07/01/2022,GRA,ST005,QAR,PRK.1438,Mini Cup Milky Ice C/Top,18,594,594,33
07/01/2022,GRA,ST005,QAR,PRK.1439,Reg Cup Milky Ice Cre/Top,26,260,260,10
07/01/2022,GRA,ST005,QAR,PRK.1440,Lrge Cup Milky Ice Cr/Top,30,90,90,3
07/01/2022,GRA,ST005,QAR,PRK.1470,Lotus Biscuit,3,3,3,1
07/01/2022,GRA,ST005,QAR,PRK.1471,NOODLES BOWL,45,495,495,11
07/01/2022,GRA,ST005,QAR,PRK.1472,CHICKEN CURRY & RICE,48,912,912,19
07/01/2022,GRA,ST005,QAR,PRK.1473,BEEF STROGANOFF,50,100,100,2
07/01/2022,GRA,ST005,QAR,PRK.1501,pomegranate,3,24,24,8
07/01/2022,GRA,ST005,QAR,PRK.1505,Salted Caramel,3,6,6,2
07/01/2022,GRA,ST005,QAR,PRK.1506,Pretzel,3,6,6,2
07/01/2022,GRA,ST005,QAR,PRK.1507,Crispy Crepe,3,3,3,1
07/01/2022,GRA,ST005,QAR,PRK.1508,Granola,3,12,12,4
07/01/2022,GRA,ST005,QAR,PRK.1509,Coconut Flakes,3,6,6,2
07/01/2022,GRA,ST005,QAR,PRK.1520,Mixed Berries Sauce,3,9,9,3
07/01/2022,GRA,ST005,QAR,PRK.1521,Mango Sauce,3,12,12,4
07/01/2022,GRA,ST005,QAR,PRK.1527,Mango,3,24,24,8
07/01/2022,GRA,ST005,QAR,PRK.1531,Power Shake,35,490,490,14
07/01/2022,GRA,ST005,QAR,PRK.1532,Peanut Power Shake,35,70,70,2
07/01/2022,GRA,ST005,QAR,PRK.1533,Pre-workout protein shak,45,45,45,1
07/01/2022,GRA,ST005,QAR,PRK.1534,Choco Power Shake,35,105,105,3
07/01/2022,GRA,ST005,QAR,PRK.1536,Energizer protine Shakes,45,45,45,1
07/01/2022,GRA,ST005,QAR,PRK.1540,Energizer shakes,35,105,105,3
07/01/2022,GRA,ST005,QAR,PRK.1542,14oz Pre-work out Protein,40,80,80,2
07/01/2022,GRA,ST005,QAR,PRK.1545,14oz Energizer protine,40,200,200,5
07/01/2022,GRA,ST005,QAR,PRK.1548,14oz Energizer shakes,30,210,210,7
07/01/2022,GRA,ST005,QAR,PRK.1550,Extra Protein,10,10,10,1
07/01/2022,GRA,ST005,QAR,PRK.1561,Mini Pomegranate i/c,14,420,420,30
07/01/2022,GRA,ST005,QAR,PRK.1562,Regular Pomegranate i/c,21,210,210,10
07/01/2022,GRA,ST005,QAR,PRK.1563,Large Pomegranate i/c,23,92,92,4
07/01/2022,GRA,ST005,QAR,PRK.1564,Mini pomegranate /topping,18,180,180,10
07/01/2022,GRA,ST005,QAR,PRK.1565,Regular Pomegrante /topp,26,208,208,8
07/01/2022,GRA,ST005,QAR,PRK.1566,Large Pomegranate/topping,30,90,90,3
07/01/2022,GRA,ST005,QAR,PRK.1587,Supersize,45,45,45,1
07/01/2022,GRA,ST005,QAR,PRK.1623,Brownie flavour cookies,10,900,900,90
07/01/2022,GRA,ST005,QAR,PRK.1626,Cinnamon Roll,13,104,104,8
07/01/2022,GRA,ST005,QAR,PRK.1627,Custard Raisin Roll,14,70,70,5
07/01/2022,GRA,ST005,QAR,PRK.1628,Brownie bites,13,117,117,9
07/01/2022,GRA,ST005,QAR,PRK.1632,Turkey cheese roll,19,285,285,15
07/01/2022,GRA,ST005,QAR,PRK.1633,Spinach feta roll,18,198,198,11
07/01/2022,GRA,ST005,QAR,PRK.1651,PB & Jam sourdough bread,18,54,54,3
07/01/2022,GRA,ST005,QAR,PRK.1655,Graze Oatmeal,30,330,330,11
07/01/2022,GRA,ST005,QAR,PRK.1681,Salted Caramel Mocha,24,360,360,15
07/01/2022,GRA,ST005,QAR,PRK.1682,Matcha Frappe,26,832,832,32
07/01/2022,GRA,ST005,QAR,PRK.1711,Pomegranate Pot,18,162,162,9
07/01/2022,GRA,ST005,QAR,PRK.1713,Overnight oats PB&Jam,25,125,125,5
07/01/2022,GRA,ST005,QAR,PRK.1741,Spicy Tuna sandwich,26,286,286,11
07/01/2022,GRA,ST005,QAR,PRK.1742,Three cheese,22,286,286,13
07/01/2022,GRA,ST005,QAR,PRK.1743,Falafel and Labna,25,275,275,11
07/01/2022,GRA,ST005,QAR,PRK.1746,GRAZE CLUB SANDWICH,42,294,294,7
07/01/2022,GRA,ST005,QAR,PRK.1747,BEEF BURGER,35,35,35,1
07/01/2022,GRA,ST005,QAR,PRK.1771,Pistachio Arabeshi,5,270,270,54
07/01/2022,GRA,ST005,QAR,PRK.1772,Fresh Raspberry,5,215,215,43
07/01/2022,GRA,ST005,QAR,PRK.1773,Fresh blueberry,5,155,155,31
07/01/2022,GRA,ST005,QAR,PRK.1774,Chocolate Flakes,5,65,65,13
07/01/2022,GRA,ST005,QAR,PRK.1775,Honey Comb,5,45,45,9
07/01/2022,GRA,ST005,QAR,PRK.4502,Low Fat Milk,0,0,0,21
07/01/2022,GRA,ST005,QAR,PRK.4503,Almond Milk,2,88,88,44
07/01/2022,GRA,ST005,QAR,PRK.4504,Soya Milk,2,36,36,18
07/01/2022,GRA,ST005,QAR,PRK.4509,Double Shot,0,0,0,4
07/01/2022,GRA,ST005,QAR,PRK.4516,Decaf,0,0,0,1
07/01/2022,GRA,ST005,QAR,PRK.4517,Vanilla Flavor,0,0,0,3
07/01/2022,GRA,ST005,QAR,PRK.4519,caramel flavor,0,0,0,4
07/01/2022,GRA,ST005,QAR,PRK.4531,w/ Granola,0,0,0,42
07/01/2022,GRA,ST005,QAR,PRK.4533,w/ Pretzel,0,0,0,19
07/01/2022,GRA,ST005,QAR,PRK.4534,w/ Coconut Flakes,0,0,0,22
07/01/2022,GRA,ST005,QAR,PRK.4535,w/ Crispy Crepe,0,0,0,50
07/01/2022,GRA,ST005,QAR,PRK.4537,w/ Mixed Berries Sauce,0,0,0,9
07/01/2022,GRA,ST005,QAR,PRK.4541,w/ Strawberry,0,0,0,118
07/01/2022,GRA,ST005,QAR,PRK.4543,w/ Salted Caramel,0,0,0,6
07/01/2022,GRA,ST005,QAR,PRK.4544,w/ Pomegranate,0,0,0,51
07/01/2022,GRA,ST005,QAR,PRK.4545,w/ Dulce de leche,0,0,0,14
07/01/2022,GRA,ST005,QAR,PRK.4549,w/ Mango Sauce,0,0,0,18
07/01/2022,GRA,ST005,QAR,PRK.4550,w/ Mango,0,0,0,116
07/01/2022,GRA,ST005,QAR,PRK.4552,w/ Crushed Grahams,0,0,0,19
07/01/2022,GRA,ST005,QAR,PRK.4556,w/ Fresh Pineapple,0,0,0,23
07/01/2022,GRA,ST005,QAR,PRK.4557,w/ Kiwi Fruit,0,0,0,3
07/01/2022,GRA,ST005,QAR,PRK.4558,w/ Lotus Biscuit,0,0,0,23
07/01/2022,GRA,ST005,QAR,PRK.4561,MIXED FROZEN YOGURT,0,0,0,38
07/01/2022,GRA,ST005,QAR,PRK.4562,MIXED MANGO YOGURT,0,0,0,15
07/01/2022,GRA,ST005,QAR,PRK.4564,MIXED MILKY ICE CREAM,0,0,0,2
