DATE,BRANCHCODE,WAREHOUSECODE,CURRENCY,ERPCODE,ITEMNAME,RAWPRICE,GROSSAMT,NETVALUE,QTYSOLD
12/01/2022,GRA,ST005,QAR,PRK.902,Granola,55,220,220,4
12/01/2022,GRA,ST005,QAR,PRK.907,Zaatar Chips,6,168,168,28
12/01/2022,GRA,ST005,QAR,PRK.909,Spicy Pesto Chips,6,156,156,26
12/01/2022,GRA,ST005,QAR,PRK.910,Graze Spicy Mix Sml,25,200,200,8
12/01/2022,GRA,ST005,QAR,PRK.911,Graze House Mix Sml,25,100,100,4
12/01/2022,GRA,ST005,QAR,PRK.962,Extra flavor,3,39,39,13
12/01/2022,GRA,ST005,QAR,PRK.994,Crsnt w Egg/Avaca/ SunTom,24,888,888,37
12/01/2022,GRA,ST005,QAR,PRK.995,Egg Burrito,20,400,400,20
12/01/2022,GRA,ST005,QAR,PRK.996,Blueberry Granola parfait,25,775,775,31
12/01/2022,GRA,ST005,QAR,PRK.997,Yog Dates Chia Pista Alm,22,660,660,30
12/01/2022,GRA,ST005,QAR,PRK.1003,Cheese Croissant,16,112,112,7
12/01/2022,GRA,ST005,QAR,PRK.1007,Zatar Croissant,16,272,272,17
12/01/2022,GRA,ST005,QAR,PRK.1008,Chocolate Croissant,16,208,208,13
12/01/2022,GRA,ST005,QAR,PRK.1010,Tomato Puff Pastry,16,208,208,13
12/01/2022,GRA,ST005,QAR,PRK.1015,Kiri Cheese Danish,14,406,406,29
12/01/2022,GRA,ST005,QAR,PRK.1016,Plain Croissant,10,230,230,23
12/01/2022,GRA,ST005,QAR,PRK.1020,Almond Croissant,16,224,224,14
12/01/2022,GRA,ST005,QAR,PRK.1021,Shirazi Salad,12,132,132,11
12/01/2022,GRA,ST005,QAR,PRK.1023,Falafel Salad,45,1125,1125,25
12/01/2022,GRA,ST005,QAR,PRK.1024,Quinoa Swt potato Salad,40,440,440,11
12/01/2022,GRA,ST005,QAR,PRK.1027,Mex Chkn Chilli Bean Sld,40,960,960,24
12/01/2022,GRA,ST005,QAR,PRK.1029,Burrata Salad,50,250,250,5
12/01/2022,GRA,ST005,QAR,PRK.1031,Teriyaki GRAZE Salmn,55,2420,2420,44
12/01/2022,GRA,ST005,QAR,PRK.1039,Keto Chicken Salad,40,880,880,22
12/01/2022,GRA,ST005,QAR,PRK.1046,Greek Salad,30,720,720,24
12/01/2022,GRA,ST005,QAR,PRK.1048,Mexican  Caesar Salad chk,39,2067,2067,53
12/01/2022,GRA,ST005,QAR,PRK.1049,ROCCA SALAD,22,594,594,27
12/01/2022,GRA,ST005,QAR,PRK.1052,Smoke Turkey Sandwich,34,1870,1870,55
12/01/2022,GRA,ST005,QAR,PRK.1054,lemon&Rosemary Chkn,36,2340,2340,65
12/01/2022,GRA,ST005,QAR,PRK.1057,Steak & Philly Chz SW,32,928,928,29
12/01/2022,GRA,ST005,QAR,PRK.1063,Egg Mayo with Rocket,20,480,480,24
12/01/2022,GRA,ST005,QAR,PRK.1068,Crispy Chicken Bun,24,384,384,16
12/01/2022,GRA,ST005,QAR,PRK.1070,Chicken Pesto & Mozzarell,32,1184,1184,37
12/01/2022,GRA,ST005,QAR,PRK.1075,Avocado Toast,40,280,280,7
12/01/2022,GRA,ST005,QAR,PRK.1077,Spicy Halloumi,38,38,38,1
12/01/2022,GRA,ST005,QAR,PRK.1083,Chkn Soup,19,361,361,19
12/01/2022,GRA,ST005,QAR,PRK.1087,Lentil Soup,20,480,480,24
12/01/2022,GRA,ST005,QAR,PRK.1089,Vegetable soup,16,320,320,20
12/01/2022,GRA,ST005,QAR,PRK.1113,Chkn Katsu Curry,45,2340,2340,52
12/01/2022,GRA,ST005,QAR,PRK.1115,Mushroom Pasta,40,1040,1040,26
12/01/2022,GRA,ST005,QAR,PRK.1118,Steak With Mushroom Sauce,45,2160,2160,48
12/01/2022,GRA,ST005,QAR,PRK.1119,Chicken Biryani,45,3375,3375,75
12/01/2022,GRA,ST005,QAR,PRK.1121,Chinese Sesame Chicken,40,2440,2440,61
12/01/2022,GRA,ST005,QAR,PRK.1127,Rock Shrimp,45,1530,1530,34
12/01/2022,GRA,ST005,QAR,PRK.1133,Lamb  Kabsa,45,1665,1665,37
12/01/2022,GRA,ST005,QAR,PRK.1140,Chicken Curry & Saffron r,43,860,860,20
12/01/2022,GRA,ST005,QAR,PRK.1145,Yoghurt & Cucumber dip,12,168,168,14
12/01/2022,GRA,ST005,QAR,PRK.1146,Spicy Guacamole Pot,13,143,143,11
12/01/2022,GRA,ST005,QAR,PRK.1149,Edamame Pot,12,108,108,9
12/01/2022,GRA,ST005,QAR,PRK.1159,Greek Tabbouleh,20,180,180,9
12/01/2022,GRA,ST005,QAR,PRK.1173,Choco Chia Energy Ball,30,600,600,20
12/01/2022,GRA,ST005,QAR,PRK.1175,Pecan Bars,14,210,210,15
12/01/2022,GRA,ST005,QAR,PRK.1177,Carrot Cake,15,300,300,20
12/01/2022,GRA,ST005,QAR,PRK.1181,Green Apple,2,4,4,2
12/01/2022,GRA,ST005,QAR,PRK.1182,Red Apple,2,14,14,7
12/01/2022,GRA,ST005,QAR,PRK.1183,Bannana,2,106,106,53
12/01/2022,GRA,ST005,QAR,PRK.1184,Watermelon,18,774,774,43
12/01/2022,GRA,ST005,QAR,PRK.1185,Pineapplemix,18,630,630,35
12/01/2022,GRA,ST005,QAR,PRK.1186,Mixed Berries,22,792,792,36
12/01/2022,GRA,ST005,QAR,PRK.1194,Lotus Cheesecake,15,225,225,15
12/01/2022,GRA,ST005,QAR,PRK.1196,Chia Blueberry Yodurt,24,24,24,1
12/01/2022,GRA,ST005,QAR,PRK.1201,Iced Flat White,18,90,90,5
12/01/2022,GRA,ST005,QAR,PRK.1203,Iced Spanish Latte,20,1640,1640,82
12/01/2022,GRA,ST005,QAR,PRK.1204,Iced Latte,18,540,540,30
12/01/2022,GRA,ST005,QAR,PRK.1205,Iced Americano,15,450,450,30
12/01/2022,GRA,ST005,QAR,PRK.1235,Margherita Pizza small,30,30,30,1
12/01/2022,GRA,ST005,QAR,PRK.1262,Highland Still,5,1520,1520,304
12/01/2022,GRA,ST005,QAR,PRK.1265,Perrier Sparkling,9,423,423,47
12/01/2022,GRA,ST005,QAR,PRK.1291,Coke,5,385,385,77
12/01/2022,GRA,ST005,QAR,PRK.1292,Diet Coke,5,280,280,56
12/01/2022,GRA,ST005,QAR,PRK.1351,Espresso Single,12,264,264,22
12/01/2022,GRA,ST005,QAR,PRK.1352,Macchiato,18,18,18,1
12/01/2022,GRA,ST005,QAR,PRK.1353,Americano Hot,15,2670,2670,178
12/01/2022,GRA,ST005,QAR,PRK.1354,Flat White Hot,18,1188,1188,66
12/01/2022,GRA,ST005,QAR,PRK.1355,Cappucino,18,2718,2718,151
12/01/2022,GRA,ST005,QAR,PRK.1356,Cortado,18,216,216,12
12/01/2022,GRA,ST005,QAR,PRK.1358,Spanish Latte,20,2160,2160,108
12/01/2022,GRA,ST005,QAR,PRK.1359,Classic Mocha,25,150,150,6
12/01/2022,GRA,ST005,QAR,PRK.1360,Slated Caramel Mocha,25,375,375,15
12/01/2022,GRA,ST005,QAR,PRK.1362,Double Espresso,14,154,154,11
12/01/2022,GRA,ST005,QAR,PRK.1363,Latte Hot,18,1674,1674,93
12/01/2022,GRA,ST005,QAR,PRK.1364,English B/F,12,384,384,32
12/01/2022,GRA,ST005,QAR,PRK.1365,Green Tea,12,156,156,13
12/01/2022,GRA,ST005,QAR,PRK.1372,Hot Cocoa,24,792,792,33
12/01/2022,GRA,ST005,QAR,PRK.1373,Hibiscus Iced tea,18,378,378,21
12/01/2022,GRA,ST005,QAR,PRK.1374,Graze Peach Iced Tea,18,342,342,19
12/01/2022,GRA,ST005,QAR,PRK.1375,Matcha Latte,25,175,175,7
12/01/2022,GRA,ST005,QAR,PRK.1376,Cinnamon Latte,25,150,150,6
12/01/2022,GRA,ST005,QAR,PRK.1377,Fresh Milk,10,20,20,2
12/01/2022,GRA,ST005,QAR,PRK.1386,Orange Juice,22,2112,2112,96
12/01/2022,GRA,ST005,QAR,PRK.1390,Morning Boost,24,984,984,41
12/01/2022,GRA,ST005,QAR,PRK.1392,Immune Boost,22,638,638,29
12/01/2022,GRA,ST005,QAR,PRK.1396,Ginger Aid Shot,18,1224,1224,68
12/01/2022,GRA,ST005,QAR,PRK.1402,Laban Drink,18,396,396,22
12/01/2022,GRA,ST005,QAR,PRK.1404,Green Boost Juice,24,216,216,9
12/01/2022,GRA,ST005,QAR,PRK.1406,Beetroot & Apple Juice,20,700,700,35
12/01/2022,GRA,ST005,QAR,PRK.1409,Turmeric wellness shot,16,656,656,41
12/01/2022,GRA,ST005,QAR,PRK.1412, Mini Cup Yogurt,14,854,854,61
12/01/2022,GRA,ST005,QAR,PRK.1413,Regular Cup Yogurt,21,315,315,15
12/01/2022,GRA,ST005,QAR,PRK.1416,Large Cup Yogurt,23,46,46,2
12/01/2022,GRA,ST005,QAR,PRK.1418, Mini Cup Yogurt/Topping,18,864,864,48
12/01/2022,GRA,ST005,QAR,PRK.1419,Reg Cup Yogurt/Toping,26,702,702,27
12/01/2022,GRA,ST005,QAR,PRK.1422,Large Cup Yogurt/Topping,30,90,90,3
12/01/2022,GRA,ST005,QAR,PRK.1429,Mini Mango Ice Cream,14,1904,1904,136
12/01/2022,GRA,ST005,QAR,PRK.1430,Regular Mango Ice Cream,21,966,966,46
12/01/2022,GRA,ST005,QAR,PRK.1431,Large Mango Ice Cream,23,368,368,16
12/01/2022,GRA,ST005,QAR,PRK.1432,Mini Mango Ice Cream/Topp,18,1746,1746,97
12/01/2022,GRA,ST005,QAR,PRK.1433,Reg Mango Ice cream/Topp,26,1430,1430,55
12/01/2022,GRA,ST005,QAR,PRK.1434,Large Mango Ice Cream/Top,30,270,270,9
12/01/2022,GRA,ST005,QAR,PRK.1464,Fresh Pineapple,3,3,3,1
12/01/2022,GRA,ST005,QAR,PRK.1469,Kiwi Fruit,3,3,3,1
12/01/2022,GRA,ST005,QAR,PRK.1471,NOODLES BOWL,45,45,45,1
12/01/2022,GRA,ST005,QAR,PRK.1472,CHICKEN CURRY & RICE,48,912,912,19
12/01/2022,GRA,ST005,QAR,PRK.1474,Spaghetti Bolognese,45,585,585,13
12/01/2022,GRA,ST005,QAR,PRK.1475,Salmon with Cilantro Rice,65,1235,1235,19
12/01/2022,GRA,ST005,QAR,PRK.1476,Chicken Noodle Bowl,40,680,680,17
12/01/2022,GRA,ST005,QAR,PRK.1501,pomegranate,3,45,45,15
12/01/2022,GRA,ST005,QAR,PRK.1502,Strawberry,3,66,66,22
12/01/2022,GRA,ST005,QAR,PRK.1505,Salted Caramel,3,15,15,5
12/01/2022,GRA,ST005,QAR,PRK.1506,Pretzel,3,3,3,1
12/01/2022,GRA,ST005,QAR,PRK.1507,Crispy Crepe,3,15,15,5
12/01/2022,GRA,ST005,QAR,PRK.1508,Granola,3,12,12,4
12/01/2022,GRA,ST005,QAR,PRK.1509,Coconut Flakes,3,3,3,1
12/01/2022,GRA,ST005,QAR,PRK.1510,Crushed Graham,3,3,3,1
12/01/2022,GRA,ST005,QAR,PRK.1521,Mango Sauce,3,3,3,1
12/01/2022,GRA,ST005,QAR,PRK.1523,Peanut Butter Sauce,3,12,12,4
12/01/2022,GRA,ST005,QAR,PRK.1527,Mango,3,18,18,6
12/01/2022,GRA,ST005,QAR,PRK.1531,Power Shake,35,665,665,19
12/01/2022,GRA,ST005,QAR,PRK.1532,Peanut Power Shake,35,70,70,2
12/01/2022,GRA,ST005,QAR,PRK.1534,Choco Power Shake,35,70,70,2
12/01/2022,GRA,ST005,QAR,PRK.1536,Energizer protine Shakes,45,225,225,5
12/01/2022,GRA,ST005,QAR,PRK.1538,Pre-workout shake,35,35,35,1
12/01/2022,GRA,ST005,QAR,PRK.1540,Energizer shakes,35,105,105,3
12/01/2022,GRA,ST005,QAR,PRK.1542,14oz Pre-work out Protein,40,200,200,5
12/01/2022,GRA,ST005,QAR,PRK.1545,14oz Energizer protine,40,160,160,4
12/01/2022,GRA,ST005,QAR,PRK.1548,14oz Energizer shakes,30,60,60,2
12/01/2022,GRA,ST005,QAR,PRK.1581,Mini coconut frz yog I/C,14,28,28,2
12/01/2022,GRA,ST005,QAR,PRK.1582,Regular coconut frz yog I,21,21,21,1
12/01/2022,GRA,ST005,QAR,PRK.1584,Mini coconut frz yog  Top,18,18,18,1
12/01/2022,GRA,ST005,QAR,PRK.1585,Reg- coconut frz yog Top,26,26,26,1
12/01/2022,GRA,ST005,QAR,PRK.1586,Large coconut frz yog  To,30,30,30,1
12/01/2022,GRA,ST005,QAR,PRK.1587,Supersize,45,90,90,2
12/01/2022,GRA,ST005,QAR,PRK.1588,Acai Small,35,3220,3220,92
12/01/2022,GRA,ST005,QAR,PRK.1589,Acai Large,40,1120,1120,28
12/01/2022,GRA,ST005,QAR,PRK.1590,Peanut Choco Ice Cream,30,480,480,16
12/01/2022,GRA,ST005,QAR,PRK.1621,Orange loaf,12,252,252,21
12/01/2022,GRA,ST005,QAR,PRK.1623,Brownie flavour cookies,10,670,670,67
12/01/2022,GRA,ST005,QAR,PRK.1626,Cinnamon Roll,13,156,156,12
12/01/2022,GRA,ST005,QAR,PRK.1628,Brownie bites,13,494,494,38
12/01/2022,GRA,ST005,QAR,PRK.1632,Turkey cheese roll,19,494,494,26
12/01/2022,GRA,ST005,QAR,PRK.1633,Spinach feta roll,18,126,126,7
12/01/2022,GRA,ST005,QAR,PRK.1634,Madeleine,12,504,504,42
12/01/2022,GRA,ST005,QAR,PRK.1635,Poppy Lemon seeds,12,192,192,16
12/01/2022,GRA,ST005,QAR,PRK.1651,PB & Jam sourdough bread,18,18,18,1
12/01/2022,GRA,ST005,QAR,PRK.1655,Graze Oatmeal,30,630,630,21
12/01/2022,GRA,ST005,QAR,PRK.1681,Salted Caramel Mocha,24,312,312,13
12/01/2022,GRA,ST005,QAR,PRK.1682,Matcha Frappe,26,728,728,28
12/01/2022,GRA,ST005,QAR,PRK.1711,Pomegranate Pot,18,306,306,17
12/01/2022,GRA,ST005,QAR,PRK.1712,Mango Peach Muesli Pot,24,144,144,6
12/01/2022,GRA,ST005,QAR,PRK.1713,Overnight oats PB&Jam,25,575,575,23
12/01/2022,GRA,ST005,QAR,PRK.1741,Spicy Tuna sandwich,26,728,728,28
12/01/2022,GRA,ST005,QAR,PRK.1742,Three cheese,22,660,660,30
12/01/2022,GRA,ST005,QAR,PRK.1743,Falafel and Labna,25,25,25,1
12/01/2022,GRA,ST005,QAR,PRK.1747,BEEF BURGER,35,175,175,5
12/01/2022,GRA,ST005,QAR,PRK.1748,Chicken Shawarma,18,810,810,45
12/01/2022,GRA,ST005,QAR,PRK.1749,Tenderloin Beef Shawarma,22,396,396,18
12/01/2022,GRA,ST005,QAR,PRK.1750,Cream Cheese Roll,9,351,351,39
12/01/2022,GRA,ST005,QAR,PRK.1751,Egg Mayo Roll,9,360,360,40
12/01/2022,GRA,ST005,QAR,PRK.1771,Pistachio Arabeshi,5,195,195,39
12/01/2022,GRA,ST005,QAR,PRK.1772,Fresh Raspberry,5,235,235,47
12/01/2022,GRA,ST005,QAR,PRK.1773,Fresh blueberry,5,285,285,57
12/01/2022,GRA,ST005,QAR,PRK.1774,Chocolate Flakes,5,70,70,14
12/01/2022,GRA,ST005,QAR,PRK.1775,Honey Comb,5,55,55,11
12/01/2022,GRA,ST005,QAR,PRK.1776,Milk powder,3,15,15,5
12/01/2022,GRA,ST005,QAR,PRK.4501,Full Fat Milk,0,0,0,5
12/01/2022,GRA,ST005,QAR,PRK.4502,Low Fat Milk,0,0,0,11
12/01/2022,GRA,ST005,QAR,PRK.4503,Almond Milk,2,90,90,45
12/01/2022,GRA,ST005,QAR,PRK.4504,Soya Milk,2,18,18,9
12/01/2022,GRA,ST005,QAR,PRK.4505,Less Sweet,0,0,0,1
12/01/2022,GRA,ST005,QAR,PRK.4506,More Sweet,0,0,0,1
12/01/2022,GRA,ST005,QAR,PRK.4507,Half Shot,0,0,0,2
12/01/2022,GRA,ST005,QAR,PRK.4509,Double Shot,0,0,0,1
12/01/2022,GRA,ST005,QAR,PRK.4511,More Hot,0,0,0,2
12/01/2022,GRA,ST005,QAR,PRK.4516,Decaf,0,0,0,1
12/01/2022,GRA,ST005,QAR,PRK.4517,Vanilla Flavor,0,0,0,4
12/01/2022,GRA,ST005,QAR,PRK.4519,caramel flavor,0,0,0,5
12/01/2022,GRA,ST005,QAR,PRK.4521,Oat Milk,2,28,28,14
12/01/2022,GRA,ST005,QAR,PRK.4522,Skimmed Milk,2,2,2,1
12/01/2022,GRA,ST005,QAR,PRK.4523,Coconut Milk,2,8,8,4
12/01/2022,GRA,ST005,QAR,PRK.4531,w/ Granola,0,0,0,7
12/01/2022,GRA,ST005,QAR,PRK.4533,w/ Pretzel,0,0,0,2
12/01/2022,GRA,ST005,QAR,PRK.4534,w/ Coconut Flakes,0,0,0,5
12/01/2022,GRA,ST005,QAR,PRK.4535,w/ Crispy Crepe,0,0,0,34
12/01/2022,GRA,ST005,QAR,PRK.4537,w/ Mixed Berries Sauce,0,0,0,2
12/01/2022,GRA,ST005,QAR,PRK.4541,w/ Strawberry,0,0,0,76
12/01/2022,GRA,ST005,QAR,PRK.4543,w/ Salted Caramel,0,0,0,23
12/01/2022,GRA,ST005,QAR,PRK.4544,w/ Pomegranate,0,0,0,39
12/01/2022,GRA,ST005,QAR,PRK.4545,w/ Dulce de leche,0,0,0,13
12/01/2022,GRA,ST005,QAR,PRK.4549,w/ Mango Sauce,0,0,0,8
12/01/2022,GRA,ST005,QAR,PRK.4550,w/ Mango,0,0,0,79
12/01/2022,GRA,ST005,QAR,PRK.4552,w/ Crushed Grahams,0,0,0,2
12/01/2022,GRA,ST005,QAR,PRK.4556,w/ Fresh Pineapple,0,0,0,3
12/01/2022,GRA,ST005,QAR,PRK.4558,w/ Lotus Biscuit,0,0,0,22
12/01/2022,GRA,ST005,QAR,PRK.4561,MIXED FROZEN YOGURT,0,0,0,9
12/01/2022,GRA,ST005,QAR,PRK.4562,MIXED MANGO YOGURT,0,0,0,3
