DATE,BRANCHCODE,WAREHOUSECODE,CURRENCY,ERPCODE,ITEMNAME,RAWPRICE,GROSSAMT,NETVALUE,QTYSOLD
06/01/2023,GRA,ST017,QAR,PRK.902,Granola,55,110,110,2
06/01/2023,GRA,ST017,QAR,PRK.907,Zaatar Chips,6,144,144,24
06/01/2023,GRA,ST017,QAR,PRK.909,Spicy Pesto Chips,6,138,138,23
06/01/2023,GRA,ST017,QAR,PRK.910,Graze Spicy Mix Sml,25,825,825,33
06/01/2023,GRA,ST017,QAR,PRK.911,Graze House Mix Sml,25,300,300,12
06/01/2023,GRA,ST017,QAR,PRK.937,Baby Mozzarella Salad,45,1080,1080,24
06/01/2023,GRA,ST017,QAR,PRK.938,4 Grain Salad with Beetro,55,1320,1320,24
06/01/2023,GRA,ST017,QAR,PRK.939,Steak Salad with Green Sa,55,1815,1815,33
06/01/2023,GRA,ST017,QAR,PRK.962,Extra flavor,3,36,36,12
06/01/2023,GRA,ST017,QAR,PRK.994,Crsnt w Egg/Avaca/ SunTom,24,1200,1200,50
06/01/2023,GRA,ST017,QAR,PRK.995,Egg Burrito,20,1420,1420,71
06/01/2023,GRA,ST017,QAR,PRK.996,Blueberry Granola parfait,25,1600,1600,64
06/01/2023,GRA,ST017,QAR,PRK.997,Yog Dates Chia Pista Alm,22,1364,1364,62
06/01/2023,GRA,ST017,QAR,PRK.1003,Cheese Croissant,16,112,112,7
06/01/2023,GRA,ST017,QAR,PRK.1007,Zatar Croissant,16,368,368,23
06/01/2023,GRA,ST017,QAR,PRK.1008,Chocolate Croissant,16,16,16,1
06/01/2023,GRA,ST017,QAR,PRK.1010,Tomato Puff Pastry,16,416,416,26
06/01/2023,GRA,ST017,QAR,PRK.1012,Three Berry Yogurt & Date,25,725,725,29
06/01/2023,GRA,ST017,QAR,PRK.1015,Kiri Cheese Danish,14,630,630,45
06/01/2023,GRA,ST017,QAR,PRK.1016,Plain Croissant,10,500,500,50
06/01/2023,GRA,ST017,QAR,PRK.1021,Shirazi Salad,12,540,540,45
06/01/2023,GRA,ST017,QAR,PRK.1023,Falafel Salad,45,1845,1845,41
06/01/2023,GRA,ST017,QAR,PRK.1024,Quinoa Swt potato Salad,40,680,680,17
06/01/2023,GRA,ST017,QAR,PRK.1027,Mex Chkn Chilli Bean Sld,40,2000,2000,50
06/01/2023,GRA,ST017,QAR,PRK.1031,Teriyaki GRAZE Salmn,55,5665,5665,103
06/01/2023,GRA,ST017,QAR,PRK.1039,Keto Chicken Salad,40,2760,2760,69
06/01/2023,GRA,ST017,QAR,PRK.1046,Greek Salad,30,1110,1110,37
06/01/2023,GRA,ST017,QAR,PRK.1048,Mexican  Caesar Salad chk,39,3120,3120,80
06/01/2023,GRA,ST017,QAR,PRK.1049,ROCCA SALAD,22,880,880,40
06/01/2023,GRA,ST017,QAR,PRK.1052,Smoke Turkey Sandwich,34,4624,4624,136
06/01/2023,GRA,ST017,QAR,PRK.1054,lemon&Rosemary Chkn,36,6804,6804,189
06/01/2023,GRA,ST017,QAR,PRK.1057,Steak & Philly Chz SW,32,2528,2528,79
06/01/2023,GRA,ST017,QAR,PRK.1063,Egg Mayo with Rocket,20,660,660,33
06/01/2023,GRA,ST017,QAR,PRK.1068,Crispy Chicken Bun,24,480,480,20
06/01/2023,GRA,ST017,QAR,PRK.1075,Avocado Toast,40,360,360,9
06/01/2023,GRA,ST017,QAR,PRK.1077,Spicy Halloumi,38,2280,2280,60
06/01/2023,GRA,ST017,QAR,PRK.1078,Graze Breakfast (egg box),32,800,800,25
06/01/2023,GRA,ST017,QAR,PRK.1083,Chkn Soup,19,1235,1235,65
06/01/2023,GRA,ST017,QAR,PRK.1087,Lentil Soup,20,1380,1380,69
06/01/2023,GRA,ST017,QAR,PRK.1089,Vegetable soup,16,624,624,39
06/01/2023,GRA,ST017,QAR,PRK.1113,Chkn Katsu Curry,45,2295,2295,51
06/01/2023,GRA,ST017,QAR,PRK.1115,Mushroom Pasta,40,2360,2360,59
06/01/2023,GRA,ST017,QAR,PRK.1119,Chicken Biryani,45,2880,2880,64
06/01/2023,GRA,ST017,QAR,PRK.1121,Chinese Sesame Chicken,40,3640,3640,91
06/01/2023,GRA,ST017,QAR,PRK.1127,Rock Shrimp,45,2160,2160,48
06/01/2023,GRA,ST017,QAR,PRK.1133,Lamb  Kabsa,45,2610,2610,58
06/01/2023,GRA,ST017,QAR,PRK.1140,Chicken Curry & Saffron r,43,1763,1763,41
06/01/2023,GRA,ST017,QAR,PRK.1145,Yoghurt & Cucumber dip,12,168,168,14
06/01/2023,GRA,ST017,QAR,PRK.1146,Spicy Guacamole Pot,13,195,195,15
06/01/2023,GRA,ST017,QAR,PRK.1149,Edamame Pot,12,96,96,8
06/01/2023,GRA,ST017,QAR,PRK.1159,Greek Tabbouleh,20,320,320,16
06/01/2023,GRA,ST017,QAR,PRK.1160,Egg pot,16,336,336,21
06/01/2023,GRA,ST017,QAR,PRK.1173,Choco Chia Energy Ball,30,1530,1530,51
06/01/2023,GRA,ST017,QAR,PRK.1175,Pecan Bars,14,196,196,14
06/01/2023,GRA,ST017,QAR,PRK.1177,Carrot Cake,15,390,390,26
06/01/2023,GRA,ST017,QAR,PRK.1183,Bannana,2,228,228,114
06/01/2023,GRA,ST017,QAR,PRK.1184,Watermelon,18,1242,1242,69
06/01/2023,GRA,ST017,QAR,PRK.1185,Pineapplemix,18,1584,1584,88
06/01/2023,GRA,ST017,QAR,PRK.1186,Mixed Berries,22,1892,1892,86
06/01/2023,GRA,ST017,QAR,PRK.1194,Lotus Cheesecake,15,390,390,26
06/01/2023,GRA,ST017,QAR,PRK.1196,Chia Blueberry Yodurt,24,936,936,39
06/01/2023,GRA,ST017,QAR,PRK.1201,Iced Flat White,18,90,90,5
06/01/2023,GRA,ST017,QAR,PRK.1203,Iced Spanish Latte,20,340,340,17
06/01/2023,GRA,ST017,QAR,PRK.1204,Iced Latte,18,576,576,32
06/01/2023,GRA,ST017,QAR,PRK.1205,Iced Americano,15,570,570,38
06/01/2023,GRA,ST017,QAR,PRK.1234,Pepperoni Pizza small,40,40,40,1
06/01/2023,GRA,ST017,QAR,PRK.1235,Margherita Pizza small,30,90,90,3
06/01/2023,GRA,ST017,QAR,PRK.1236,BBQ chicken Pizza small,35,35,35,1
06/01/2023,GRA,ST017,QAR,PRK.1262,Highland Still,5,415,415,83
06/01/2023,GRA,ST017,QAR,PRK.1265,Perrier Sparkling,9,1449,1449,161
06/01/2023,GRA,ST017,QAR,PRK.1291,Coke,5,700,700,140
06/01/2023,GRA,ST017,QAR,PRK.1292,Diet Coke,5,2205,2205,441
06/01/2023,GRA,ST017,QAR,PRK.1351,Espresso Single,12,96,96,8
06/01/2023,GRA,ST017,QAR,PRK.1353,Americano Hot,15,1845,1845,123
06/01/2023,GRA,ST017,QAR,PRK.1354,Flat White Hot,18,1944,1944,108
06/01/2023,GRA,ST017,QAR,PRK.1355,Cappucino,18,2988,2988,166
06/01/2023,GRA,ST017,QAR,PRK.1356,Cortado,18,900,900,50
06/01/2023,GRA,ST017,QAR,PRK.1358,Spanish Latte,20,1160,1160,58
06/01/2023,GRA,ST017,QAR,PRK.1359,Classic Mocha,25,75,75,3
06/01/2023,GRA,ST017,QAR,PRK.1362,Double Espresso,14,378,378,27
06/01/2023,GRA,ST017,QAR,PRK.1363,Latte Hot,18,1926,1926,107
06/01/2023,GRA,ST017,QAR,PRK.1364,English B/F,12,24,24,2
06/01/2023,GRA,ST017,QAR,PRK.1365,Green Tea,12,48,48,4
06/01/2023,GRA,ST017,QAR,PRK.1366,Earl Grey,12,24,24,2
06/01/2023,GRA,ST017,QAR,PRK.1368,Lemon Grass/ Ginger,12,84,84,7
06/01/2023,GRA,ST017,QAR,PRK.1372,Hot Cocoa,24,48,48,2
06/01/2023,GRA,ST017,QAR,PRK.1374,Peach Iced Tea,18,414,414,23
06/01/2023,GRA,ST017,QAR,PRK.1375,Matcha Latte,25,200,200,8
06/01/2023,GRA,ST017,QAR,PRK.1386,Orange Juice,22,3410,3410,155
06/01/2023,GRA,ST017,QAR,PRK.1387,Carrot Juice,22,770,770,35
06/01/2023,GRA,ST017,QAR,PRK.1390,Morning Boost,24,1440,1440,60
06/01/2023,GRA,ST017,QAR,PRK.1392,Immune Boost,22,1122,1122,51
06/01/2023,GRA,ST017,QAR,PRK.1396,Ginger Aid Shot,18,1800,1800,100
06/01/2023,GRA,ST017,QAR,PRK.1402,Laban Drink,18,378,378,21
06/01/2023,GRA,ST017,QAR,PRK.1404,Green Boost Juice,24,984,984,41
06/01/2023,GRA,ST017,QAR,PRK.1406,Beetroot & Apple Juice,20,1020,1020,51
06/01/2023,GRA,ST017,QAR,PRK.1409,Turmeric wellness shot,16,1216,1216,76
06/01/2023,GRA,ST017,QAR,PRK.1429,Mini Mango Ice Cream,14,644,644,46
06/01/2023,GRA,ST017,QAR,PRK.1430,Regular Mango Ice Cream,21,189,189,9
06/01/2023,GRA,ST017,QAR,PRK.1431,Large Mango Ice Cream,23,92,92,4
06/01/2023,GRA,ST017,QAR,PRK.1432,Mini Mango Ice Cream/Topp,18,18,18,1
06/01/2023,GRA,ST017,QAR,PRK.1474,Spaghetti Bolognese,45,720,720,16
06/01/2023,GRA,ST017,QAR,PRK.1475,Salmon with Cilantro Rice,65,4485,4485,69
06/01/2023,GRA,ST017,QAR,PRK.1476,Chicken Noodle Bowl,40,760,760,19
06/01/2023,GRA,ST017,QAR,PRK.1477,BBQ Steak,45,2025,2025,45
06/01/2023,GRA,ST017,QAR,PRK.1478,Rib eye Steak with Vegeta,55,2860,2860,52
06/01/2023,GRA,ST017,QAR,PRK.1479,Lasagne Pasta,45,855,855,19
06/01/2023,GRA,ST017,QAR,PRK.1480,Steak cajun potato,50,2450,2450,49
06/01/2023,GRA,ST017,QAR,PRK.1502,Strawberry,3,6,6,2
06/01/2023,GRA,ST017,QAR,PRK.1508,Granola,3,9,9,3
06/01/2023,GRA,ST017,QAR,PRK.1588,Acai Small,35,3535,3535,101
06/01/2023,GRA,ST017,QAR,PRK.1589,Acai Large,40,640,640,16
06/01/2023,GRA,ST017,QAR,PRK.1592,Watermelon Coolex,24,624,624,26
06/01/2023,GRA,ST017,QAR,PRK.1593,Tropicana,24,840,840,35
06/01/2023,GRA,ST017,QAR,PRK.1621,Orange loaf,12,516,516,43
06/01/2023,GRA,ST017,QAR,PRK.1623,Brownie flavour cookies,10,1340,1340,134
06/01/2023,GRA,ST017,QAR,PRK.1628,Brownie bites,13,637,637,49
06/01/2023,GRA,ST017,QAR,PRK.1632,Turkey cheese roll,19,475,475,25
06/01/2023,GRA,ST017,QAR,PRK.1633,Spinach feta roll,18,594,594,33
06/01/2023,GRA,ST017,QAR,PRK.1634,Madeleine,12,612,612,51
06/01/2023,GRA,ST017,QAR,PRK.1651,■PB & Jam sourdough bread,18,360,360,20
06/01/2023,GRA,ST017,QAR,PRK.1655,Graze Oatmeal,30,2310,2310,77
06/01/2023,GRA,ST017,QAR,PRK.1682,■Matcha Frappe,26,52,52,2
06/01/2023,GRA,ST017,QAR,PRK.1711,Pomegranate Pot,18,522,522,29
06/01/2023,GRA,ST017,QAR,PRK.1712,Mango Peach Muesli Pot,24,768,768,32
06/01/2023,GRA,ST017,QAR,PRK.1713,Overnight oats PB&Jam,25,1450,1450,58
06/01/2023,GRA,ST017,QAR,PRK.1741,Spicy Tuna sandwich,26,1300,1300,50
06/01/2023,GRA,ST017,QAR,PRK.1742,Three cheese,22,1166,1166,53
06/01/2023,GRA,ST017,QAR,PRK.1743,Falafel and Labna,25,700,700,28
06/01/2023,GRA,ST017,QAR,PRK.1748,Chicken Shawarma,18,2934,2934,163
06/01/2023,GRA,ST017,QAR,PRK.1749,Tenderloin Beef Shawarma,22,1254,1254,57
06/01/2023,GRA,ST017,QAR,PRK.1750,Cream Cheese Roll,9,1404,1404,156
06/01/2023,GRA,ST017,QAR,PRK.1751,Egg Mayo Roll,9,2295,2295,255
06/01/2023,GRA,ST017,QAR,PRK.1752,Club sandwich,30,3060,3060,102
06/01/2023,GRA,ST017,QAR,PRK.1753,Slider Chicken Burger,38,1406,1406,37
06/01/2023,GRA,ST017,QAR,PRK.1754,Slider Beef Burger,39,117,117,3
06/01/2023,GRA,ST017,QAR,PRK.1771,Pistachio Arabeshi,5,85,85,17
06/01/2023,GRA,ST017,QAR,PRK.1802,BEEF BURGER,35,70,70,2
06/01/2023,GRA,ST017,QAR,PRK.4503,Almond Milk,2,86,86,43
06/01/2023,GRA,ST017,QAR,PRK.4504,Soya Milk,2,42,42,21
06/01/2023,GRA,ST017,QAR,PRK.4517,Vanilla Flavor,0,0,0,10
06/01/2023,GRA,ST017,QAR,PRK.4519,caramel flavor,0,0,0,3
06/01/2023,GRA,ST017,QAR,PRK.4521,Oat Milk,2,102,102,51
06/01/2023,GRA,ST017,QAR,PRK.4523,Coconut Milk,2,6,6,3
06/01/2023,GRA,ST017,QAR,PRK.4541,w/ Strawberry,0,0,0,1
06/01/2023,GRA,ST017,QAR,PRK.4544,w/ Pomegranate,0,0,0,1
06/01/2023,GRA,ST017,QAR,PRK.4550,w/ Mango,0,0,0,1
