DATE,BRANCHCODE,WAREHOUSECODE,CURRENCY,ERPCODE,ITEMNAME,RAWPRICE,GROSSAMT,NETVALUE,QTYSOLD
07/01/2023,GRA,ST017,QAR,PRK.907,Zaatar Chips,6,132,132,22
07/01/2023,GRA,ST017,QAR,PRK.909,Spicy Pesto Chips,6,102,102,17
07/01/2023,GRA,ST017,QAR,PRK.910,Graze Spicy Mix Sml,25,450,450,18
07/01/2023,GRA,ST017,QAR,PRK.911,Graze House Mix Sml,25,225,225,9
07/01/2023,GRA,ST017,QAR,PRK.937,Baby Mozzarella Salad,45,855,855,19
07/01/2023,GRA,ST017,QAR,PRK.938,4 Grain Salad with Beetro,55,990,990,18
07/01/2023,GRA,ST017,QAR,PRK.939,Steak Salad with Green Sa,55,2035,2035,37
07/01/2023,GRA,ST017,QAR,PRK.940,Burrata Salad,50,350,350,7
07/01/2023,GRA,ST017,QAR,PRK.962,Extra flavor,3,9,9,3
07/01/2023,GRA,ST017,QAR,PRK.994,Crsnt w Egg/Avaca/ SunTom,24,648,648,27
07/01/2023,GRA,ST017,QAR,PRK.995,Egg Burrito,20,1620,1620,81
07/01/2023,GRA,ST017,QAR,PRK.996,Blueberry Granola parfait,25,1125,1125,45
07/01/2023,GRA,ST017,QAR,PRK.997,Yog Dates Chia Pista Alm,22,1056,1056,48
07/01/2023,GRA,ST017,QAR,PRK.1003,Cheese Croissant,16,128,128,8
07/01/2023,GRA,ST017,QAR,PRK.1007,Zatar Croissant,16,320,320,20
07/01/2023,GRA,ST017,QAR,PRK.1010,Tomato Puff Pastry,16,304,304,19
07/01/2023,GRA,ST017,QAR,PRK.1012,Three Berry Yogurt & Date,25,750,750,30
07/01/2023,GRA,ST017,QAR,PRK.1015,Kiri Cheese Danish,14,532,532,38
07/01/2023,GRA,ST017,QAR,PRK.1016,Plain Croissant,10,400,400,40
07/01/2023,GRA,ST017,QAR,PRK.1021,Shirazi Salad,12,324,324,27
07/01/2023,GRA,ST017,QAR,PRK.1023,Falafel Salad,45,1800,1800,40
07/01/2023,GRA,ST017,QAR,PRK.1024,Quinoa Swt potato Salad,40,840,840,21
07/01/2023,GRA,ST017,QAR,PRK.1027,Mex Chkn Chilli Bean Sld,40,1560,1560,39
07/01/2023,GRA,ST017,QAR,PRK.1031,Teriyaki GRAZE Salmn,55,4895,4895,89
07/01/2023,GRA,ST017,QAR,PRK.1039,Keto Chicken Salad,40,2040,2040,51
07/01/2023,GRA,ST017,QAR,PRK.1046,Greek Salad,30,810,810,27
07/01/2023,GRA,ST017,QAR,PRK.1048,Mexican  Caesar Salad chk,39,1950,1950,50
07/01/2023,GRA,ST017,QAR,PRK.1049,ROCCA SALAD,22,506,506,23
07/01/2023,GRA,ST017,QAR,PRK.1052,Smoke Turkey Sandwich,34,3638,3638,107
07/01/2023,GRA,ST017,QAR,PRK.1054,lemon&Rosemary Chkn,36,5868,5868,163
07/01/2023,GRA,ST017,QAR,PRK.1057,Steak & Philly Chz SW,32,2336,2336,73
07/01/2023,GRA,ST017,QAR,PRK.1063,Egg Mayo with Rocket,20,660,660,33
07/01/2023,GRA,ST017,QAR,PRK.1075,Avocado Toast,40,160,160,4
07/01/2023,GRA,ST017,QAR,PRK.1077,Spicy Halloumi,38,2166,2166,57
07/01/2023,GRA,ST017,QAR,PRK.1078,Graze Breakfast (egg box),32,864,864,27
07/01/2023,GRA,ST017,QAR,PRK.1083,Chkn Soup,19,1273,1273,67
07/01/2023,GRA,ST017,QAR,PRK.1087,Lentil Soup,20,1520,1520,76
07/01/2023,GRA,ST017,QAR,PRK.1089,Vegetable soup,16,784,784,49
07/01/2023,GRA,ST017,QAR,PRK.1113,Chkn Katsu Curry,45,2700,2700,60
07/01/2023,GRA,ST017,QAR,PRK.1115,Mushroom Pasta,40,1880,1880,47
07/01/2023,GRA,ST017,QAR,PRK.1119,Chicken Biryani,45,2745,2745,61
07/01/2023,GRA,ST017,QAR,PRK.1121,Chinese Sesame Chicken,40,3520,3520,88
07/01/2023,GRA,ST017,QAR,PRK.1127,Rock Shrimp,45,2385,2385,53
07/01/2023,GRA,ST017,QAR,PRK.1133,Lamb  Kabsa,45,2520,2520,56
07/01/2023,GRA,ST017,QAR,PRK.1140,Chicken Curry & Saffron r,43,1892,1892,44
07/01/2023,GRA,ST017,QAR,PRK.1145,Yoghurt & Cucumber dip,12,156,156,13
07/01/2023,GRA,ST017,QAR,PRK.1146,Spicy Guacamole Pot,13,195,195,15
07/01/2023,GRA,ST017,QAR,PRK.1149,Edamame Pot,12,168,168,14
07/01/2023,GRA,ST017,QAR,PRK.1159,Greek Tabbouleh,20,500,500,25
07/01/2023,GRA,ST017,QAR,PRK.1160,Egg pot,16,176,176,11
07/01/2023,GRA,ST017,QAR,PRK.1173,Choco Chia Energy Ball,30,1500,1500,50
07/01/2023,GRA,ST017,QAR,PRK.1175,Pecan Bars,14,112,112,8
07/01/2023,GRA,ST017,QAR,PRK.1177,Carrot Cake,15,210,210,14
07/01/2023,GRA,ST017,QAR,PRK.1183,Bannana,2,362,362,181
07/01/2023,GRA,ST017,QAR,PRK.1184,Watermelon,18,1224,1224,68
07/01/2023,GRA,ST017,QAR,PRK.1185,Pineapplemix,18,1260,1260,70
07/01/2023,GRA,ST017,QAR,PRK.1186,Mixed Berries,22,1562,1562,71
07/01/2023,GRA,ST017,QAR,PRK.1194,Lotus Cheesecake,15,330,330,22
07/01/2023,GRA,ST017,QAR,PRK.1196,Chia Blueberry Yodurt,24,720,720,30
07/01/2023,GRA,ST017,QAR,PRK.1203,Iced Spanish Latte,20,260,260,13
07/01/2023,GRA,ST017,QAR,PRK.1204,Iced Latte,18,378,378,21
07/01/2023,GRA,ST017,QAR,PRK.1205,Iced Americano,15,375,375,25
07/01/2023,GRA,ST017,QAR,PRK.1235,Margherita Pizza small,30,30,30,1
07/01/2023,GRA,ST017,QAR,PRK.1236,BBQ chicken Pizza small,35,105,105,3
07/01/2023,GRA,ST017,QAR,PRK.1262,Highland Still,5,415,415,83
07/01/2023,GRA,ST017,QAR,PRK.1265,Perrier Sparkling,9,1242,1242,138
07/01/2023,GRA,ST017,QAR,PRK.1291,Coke,5,725,725,145
07/01/2023,GRA,ST017,QAR,PRK.1292,Diet Coke,5,1450,1450,290
07/01/2023,GRA,ST017,QAR,PRK.1351,Espresso Single,12,84,84,7
07/01/2023,GRA,ST017,QAR,PRK.1353,Americano Hot,15,1455,1455,97
07/01/2023,GRA,ST017,QAR,PRK.1354,Flat White Hot,18,1368,1368,76
07/01/2023,GRA,ST017,QAR,PRK.1355,Cappucino,18,2430,2430,135
07/01/2023,GRA,ST017,QAR,PRK.1356,Cortado,18,306,306,17
07/01/2023,GRA,ST017,QAR,PRK.1358,Spanish Latte,20,1280,1280,64
07/01/2023,GRA,ST017,QAR,PRK.1359,Classic Mocha,25,50,50,2
07/01/2023,GRA,ST017,QAR,PRK.1362,Double Espresso,14,406,406,29
07/01/2023,GRA,ST017,QAR,PRK.1363,Latte Hot,18,1584,1584,88
07/01/2023,GRA,ST017,QAR,PRK.1364,English B/F,12,180,180,15
07/01/2023,GRA,ST017,QAR,PRK.1365,Green Tea,12,48,48,4
07/01/2023,GRA,ST017,QAR,PRK.1368,Lemon Grass/ Ginger,12,24,24,2
07/01/2023,GRA,ST017,QAR,PRK.1372,Hot Cocoa,24,168,168,7
07/01/2023,GRA,ST017,QAR,PRK.1373,Hibiscus Iced tea,18,270,270,15
07/01/2023,GRA,ST017,QAR,PRK.1374,Peach Iced Tea,18,252,252,14
07/01/2023,GRA,ST017,QAR,PRK.1375,Matcha Latte,25,75,75,3
07/01/2023,GRA,ST017,QAR,PRK.1386,Orange Juice,22,3146,3146,143
07/01/2023,GRA,ST017,QAR,PRK.1387,Carrot Juice,22,792,792,36
07/01/2023,GRA,ST017,QAR,PRK.1390,Morning Boost,24,1080,1080,45
07/01/2023,GRA,ST017,QAR,PRK.1392,Immune Boost,22,638,638,29
07/01/2023,GRA,ST017,QAR,PRK.1396,Ginger Aid Shot,18,1134,1134,63
07/01/2023,GRA,ST017,QAR,PRK.1402,Laban Drink,18,396,396,22
07/01/2023,GRA,ST017,QAR,PRK.1404,Green Boost Juice,24,576,576,24
07/01/2023,GRA,ST017,QAR,PRK.1406,Beetroot & Apple Juice,20,840,840,42
07/01/2023,GRA,ST017,QAR,PRK.1409,Turmeric wellness shot,16,800,800,50
07/01/2023,GRA,ST017,QAR,PRK.1429,Mini Mango Ice Cream,14,420,420,30
07/01/2023,GRA,ST017,QAR,PRK.1430,Regular Mango Ice Cream,21,105,105,5
07/01/2023,GRA,ST017,QAR,PRK.1431,Large Mango Ice Cream,23,138,138,6
07/01/2023,GRA,ST017,QAR,PRK.1433,Reg Mango Ice cream/Topp,26,26,26,1
07/01/2023,GRA,ST017,QAR,PRK.1474,Spaghetti Bolognese,45,720,720,16
07/01/2023,GRA,ST017,QAR,PRK.1475,Salmon with Cilantro Rice,65,3965,3965,61
07/01/2023,GRA,ST017,QAR,PRK.1476,Chicken Noodle Bowl,40,840,840,21
07/01/2023,GRA,ST017,QAR,PRK.1477,BBQ Steak,45,1440,1440,32
07/01/2023,GRA,ST017,QAR,PRK.1478,Rib eye Steak with Vegeta,55,1870,1870,34
07/01/2023,GRA,ST017,QAR,PRK.1479,Lasagne Pasta,45,270,270,6
07/01/2023,GRA,ST017,QAR,PRK.1480,Steak cajun potato,50,1550,1550,31
07/01/2023,GRA,ST017,QAR,PRK.1502,Strawberry,3,3,3,1
07/01/2023,GRA,ST017,QAR,PRK.1508,Granola,3,9,9,3
07/01/2023,GRA,ST017,QAR,PRK.1532,Peanut Power Shake,35,35,35,1
07/01/2023,GRA,ST017,QAR,PRK.1536,Energizer protine Shakes,45,45,45,1
07/01/2023,GRA,ST017,QAR,PRK.1588,Acai Small,35,4410,4410,126
07/01/2023,GRA,ST017,QAR,PRK.1589,Acai Large,40,640,640,16
07/01/2023,GRA,ST017,QAR,PRK.1592,Watermelon Coolex,24,456,456,19
07/01/2023,GRA,ST017,QAR,PRK.1593,Tropicana,24,624,624,26
07/01/2023,GRA,ST017,QAR,PRK.1621,Orange loaf,12,372,372,31
07/01/2023,GRA,ST017,QAR,PRK.1623,Brownie flavour cookies,10,960,960,96
07/01/2023,GRA,ST017,QAR,PRK.1628,Brownie bites,13,546,546,42
07/01/2023,GRA,ST017,QAR,PRK.1632,Turkey cheese roll,19,494,494,26
07/01/2023,GRA,ST017,QAR,PRK.1633,Spinach feta roll,18,396,396,22
07/01/2023,GRA,ST017,QAR,PRK.1634,Madeleine,12,480,480,40
07/01/2023,GRA,ST017,QAR,PRK.1651,■PB & Jam sourdough bread,18,702,702,39
07/01/2023,GRA,ST017,QAR,PRK.1655,Graze Oatmeal,30,2310,2310,77
07/01/2023,GRA,ST017,QAR,PRK.1682,■Matcha Frappe,26,390,390,15
07/01/2023,GRA,ST017,QAR,PRK.1711,Pomegranate Pot,18,234,234,13
07/01/2023,GRA,ST017,QAR,PRK.1712,Mango Peach Muesli Pot,24,864,864,36
07/01/2023,GRA,ST017,QAR,PRK.1713,Overnight oats PB&Jam,25,1275,1275,51
07/01/2023,GRA,ST017,QAR,PRK.1741,Spicy Tuna sandwich,26,1274,1274,49
07/01/2023,GRA,ST017,QAR,PRK.1742,Three cheese,22,1650,1650,75
07/01/2023,GRA,ST017,QAR,PRK.1743,Falafel and Labna,25,600,600,24
07/01/2023,GRA,ST017,QAR,PRK.1748,Chicken Shawarma,18,3348,3348,186
07/01/2023,GRA,ST017,QAR,PRK.1749,Tenderloin Beef Shawarma,22,1254,1254,57
07/01/2023,GRA,ST017,QAR,PRK.1750,Cream Cheese Roll,9,1224,1224,136
07/01/2023,GRA,ST017,QAR,PRK.1751,Egg Mayo Roll,9,2304,2304,256
07/01/2023,GRA,ST017,QAR,PRK.1752,Club sandwich,30,3720,3720,124
07/01/2023,GRA,ST017,QAR,PRK.1753,Slider Chicken Burger,38,1900,1900,50
07/01/2023,GRA,ST017,QAR,PRK.1754,Slider Beef Burger,39,1365,1365,35
07/01/2023,GRA,ST017,QAR,PRK.1771,Pistachio Arabeshi,5,35,35,7
07/01/2023,GRA,ST017,QAR,PRK.1861,Filtered Coffee,10,390,390,39
07/01/2023,GRA,ST017,QAR,PRK.1862,Fltrd Coffee w Plain Croi,19,19,19,1
07/01/2023,GRA,ST017,QAR,PRK.1863,Filtrd Coffee w  Zatar Cr,19,19,19,1
07/01/2023,GRA,ST017,QAR,PRK.4503,Almond Milk,2,72,72,36
07/01/2023,GRA,ST017,QAR,PRK.4504,Soya Milk,2,12,12,6
07/01/2023,GRA,ST017,QAR,PRK.4517,Vanilla Flavor,0,0,0,2
07/01/2023,GRA,ST017,QAR,PRK.4520,hazelnut flavor,0,0,0,1
07/01/2023,GRA,ST017,QAR,PRK.4521,Oat Milk,2,80,80,40
07/01/2023,GRA,ST017,QAR,PRK.4523,Coconut Milk,2,14,14,7
