DATE,BRANCHCODE,WAREHOUSECODE,CURRENCY,ERPCODE,ITEMNAME,RAWPRICE,GROSSAMT,NETVALUE,QTYSOLD
08/01/2023,GRA,ST017,QAR,PRK.902,Granola,55,55,0,1
08/01/2023,GRA,ST017,QAR,PRK.907,Zaatar Chips,6,72,72,12
08/01/2023,GRA,ST017,QAR,PRK.909,Spicy Pesto Chips,6,72,72,12
08/01/2023,GRA,ST017,QAR,PRK.910,Graze Spicy Mix Sml,25,550,525,22
08/01/2023,GRA,ST017,QAR,PRK.911,Graze House Mix Sml,25,525,500,21
08/01/2023,GRA,ST017,QAR,PRK.938,4 Grain Salad with Beetro,55,1155,1155,21
08/01/2023,GRA,ST017,QAR,PRK.939,Steak Salad with Green Sa,55,1980,1980,36
08/01/2023,GRA,ST017,QAR,PRK.940,Burrata Salad,50,750,750,15
08/01/2023,GRA,ST017,QAR,PRK.941,Green salad with Chicken,40,40,40,1
08/01/2023,GRA,ST017,QAR,PRK.961,Extra cheese,5,5,5,1
08/01/2023,GRA,ST017,QAR,PRK.962,Extra flavor,3,12,12,4
08/01/2023,GRA,ST017,QAR,PRK.994,Crsnt w Egg/Avaca/ SunTom,24,1176,1176,49
08/01/2023,GRA,ST017,QAR,PRK.995,Egg Burrito,20,1780,1780,89
08/01/2023,GRA,ST017,QAR,PRK.996,Blueberry Granola parfait,25,1575,1575,63
08/01/2023,GRA,ST017,QAR,PRK.997,Yog Dates Chia Pista Alm,22,1232,1232,56
08/01/2023,GRA,ST017,QAR,PRK.1003,Cheese Croissant,16,112,112,7
08/01/2023,GRA,ST017,QAR,PRK.1007,Zatar Croissant,16,432,432,27
08/01/2023,GRA,ST017,QAR,PRK.1010,Tomato Puff Pastry,16,224,224,14
08/01/2023,GRA,ST017,QAR,PRK.1012,Three Berry Yogurt & Date,25,700,700,28
08/01/2023,GRA,ST017,QAR,PRK.1015,Kiri Cheese Danish,14,490,490,35
08/01/2023,GRA,ST017,QAR,PRK.1016,Plain Croissant,10,440,440,44
08/01/2023,GRA,ST017,QAR,PRK.1021,Shirazi Salad,12,576,576,48
08/01/2023,GRA,ST017,QAR,PRK.1023,Falafel Salad,45,2205,2205,49
08/01/2023,GRA,ST017,QAR,PRK.1024,Quinoa Swt potato Salad,40,880,880,22
08/01/2023,GRA,ST017,QAR,PRK.1027,Mex Chkn Chilli Bean Sld,40,2120,2120,53
08/01/2023,GRA,ST017,QAR,PRK.1029,Burrata Salad,50,150,150,3
08/01/2023,GRA,ST017,QAR,PRK.1031,Teriyaki GRAZE Salmn,55,4840,4840,88
08/01/2023,GRA,ST017,QAR,PRK.1039,Keto Chicken Salad,40,2240,2240,56
08/01/2023,GRA,ST017,QAR,PRK.1046,Greek Salad,30,690,690,23
08/01/2023,GRA,ST017,QAR,PRK.1048,Mexican  Caesar Salad chk,39,2691,2691,69
08/01/2023,GRA,ST017,QAR,PRK.1049,ROCCA SALAD,22,660,660,30
08/01/2023,GRA,ST017,QAR,PRK.1052,Smoke Turkey Sandwich,34,4658,4658,137
08/01/2023,GRA,ST017,QAR,PRK.1054,lemon&Rosemary Chkn,36,6228,6228,173
08/01/2023,GRA,ST017,QAR,PRK.1057,Steak & Philly Chz SW,32,2208,2208,69
08/01/2023,GRA,ST017,QAR,PRK.1063,Egg Mayo with Rocket,20,1020,1020,51
08/01/2023,GRA,ST017,QAR,PRK.1077,Spicy Halloumi,38,2508,2508,66
08/01/2023,GRA,ST017,QAR,PRK.1078,Graze Breakfast (egg box),32,1088,1088,34
08/01/2023,GRA,ST017,QAR,PRK.1083,Chkn Soup,19,1311,1311,69
08/01/2023,GRA,ST017,QAR,PRK.1087,Lentil Soup,20,1780,1780,89
08/01/2023,GRA,ST017,QAR,PRK.1089,Vegetable soup,16,1008,1008,63
08/01/2023,GRA,ST017,QAR,PRK.1113,Chkn Katsu Curry,45,3600,3600,80
08/01/2023,GRA,ST017,QAR,PRK.1115,Mushroom Pasta,40,1880,1880,47
08/01/2023,GRA,ST017,QAR,PRK.1119,Chicken Biryani,45,3330,3330,74
08/01/2023,GRA,ST017,QAR,PRK.1121,Chinese Sesame Chicken,40,4040,4040,101
08/01/2023,GRA,ST017,QAR,PRK.1127,Rock Shrimp,45,2025,2025,45
08/01/2023,GRA,ST017,QAR,PRK.1133,Lamb  Kabsa,45,3105,3105,69
08/01/2023,GRA,ST017,QAR,PRK.1140,Chicken Curry & Saffron r,43,1806,1806,42
08/01/2023,GRA,ST017,QAR,PRK.1145,Yoghurt & Cucumber dip,12,96,96,8
08/01/2023,GRA,ST017,QAR,PRK.1146,Spicy Guacamole Pot,13,273,273,21
08/01/2023,GRA,ST017,QAR,PRK.1149,Edamame Pot,12,360,360,30
08/01/2023,GRA,ST017,QAR,PRK.1159,Greek Tabbouleh,20,580,580,29
08/01/2023,GRA,ST017,QAR,PRK.1160,Egg pot,16,400,400,25
08/01/2023,GRA,ST017,QAR,PRK.1173,Choco Chia Energy Ball,30,1380,1380,46
08/01/2023,GRA,ST017,QAR,PRK.1175,Pecan Bars,14,280,280,20
08/01/2023,GRA,ST017,QAR,PRK.1177,Carrot Cake,15,345,345,23
08/01/2023,GRA,ST017,QAR,PRK.1178,Sweet Potatoe Choco Cake,15,105,105,7
08/01/2023,GRA,ST017,QAR,PRK.1183,Bannana,2,326,326,163
08/01/2023,GRA,ST017,QAR,PRK.1184,Watermelon,18,1242,1242,69
08/01/2023,GRA,ST017,QAR,PRK.1185,Pineapplemix,18,1278,1278,71
08/01/2023,GRA,ST017,QAR,PRK.1186,Mixed Berries,22,1430,1430,65
08/01/2023,GRA,ST017,QAR,PRK.1194,Lotus Cheesecake,15,330,330,22
08/01/2023,GRA,ST017,QAR,PRK.1196,Chia Blueberry Yodurt,24,744,744,31
08/01/2023,GRA,ST017,QAR,PRK.1203,Iced Spanish Latte,20,160,160,8
08/01/2023,GRA,ST017,QAR,PRK.1204,Iced Latte,18,522,522,29
08/01/2023,GRA,ST017,QAR,PRK.1205,Iced Americano,15,540,540,36
08/01/2023,GRA,ST017,QAR,PRK.1234,Pepperoni Pizza small,40,320,320,8
08/01/2023,GRA,ST017,QAR,PRK.1235,Margherita Pizza small,30,180,180,6
08/01/2023,GRA,ST017,QAR,PRK.1236,BBQ chicken Pizza small,35,245,245,7
08/01/2023,GRA,ST017,QAR,PRK.1262,Highland Still,5,420,420,84
08/01/2023,GRA,ST017,QAR,PRK.1265,Perrier Sparkling,9,1395,1395,155
08/01/2023,GRA,ST017,QAR,PRK.1291,Coke,5,785,785,157
08/01/2023,GRA,ST017,QAR,PRK.1292,Diet Coke,5,1810,1810,362
08/01/2023,GRA,ST017,QAR,PRK.1351,Espresso Single,12,180,180,15
08/01/2023,GRA,ST017,QAR,PRK.1353,Americano Hot,15,1320,1320,88
08/01/2023,GRA,ST017,QAR,PRK.1354,Flat White Hot,18,1944,1944,108
08/01/2023,GRA,ST017,QAR,PRK.1355,Cappucino,18,4428,4428,246
08/01/2023,GRA,ST017,QAR,PRK.1356,Cortado,18,882,882,49
08/01/2023,GRA,ST017,QAR,PRK.1358,Spanish Latte,20,1020,1020,51
08/01/2023,GRA,ST017,QAR,PRK.1359,Classic Mocha,25,25,25,1
08/01/2023,GRA,ST017,QAR,PRK.1362,Double Espresso,14,546,546,39
08/01/2023,GRA,ST017,QAR,PRK.1363,Latte Hot,18,2718,2718,151
08/01/2023,GRA,ST017,QAR,PRK.1364,English B/F,12,144,144,12
08/01/2023,GRA,ST017,QAR,PRK.1365,Green Tea,12,144,144,12
08/01/2023,GRA,ST017,QAR,PRK.1366,Earl Grey,12,36,36,3
08/01/2023,GRA,ST017,QAR,PRK.1368,Lemon Grass/ Ginger,12,108,108,9
08/01/2023,GRA,ST017,QAR,PRK.1372,Hot Cocoa,24,288,288,12
08/01/2023,GRA,ST017,QAR,PRK.1373,Hibiscus Iced tea,18,864,864,48
08/01/2023,GRA,ST017,QAR,PRK.1374,Peach Iced Tea,18,504,504,28
08/01/2023,GRA,ST017,QAR,PRK.1375,Matcha Latte,25,75,75,3
08/01/2023,GRA,ST017,QAR,PRK.1386,Orange Juice,22,2420,2420,110
08/01/2023,GRA,ST017,QAR,PRK.1387,Carrot Juice,22,990,990,45
08/01/2023,GRA,ST017,QAR,PRK.1390,Morning Boost,24,1752,1752,73
08/01/2023,GRA,ST017,QAR,PRK.1392,Immune Boost,22,836,836,38
08/01/2023,GRA,ST017,QAR,PRK.1396,Ginger Aid Shot,18,1440,1440,80
08/01/2023,GRA,ST017,QAR,PRK.1402,Laban Drink,18,378,378,21
08/01/2023,GRA,ST017,QAR,PRK.1404,Green Boost Juice,24,840,840,35
08/01/2023,GRA,ST017,QAR,PRK.1406,Beetroot & Apple Juice,20,1040,1040,52
08/01/2023,GRA,ST017,QAR,PRK.1409,Turmeric wellness shot,16,1264,1264,79
08/01/2023,GRA,ST017,QAR,PRK.1429,Mini Mango Ice Cream,14,406,406,29
08/01/2023,GRA,ST017,QAR,PRK.1430,Regular Mango Ice Cream,21,252,252,12
08/01/2023,GRA,ST017,QAR,PRK.1431,Large Mango Ice Cream,23,345,345,15
08/01/2023,GRA,ST017,QAR,PRK.1435,Mini Cup Milky Ice Cream,14,112,112,8
08/01/2023,GRA,ST017,QAR,PRK.1474,Spaghetti Bolognese,45,450,450,10
08/01/2023,GRA,ST017,QAR,PRK.1475,Salmon with Cilantro Rice,65,3705,3705,57
08/01/2023,GRA,ST017,QAR,PRK.1476,Chicken Noodle Bowl,40,600,600,15
08/01/2023,GRA,ST017,QAR,PRK.1477,BBQ Steak,45,2745,2745,61
08/01/2023,GRA,ST017,QAR,PRK.1478,Rib eye Steak with Vegeta,55,3355,3355,61
08/01/2023,GRA,ST017,QAR,PRK.1479,Lasagne Pasta,45,540,540,12
08/01/2023,GRA,ST017,QAR,PRK.1480,Steak cajun potato,50,2000,2000,40
08/01/2023,GRA,ST017,QAR,PRK.1508,Granola,3,27,27,9
08/01/2023,GRA,ST017,QAR,PRK.1509,Coconut Flakes,3,18,18,6
08/01/2023,GRA,ST017,QAR,PRK.1523,Peanut Butter Sauce,3,3,3,1
08/01/2023,GRA,ST017,QAR,PRK.1529,Raita,3,12,12,4
08/01/2023,GRA,ST017,QAR,PRK.1588,Acai Small,35,4200,4165,120
08/01/2023,GRA,ST017,QAR,PRK.1589,Acai Large,40,760,760,19
08/01/2023,GRA,ST017,QAR,PRK.1592,Watermelon Coolex,24,696,696,29
08/01/2023,GRA,ST017,QAR,PRK.1593,Tropicana,24,1368,1368,57
08/01/2023,GRA,ST017,QAR,PRK.1621,Orange loaf,12,672,672,56
08/01/2023,GRA,ST017,QAR,PRK.1623,Brownie flavour cookies,10,1250,1250,125
08/01/2023,GRA,ST017,QAR,PRK.1628,Brownie bites,13,481,455,37
08/01/2023,GRA,ST017,QAR,PRK.1632,Turkey cheese roll,19,665,665,35
08/01/2023,GRA,ST017,QAR,PRK.1633,Spinach feta roll,18,522,522,29
08/01/2023,GRA,ST017,QAR,PRK.1634,Madeleine,12,612,588,51
08/01/2023,GRA,ST017,QAR,PRK.1651,■PB & Jam sourdough bread,18,684,684,38
08/01/2023,GRA,ST017,QAR,PRK.1655,Graze Oatmeal,30,2640,2640,88
08/01/2023,GRA,ST017,QAR,PRK.1682,■Matcha Frappe,26,156,156,6
08/01/2023,GRA,ST017,QAR,PRK.1711,Pomegranate Pot,18,396,396,22
08/01/2023,GRA,ST017,QAR,PRK.1712,Mango Peach Muesli Pot,24,1056,1056,44
08/01/2023,GRA,ST017,QAR,PRK.1713,Overnight oats PB&Jam,25,1300,1300,52
08/01/2023,GRA,ST017,QAR,PRK.1741,Spicy Tuna sandwich,26,1482,1482,57
08/01/2023,GRA,ST017,QAR,PRK.1742,Three cheese,22,1804,1804,82
08/01/2023,GRA,ST017,QAR,PRK.1743,Falafel and Labna,25,950,950,38
08/01/2023,GRA,ST017,QAR,PRK.1748,Chicken Shawarma,18,3726,3726,207
08/01/2023,GRA,ST017,QAR,PRK.1749,Tenderloin Beef Shawarma,22,1276,1276,58
08/01/2023,GRA,ST017,QAR,PRK.1750,Cream Cheese Roll,9,1647,1647,183
08/01/2023,GRA,ST017,QAR,PRK.1751,Egg Mayo Roll,9,2412,2412,268
08/01/2023,GRA,ST017,QAR,PRK.1752,Club sandwich,30,3120,3120,104
08/01/2023,GRA,ST017,QAR,PRK.1753,Slider Chicken Burger,38,2280,2280,60
08/01/2023,GRA,ST017,QAR,PRK.1754,Slider Beef Burger,39,1911,1911,49
08/01/2023,GRA,ST017,QAR,PRK.1771,Pistachio Arabeshi,5,135,135,27
08/01/2023,GRA,ST017,QAR,PRK.1861,Filtered Coffee,10,810,810,81
08/01/2023,GRA,ST017,QAR,PRK.1862,Fltrd Coffee w Plain Croi,19,57,57,3
08/01/2023,GRA,ST017,QAR,PRK.1863,Filtrd Coffee w  Zatar Cr,19,19,19,1
08/01/2023,GRA,ST017,QAR,PRK.4503,Almond Milk,2,56,56,28
08/01/2023,GRA,ST017,QAR,PRK.4504,Soya Milk,2,50,50,25
08/01/2023,GRA,ST017,QAR,PRK.4517,Vanilla Flavor,0,0,0,2
08/01/2023,GRA,ST017,QAR,PRK.4519,caramel flavor,0,0,0,2
08/01/2023,GRA,ST017,QAR,PRK.4521,Oat Milk,2,124,124,62
08/01/2023,GRA,ST017,QAR,PRK.4523,Coconut Milk,2,20,20,10
