DATE,BRANCHCODE,WAREHOUSECODE,CURRENCY,ERPCODE,ITEMNAME,RAWPRICE,GROSSAMT,NETVALUE,QTYSOLD
03/01/2023,GRA,ST017,QAR,PRK.902,Granola,55,55,55,1
03/01/2023,GRA,ST017,QAR,PRK.907,Zaatar Chips,6,120,120,20
03/01/2023,GRA,ST017,QAR,PRK.909,Spicy Pesto Chips,6,108,108,18
03/01/2023,GRA,ST017,QAR,PRK.910,Graze Spicy Mix Sml,25,475,475,19
03/01/2023,GRA,ST017,QAR,PRK.911,Graze House Mix Sml,25,225,225,9
03/01/2023,GRA,ST017,QAR,PRK.937,Baby Mozzarella Salad,45,855,855,19
03/01/2023,GRA,ST017,QAR,PRK.938,4 Grain Salad with Beetro,55,880,880,16
03/01/2023,GRA,ST017,QAR,PRK.939,Steak Salad with Green Sa,55,1320,1320,24
03/01/2023,GRA,ST017,QAR,PRK.962,Extra flavor,3,12,12,4
03/01/2023,GRA,ST017,QAR,PRK.994,Crsnt w Egg/Avaca/ SunTom,24,864,864,36
03/01/2023,GRA,ST017,QAR,PRK.995,Egg Burrito,20,1140,1140,57
03/01/2023,GRA,ST017,QAR,PRK.996,Blueberry Granola parfait,25,1025,1025,41
03/01/2023,GRA,ST017,QAR,PRK.997,Yog Dates Chia Pista Alm,22,1034,1034,47
03/01/2023,GRA,ST017,QAR,PRK.1003,Cheese Croissant,16,256,256,16
03/01/2023,GRA,ST017,QAR,PRK.1007,Zatar Croissant,16,240,240,15
03/01/2023,GRA,ST017,QAR,PRK.1010,Tomato Puff Pastry,16,336,336,21
03/01/2023,GRA,ST017,QAR,PRK.1012,Three Berry Yogurt & Date,25,450,450,18
03/01/2023,GRA,ST017,QAR,PRK.1015,Kiri Cheese Danish,14,392,392,28
03/01/2023,GRA,ST017,QAR,PRK.1016,Plain Croissant,10,220,220,22
03/01/2023,GRA,ST017,QAR,PRK.1021,Shirazi Salad,12,288,288,24
03/01/2023,GRA,ST017,QAR,PRK.1023,Falafel Salad,45,1530,1530,34
03/01/2023,GRA,ST017,QAR,PRK.1024,Quinoa Swt potato Salad,40,360,360,9
03/01/2023,GRA,ST017,QAR,PRK.1027,Mex Chkn Chilli Bean Sld,40,1760,1760,44
03/01/2023,GRA,ST017,QAR,PRK.1031,Teriyaki GRAZE Salmn,55,4895,4895,89
03/01/2023,GRA,ST017,QAR,PRK.1039,Keto Chicken Salad,40,1880,1880,47
03/01/2023,GRA,ST017,QAR,PRK.1046,Greek Salad,30,750,750,25
03/01/2023,GRA,ST017,QAR,PRK.1048,Mexican  Caesar Salad chk,39,1521,1521,39
03/01/2023,GRA,ST017,QAR,PRK.1049,ROCCA SALAD,22,418,418,19
03/01/2023,GRA,ST017,QAR,PRK.1052,Smoke Turkey Sandwich,34,4148,4148,122
03/01/2023,GRA,ST017,QAR,PRK.1054,lemon&Rosemary Chkn,36,6264,6264,174
03/01/2023,GRA,ST017,QAR,PRK.1057,Steak & Philly Chz SW,32,1696,1696,53
03/01/2023,GRA,ST017,QAR,PRK.1063,Egg Mayo with Rocket,20,520,520,26
03/01/2023,GRA,ST017,QAR,PRK.1068,Crispy Chicken Bun,24,1128,1128,47
03/01/2023,GRA,ST017,QAR,PRK.1075,Avocado Toast,40,280,280,7
03/01/2023,GRA,ST017,QAR,PRK.1077,Spicy Halloumi,38,684,684,18
03/01/2023,GRA,ST017,QAR,PRK.1078,Graze Breakfast (egg box),32,736,736,23
03/01/2023,GRA,ST017,QAR,PRK.1083,Chkn Soup,19,1406,1406,74
03/01/2023,GRA,ST017,QAR,PRK.1087,Lentil Soup,20,1820,1820,91
03/01/2023,GRA,ST017,QAR,PRK.1089,Vegetable soup,16,736,736,46
03/01/2023,GRA,ST017,QAR,PRK.1090,Tom kha soup,28,252,252,9
03/01/2023,GRA,ST017,QAR,PRK.1113,Chkn Katsu Curry,45,1800,1800,40
03/01/2023,GRA,ST017,QAR,PRK.1115,Mushroom Pasta,40,1480,1480,37
03/01/2023,GRA,ST017,QAR,PRK.1119,Chicken Biryani,45,2700,2700,60
03/01/2023,GRA,ST017,QAR,PRK.1121,Chinese Sesame Chicken,40,2360,2360,59
03/01/2023,GRA,ST017,QAR,PRK.1127,Rock Shrimp,45,855,855,19
03/01/2023,GRA,ST017,QAR,PRK.1133,Lamb  Kabsa,45,3285,3285,73
03/01/2023,GRA,ST017,QAR,PRK.1140,Chicken Curry & Saffron r,43,1505,1505,35
03/01/2023,GRA,ST017,QAR,PRK.1141,CRAB BOWL,28,112,112,4
03/01/2023,GRA,ST017,QAR,PRK.1145,Yoghurt & Cucumber dip,12,60,60,5
03/01/2023,GRA,ST017,QAR,PRK.1146,Spicy Guacamole Pot,13,156,156,12
03/01/2023,GRA,ST017,QAR,PRK.1149,Edamame Pot,12,120,120,10
03/01/2023,GRA,ST017,QAR,PRK.1159,Greek Tabbouleh,20,400,400,20
03/01/2023,GRA,ST017,QAR,PRK.1160,Egg pot,16,160,160,10
03/01/2023,GRA,ST017,QAR,PRK.1173,Choco Chia Energy Ball,30,1080,1080,36
03/01/2023,GRA,ST017,QAR,PRK.1175,Pecan Bars,14,266,266,19
03/01/2023,GRA,ST017,QAR,PRK.1177,Carrot Cake,15,195,195,13
03/01/2023,GRA,ST017,QAR,PRK.1183,Bannana,2,184,184,92
03/01/2023,GRA,ST017,QAR,PRK.1184,Watermelon,18,702,702,39
03/01/2023,GRA,ST017,QAR,PRK.1185,Pineapplemix,18,1206,1206,67
03/01/2023,GRA,ST017,QAR,PRK.1186,Mixed Berries,22,1738,1738,79
03/01/2023,GRA,ST017,QAR,PRK.1194,Lotus Cheesecake,15,360,360,24
03/01/2023,GRA,ST017,QAR,PRK.1196,Chia Blueberry Yodurt,24,576,576,24
03/01/2023,GRA,ST017,QAR,PRK.1201,Iced Flat White,18,18,18,1
03/01/2023,GRA,ST017,QAR,PRK.1203,Iced Spanish Latte,20,60,60,3
03/01/2023,GRA,ST017,QAR,PRK.1204,Iced Latte,18,108,108,6
03/01/2023,GRA,ST017,QAR,PRK.1205,Iced Americano,15,345,345,23
03/01/2023,GRA,ST017,QAR,PRK.1234,Pepperoni Pizza small,40,40,40,1
03/01/2023,GRA,ST017,QAR,PRK.1235,Margherita Pizza small,30,120,120,4
03/01/2023,GRA,ST017,QAR,PRK.1236,BBQ chicken Pizza small,35,70,70,2
03/01/2023,GRA,ST017,QAR,PRK.1262,Highland Still,5,305,305,61
03/01/2023,GRA,ST017,QAR,PRK.1265,Perrier Sparkling,9,1143,1143,127
03/01/2023,GRA,ST017,QAR,PRK.1291,Coke,5,360,360,72
03/01/2023,GRA,ST017,QAR,PRK.1292,Diet Coke,5,1325,1325,265
03/01/2023,GRA,ST017,QAR,PRK.1351,Espresso Single,12,156,156,13
03/01/2023,GRA,ST017,QAR,PRK.1353,Americano Hot,15,1365,1365,91
03/01/2023,GRA,ST017,QAR,PRK.1354,Flat White Hot,18,450,450,25
03/01/2023,GRA,ST017,QAR,PRK.1355,Cappucino,18,1386,1386,77
03/01/2023,GRA,ST017,QAR,PRK.1356,Cortado,18,270,270,15
03/01/2023,GRA,ST017,QAR,PRK.1358,Spanish Latte,20,520,520,26
03/01/2023,GRA,ST017,QAR,PRK.1362,Double Espresso,14,238,238,17
03/01/2023,GRA,ST017,QAR,PRK.1363,Latte Hot,18,1260,1260,70
03/01/2023,GRA,ST017,QAR,PRK.1364,English B/F,12,24,24,2
03/01/2023,GRA,ST017,QAR,PRK.1368,Lemon Grass/ Ginger,12,12,12,1
03/01/2023,GRA,ST017,QAR,PRK.1372,Hot Cocoa,24,288,288,12
03/01/2023,GRA,ST017,QAR,PRK.1373,Hibiscus Iced tea,18,306,306,17
03/01/2023,GRA,ST017,QAR,PRK.1374,Peach Iced Tea,18,342,342,19
03/01/2023,GRA,ST017,QAR,PRK.1386,Orange Juice,22,2926,2926,133
03/01/2023,GRA,ST017,QAR,PRK.1387,Carrot Juice,22,550,550,25
03/01/2023,GRA,ST017,QAR,PRK.1390,Morning Boost,24,1080,1080,45
03/01/2023,GRA,ST017,QAR,PRK.1392,Immune Boost,22,792,792,36
03/01/2023,GRA,ST017,QAR,PRK.1396,Ginger Aid Shot,18,1422,1422,79
03/01/2023,GRA,ST017,QAR,PRK.1402,Laban Drink,18,486,486,27
03/01/2023,GRA,ST017,QAR,PRK.1404,Green Boost Juice,24,1080,1080,45
03/01/2023,GRA,ST017,QAR,PRK.1406,Beetroot & Apple Juice,20,800,800,40
03/01/2023,GRA,ST017,QAR,PRK.1409,Turmeric wellness shot,16,592,592,37
03/01/2023,GRA,ST017,QAR,PRK.1429,Mini Mango Ice Cream,14,350,350,25
03/01/2023,GRA,ST017,QAR,PRK.1430,Regular Mango Ice Cream,21,42,42,2
03/01/2023,GRA,ST017,QAR,PRK.1431,Large Mango Ice Cream,23,253,253,11
03/01/2023,GRA,ST017,QAR,PRK.1433,Reg Mango Ice cream/Topp,26,26,26,1
03/01/2023,GRA,ST017,QAR,PRK.1434,Large Mango Ice Cream/Top,30,30,30,1
03/01/2023,GRA,ST017,QAR,PRK.1474,Spaghetti Bolognese,45,540,540,12
03/01/2023,GRA,ST017,QAR,PRK.1475,Salmon with Cilantro Rice,65,4550,4550,70
03/01/2023,GRA,ST017,QAR,PRK.1476,Chicken Noodle Bowl,40,1040,1040,26
03/01/2023,GRA,ST017,QAR,PRK.1477,BBQ Steak,45,1710,1710,38
03/01/2023,GRA,ST017,QAR,PRK.1478,Rib eye Steak with Vegeta,55,2585,2585,47
03/01/2023,GRA,ST017,QAR,PRK.1479,Lasagne Pasta,45,450,450,10
03/01/2023,GRA,ST017,QAR,PRK.1480,Steak cajun potato,50,1500,1500,30
03/01/2023,GRA,ST017,QAR,PRK.1508,Granola,3,15,15,5
03/01/2023,GRA,ST017,QAR,PRK.1523,Peanut Butter Sauce,3,3,3,1
03/01/2023,GRA,ST017,QAR,PRK.1588,Acai Small,35,3045,3045,87
03/01/2023,GRA,ST017,QAR,PRK.1589,Acai Large,40,640,640,16
03/01/2023,GRA,ST017,QAR,PRK.1592,Watermelon Coolex,24,264,264,11
03/01/2023,GRA,ST017,QAR,PRK.1593,Tropicana,24,384,384,16
03/01/2023,GRA,ST017,QAR,PRK.1621,Orange loaf,12,288,288,24
03/01/2023,GRA,ST017,QAR,PRK.1623,Brownie flavour cookies,10,500,500,50
03/01/2023,GRA,ST017,QAR,PRK.1628,Brownie bites,13,273,273,21
03/01/2023,GRA,ST017,QAR,PRK.1632,Turkey cheese roll,19,209,209,11
03/01/2023,GRA,ST017,QAR,PRK.1633,Spinach feta roll,18,306,306,17
03/01/2023,GRA,ST017,QAR,PRK.1634,Madeleine,12,468,468,39
03/01/2023,GRA,ST017,QAR,PRK.1635,Poppy Lemon seeds,12,168,168,14
03/01/2023,GRA,ST017,QAR,PRK.1651,■PB & Jam sourdough bread,18,612,612,34
03/01/2023,GRA,ST017,QAR,PRK.1655,Graze Oatmeal,30,1740,1740,58
03/01/2023,GRA,ST017,QAR,PRK.1711,Pomegranate Pot,18,198,198,11
03/01/2023,GRA,ST017,QAR,PRK.1712,Mango Peach Muesli Pot,24,504,504,21
03/01/2023,GRA,ST017,QAR,PRK.1713,Overnight oats PB&Jam,25,1200,1200,48
03/01/2023,GRA,ST017,QAR,PRK.1741,Spicy Tuna sandwich,26,858,858,33
03/01/2023,GRA,ST017,QAR,PRK.1742,Three cheese,22,1056,1056,48
03/01/2023,GRA,ST017,QAR,PRK.1743,Falafel and Labna,25,400,400,16
03/01/2023,GRA,ST017,QAR,PRK.1748,Chicken Shawarma,18,2844,2844,158
03/01/2023,GRA,ST017,QAR,PRK.1749,Tenderloin Beef Shawarma,22,1342,1342,61
03/01/2023,GRA,ST017,QAR,PRK.1750,Cream Cheese Roll,9,603,603,67
03/01/2023,GRA,ST017,QAR,PRK.1751,Egg Mayo Roll,9,1323,1323,147
03/01/2023,GRA,ST017,QAR,PRK.1752,Club sandwich,30,2340,2340,78
03/01/2023,GRA,ST017,QAR,PRK.1771,Pistachio Arabeshi,5,55,55,11
03/01/2023,GRA,ST017,QAR,PRK.4503,Almond Milk,2,18,18,9
03/01/2023,GRA,ST017,QAR,PRK.4504,Soya Milk,2,48,48,24
03/01/2023,GRA,ST017,QAR,PRK.4517,Vanilla Flavor,0,0,0,1
03/01/2023,GRA,ST017,QAR,PRK.4519,caramel flavor,0,0,0,3
03/01/2023,GRA,ST017,QAR,PRK.4521,Oat Milk,2,40,40,20
03/01/2023,GRA,ST017,QAR,PRK.4523,Coconut Milk,2,12,12,6
03/01/2023,GRA,ST017,QAR,PRK.4531,w/ Granola,0,0,0,3
