DATE,BRANCHCODE,WAREHOUSECODE,CURRENCY,ERPCODE,ITEMNAME,RAWPRICE,GROSSAMT,NETVALUE,QTYSOLD
04/01/2023,GRA,ST017,QAR,PRK.907,Zaatar Chips,6,12,12,2
04/01/2023,GRA,ST017,QAR,PRK.909,Spicy Pesto Chips,6,12,12,2
04/01/2023,GRA,ST017,QAR,PRK.910,Graze Spicy Mix Sml,25,25,25,1
04/01/2023,GRA,ST017,QAR,PRK.938,4 Grain Salad with Beetro,55,55,55,1
04/01/2023,GRA,ST017,QAR,PRK.939,Steak Salad with Green Sa,55,110,110,2
04/01/2023,GRA,ST017,QAR,PRK.994,Crsnt w Egg/Avaca/ SunTom,24,96,96,4
04/01/2023,GRA,ST017,QAR,PRK.995,Egg Burrito,20,60,60,3
04/01/2023,GRA,ST017,QAR,PRK.996,Blueberry Granola parfait,25,75,75,3
04/01/2023,GRA,ST017,QAR,PRK.997,Yog Dates Chia Pista Alm,22,88,88,4
04/01/2023,GRA,ST017,QAR,PRK.1007,Zatar Croissant,16,16,16,1
04/01/2023,GRA,ST017,QAR,PRK.1010,Tomato Puff Pastry,16,16,16,1
04/01/2023,GRA,ST017,QAR,PRK.1012,Three Berry Yogurt & Date,25,50,50,2
04/01/2023,GRA,ST017,QAR,PRK.1015,Kiri Cheese Danish,14,42,42,3
04/01/2023,GRA,ST017,QAR,PRK.1016,Plain Croissant,10,10,10,1
04/01/2023,GRA,ST017,QAR,PRK.1021,Shirazi Salad,12,12,12,1
04/01/2023,GRA,ST017,QAR,PRK.1023,Falafel Salad,45,135,135,3
04/01/2023,GRA,ST017,QAR,PRK.1024,Quinoa Swt potato Salad,40,40,40,1
04/01/2023,GRA,ST017,QAR,PRK.1027,Mex Chkn Chilli Bean Sld,40,120,120,3
04/01/2023,GRA,ST017,QAR,PRK.1031,Teriyaki GRAZE Salmn,55,440,440,8
04/01/2023,GRA,ST017,QAR,PRK.1039,Keto Chicken Salad,40,200,200,5
04/01/2023,GRA,ST017,QAR,PRK.1046,Greek Salad,30,30,30,1
04/01/2023,GRA,ST017,QAR,PRK.1048,Mexican  Caesar Salad chk,39,156,156,4
04/01/2023,GRA,ST017,QAR,PRK.1049,ROCCA SALAD,22,44,44,2
04/01/2023,GRA,ST017,QAR,PRK.1052,Smoke Turkey Sandwich,34,238,238,7
04/01/2023,GRA,ST017,QAR,PRK.1054,lemon&Rosemary Chkn,36,252,252,7
04/01/2023,GRA,ST017,QAR,PRK.1057,Steak & Philly Chz SW,32,64,64,2
04/01/2023,GRA,ST017,QAR,PRK.1063,Egg Mayo with Rocket,20,40,40,2
04/01/2023,GRA,ST017,QAR,PRK.1068,Crispy Chicken Bun,24,72,72,3
04/01/2023,GRA,ST017,QAR,PRK.1077,Spicy Halloumi,38,76,76,2
04/01/2023,GRA,ST017,QAR,PRK.1078,Graze Breakfast (egg box),32,32,32,1
04/01/2023,GRA,ST017,QAR,PRK.1083,Chkn Soup,19,114,114,6
04/01/2023,GRA,ST017,QAR,PRK.1087,Lentil Soup,20,100,100,5
04/01/2023,GRA,ST017,QAR,PRK.1089,Vegetable soup,16,48,48,3
04/01/2023,GRA,ST017,QAR,PRK.1090,Tom kha soup,28,28,28,1
04/01/2023,GRA,ST017,QAR,PRK.1113,Chkn Katsu Curry,45,180,180,4
04/01/2023,GRA,ST017,QAR,PRK.1115,Mushroom Pasta,40,40,40,1
04/01/2023,GRA,ST017,QAR,PRK.1121,Chinese Sesame Chicken,40,160,160,4
04/01/2023,GRA,ST017,QAR,PRK.1133,Lamb  Kabsa,45,225,225,5
04/01/2023,GRA,ST017,QAR,PRK.1140,Chicken Curry & Saffron r,43,86,86,2
04/01/2023,GRA,ST017,QAR,PRK.1145,Yoghurt & Cucumber dip,12,12,12,1
04/01/2023,GRA,ST017,QAR,PRK.1146,Spicy Guacamole Pot,13,13,13,1
04/01/2023,GRA,ST017,QAR,PRK.1159,Greek Tabbouleh,20,40,40,2
04/01/2023,GRA,ST017,QAR,PRK.1160,Egg pot,16,16,16,1
04/01/2023,GRA,ST017,QAR,PRK.1173,Choco Chia Energy Ball,30,30,30,1
04/01/2023,GRA,ST017,QAR,PRK.1175,Pecan Bars,14,14,14,1
04/01/2023,GRA,ST017,QAR,PRK.1183,Bannana,2,2,2,1
04/01/2023,GRA,ST017,QAR,PRK.1184,Watermelon,18,90,90,5
04/01/2023,GRA,ST017,QAR,PRK.1185,Pineapplemix,18,90,90,5
04/01/2023,GRA,ST017,QAR,PRK.1186,Mixed Berries,22,88,88,4
04/01/2023,GRA,ST017,QAR,PRK.1194,Lotus Cheesecake,15,15,15,1
04/01/2023,GRA,ST017,QAR,PRK.1196,Chia Blueberry Yodurt,24,24,24,1
04/01/2023,GRA,ST017,QAR,PRK.1201,Iced Flat White,18,18,18,1
04/01/2023,GRA,ST017,QAR,PRK.1205,Iced Americano,15,15,15,1
04/01/2023,GRA,ST017,QAR,PRK.1262,Highland Still,5,15,15,3
04/01/2023,GRA,ST017,QAR,PRK.1265,Perrier Sparkling,9,63,63,7
04/01/2023,GRA,ST017,QAR,PRK.1291,Coke,5,5,5,1
04/01/2023,GRA,ST017,QAR,PRK.1292,Diet Coke,5,65,65,13
04/01/2023,GRA,ST017,QAR,PRK.1353,Americano Hot,15,75,75,5
04/01/2023,GRA,ST017,QAR,PRK.1354,Flat White Hot,18,18,18,1
04/01/2023,GRA,ST017,QAR,PRK.1355,Cappucino,18,72,72,4
04/01/2023,GRA,ST017,QAR,PRK.1358,Spanish Latte,20,80,80,4
04/01/2023,GRA,ST017,QAR,PRK.1363,Latte Hot,18,72,72,4
04/01/2023,GRA,ST017,QAR,PRK.1386,Orange Juice,22,110,110,5
04/01/2023,GRA,ST017,QAR,PRK.1387,Carrot Juice,22,44,44,2
04/01/2023,GRA,ST017,QAR,PRK.1390,Morning Boost,24,24,24,1
04/01/2023,GRA,ST017,QAR,PRK.1392,Immune Boost,22,44,44,2
04/01/2023,GRA,ST017,QAR,PRK.1396,Ginger Aid Shot,18,108,108,6
04/01/2023,GRA,ST017,QAR,PRK.1404,Green Boost Juice,24,48,48,2
04/01/2023,GRA,ST017,QAR,PRK.1406,Beetroot & Apple Juice,20,40,40,2
04/01/2023,GRA,ST017,QAR,PRK.1429,Mini Mango Ice Cream,14,14,14,1
04/01/2023,GRA,ST017,QAR,PRK.1474,Spaghetti Bolognese,45,45,45,1
04/01/2023,GRA,ST017,QAR,PRK.1475,Salmon with Cilantro Rice,65,325,325,5
04/01/2023,GRA,ST017,QAR,PRK.1477,BBQ Steak,45,90,90,2
04/01/2023,GRA,ST017,QAR,PRK.1479,Lasagne Pasta,45,45,45,1
04/01/2023,GRA,ST017,QAR,PRK.1480,Steak cajun potato,50,100,100,2
04/01/2023,GRA,ST017,QAR,PRK.1588,Acai Small,35,140,140,4
04/01/2023,GRA,ST017,QAR,PRK.1593,Tropicana,24,24,24,1
04/01/2023,GRA,ST017,QAR,PRK.1623,Brownie flavour cookies,10,50,50,5
04/01/2023,GRA,ST017,QAR,PRK.1628,Brownie bites,13,26,26,2
04/01/2023,GRA,ST017,QAR,PRK.1634,Madeleine,12,12,12,1
04/01/2023,GRA,ST017,QAR,PRK.1651,■PB & Jam sourdough bread,18,54,54,3
04/01/2023,GRA,ST017,QAR,PRK.1655,Graze Oatmeal,30,150,150,5
04/01/2023,GRA,ST017,QAR,PRK.1711,Pomegranate Pot,18,36,36,2
04/01/2023,GRA,ST017,QAR,PRK.1712,Mango Peach Muesli Pot,24,48,48,2
04/01/2023,GRA,ST017,QAR,PRK.1713,Overnight oats PB&Jam,25,50,50,2
04/01/2023,GRA,ST017,QAR,PRK.1741,Spicy Tuna sandwich,26,78,78,3
04/01/2023,GRA,ST017,QAR,PRK.1742,Three cheese,22,44,44,2
04/01/2023,GRA,ST017,QAR,PRK.1743,Falafel and Labna,25,50,50,2
04/01/2023,GRA,ST017,QAR,PRK.1748,Chicken Shawarma,18,162,162,9
04/01/2023,GRA,ST017,QAR,PRK.1749,Tenderloin Beef Shawarma,22,66,66,3
04/01/2023,GRA,ST017,QAR,PRK.1750,Cream Cheese Roll,9,27,27,3
04/01/2023,GRA,ST017,QAR,PRK.1751,Egg Mayo Roll,9,54,54,6
04/01/2023,GRA,ST017,QAR,PRK.1752,Club sandwich,30,150,150,5
04/01/2023,GRA,ST017,QAR,PRK.4503,Almond Milk,2,2,2,1
04/01/2023,GRA,ST017,QAR,PRK.4521,Oat Milk,2,4,4,2
