DATE,BRANCHCODE,WAREHOUSECODE,CURRENCY,ERPCODE,ITEMNAME,RAWPRICE,GROSSAMT,NETVALUE,QTYSOLD
05/01/2023,GRA,ST017,QAR,PRK.902,Granola,55,110,110,2
05/01/2023,GRA,ST017,QAR,PRK.907,Zaatar Chips,6,150,150,25
05/01/2023,GRA,ST017,QAR,PRK.909,Spicy Pesto Chips,6,156,156,26
05/01/2023,GRA,ST017,QAR,PRK.910,Graze Spicy Mix Sml,25,800,800,32
05/01/2023,GRA,ST017,QAR,PRK.911,Graze House Mix Sml,25,275,275,11
05/01/2023,GRA,ST017,QAR,PRK.937,Baby Mozzarella Salad,45,1440,1440,32
05/01/2023,GRA,ST017,QAR,PRK.938,4 Grain Salad with Beetro,55,1650,1650,30
05/01/2023,GRA,ST017,QAR,PRK.939,Steak Salad with Green Sa,55,2090,2090,38
05/01/2023,GRA,ST017,QAR,PRK.962,Extra flavor,3,36,36,12
05/01/2023,GRA,ST017,QAR,PRK.994,Crsnt w Egg/Avaca/ SunTom,24,1776,1776,74
05/01/2023,GRA,ST017,QAR,PRK.995,Egg Burrito,20,1860,1860,93
05/01/2023,GRA,ST017,QAR,PRK.996,Blueberry Granola parfait,25,2425,2425,97
05/01/2023,GRA,ST017,QAR,PRK.997,Yog Dates Chia Pista Alm,22,1760,1760,80
05/01/2023,GRA,ST017,QAR,PRK.1003,Cheese Croissant,16,112,112,7
05/01/2023,GRA,ST017,QAR,PRK.1007,Zatar Croissant,16,592,592,37
05/01/2023,GRA,ST017,QAR,PRK.1010,Tomato Puff Pastry,16,704,704,44
05/01/2023,GRA,ST017,QAR,PRK.1012,Three Berry Yogurt & Date,25,1075,1075,43
05/01/2023,GRA,ST017,QAR,PRK.1015,Kiri Cheese Danish,14,574,574,41
05/01/2023,GRA,ST017,QAR,PRK.1016,Plain Croissant,10,580,580,58
05/01/2023,GRA,ST017,QAR,PRK.1021,Shirazi Salad,12,720,720,60
05/01/2023,GRA,ST017,QAR,PRK.1023,Falafel Salad,45,2340,2340,52
05/01/2023,GRA,ST017,QAR,PRK.1024,Quinoa Swt potato Salad,40,640,640,16
05/01/2023,GRA,ST017,QAR,PRK.1027,Mex Chkn Chilli Bean Sld,40,2920,2920,73
05/01/2023,GRA,ST017,QAR,PRK.1031,Teriyaki GRAZE Salmn,55,8140,8140,148
05/01/2023,GRA,ST017,QAR,PRK.1039,Keto Chicken Salad,40,3280,3280,82
05/01/2023,GRA,ST017,QAR,PRK.1046,Greek Salad,30,1470,1470,49
05/01/2023,GRA,ST017,QAR,PRK.1048,Mexican  Caesar Salad chk,39,3276,3276,84
05/01/2023,GRA,ST017,QAR,PRK.1049,ROCCA SALAD,22,616,616,28
05/01/2023,GRA,ST017,QAR,PRK.1052,Smoke Turkey Sandwich,34,6562,6562,193
05/01/2023,GRA,ST017,QAR,PRK.1054,lemon&Rosemary Chkn,36,8388,8388,233
05/01/2023,GRA,ST017,QAR,PRK.1057,Steak & Philly Chz SW,32,2208,2176,69
05/01/2023,GRA,ST017,QAR,PRK.1063,Egg Mayo with Rocket,20,740,740,37
05/01/2023,GRA,ST017,QAR,PRK.1068,Crispy Chicken Bun,24,1464,1464,61
05/01/2023,GRA,ST017,QAR,PRK.1075,Avocado Toast,40,760,760,19
05/01/2023,GRA,ST017,QAR,PRK.1077,Spicy Halloumi,38,2660,2660,70
05/01/2023,GRA,ST017,QAR,PRK.1078,Graze Breakfast (egg box),32,1536,1536,48
05/01/2023,GRA,ST017,QAR,PRK.1083,Chkn Soup,19,2280,2280,120
05/01/2023,GRA,ST017,QAR,PRK.1087,Lentil Soup,20,2360,2360,118
05/01/2023,GRA,ST017,QAR,PRK.1089,Vegetable soup,16,1136,1136,71
05/01/2023,GRA,ST017,QAR,PRK.1090,Tom kha soup,28,140,140,5
05/01/2023,GRA,ST017,QAR,PRK.1113,Chkn Katsu Curry,45,3105,3105,69
05/01/2023,GRA,ST017,QAR,PRK.1115,Mushroom Pasta,40,2720,2720,68
05/01/2023,GRA,ST017,QAR,PRK.1119,Chicken Biryani,45,3195,3195,71
05/01/2023,GRA,ST017,QAR,PRK.1121,Chinese Sesame Chicken,40,3760,3760,94
05/01/2023,GRA,ST017,QAR,PRK.1127,Rock Shrimp,45,2520,2520,56
05/01/2023,GRA,ST017,QAR,PRK.1133,Lamb  Kabsa,45,4005,4005,89
05/01/2023,GRA,ST017,QAR,PRK.1140,Chicken Curry & Saffron r,43,2365,2365,55
05/01/2023,GRA,ST017,QAR,PRK.1145,Yoghurt & Cucumber dip,12,216,216,18
05/01/2023,GRA,ST017,QAR,PRK.1146,Spicy Guacamole Pot,13,247,247,19
05/01/2023,GRA,ST017,QAR,PRK.1149,Edamame Pot,12,240,240,20
05/01/2023,GRA,ST017,QAR,PRK.1159,Greek Tabbouleh,20,820,820,41
05/01/2023,GRA,ST017,QAR,PRK.1160,Egg pot,16,576,576,36
05/01/2023,GRA,ST017,QAR,PRK.1173,Choco Chia Energy Ball,30,1350,1350,45
05/01/2023,GRA,ST017,QAR,PRK.1175,Pecan Bars,14,336,336,24
05/01/2023,GRA,ST017,QAR,PRK.1177,Carrot Cake,15,315,315,21
05/01/2023,GRA,ST017,QAR,PRK.1183,Bannana,2,212,212,106
05/01/2023,GRA,ST017,QAR,PRK.1184,Watermelon,18,1476,1476,82
05/01/2023,GRA,ST017,QAR,PRK.1185,Pineapplemix,18,1800,1800,100
05/01/2023,GRA,ST017,QAR,PRK.1186,Mixed Berries,22,2464,2464,112
05/01/2023,GRA,ST017,QAR,PRK.1194,Lotus Cheesecake,15,630,630,42
05/01/2023,GRA,ST017,QAR,PRK.1196,Chia Blueberry Yodurt,24,1248,1248,52
05/01/2023,GRA,ST017,QAR,PRK.1201,Iced Flat White,18,180,180,10
05/01/2023,GRA,ST017,QAR,PRK.1203,Iced Spanish Latte,20,280,280,14
05/01/2023,GRA,ST017,QAR,PRK.1204,Iced Latte,18,540,540,30
05/01/2023,GRA,ST017,QAR,PRK.1205,Iced Americano,15,630,630,42
05/01/2023,GRA,ST017,QAR,PRK.1234,Pepperoni Pizza small,40,40,40,1
05/01/2023,GRA,ST017,QAR,PRK.1235,Margherita Pizza small,30,210,210,7
05/01/2023,GRA,ST017,QAR,PRK.1236,BBQ chicken Pizza small,35,175,175,5
05/01/2023,GRA,ST017,QAR,PRK.1262,Highland Still,5,835,835,167
05/01/2023,GRA,ST017,QAR,PRK.1265,Perrier Sparkling,9,1386,1386,154
05/01/2023,GRA,ST017,QAR,PRK.1291,Coke,5,690,690,138
05/01/2023,GRA,ST017,QAR,PRK.1292,Diet Coke,5,2430,2430,486
05/01/2023,GRA,ST017,QAR,PRK.1321,Mini Cup /Pina Colada,14,196,196,14
05/01/2023,GRA,ST017,QAR,PRK.1322,Regular Cup / Pina Colada,21,84,84,4
05/01/2023,GRA,ST017,QAR,PRK.1323,Large cup /Pina Colada,23,184,184,8
05/01/2023,GRA,ST017,QAR,PRK.1326,Large Pina Colada/Topping,30,30,30,1
05/01/2023,GRA,ST017,QAR,PRK.1351,Espresso Single,12,204,192,17
05/01/2023,GRA,ST017,QAR,PRK.1353,Americano Hot,15,1575,1575,105
05/01/2023,GRA,ST017,QAR,PRK.1354,Flat White Hot,18,1314,1314,73
05/01/2023,GRA,ST017,QAR,PRK.1355,Cappucino,18,3798,3798,211
05/01/2023,GRA,ST017,QAR,PRK.1356,Cortado,18,486,486,27
05/01/2023,GRA,ST017,QAR,PRK.1358,Spanish Latte,20,860,820,43
05/01/2023,GRA,ST017,QAR,PRK.1359,Classic Mocha,25,75,75,3
05/01/2023,GRA,ST017,QAR,PRK.1360,Slated Caramel Mocha,25,25,25,1
05/01/2023,GRA,ST017,QAR,PRK.1362,Double Espresso,14,336,336,24
05/01/2023,GRA,ST017,QAR,PRK.1363,Latte Hot,18,1908,1908,106
05/01/2023,GRA,ST017,QAR,PRK.1364,English B/F,12,60,60,5
05/01/2023,GRA,ST017,QAR,PRK.1365,Green Tea,12,72,72,6
05/01/2023,GRA,ST017,QAR,PRK.1366,Earl Grey,12,12,12,1
05/01/2023,GRA,ST017,QAR,PRK.1372,Hot Cocoa,24,216,216,9
05/01/2023,GRA,ST017,QAR,PRK.1374,Peach Iced Tea,18,630,630,35
05/01/2023,GRA,ST017,QAR,PRK.1375,Matcha Latte,25,350,350,14
05/01/2023,GRA,ST017,QAR,PRK.1386,Orange Juice,22,4136,4136,188
05/01/2023,GRA,ST017,QAR,PRK.1387,Carrot Juice,22,814,814,37
05/01/2023,GRA,ST017,QAR,PRK.1390,Morning Boost,24,1560,1560,65
05/01/2023,GRA,ST017,QAR,PRK.1392,Immune Boost,22,1276,1276,58
05/01/2023,GRA,ST017,QAR,PRK.1396,Ginger Aid Shot,18,2034,2016,113
05/01/2023,GRA,ST017,QAR,PRK.1402,Laban Drink,18,504,504,28
05/01/2023,GRA,ST017,QAR,PRK.1404,Green Boost Juice,24,1200,1200,50
05/01/2023,GRA,ST017,QAR,PRK.1406,Beetroot & Apple Juice,20,1140,1100,57
05/01/2023,GRA,ST017,QAR,PRK.1409,Turmeric wellness shot,16,1280,1280,80
05/01/2023,GRA,ST017,QAR,PRK.1429,Mini Mango Ice Cream,14,308,308,22
05/01/2023,GRA,ST017,QAR,PRK.1430,Regular Mango Ice Cream,21,84,84,4
05/01/2023,GRA,ST017,QAR,PRK.1431,Large Mango Ice Cream,23,161,161,7
05/01/2023,GRA,ST017,QAR,PRK.1473,NOODLES BOWL,45,45,45,1
05/01/2023,GRA,ST017,QAR,PRK.1474,Spaghetti Bolognese,45,990,990,22
05/01/2023,GRA,ST017,QAR,PRK.1475,Salmon with Cilantro Rice,65,6890,6890,106
05/01/2023,GRA,ST017,QAR,PRK.1476,Chicken Noodle Bowl,40,1120,1120,28
05/01/2023,GRA,ST017,QAR,PRK.1477,BBQ Steak,45,1755,1710,39
05/01/2023,GRA,ST017,QAR,PRK.1478,Rib eye Steak with Vegeta,55,3080,3080,56
05/01/2023,GRA,ST017,QAR,PRK.1479,Lasagne Pasta,45,1170,1170,26
05/01/2023,GRA,ST017,QAR,PRK.1480,Steak cajun potato,50,3050,3050,61
05/01/2023,GRA,ST017,QAR,PRK.1508,Granola,3,18,18,6
05/01/2023,GRA,ST017,QAR,PRK.1588,Acai Small,35,4480,4480,128
05/01/2023,GRA,ST017,QAR,PRK.1589,Acai Large,40,760,760,19
05/01/2023,GRA,ST017,QAR,PRK.1592,Watermelon Coolex,24,840,840,35
05/01/2023,GRA,ST017,QAR,PRK.1593,Tropicana,24,912,912,38
05/01/2023,GRA,ST017,QAR,PRK.1621,Orange loaf,12,516,516,43
05/01/2023,GRA,ST017,QAR,PRK.1623,Brownie flavour cookies,10,1270,1270,127
05/01/2023,GRA,ST017,QAR,PRK.1628,Brownie bites,13,715,715,55
05/01/2023,GRA,ST017,QAR,PRK.1632,Turkey cheese roll,19,589,589,31
05/01/2023,GRA,ST017,QAR,PRK.1633,Spinach feta roll,18,414,414,23
05/01/2023,GRA,ST017,QAR,PRK.1634,Madeleine,12,540,540,45
05/01/2023,GRA,ST017,QAR,PRK.1651,■PB & Jam sourdough bread,18,882,882,49
05/01/2023,GRA,ST017,QAR,PRK.1655,Graze Oatmeal,30,3090,3090,103
05/01/2023,GRA,ST017,QAR,PRK.1711,Pomegranate Pot,18,738,738,41
05/01/2023,GRA,ST017,QAR,PRK.1712,Mango Peach Muesli Pot,24,1032,1032,43
05/01/2023,GRA,ST017,QAR,PRK.1713,Overnight oats PB&Jam,25,1700,1700,68
05/01/2023,GRA,ST017,QAR,PRK.1741,Spicy Tuna sandwich,26,1976,1976,76
05/01/2023,GRA,ST017,QAR,PRK.1742,Three cheese,22,1430,1430,65
05/01/2023,GRA,ST017,QAR,PRK.1743,Falafel and Labna,25,800,800,32
05/01/2023,GRA,ST017,QAR,PRK.1748,Chicken Shawarma,18,3420,3402,190
05/01/2023,GRA,ST017,QAR,PRK.1749,Tenderloin Beef Shawarma,22,1782,1782,81
05/01/2023,GRA,ST017,QAR,PRK.1750,Cream Cheese Roll,9,1188,1188,132
05/01/2023,GRA,ST017,QAR,PRK.1751,Egg Mayo Roll,9,2196,2178,244
05/01/2023,GRA,ST017,QAR,PRK.1752,Club sandwich,30,3660,3660,122
05/01/2023,GRA,ST017,QAR,PRK.1771,Pistachio Arabeshi,5,95,95,19
05/01/2023,GRA,ST017,QAR,PRK.4503,Almond Milk,2,114,114,57
05/01/2023,GRA,ST017,QAR,PRK.4504,Soya Milk,2,84,84,42
05/01/2023,GRA,ST017,QAR,PRK.4517,Vanilla Flavor,0,0,0,10
05/01/2023,GRA,ST017,QAR,PRK.4519,caramel flavor,0,0,0,2
05/01/2023,GRA,ST017,QAR,PRK.4521,Oat Milk,2,82,82,41
05/01/2023,GRA,ST017,QAR,PRK.4523,Coconut Milk,2,16,16,8
