DATE,BRANCHCODE,WAREHOUSECODE,CURRENCY,ERPCODE,ITEMNAME,RAWPRICE,GROSSAMT,NETVALUE,QTYSOLD
01/01/2023,GRA,ST017,QAR,PRK.907,Zaatar Chips,6,126,126,21
01/01/2023,GRA,ST017,QAR,PRK.909,Spicy Pesto Chips,6,174,174,29
01/01/2023,GRA,ST017,QAR,PRK.910,Graze Spicy Mix Sml,25,625,625,25
01/01/2023,GRA,ST017,QAR,PRK.911,Graze House Mix Sml,25,450,450,18
01/01/2023,GRA,ST017,QAR,PRK.937,Baby Mozzarella Salad,45,1575,1575,35
01/01/2023,GRA,ST017,QAR,PRK.938,4 Grain Salad with Beetro,55,2420,2420,44
01/01/2023,GRA,ST017,QAR,PRK.939,Steak Salad with Green Sa,55,1980,1980,36
01/01/2023,GRA,ST017,QAR,PRK.962,Extra flavor,3,27,27,9
01/01/2023,GRA,ST017,QAR,PRK.994,Crsnt w Egg/Avaca/ SunTom,24,1056,1056,44
01/01/2023,GRA,ST017,QAR,PRK.995,Egg Burrito,20,1740,1740,87
01/01/2023,GRA,ST017,QAR,PRK.996,Blueberry Granola parfait,25,1475,1475,59
01/01/2023,GRA,ST017,QAR,PRK.997,Yog Dates Chia Pista Alm,22,1078,1078,49
01/01/2023,GRA,ST017,QAR,PRK.1003,Cheese Croissant,16,112,112,7
01/01/2023,GRA,ST017,QAR,PRK.1007,Zatar Croissant,16,304,304,19
01/01/2023,GRA,ST017,QAR,PRK.1010,Tomato Puff Pastry,16,672,672,42
01/01/2023,GRA,ST017,QAR,PRK.1012,Three Berry Yogurt & Date,25,600,600,24
01/01/2023,GRA,ST017,QAR,PRK.1015,Kiri Cheese Danish,14,602,602,43
01/01/2023,GRA,ST017,QAR,PRK.1016,Plain Croissant,10,450,450,45
01/01/2023,GRA,ST017,QAR,PRK.1021,Shirazi Salad,12,264,264,22
01/01/2023,GRA,ST017,QAR,PRK.1023,Falafel Salad,45,1845,1845,41
01/01/2023,GRA,ST017,QAR,PRK.1024,Quinoa Swt potato Salad,40,1240,1240,31
01/01/2023,GRA,ST017,QAR,PRK.1027,Mex Chkn Chilli Bean Sld,40,2880,2880,72
01/01/2023,GRA,ST017,QAR,PRK.1029,Burrata Salad,50,250,250,5
01/01/2023,GRA,ST017,QAR,PRK.1031,Teriyaki GRAZE Salmn,55,5995,5995,109
01/01/2023,GRA,ST017,QAR,PRK.1039,Keto Chicken Salad,40,2520,2520,63
01/01/2023,GRA,ST017,QAR,PRK.1046,Greek Salad,30,1110,1110,37
01/01/2023,GRA,ST017,QAR,PRK.1048,Mexican  Caesar Salad chk,39,4719,4719,121
01/01/2023,GRA,ST017,QAR,PRK.1049,ROCCA SALAD,22,484,484,22
01/01/2023,GRA,ST017,QAR,PRK.1052,Smoke Turkey Sandwich,34,7990,7956,235
01/01/2023,GRA,ST017,QAR,PRK.1054,lemon&Rosemary Chkn,36,7992,7992,222
01/01/2023,GRA,ST017,QAR,PRK.1057,Steak & Philly Chz SW,32,2016,1984,63
01/01/2023,GRA,ST017,QAR,PRK.1063,Egg Mayo with Rocket,20,660,660,33
01/01/2023,GRA,ST017,QAR,PRK.1068,Crispy Chicken Bun,24,1104,1104,46
01/01/2023,GRA,ST017,QAR,PRK.1070,Chicken Pesto & Mozzarell,32,1952,1952,61
01/01/2023,GRA,ST017,QAR,PRK.1075,Avocado Toast,40,480,480,12
01/01/2023,GRA,ST017,QAR,PRK.1077,Spicy Halloumi,38,1330,1330,35
01/01/2023,GRA,ST017,QAR,PRK.1078,Graze Breakfast (egg box),32,800,800,25
01/01/2023,GRA,ST017,QAR,PRK.1083,Chkn Soup,19,1881,1881,99
01/01/2023,GRA,ST017,QAR,PRK.1087,Lentil Soup,20,2540,2540,127
01/01/2023,GRA,ST017,QAR,PRK.1089,Vegetable soup,16,1232,1232,77
01/01/2023,GRA,ST017,QAR,PRK.1090,Tom kha soup,28,700,700,25
01/01/2023,GRA,ST017,QAR,PRK.1113,Chkn Katsu Curry,45,2610,2610,58
01/01/2023,GRA,ST017,QAR,PRK.1115,Mushroom Pasta,40,1800,1800,45
01/01/2023,GRA,ST017,QAR,PRK.1118,Steak With Mushroom Sauce,45,1125,1125,25
01/01/2023,GRA,ST017,QAR,PRK.1119,Chicken Biryani,45,3600,3600,80
01/01/2023,GRA,ST017,QAR,PRK.1121,Chinese Sesame Chicken,40,4440,4440,111
01/01/2023,GRA,ST017,QAR,PRK.1127,Rock Shrimp,45,1800,1800,40
01/01/2023,GRA,ST017,QAR,PRK.1133,Lamb  Kabsa,45,3555,3555,79
01/01/2023,GRA,ST017,QAR,PRK.1140,Chicken Curry & Saffron r,43,2236,2236,52
01/01/2023,GRA,ST017,QAR,PRK.1141,CRAB BOWL,28,28,28,1
01/01/2023,GRA,ST017,QAR,PRK.1145,Yoghurt & Cucumber dip,12,180,180,15
01/01/2023,GRA,ST017,QAR,PRK.1146,Spicy Guacamole Pot,13,286,286,22
01/01/2023,GRA,ST017,QAR,PRK.1149,Edamame Pot,12,84,84,7
01/01/2023,GRA,ST017,QAR,PRK.1159,Greek Tabbouleh,20,260,260,13
01/01/2023,GRA,ST017,QAR,PRK.1160,Egg pot,16,64,64,4
01/01/2023,GRA,ST017,QAR,PRK.1173,Choco Chia Energy Ball,30,1200,1200,40
01/01/2023,GRA,ST017,QAR,PRK.1175,Pecan Bars,14,252,252,18
01/01/2023,GRA,ST017,QAR,PRK.1177,Carrot Cake,15,345,345,23
01/01/2023,GRA,ST017,QAR,PRK.1183,Bannana,2,298,298,149
01/01/2023,GRA,ST017,QAR,PRK.1184,Watermelon,18,900,900,50
01/01/2023,GRA,ST017,QAR,PRK.1185,Pineapplemix,18,1350,1350,75
01/01/2023,GRA,ST017,QAR,PRK.1186,Mixed Berries,22,1474,1474,67
01/01/2023,GRA,ST017,QAR,PRK.1194,Lotus Cheesecake,15,405,405,27
01/01/2023,GRA,ST017,QAR,PRK.1196,Chia Blueberry Yodurt,24,960,960,40
01/01/2023,GRA,ST017,QAR,PRK.1201,Iced Flat White,18,126,126,7
01/01/2023,GRA,ST017,QAR,PRK.1203,Iced Spanish Latte,20,140,140,7
01/01/2023,GRA,ST017,QAR,PRK.1204,Iced Latte,18,108,108,6
01/01/2023,GRA,ST017,QAR,PRK.1205,Iced Americano,15,630,630,42
01/01/2023,GRA,ST017,QAR,PRK.1234,Pepperoni Pizza small,40,120,120,3
01/01/2023,GRA,ST017,QAR,PRK.1235,Margherita Pizza small,30,150,150,5
01/01/2023,GRA,ST017,QAR,PRK.1236,BBQ chicken Pizza small,35,175,175,5
01/01/2023,GRA,ST017,QAR,PRK.1262,Highland Still,5,550,550,110
01/01/2023,GRA,ST017,QAR,PRK.1265,Perrier Sparkling,9,1080,1080,120
01/01/2023,GRA,ST017,QAR,PRK.1291,Coke,5,360,360,72
01/01/2023,GRA,ST017,QAR,PRK.1292,Diet Coke,5,1650,1650,330
01/01/2023,GRA,ST017,QAR,PRK.1351,Espresso Single,12,132,132,11
01/01/2023,GRA,ST017,QAR,PRK.1353,Americano Hot,15,1500,1500,100
01/01/2023,GRA,ST017,QAR,PRK.1354,Flat White Hot,18,1260,1260,70
01/01/2023,GRA,ST017,QAR,PRK.1355,Cappucino,18,2340,2340,130
01/01/2023,GRA,ST017,QAR,PRK.1356,Cortado,18,396,396,22
01/01/2023,GRA,ST017,QAR,PRK.1358,Spanish Latte,20,660,660,33
01/01/2023,GRA,ST017,QAR,PRK.1359,Classic Mocha,25,175,175,7
01/01/2023,GRA,ST017,QAR,PRK.1360,Slated Caramel Mocha,25,25,25,1
01/01/2023,GRA,ST017,QAR,PRK.1362,Double Espresso,14,532,532,38
01/01/2023,GRA,ST017,QAR,PRK.1363,Latte Hot,18,1746,1746,97
01/01/2023,GRA,ST017,QAR,PRK.1364,English B/F,12,36,36,3
01/01/2023,GRA,ST017,QAR,PRK.1365,Green Tea,12,24,24,2
01/01/2023,GRA,ST017,QAR,PRK.1366,Earl Grey,12,72,72,6
01/01/2023,GRA,ST017,QAR,PRK.1372,Hot Cocoa,24,336,336,14
01/01/2023,GRA,ST017,QAR,PRK.1373,Hibiscus Iced tea,18,666,666,37
01/01/2023,GRA,ST017,QAR,PRK.1374,Peach Iced Tea,18,306,306,17
01/01/2023,GRA,ST017,QAR,PRK.1375,Matcha Latte,25,75,75,3
01/01/2023,GRA,ST017,QAR,PRK.1386,Orange Juice,22,3410,3410,155
01/01/2023,GRA,ST017,QAR,PRK.1387,Carrot Juice,22,880,880,40
01/01/2023,GRA,ST017,QAR,PRK.1390,Morning Boost,24,1512,1512,63
01/01/2023,GRA,ST017,QAR,PRK.1392,Immune Boost,22,1386,1386,63
01/01/2023,GRA,ST017,QAR,PRK.1396,Ginger Aid Shot,18,1656,1656,92
01/01/2023,GRA,ST017,QAR,PRK.1402,Laban Drink,18,756,756,42
01/01/2023,GRA,ST017,QAR,PRK.1404,Green Boost Juice,24,1104,1104,46
01/01/2023,GRA,ST017,QAR,PRK.1406,Beetroot & Apple Juice,20,1240,1240,62
01/01/2023,GRA,ST017,QAR,PRK.1409,Turmeric wellness shot,16,1152,1152,72
01/01/2023,GRA,ST017,QAR,PRK.1429,Mini Mango Ice Cream,14,280,280,20
01/01/2023,GRA,ST017,QAR,PRK.1430,Regular Mango Ice Cream,21,105,105,5
01/01/2023,GRA,ST017,QAR,PRK.1474,Spaghetti Bolognese,45,900,900,20
01/01/2023,GRA,ST017,QAR,PRK.1475,Salmon with Cilantro Rice,65,4550,4550,70
01/01/2023,GRA,ST017,QAR,PRK.1476,Chicken Noodle Bowl,40,1560,1560,39
01/01/2023,GRA,ST017,QAR,PRK.1477,BBQ Steak,45,3105,3105,69
01/01/2023,GRA,ST017,QAR,PRK.1478,Rib eye Steak with Vegeta,55,2475,2475,45
01/01/2023,GRA,ST017,QAR,PRK.1479,Lasagne Pasta,45,1440,1440,32
01/01/2023,GRA,ST017,QAR,PRK.1480,Steak cajun potato,50,2450,2450,49
01/01/2023,GRA,ST017,QAR,PRK.1508,Granola,3,3,3,1
01/01/2023,GRA,ST017,QAR,PRK.1527,Mango,3,3,3,1
01/01/2023,GRA,ST017,QAR,PRK.1588,Acai Small,35,1365,1365,39
01/01/2023,GRA,ST017,QAR,PRK.1589,Acai Large,40,600,600,15
01/01/2023,GRA,ST017,QAR,PRK.1621,Orange loaf,12,108,108,9
01/01/2023,GRA,ST017,QAR,PRK.1623,Brownie flavour cookies,10,1170,1170,117
01/01/2023,GRA,ST017,QAR,PRK.1628,Brownie bites,13,494,494,38
01/01/2023,GRA,ST017,QAR,PRK.1632,Turkey cheese roll,19,1083,1083,57
01/01/2023,GRA,ST017,QAR,PRK.1633,Spinach feta roll,18,954,954,53
01/01/2023,GRA,ST017,QAR,PRK.1634,Madeleine,12,936,936,78
01/01/2023,GRA,ST017,QAR,PRK.1635,Poppy Lemon seeds,12,528,528,44
01/01/2023,GRA,ST017,QAR,PRK.1651,■PB & Jam sourdough bread,18,486,486,27
01/01/2023,GRA,ST017,QAR,PRK.1655,Graze Oatmeal,30,3360,3360,112
01/01/2023,GRA,ST017,QAR,PRK.1711,Pomegranate Pot,18,486,486,27
01/01/2023,GRA,ST017,QAR,PRK.1712,Mango Peach Muesli Pot,24,816,816,34
01/01/2023,GRA,ST017,QAR,PRK.1713,Overnight oats PB&Jam,25,1675,1675,67
01/01/2023,GRA,ST017,QAR,PRK.1741,Spicy Tuna sandwich,26,1118,1118,43
01/01/2023,GRA,ST017,QAR,PRK.1742,Three cheese,22,902,902,41
01/01/2023,GRA,ST017,QAR,PRK.1743,Falafel and Labna,25,600,600,24
01/01/2023,GRA,ST017,QAR,PRK.1748,Chicken Shawarma,18,4086,4086,227
01/01/2023,GRA,ST017,QAR,PRK.1749,Tenderloin Beef Shawarma,22,2222,2222,101
01/01/2023,GRA,ST017,QAR,PRK.1750,Cream Cheese Roll,9,1008,1008,112
01/01/2023,GRA,ST017,QAR,PRK.1751,Egg Mayo Roll,9,2268,2268,252
01/01/2023,GRA,ST017,QAR,PRK.1752,Club sandwich,30,1650,1650,55
01/01/2023,GRA,ST017,QAR,PRK.1771,Pistachio Arabeshi,5,50,50,10
01/01/2023,GRA,ST017,QAR,PRK.1835,Salmon with Cilantro Rice,65,65,65,1
01/01/2023,GRA,ST017,QAR,PRK.4503,Almond Milk,2,50,50,25
01/01/2023,GRA,ST017,QAR,PRK.4504,Soya Milk,2,90,90,45
01/01/2023,GRA,ST017,QAR,PRK.4517,Vanilla Flavor,0,0,0,3
01/01/2023,GRA,ST017,QAR,PRK.4519,caramel flavor,0,0,0,4
01/01/2023,GRA,ST017,QAR,PRK.4521,Oat Milk,2,80,80,40
01/01/2023,GRA,ST017,QAR,PRK.4523,Coconut Milk,2,4,4,2
