DATE,BRANCHCODE,WAREHOUSECODE,CURRENCY,ERPCODE,ITEMNAME,RAWPRICE,GROSSAMT,NETVALUE,QTYSOLD
02/01/2023,GRA,ST017,QAR,PRK.902,Granola,55,55,55,1
02/01/2023,GRA,ST017,QAR,PRK.907,Zaatar Chips,6,84,84,14
02/01/2023,GRA,ST017,QAR,PRK.909,Spicy Pesto Chips,6,96,96,16
02/01/2023,GRA,ST017,QAR,PRK.910,Graze Spicy Mix Sml,25,450,450,18
02/01/2023,GRA,ST017,QAR,PRK.911,Graze House Mix Sml,25,525,525,21
02/01/2023,GRA,ST017,QAR,PRK.937,Baby Mozzarella Salad,45,1350,1350,30
02/01/2023,GRA,ST017,QAR,PRK.938,4 Grain Salad with Beetro,55,1815,1815,33
02/01/2023,GRA,ST017,QAR,PRK.939,Steak Salad with Green Sa,55,2035,2035,37
02/01/2023,GRA,ST017,QAR,PRK.962,Extra flavor,3,3,3,1
02/01/2023,GRA,ST017,QAR,PRK.994,Crsnt w Egg/Avaca/ SunTom,24,1032,1032,43
02/01/2023,GRA,ST017,QAR,PRK.995,Egg Burrito,20,1140,1140,57
02/01/2023,GRA,ST017,QAR,PRK.996,Blueberry Granola parfait,25,1350,1350,54
02/01/2023,GRA,ST017,QAR,PRK.997,Yog Dates Chia Pista Alm,22,1144,1144,52
02/01/2023,GRA,ST017,QAR,PRK.1003,Cheese Croissant,16,112,112,7
02/01/2023,GRA,ST017,QAR,PRK.1007,Zatar Croissant,16,320,320,20
02/01/2023,GRA,ST017,QAR,PRK.1010,Tomato Puff Pastry,16,448,448,28
02/01/2023,GRA,ST017,QAR,PRK.1012,Three Berry Yogurt & Date,25,375,375,15
02/01/2023,GRA,ST017,QAR,PRK.1015,Kiri Cheese Danish,14,532,532,38
02/01/2023,GRA,ST017,QAR,PRK.1016,Plain Croissant,10,470,470,47
02/01/2023,GRA,ST017,QAR,PRK.1021,Shirazi Salad,12,372,372,31
02/01/2023,GRA,ST017,QAR,PRK.1023,Falafel Salad,45,1800,1800,40
02/01/2023,GRA,ST017,QAR,PRK.1024,Quinoa Swt potato Salad,40,840,840,21
02/01/2023,GRA,ST017,QAR,PRK.1027,Mex Chkn Chilli Bean Sld,40,2240,2240,56
02/01/2023,GRA,ST017,QAR,PRK.1031,Teriyaki GRAZE Salmn,55,5115,5115,93
02/01/2023,GRA,ST017,QAR,PRK.1039,Keto Chicken Salad,40,2360,2360,59
02/01/2023,GRA,ST017,QAR,PRK.1046,Greek Salad,30,930,930,31
02/01/2023,GRA,ST017,QAR,PRK.1048,Mexican  Caesar Salad chk,39,3081,3081,79
02/01/2023,GRA,ST017,QAR,PRK.1049,ROCCA SALAD,22,264,264,12
02/01/2023,GRA,ST017,QAR,PRK.1052,Smoke Turkey Sandwich,34,4692,4692,138
02/01/2023,GRA,ST017,QAR,PRK.1054,lemon&Rosemary Chkn,36,6840,6840,190
02/01/2023,GRA,ST017,QAR,PRK.1057,Steak & Philly Chz SW,32,1408,1408,44
02/01/2023,GRA,ST017,QAR,PRK.1063,Egg Mayo with Rocket,20,520,520,26
02/01/2023,GRA,ST017,QAR,PRK.1068,Crispy Chicken Bun,24,1080,1080,45
02/01/2023,GRA,ST017,QAR,PRK.1075,Avocado Toast,40,360,360,9
02/01/2023,GRA,ST017,QAR,PRK.1077,Spicy Halloumi,38,1026,1026,27
02/01/2023,GRA,ST017,QAR,PRK.1078,Graze Breakfast (egg box),32,960,960,30
02/01/2023,GRA,ST017,QAR,PRK.1083,Chkn Soup,19,1520,1520,80
02/01/2023,GRA,ST017,QAR,PRK.1087,Lentil Soup,20,2420,2420,121
02/01/2023,GRA,ST017,QAR,PRK.1089,Vegetable soup,16,688,688,43
02/01/2023,GRA,ST017,QAR,PRK.1090,Tom kha soup,28,448,448,16
02/01/2023,GRA,ST017,QAR,PRK.1113,Chkn Katsu Curry,45,1800,1800,40
02/01/2023,GRA,ST017,QAR,PRK.1115,Mushroom Pasta,40,1400,1400,35
02/01/2023,GRA,ST017,QAR,PRK.1119,Chicken Biryani,45,2925,2925,65
02/01/2023,GRA,ST017,QAR,PRK.1121,Chinese Sesame Chicken,40,2720,2720,68
02/01/2023,GRA,ST017,QAR,PRK.1127,Rock Shrimp,45,1395,1395,31
02/01/2023,GRA,ST017,QAR,PRK.1133,Lamb  Kabsa,45,3465,3465,77
02/01/2023,GRA,ST017,QAR,PRK.1140,Chicken Curry & Saffron r,43,1849,1849,43
02/01/2023,GRA,ST017,QAR,PRK.1141,CRAB BOWL,28,280,280,10
02/01/2023,GRA,ST017,QAR,PRK.1145,Yoghurt & Cucumber dip,12,144,144,12
02/01/2023,GRA,ST017,QAR,PRK.1146,Spicy Guacamole Pot,13,169,169,13
02/01/2023,GRA,ST017,QAR,PRK.1149,Edamame Pot,12,156,156,13
02/01/2023,GRA,ST017,QAR,PRK.1159,Greek Tabbouleh,20,560,560,28
02/01/2023,GRA,ST017,QAR,PRK.1160,Egg pot,16,208,208,13
02/01/2023,GRA,ST017,QAR,PRK.1173,Choco Chia Energy Ball,30,990,990,33
02/01/2023,GRA,ST017,QAR,PRK.1175,Pecan Bars,14,210,210,15
02/01/2023,GRA,ST017,QAR,PRK.1177,Carrot Cake,15,165,165,11
02/01/2023,GRA,ST017,QAR,PRK.1183,Bannana,2,206,206,103
02/01/2023,GRA,ST017,QAR,PRK.1184,Watermelon,18,1044,1044,58
02/01/2023,GRA,ST017,QAR,PRK.1185,Pineapplemix,18,1476,1476,82
02/01/2023,GRA,ST017,QAR,PRK.1186,Mixed Berries,22,2002,2002,91
02/01/2023,GRA,ST017,QAR,PRK.1194,Lotus Cheesecake,15,225,225,15
02/01/2023,GRA,ST017,QAR,PRK.1196,Chia Blueberry Yodurt,24,720,720,30
02/01/2023,GRA,ST017,QAR,PRK.1201,Iced Flat White,18,72,72,4
02/01/2023,GRA,ST017,QAR,PRK.1203,Iced Spanish Latte,20,240,240,12
02/01/2023,GRA,ST017,QAR,PRK.1204,Iced Latte,18,162,162,9
02/01/2023,GRA,ST017,QAR,PRK.1205,Iced Americano,15,495,495,33
02/01/2023,GRA,ST017,QAR,PRK.1234,Pepperoni Pizza small,40,40,40,1
02/01/2023,GRA,ST017,QAR,PRK.1235,Margherita Pizza small,30,60,60,2
02/01/2023,GRA,ST017,QAR,PRK.1236,BBQ chicken Pizza small,35,35,35,1
02/01/2023,GRA,ST017,QAR,PRK.1262,Highland Still,5,400,400,80
02/01/2023,GRA,ST017,QAR,PRK.1265,Perrier Sparkling,9,1143,1143,127
02/01/2023,GRA,ST017,QAR,PRK.1291,Coke,5,410,410,82
02/01/2023,GRA,ST017,QAR,PRK.1292,Diet Coke,5,1505,1505,301
02/01/2023,GRA,ST017,QAR,PRK.1351,Espresso Single,12,108,108,9
02/01/2023,GRA,ST017,QAR,PRK.1353,Americano Hot,15,1425,1425,95
02/01/2023,GRA,ST017,QAR,PRK.1354,Flat White Hot,18,630,630,35
02/01/2023,GRA,ST017,QAR,PRK.1355,Cappucino,18,2268,2268,126
02/01/2023,GRA,ST017,QAR,PRK.1356,Cortado,18,342,342,19
02/01/2023,GRA,ST017,QAR,PRK.1358,Spanish Latte,20,420,420,21
02/01/2023,GRA,ST017,QAR,PRK.1359,Classic Mocha,25,25,25,1
02/01/2023,GRA,ST017,QAR,PRK.1362,Double Espresso,14,560,560,40
02/01/2023,GRA,ST017,QAR,PRK.1363,Latte Hot,18,1170,1170,65
02/01/2023,GRA,ST017,QAR,PRK.1364,English B/F,12,60,60,5
02/01/2023,GRA,ST017,QAR,PRK.1365,Green Tea,12,48,48,4
02/01/2023,GRA,ST017,QAR,PRK.1366,Earl Grey,12,12,12,1
02/01/2023,GRA,ST017,QAR,PRK.1372,Hot Cocoa,24,264,264,11
02/01/2023,GRA,ST017,QAR,PRK.1373,Hibiscus Iced tea,18,576,576,32
02/01/2023,GRA,ST017,QAR,PRK.1374,Peach Iced Tea,18,216,216,12
02/01/2023,GRA,ST017,QAR,PRK.1375,Matcha Latte,25,350,350,14
02/01/2023,GRA,ST017,QAR,PRK.1386,Orange Juice,22,3124,3124,142
02/01/2023,GRA,ST017,QAR,PRK.1387,Carrot Juice,22,660,660,30
02/01/2023,GRA,ST017,QAR,PRK.1390,Morning Boost,24,1416,1416,59
02/01/2023,GRA,ST017,QAR,PRK.1392,Immune Boost,22,1144,1144,52
02/01/2023,GRA,ST017,QAR,PRK.1396,Ginger Aid Shot,18,2016,2016,112
02/01/2023,GRA,ST017,QAR,PRK.1402,Laban Drink,18,540,540,30
02/01/2023,GRA,ST017,QAR,PRK.1404,Green Boost Juice,24,1152,1152,48
02/01/2023,GRA,ST017,QAR,PRK.1406,Beetroot & Apple Juice,20,1000,1000,50
02/01/2023,GRA,ST017,QAR,PRK.1409,Turmeric wellness shot,16,816,816,51
02/01/2023,GRA,ST017,QAR,PRK.1429,Mini Mango Ice Cream,14,252,252,18
02/01/2023,GRA,ST017,QAR,PRK.1430,Regular Mango Ice Cream,21,315,315,15
02/01/2023,GRA,ST017,QAR,PRK.1431,Large Mango Ice Cream,23,230,230,10
02/01/2023,GRA,ST017,QAR,PRK.1474,Spaghetti Bolognese,45,675,675,15
02/01/2023,GRA,ST017,QAR,PRK.1475,Salmon with Cilantro Rice,65,4615,4615,71
02/01/2023,GRA,ST017,QAR,PRK.1476,Chicken Noodle Bowl,40,1080,1080,27
02/01/2023,GRA,ST017,QAR,PRK.1477,BBQ Steak,45,2385,2385,53
02/01/2023,GRA,ST017,QAR,PRK.1478,Rib eye Steak with Vegeta,55,2255,2255,41
02/01/2023,GRA,ST017,QAR,PRK.1479,Lasagne Pasta,45,900,900,20
02/01/2023,GRA,ST017,QAR,PRK.1480,Steak cajun potato,50,2100,2100,42
02/01/2023,GRA,ST017,QAR,PRK.1508,Granola,3,48,48,16
02/01/2023,GRA,ST017,QAR,PRK.1588,Acai Small,35,2135,2135,61
02/01/2023,GRA,ST017,QAR,PRK.1589,Acai Large,40,880,880,22
02/01/2023,GRA,ST017,QAR,PRK.1592,Watermelon Coolex,24,96,96,4
02/01/2023,GRA,ST017,QAR,PRK.1593,Tropicana,24,312,312,13
02/01/2023,GRA,ST017,QAR,PRK.1621,Orange loaf,12,336,336,28
02/01/2023,GRA,ST017,QAR,PRK.1623,Brownie flavour cookies,10,700,700,70
02/01/2023,GRA,ST017,QAR,PRK.1628,Brownie bites,13,312,312,24
02/01/2023,GRA,ST017,QAR,PRK.1632,Turkey cheese roll,19,589,589,31
02/01/2023,GRA,ST017,QAR,PRK.1633,Spinach feta roll,18,378,378,21
02/01/2023,GRA,ST017,QAR,PRK.1634,Madeleine,12,432,432,36
02/01/2023,GRA,ST017,QAR,PRK.1635,Poppy Lemon seeds,12,456,456,38
02/01/2023,GRA,ST017,QAR,PRK.1651,■PB & Jam sourdough bread,18,720,720,40
02/01/2023,GRA,ST017,QAR,PRK.1655,Graze Oatmeal,30,2580,2580,86
02/01/2023,GRA,ST017,QAR,PRK.1711,Pomegranate Pot,18,198,198,11
02/01/2023,GRA,ST017,QAR,PRK.1712,Mango Peach Muesli Pot,24,720,720,30
02/01/2023,GRA,ST017,QAR,PRK.1713,Overnight oats PB&Jam,25,1650,1650,66
02/01/2023,GRA,ST017,QAR,PRK.1741,Spicy Tuna sandwich,26,780,780,30
02/01/2023,GRA,ST017,QAR,PRK.1742,Three cheese,22,1298,1298,59
02/01/2023,GRA,ST017,QAR,PRK.1743,Falafel and Labna,25,550,550,22
02/01/2023,GRA,ST017,QAR,PRK.1748,Chicken Shawarma,18,3438,3438,191
02/01/2023,GRA,ST017,QAR,PRK.1749,Tenderloin Beef Shawarma,22,1584,1584,72
02/01/2023,GRA,ST017,QAR,PRK.1750,Cream Cheese Roll,9,1026,1026,114
02/01/2023,GRA,ST017,QAR,PRK.1751,Egg Mayo Roll,9,1881,1881,209
02/01/2023,GRA,ST017,QAR,PRK.1752,Club sandwich,30,3240,3240,108
02/01/2023,GRA,ST017,QAR,PRK.1771,Pistachio Arabeshi,5,30,30,6
02/01/2023,GRA,ST017,QAR,PRK.4503,Almond Milk,2,60,60,30
02/01/2023,GRA,ST017,QAR,PRK.4504,Soya Milk,2,48,48,24
02/01/2023,GRA,ST017,QAR,PRK.4517,Vanilla Flavor,0,0,0,1
02/01/2023,GRA,ST017,QAR,PRK.4521,Oat Milk,2,58,58,29
02/01/2023,GRA,ST017,QAR,PRK.4523,Coconut Milk,2,12,12,6
