DATE,BRANCHCODE,WAREHOUSECODE,CURRENCY,ERPCODE,ITEMNAME,RAWPRICE,GROSSAMT,NETVALUE,QTYSOLD
08/04/2022,GRA,ST017,QAR,PRK.907,Zaatar Chips,6,60,60,10
08/04/2022,GRA,ST017,QAR,PRK.909,Spicy Pesto Chips,6,66,66,11
08/04/2022,GRA,ST017,QAR,PRK.910,Graze Spicy Mix Sml,25,525,525,21
08/04/2022,GRA,ST017,QAR,PRK.962,Extra flavor,3,18,18,6
08/04/2022,GRA,ST017,QAR,PRK.994,Crsnt w Egg/Avaca/ SunTom,24,888,888,37
08/04/2022,GRA,ST017,QAR,PRK.995,Egg Burrito,20,760,760,38
08/04/2022,GRA,ST017,QAR,PRK.996,Blueberry Granola parfait,25,1650,1650,66
08/04/2022,GRA,ST017,QAR,PRK.997,Yog Dates Chia Pista Alm,22,1474,1474,67
08/04/2022,GRA,ST017,QAR,PRK.1007,Zatar Croissant,16,48,48,3
08/04/2022,GRA,ST017,QAR,PRK.1008,Chocolate Croissant,16,16,16,1
08/04/2022,GRA,ST017,QAR,PRK.1010,Tomato Puff Pastry,16,496,496,31
08/04/2022,GRA,ST017,QAR,PRK.1015,Kiri Cheese Danish,14,350,350,25
08/04/2022,GRA,ST017,QAR,PRK.1016,Plain Croissant,10,30,30,3
08/04/2022,GRA,ST017,QAR,PRK.1020,Almond Croissant,16,80,80,5
08/04/2022,GRA,ST017,QAR,PRK.1021,Shirazi Salad,12,252,252,21
08/04/2022,GRA,ST017,QAR,PRK.1023,Falafel Salad,45,1680,1680,44
08/04/2022,GRA,ST017,QAR,PRK.1024,Quinoa Swt potato Salad,40,1200,1200,30
08/04/2022,GRA,ST017,QAR,PRK.1027,Mex Chkn Chilli Bean Sld,40,1960,1960,49
08/04/2022,GRA,ST017,QAR,PRK.1029,Burrata Salad,50,400,400,8
08/04/2022,GRA,ST017,QAR,PRK.1031,Teriyaki GRAZE Salmn,55,5500,5500,100
08/04/2022,GRA,ST017,QAR,PRK.1034,BBQ Chick Peas,38,1254,1254,33
08/04/2022,GRA,ST017,QAR,PRK.1039,Keto Chicken Salad,40,1920,1920,48
08/04/2022,GRA,ST017,QAR,PRK.1044,Southern Chicken Salad,45,2655,2655,59
08/04/2022,GRA,ST017,QAR,PRK.1046,Greek Salad,30,210,210,7
08/04/2022,GRA,ST017,QAR,PRK.1048,Mexican  Caesar Salad chk,39,2691,2691,69
08/04/2022,GRA,ST017,QAR,PRK.1049,ROCCA SALAD,22,330,330,15
08/04/2022,GRA,ST017,QAR,PRK.1052,Smoke Turkey Sandwich,34,3502,3502,103
08/04/2022,GRA,ST017,QAR,PRK.1054,lemon&Rosemary Chkn,36,4500,4500,125
08/04/2022,GRA,ST017,QAR,PRK.1057,Steak & Philly Chz SW,32,1984,1984,62
08/04/2022,GRA,ST017,QAR,PRK.1063,Egg Mayo with Rocket,20,620,620,31
08/04/2022,GRA,ST017,QAR,PRK.1068,Crispy Chicken Bun,24,1104,1104,46
08/04/2022,GRA,ST017,QAR,PRK.1070,Chicken Pesto & Mozzarell,32,2528,2528,79
08/04/2022,GRA,ST017,QAR,PRK.1075,Avocado Toast,40,600,600,15
08/04/2022,GRA,ST017,QAR,PRK.1077,Spicy Halloumi,38,1254,1254,33
08/04/2022,GRA,ST017,QAR,PRK.1078,Graze Breakfast (egg box),32,864,864,27
08/04/2022,GRA,ST017,QAR,PRK.1083,Chkn Soup,19,1159,1159,61
08/04/2022,GRA,ST017,QAR,PRK.1087,Lentil Soup,20,1740,1740,87
08/04/2022,GRA,ST017,QAR,PRK.1089,Vegetable soup,16,176,176,11
08/04/2022,GRA,ST017,QAR,PRK.1111,Penne Bolognese,50,1300,1300,26
08/04/2022,GRA,ST017,QAR,PRK.1113,Chkn Katsu Curry,45,2385,2385,53
08/04/2022,GRA,ST017,QAR,PRK.1115,Mushroom Pasta,40,1680,1680,42
08/04/2022,GRA,ST017,QAR,PRK.1118,Steak With Mushroom Sauce,45,2520,2520,56
08/04/2022,GRA,ST017,QAR,PRK.1119,Chicken Biryani,45,3870,3870,86
08/04/2022,GRA,ST017,QAR,PRK.1121,Chinese Sesame Chicken,40,2840,2840,71
08/04/2022,GRA,ST017,QAR,PRK.1127,Rock Shrimp,45,1935,1935,43
08/04/2022,GRA,ST017,QAR,PRK.1133,Lamb  Kabsa,45,3240,3240,72
08/04/2022,GRA,ST017,QAR,PRK.1140,Chicken Curry & Saffron r,43,2279,2279,53
08/04/2022,GRA,ST017,QAR,PRK.1145,Yoghurt & Cucumber dip,12,120,120,10
08/04/2022,GRA,ST017,QAR,PRK.1146,Spicy Guacamole Pot,13,143,143,11
08/04/2022,GRA,ST017,QAR,PRK.1149,Edamame Pot,12,60,60,5
08/04/2022,GRA,ST017,QAR,PRK.1159,Greek Tabbouleh,20,260,260,13
08/04/2022,GRA,ST017,QAR,PRK.1161,Labneh Beetroot,12,92,92,5
08/04/2022,GRA,ST017,QAR,PRK.1173,Choco Chia Energy Ball,30,960,960,32
08/04/2022,GRA,ST017,QAR,PRK.1175,Pecan Bars,14,154,154,11
08/04/2022,GRA,ST017,QAR,PRK.1177,Carrot Cake,15,420,420,28
08/04/2022,GRA,ST017,QAR,PRK.1178,Sweet Potatoe Choco Cake,15,135,135,9
08/04/2022,GRA,ST017,QAR,PRK.1180,Tropical Fruits,18,414,414,23
08/04/2022,GRA,ST017,QAR,PRK.1183,Bannana,2,58,58,29
08/04/2022,GRA,ST017,QAR,PRK.1184,Watermelon,18,1062,1062,59
08/04/2022,GRA,ST017,QAR,PRK.1185,Pineapplemix,18,1260,1260,70
08/04/2022,GRA,ST017,QAR,PRK.1186,Mixed Berries,22,1034,1034,47
08/04/2022,GRA,ST017,QAR,PRK.1194,Lotus Cheesecake,15,15,15,1
08/04/2022,GRA,ST017,QAR,PRK.1196,Chia Blueberry Yodurt,24,24,24,1
08/04/2022,GRA,ST017,QAR,PRK.1201,Iced Flat White,18,108,108,6
08/04/2022,GRA,ST017,QAR,PRK.1203,Iced Spanish Latte,20,40,40,2
08/04/2022,GRA,ST017,QAR,PRK.1204,Iced Latte,18,288,288,16
08/04/2022,GRA,ST017,QAR,PRK.1205,Iced Americano,15,285,285,19
08/04/2022,GRA,ST017,QAR,PRK.1262,Highland Still,5,360,360,72
08/04/2022,GRA,ST017,QAR,PRK.1265,Perrier Sparkling,9,450,450,50
08/04/2022,GRA,ST017,QAR,PRK.1291,Coke,5,350,350,70
08/04/2022,GRA,ST017,QAR,PRK.1292,Diet Coke,5,1175,1175,235
08/04/2022,GRA,ST017,QAR,PRK.1351,Espresso Single,12,144,144,12
08/04/2022,GRA,ST017,QAR,PRK.1353,Americano Hot,15,525,525,35
08/04/2022,GRA,ST017,QAR,PRK.1354,Flat White Hot,18,306,306,17
08/04/2022,GRA,ST017,QAR,PRK.1355,Cappucino,18,666,666,37
08/04/2022,GRA,ST017,QAR,PRK.1356,Cortado,18,324,324,18
08/04/2022,GRA,ST017,QAR,PRK.1358,Spanish Latte,20,260,260,13
08/04/2022,GRA,ST017,QAR,PRK.1359,Classic Mocha,25,25,25,1
08/04/2022,GRA,ST017,QAR,PRK.1362,Double Espresso,14,546,546,39
08/04/2022,GRA,ST017,QAR,PRK.1363,Latte Hot,18,1062,1062,59
08/04/2022,GRA,ST017,QAR,PRK.1364,English B/F,12,24,24,2
08/04/2022,GRA,ST017,QAR,PRK.1365,Green Tea,12,12,12,1
08/04/2022,GRA,ST017,QAR,PRK.1372,Hot Cocoa,24,264,264,11
08/04/2022,GRA,ST017,QAR,PRK.1373,Hibiscus Iced tea,18,774,774,43
08/04/2022,GRA,ST017,QAR,PRK.1374,Peach Iced Tea,18,252,252,14
08/04/2022,GRA,ST017,QAR,PRK.1375,Matcha Latte,25,25,25,1
08/04/2022,GRA,ST017,QAR,PRK.1376,Cinnamon Latte,25,225,225,9
08/04/2022,GRA,ST017,QAR,PRK.1386,Orange Juice,22,3102,3102,141
08/04/2022,GRA,ST017,QAR,PRK.1387,Carrot Juice,22,506,506,23
08/04/2022,GRA,ST017,QAR,PRK.1390,Morning Boost,24,1128,1128,47
08/04/2022,GRA,ST017,QAR,PRK.1392,Immune Boost,22,946,946,43
08/04/2022,GRA,ST017,QAR,PRK.1396,Ginger Aid Shot,18,1260,1260,70
08/04/2022,GRA,ST017,QAR,PRK.1402,Laban Drink,18,306,306,17
08/04/2022,GRA,ST017,QAR,PRK.1404,Green Boost Juice,24,1176,1176,49
08/04/2022,GRA,ST017,QAR,PRK.1405,Watermelon & Coconut cool,20,360,360,18
08/04/2022,GRA,ST017,QAR,PRK.1406,Beetroot & Apple Juice,20,1320,1320,66
08/04/2022,GRA,ST017,QAR,PRK.1407,Coconut & Pineapple Juice,24,288,288,12
08/04/2022,GRA,ST017,QAR,PRK.1409,Turmeric wellness shot,16,496,496,31
08/04/2022,GRA,ST017,QAR,PRK.1412, Mini Cup Yogurt,14,70,70,5
08/04/2022,GRA,ST017,QAR,PRK.1418, Mini Cup Yogurt/Topping,18,54,54,3
08/04/2022,GRA,ST017,QAR,PRK.1429,Mini Mango Ice Cream,14,140,140,10
08/04/2022,GRA,ST017,QAR,PRK.1430,Regular Mango Ice Cream,21,231,231,11
08/04/2022,GRA,ST017,QAR,PRK.1432,Mini Mango Ice Cream/Topp,18,162,162,9
08/04/2022,GRA,ST017,QAR,PRK.1433,Reg Mango Ice cream/Topp,26,26,26,1
08/04/2022,GRA,ST017,QAR,PRK.1435,Mini Cup Milky Ice Cream,14,28,28,2
08/04/2022,GRA,ST017,QAR,PRK.1527,Mango,3,3,3,1
08/04/2022,GRA,ST017,QAR,PRK.1581,Mini coconut frz yog I/C,14,14,14,1
08/04/2022,GRA,ST017,QAR,PRK.1621,Orange loaf,12,108,108,9
08/04/2022,GRA,ST017,QAR,PRK.1623,Brownie flavour cookies,10,810,810,81
08/04/2022,GRA,ST017,QAR,PRK.1628,Brownie bites,13,221,221,17
08/04/2022,GRA,ST017,QAR,PRK.1632,Turkey cheese roll,19,342,342,18
08/04/2022,GRA,ST017,QAR,PRK.1633,Spinach feta roll,18,324,324,18
08/04/2022,GRA,ST017,QAR,PRK.1651,■PB & Jam sourdough bread,18,18,18,1
08/04/2022,GRA,ST017,QAR,PRK.1655,Graze Oatmeal,30,3330,3330,111
08/04/2022,GRA,ST017,QAR,PRK.1711,Pomegranate Pot,18,486,486,27
08/04/2022,GRA,ST017,QAR,PRK.1713,Overnight oats PB&Jam,25,425,425,17
08/04/2022,GRA,ST017,QAR,PRK.1741,Spicy Tuna sandwich,26,390,390,15
08/04/2022,GRA,ST017,QAR,PRK.1742,Three cheese,22,1100,1100,50
08/04/2022,GRA,ST017,QAR,PRK.1743,Falafel and Labna,25,800,800,32
08/04/2022,GRA,ST017,QAR,PRK.1748,Chicken Shawarma,18,324,324,18
08/04/2022,GRA,ST017,QAR,PRK.1749,Tenderloin Beef Shawarma,22,286,286,13
08/04/2022,GRA,ST017,QAR,PRK.1771,Pistachio Arabeshi,5,80,80,16
08/04/2022,GRA,ST017,QAR,PRK.1801,GRAZE CLUB SANDWICH,42,42,42,1
08/04/2022,GRA,ST017,QAR,PRK.1834,Spaghetti Bolognese,45,135,135,3
08/04/2022,GRA,ST017,QAR,PRK.1835,Salmon with Cilantro Rice,65,650,650,10
08/04/2022,GRA,ST017,QAR,PRK.1836,Chicken Noodle Bowl,40,280,280,7
08/04/2022,GRA,ST017,QAR,PRK.4502,Low Fat Milk,0,0,0,2
08/04/2022,GRA,ST017,QAR,PRK.4503,Almond Milk,2,42,42,21
08/04/2022,GRA,ST017,QAR,PRK.4504,Soya Milk,2,6,6,3
08/04/2022,GRA,ST017,QAR,PRK.4509,Double Shot,0,0,0,1
08/04/2022,GRA,ST017,QAR,PRK.4531,w/ Granola,0,0,0,2
08/04/2022,GRA,ST017,QAR,PRK.4534,w/ Coconut Flakes,0,0,0,4
08/04/2022,GRA,ST017,QAR,PRK.4535,w/ Crispy Crepe,0,0,0,3
08/04/2022,GRA,ST017,QAR,PRK.4541,w/ Strawberry,0,0,0,4
08/04/2022,GRA,ST017,QAR,PRK.4550,w/ Mango,0,0,0,4
08/04/2022,GRA,ST017,QAR,PRK.4554,w/ Arabeschi White Choco,0,0,0,2
08/04/2022,GRA,ST017,QAR,PRK.4561,MIXED FROZEN YOGURT,0,0,0,6
08/04/2022,GRA,ST017,QAR,PRK.4562,MIXED MANGO YOGURT,0,0,0,1
