DATE,BRANCHCODE,WAREHOUSECODE,CURRENCY,ERPCODE,ITEMNAME,RAWPRICE,GROSSAMT,NETVALUE,QTYSOLD
09/04/2022,GRA,ST017,QAR,PRK.907,Zaatar Chips,6,66,66,11
09/04/2022,GRA,ST017,QAR,PRK.909,Spicy Pesto Chips,6,78,78,13
09/04/2022,GRA,ST017,QAR,PRK.910,Graze Spicy Mix Sml,25,725,725,29
09/04/2022,GRA,ST017,QAR,PRK.962,Extra flavor,3,9,9,3
09/04/2022,GRA,ST017,QAR,PRK.994,Crsnt w Egg/Avaca/ SunTom,24,816,816,34
09/04/2022,GRA,ST017,QAR,PRK.995,Egg Burrito,20,1260,1260,63
09/04/2022,GRA,ST017,QAR,PRK.996,Blueberry Granola parfait,25,1600,1600,64
09/04/2022,GRA,ST017,QAR,PRK.997,Yog Dates Chia Pista Alm,22,1474,1474,67
09/04/2022,GRA,ST017,QAR,PRK.1010,Tomato Puff Pastry,16,256,256,16
09/04/2022,GRA,ST017,QAR,PRK.1012,Three Berry Yogurt & Date,25,50,50,2
09/04/2022,GRA,ST017,QAR,PRK.1015,Kiri Cheese Danish,14,420,420,30
09/04/2022,GRA,ST017,QAR,PRK.1021,Shirazi Salad,12,180,180,15
09/04/2022,GRA,ST017,QAR,PRK.1023,Falafel Salad,45,2520,2520,56
09/04/2022,GRA,ST017,QAR,PRK.1024,Quinoa Swt potato Salad,40,760,760,19
09/04/2022,GRA,ST017,QAR,PRK.1027,Mex Chkn Chilli Bean Sld,40,1800,1800,45
09/04/2022,GRA,ST017,QAR,PRK.1029,Burrata Salad,50,200,200,4
09/04/2022,GRA,ST017,QAR,PRK.1031,Teriyaki GRAZE Salmn,55,4565,4565,83
09/04/2022,GRA,ST017,QAR,PRK.1034,BBQ Chick Peas,38,1026,1026,27
09/04/2022,GRA,ST017,QAR,PRK.1039,Keto Chicken Salad,40,1800,1800,45
09/04/2022,GRA,ST017,QAR,PRK.1044,Southern Chicken Salad,45,1980,1980,44
09/04/2022,GRA,ST017,QAR,PRK.1046,Greek Salad,30,1440,1440,48
09/04/2022,GRA,ST017,QAR,PRK.1048,Mexican  Caesar Salad chk,39,3315,3315,85
09/04/2022,GRA,ST017,QAR,PRK.1049,ROCCA SALAD,22,176,176,8
09/04/2022,GRA,ST017,QAR,PRK.1052,Smoke Turkey Sandwich,34,3740,3740,110
09/04/2022,GRA,ST017,QAR,PRK.1054,lemon&Rosemary Chkn,36,4824,4824,134
09/04/2022,GRA,ST017,QAR,PRK.1057,Steak & Philly Chz SW,32,1472,1472,46
09/04/2022,GRA,ST017,QAR,PRK.1063,Egg Mayo with Rocket,20,300,300,15
09/04/2022,GRA,ST017,QAR,PRK.1068,Crispy Chicken Bun,24,1368,1368,57
09/04/2022,GRA,ST017,QAR,PRK.1070,Chicken Pesto & Mozzarell,32,1856,1856,58
09/04/2022,GRA,ST017,QAR,PRK.1075,Avocado Toast,40,240,240,6
09/04/2022,GRA,ST017,QAR,PRK.1077,Spicy Halloumi,38,1178,1178,31
09/04/2022,GRA,ST017,QAR,PRK.1078,Graze Breakfast (egg box),32,864,864,27
09/04/2022,GRA,ST017,QAR,PRK.1083,Chkn Soup,19,988,988,52
09/04/2022,GRA,ST017,QAR,PRK.1087,Lentil Soup,20,2040,2040,102
09/04/2022,GRA,ST017,QAR,PRK.1089,Vegetable soup,16,960,960,60
09/04/2022,GRA,ST017,QAR,PRK.1111,Penne Bolognese,50,50,50,1
09/04/2022,GRA,ST017,QAR,PRK.1113,Chkn Katsu Curry,45,2745,2745,61
09/04/2022,GRA,ST017,QAR,PRK.1115,Mushroom Pasta,40,1640,1640,41
09/04/2022,GRA,ST017,QAR,PRK.1118,Steak With Mushroom Sauce,45,1935,1935,43
09/04/2022,GRA,ST017,QAR,PRK.1119,Chicken Biryani,45,4590,4590,102
09/04/2022,GRA,ST017,QAR,PRK.1121,Chinese Sesame Chicken,40,1480,1480,37
09/04/2022,GRA,ST017,QAR,PRK.1127,Rock Shrimp,45,1305,1305,29
09/04/2022,GRA,ST017,QAR,PRK.1133,Lamb  Kabsa,45,2790,2790,62
09/04/2022,GRA,ST017,QAR,PRK.1140,Chicken Curry & Saffron r,43,1935,1935,45
09/04/2022,GRA,ST017,QAR,PRK.1141,CRAB BOWL,28,28,28,1
09/04/2022,GRA,ST017,QAR,PRK.1145,Yoghurt & Cucumber dip,12,84,84,7
09/04/2022,GRA,ST017,QAR,PRK.1146,Spicy Guacamole Pot,13,143,143,11
09/04/2022,GRA,ST017,QAR,PRK.1149,Edamame Pot,12,72,72,6
09/04/2022,GRA,ST017,QAR,PRK.1159,Greek Tabbouleh,20,200,200,10
09/04/2022,GRA,ST017,QAR,PRK.1161,Labneh Beetroot,12,60,60,5
09/04/2022,GRA,ST017,QAR,PRK.1173,Choco Chia Energy Ball,30,660,660,22
09/04/2022,GRA,ST017,QAR,PRK.1175,Pecan Bars,14,182,182,13
09/04/2022,GRA,ST017,QAR,PRK.1177,Carrot Cake,15,495,495,33
09/04/2022,GRA,ST017,QAR,PRK.1178,Sweet Potatoe Choco Cake,15,180,180,12
09/04/2022,GRA,ST017,QAR,PRK.1180,Tropical Fruits,18,630,630,35
09/04/2022,GRA,ST017,QAR,PRK.1183,Bannana,2,56,56,28
09/04/2022,GRA,ST017,QAR,PRK.1184,Watermelon,18,1044,1044,58
09/04/2022,GRA,ST017,QAR,PRK.1185,Pineapplemix,18,1350,1350,75
09/04/2022,GRA,ST017,QAR,PRK.1186,Mixed Berries,22,990,990,45
09/04/2022,GRA,ST017,QAR,PRK.1194,Lotus Cheesecake,15,30,30,2
09/04/2022,GRA,ST017,QAR,PRK.1196,Chia Blueberry Yodurt,24,24,24,1
09/04/2022,GRA,ST017,QAR,PRK.1201,Iced Flat White,18,36,36,2
09/04/2022,GRA,ST017,QAR,PRK.1203,Iced Spanish Latte,20,80,80,4
09/04/2022,GRA,ST017,QAR,PRK.1204,Iced Latte,18,216,216,12
09/04/2022,GRA,ST017,QAR,PRK.1205,Iced Americano,15,135,135,9
09/04/2022,GRA,ST017,QAR,PRK.1262,Highland Still,5,310,310,62
09/04/2022,GRA,ST017,QAR,PRK.1265,Perrier Sparkling,9,963,963,107
09/04/2022,GRA,ST017,QAR,PRK.1291,Coke,5,430,430,86
09/04/2022,GRA,ST017,QAR,PRK.1292,Diet Coke,5,1135,1135,227
09/04/2022,GRA,ST017,QAR,PRK.1351,Espresso Single,12,84,84,7
09/04/2022,GRA,ST017,QAR,PRK.1353,Americano Hot,15,825,825,55
09/04/2022,GRA,ST017,QAR,PRK.1354,Flat White Hot,18,162,162,9
09/04/2022,GRA,ST017,QAR,PRK.1355,Cappucino,18,882,882,49
09/04/2022,GRA,ST017,QAR,PRK.1356,Cortado,18,252,252,14
09/04/2022,GRA,ST017,QAR,PRK.1358,Spanish Latte,20,240,240,12
09/04/2022,GRA,ST017,QAR,PRK.1359,Classic Mocha,25,25,25,1
09/04/2022,GRA,ST017,QAR,PRK.1362,Double Espresso,14,392,392,28
09/04/2022,GRA,ST017,QAR,PRK.1363,Latte Hot,18,630,630,35
09/04/2022,GRA,ST017,QAR,PRK.1364,English B/F,12,48,48,4
09/04/2022,GRA,ST017,QAR,PRK.1365,Green Tea,12,12,12,1
09/04/2022,GRA,ST017,QAR,PRK.1372,Hot Cocoa,24,96,96,4
09/04/2022,GRA,ST017,QAR,PRK.1373,Hibiscus Iced tea,18,828,828,46
09/04/2022,GRA,ST017,QAR,PRK.1374,Peach Iced Tea,18,342,342,19
09/04/2022,GRA,ST017,QAR,PRK.1375,Matcha Latte,25,375,375,15
09/04/2022,GRA,ST017,QAR,PRK.1376,Cinnamon Latte,25,250,250,10
09/04/2022,GRA,ST017,QAR,PRK.1386,Orange Juice,22,3278,3278,149
09/04/2022,GRA,ST017,QAR,PRK.1387,Carrot Juice,22,660,660,30
09/04/2022,GRA,ST017,QAR,PRK.1390,Morning Boost,24,1176,1176,49
09/04/2022,GRA,ST017,QAR,PRK.1392,Immune Boost,22,968,968,44
09/04/2022,GRA,ST017,QAR,PRK.1396,Ginger Aid Shot,18,954,954,53
09/04/2022,GRA,ST017,QAR,PRK.1402,Laban Drink,18,486,486,27
09/04/2022,GRA,ST017,QAR,PRK.1404,Green Boost Juice,24,1344,1344,56
09/04/2022,GRA,ST017,QAR,PRK.1406,Beetroot & Apple Juice,20,1500,1500,75
09/04/2022,GRA,ST017,QAR,PRK.1409,Turmeric wellness shot,16,496,496,31
09/04/2022,GRA,ST017,QAR,PRK.1412, Mini Cup Yogurt,14,56,56,4
09/04/2022,GRA,ST017,QAR,PRK.1413,Regular Cup Yogurt,21,42,42,2
09/04/2022,GRA,ST017,QAR,PRK.1418, Mini Cup Yogurt/Topping,18,18,18,1
09/04/2022,GRA,ST017,QAR,PRK.1429,Mini Mango Ice Cream,14,308,308,22
09/04/2022,GRA,ST017,QAR,PRK.1430,Regular Mango Ice Cream,21,315,315,15
09/04/2022,GRA,ST017,QAR,PRK.1431,Large Mango Ice Cream,23,46,46,2
09/04/2022,GRA,ST017,QAR,PRK.1432,Mini Mango Ice Cream/Topp,18,126,126,7
09/04/2022,GRA,ST017,QAR,PRK.1433,Reg Mango Ice cream/Topp,26,26,26,1
09/04/2022,GRA,ST017,QAR,PRK.1581,Mini coconut frz yog I/C,14,98,98,7
09/04/2022,GRA,ST017,QAR,PRK.1584,Mini coconut frz yog top,18,18,18,1
09/04/2022,GRA,ST017,QAR,PRK.1621,Orange loaf,12,840,840,70
09/04/2022,GRA,ST017,QAR,PRK.1623,Brownie flavour cookies,10,940,940,94
09/04/2022,GRA,ST017,QAR,PRK.1632,Turkey cheese roll,19,532,532,28
09/04/2022,GRA,ST017,QAR,PRK.1633,Spinach feta roll,18,432,432,24
09/04/2022,GRA,ST017,QAR,PRK.1655,Graze Oatmeal,30,3360,3360,112
09/04/2022,GRA,ST017,QAR,PRK.1711,Pomegranate Pot,18,216,216,12
09/04/2022,GRA,ST017,QAR,PRK.1713,Overnight oats PB&Jam,25,225,225,9
09/04/2022,GRA,ST017,QAR,PRK.1741,Spicy Tuna sandwich,26,364,364,14
09/04/2022,GRA,ST017,QAR,PRK.1742,Three cheese,22,1298,1298,59
09/04/2022,GRA,ST017,QAR,PRK.1743,Falafel and Labna,25,650,650,26
09/04/2022,GRA,ST017,QAR,PRK.1748,Chicken Shawarma,18,3762,3762,209
09/04/2022,GRA,ST017,QAR,PRK.1749,Tenderloin Beef Shawarma,22,1254,1254,57
09/04/2022,GRA,ST017,QAR,PRK.1771,Pistachio Arabeshi,5,125,125,25
09/04/2022,GRA,ST017,QAR,PRK.1834,Spaghetti Bolognese,45,450,450,10
09/04/2022,GRA,ST017,QAR,PRK.1835,Salmon with Cilantro Rice,65,3575,3575,55
09/04/2022,GRA,ST017,QAR,PRK.1836,Chicken Noodle Bowl,40,760,760,19
09/04/2022,GRA,ST017,QAR,PRK.4501,Full Fat Milk,0,0,0,1
09/04/2022,GRA,ST017,QAR,PRK.4502,Low Fat Milk,0,0,0,1
09/04/2022,GRA,ST017,QAR,PRK.4503,Almond Milk,2,56,56,28
09/04/2022,GRA,ST017,QAR,PRK.4504,Soya Milk,2,10,10,5
09/04/2022,GRA,ST017,QAR,PRK.4505,Less Sweet,0,0,0,1
09/04/2022,GRA,ST017,QAR,PRK.4509,Double Shot,0,0,0,2
09/04/2022,GRA,ST017,QAR,PRK.4531,w/ Granola,0,0,0,1
09/04/2022,GRA,ST017,QAR,PRK.4534,w/ Coconut Flakes,0,0,0,1
09/04/2022,GRA,ST017,QAR,PRK.4535,w/ Crispy Crepe,0,0,0,2
09/04/2022,GRA,ST017,QAR,PRK.4541,w/ Strawberry,0,0,0,2
09/04/2022,GRA,ST017,QAR,PRK.4550,w/ Mango,0,0,0,6
09/04/2022,GRA,ST017,QAR,PRK.4561,MIXED FROZEN YOGURT,0,0,0,8
09/04/2022,GRA,ST017,QAR,PRK.4562,MIXED MANGO YOGURT,0,0,0,5
