DATE,BRANCHCODE,WAREHOUSECODE,CURRENCY,ERPCODE,ITEMNAME,RAWPRICE,GROSSAMT,NETVALUE,QTYSOLD
06/04/2022,GRA,ST017,QAR,PRK.909,Spicy Pesto Chips,6,24,24,4
06/04/2022,GRA,ST017,QAR,PRK.910,Graze Spicy Mix Sml,25,750,750,30
06/04/2022,GRA,ST017,QAR,PRK.962,Extra flavor,3,36,36,12
06/04/2022,GRA,ST017,QAR,PRK.994,Crsnt w Egg/Avaca/ SunTom,24,1200,1200,50
06/04/2022,GRA,ST017,QAR,PRK.995,Egg Burrito,20,980,980,49
06/04/2022,GRA,ST017,QAR,PRK.996,Blueberry Granola parfait,25,1750,1750,70
06/04/2022,GRA,ST017,QAR,PRK.997,Yog Dates Chia Pista Alm,22,1474,1474,67
06/04/2022,GRA,ST017,QAR,PRK.1008,Chocolate Croissant,16,48,48,3
06/04/2022,GRA,ST017,QAR,PRK.1010,Tomato Puff Pastry,16,592,592,37
06/04/2022,GRA,ST017,QAR,PRK.1012,Three Berry Yogurt & Date,25,150,150,6
06/04/2022,GRA,ST017,QAR,PRK.1015,Kiri Cheese Danish,14,462,462,33
06/04/2022,GRA,ST017,QAR,PRK.1016,Plain Croissant,10,10,10,1
06/04/2022,GRA,ST017,QAR,PRK.1020,Almond Croissant,16,32,32,2
06/04/2022,GRA,ST017,QAR,PRK.1021,Shirazi Salad,12,360,360,30
06/04/2022,GRA,ST017,QAR,PRK.1023,Falafel Salad,35,1680,1680,48
06/04/2022,GRA,ST017,QAR,PRK.1024,Quinoa Swt potato Salad,40,1360,1360,34
06/04/2022,GRA,ST017,QAR,PRK.1027,Mex Chkn Chilli Bean Sld,40,2240,2240,56
06/04/2022,GRA,ST017,QAR,PRK.1029,Burrata Salad,50,1000,1000,20
06/04/2022,GRA,ST017,QAR,PRK.1031,Teriyaki GRAZE Salmn,55,4950,4950,90
06/04/2022,GRA,ST017,QAR,PRK.1034,BBQ Chick Peas,38,1368,1368,36
06/04/2022,GRA,ST017,QAR,PRK.1039,Keto Chicken Salad,40,1560,1560,39
06/04/2022,GRA,ST017,QAR,PRK.1044,Southern Chicken Salad,45,2520,2520,56
06/04/2022,GRA,ST017,QAR,PRK.1048,Mexican  Caesar Salad chk,39,3393,3393,87
06/04/2022,GRA,ST017,QAR,PRK.1049,ROCCA SALAD,22,638,638,29
06/04/2022,GRA,ST017,QAR,PRK.1052,Smoke Turkey Sandwich,34,3944,3944,116
06/04/2022,GRA,ST017,QAR,PRK.1054,lemon&Rosemary Chkn,36,6264,6264,174
06/04/2022,GRA,ST017,QAR,PRK.1057,Steak & Philly Chz SW,32,1696,1696,53
06/04/2022,GRA,ST017,QAR,PRK.1063,Egg Mayo with Rocket,20,520,520,26
06/04/2022,GRA,ST017,QAR,PRK.1068,Crispy Chicken Bun,24,1608,1608,67
06/04/2022,GRA,ST017,QAR,PRK.1070,Chicken Pesto & Mozzarell,32,2816,2816,88
06/04/2022,GRA,ST017,QAR,PRK.1075,Avocado Toast,40,1120,1120,28
06/04/2022,GRA,ST017,QAR,PRK.1077,Spicy Halloumi,38,874,874,23
06/04/2022,GRA,ST017,QAR,PRK.1078,Graze Breakfast (egg box),32,1152,1152,36
06/04/2022,GRA,ST017,QAR,PRK.1083,Chkn Soup,19,779,779,41
06/04/2022,GRA,ST017,QAR,PRK.1086,Lamb Soup,28,812,812,29
06/04/2022,GRA,ST017,QAR,PRK.1087,Lentil Soup,20,1600,1600,80
06/04/2022,GRA,ST017,QAR,PRK.1111,Penne Bolognese,50,1450,1450,29
06/04/2022,GRA,ST017,QAR,PRK.1113,Chkn Katsu Curry,45,1800,1800,40
06/04/2022,GRA,ST017,QAR,PRK.1115,Mushroom Pasta,40,1440,1440,36
06/04/2022,GRA,ST017,QAR,PRK.1118,Steak With Mushroom Sauce,45,2835,2835,63
06/04/2022,GRA,ST017,QAR,PRK.1119,Chicken Biryani,45,3555,3555,79
06/04/2022,GRA,ST017,QAR,PRK.1121,Chinese Sesame Chicken,40,2560,2560,64
06/04/2022,GRA,ST017,QAR,PRK.1127,Rock Shrimp,45,2205,2205,49
06/04/2022,GRA,ST017,QAR,PRK.1133,Lamb  Kabsa,45,3690,3690,82
06/04/2022,GRA,ST017,QAR,PRK.1140,Chicken Curry & Saffron r,43,2623,2623,61
06/04/2022,GRA,ST017,QAR,PRK.1145,Yoghurt & Cucumber dip,12,372,372,31
06/04/2022,GRA,ST017,QAR,PRK.1146,Spicy Guacamole Pot,13,221,221,17
06/04/2022,GRA,ST017,QAR,PRK.1149,Edamame Pot,12,36,36,3
06/04/2022,GRA,ST017,QAR,PRK.1159,Greek Tabbouleh,20,100,100,5
06/04/2022,GRA,ST017,QAR,PRK.1160,Egg pot,16,32,32,2
06/04/2022,GRA,ST017,QAR,PRK.1161,Labneh Beetroot,28,84,84,3
06/04/2022,GRA,ST017,QAR,PRK.1173,Choco Chia Energy Ball,30,570,570,19
06/04/2022,GRA,ST017,QAR,PRK.1175,Pecan Bars,14,252,252,18
06/04/2022,GRA,ST017,QAR,PRK.1177,Carrot Cake,15,495,495,33
06/04/2022,GRA,ST017,QAR,PRK.1178,Sweet Potatoe Choco Cake,15,180,180,12
06/04/2022,GRA,ST017,QAR,PRK.1180,Tropical Fruits,18,288,288,16
06/04/2022,GRA,ST017,QAR,PRK.1183,Bannana,2,106,106,53
06/04/2022,GRA,ST017,QAR,PRK.1184,Watermelon,18,792,792,44
06/04/2022,GRA,ST017,QAR,PRK.1185,Pineapplemix,18,1206,1206,67
06/04/2022,GRA,ST017,QAR,PRK.1186,Mixed Berries,22,1430,1430,65
06/04/2022,GRA,ST017,QAR,PRK.1194,Lotus Cheesecake,15,15,15,1
06/04/2022,GRA,ST017,QAR,PRK.1196,Chia Blueberry Yodurt,24,72,72,3
06/04/2022,GRA,ST017,QAR,PRK.1203,Iced Spanish Latte,20,120,120,6
06/04/2022,GRA,ST017,QAR,PRK.1204,Iced Latte,18,54,54,3
06/04/2022,GRA,ST017,QAR,PRK.1205,Iced Americano,15,75,75,5
06/04/2022,GRA,ST017,QAR,PRK.1262,Highland Still,5,405,405,81
06/04/2022,GRA,ST017,QAR,PRK.1265,Perrier Sparkling,9,1053,1053,117
06/04/2022,GRA,ST017,QAR,PRK.1291,Coke,5,490,490,98
06/04/2022,GRA,ST017,QAR,PRK.1292,Diet Coke,5,1300,1300,260
06/04/2022,GRA,ST017,QAR,PRK.1351,Espresso Single,12,96,96,8
06/04/2022,GRA,ST017,QAR,PRK.1353,Americano Hot,15,555,555,37
06/04/2022,GRA,ST017,QAR,PRK.1354,Flat White Hot,18,306,306,17
06/04/2022,GRA,ST017,QAR,PRK.1355,Cappucino,18,1314,1314,73
06/04/2022,GRA,ST017,QAR,PRK.1356,Cortado,18,144,144,8
06/04/2022,GRA,ST017,QAR,PRK.1358,Spanish Latte,20,520,520,26
06/04/2022,GRA,ST017,QAR,PRK.1359,Classic Mocha,25,25,25,1
06/04/2022,GRA,ST017,QAR,PRK.1362,Double Espresso,14,504,504,36
06/04/2022,GRA,ST017,QAR,PRK.1363,Latte Hot,18,900,900,50
06/04/2022,GRA,ST017,QAR,PRK.1364,English B/F,12,36,36,3
06/04/2022,GRA,ST017,QAR,PRK.1372,Hot Cocoa,24,240,240,10
06/04/2022,GRA,ST017,QAR,PRK.1373,Hibiscus Iced tea,18,666,666,37
06/04/2022,GRA,ST017,QAR,PRK.1374,Peach Iced Tea,18,558,558,31
06/04/2022,GRA,ST017,QAR,PRK.1375,Matcha Latte,25,25,25,1
06/04/2022,GRA,ST017,QAR,PRK.1376,Cinnamon Latte,25,150,150,6
06/04/2022,GRA,ST017,QAR,PRK.1386,Orange Juice,22,2904,2904,132
06/04/2022,GRA,ST017,QAR,PRK.1387,Carrot Juice,22,528,528,24
06/04/2022,GRA,ST017,QAR,PRK.1390,Morning Boost,24,1248,1248,52
06/04/2022,GRA,ST017,QAR,PRK.1392,Immune Boost,22,682,682,31
06/04/2022,GRA,ST017,QAR,PRK.1396,Ginger Aid Shot,18,1224,1224,68
06/04/2022,GRA,ST017,QAR,PRK.1402,Laban Drink,18,450,450,25
06/04/2022,GRA,ST017,QAR,PRK.1404,Green Boost Juice,24,960,960,40
06/04/2022,GRA,ST017,QAR,PRK.1406,Beetroot & Apple Juice,20,1140,1140,57
06/04/2022,GRA,ST017,QAR,PRK.1409,Turmeric wellness shot,16,464,464,29
06/04/2022,GRA,ST017,QAR,PRK.1412, Mini Cup Yogurt,14,238,238,17
06/04/2022,GRA,ST017,QAR,PRK.1413,Regular Cup Yogurt,21,126,126,6
06/04/2022,GRA,ST017,QAR,PRK.1416,Large Cup Yogurt,23,23,23,1
06/04/2022,GRA,ST017,QAR,PRK.1418, Mini Cup Yogurt/Topping,18,126,126,7
06/04/2022,GRA,ST017,QAR,PRK.1419,Reg Cup Yogurt/Toping,26,78,78,3
06/04/2022,GRA,ST017,QAR,PRK.1429,Mini Mango Ice Cream,14,490,490,35
06/04/2022,GRA,ST017,QAR,PRK.1430,Regular Mango Ice Cream,21,168,168,8
06/04/2022,GRA,ST017,QAR,PRK.1432,Mini Mango Ice Cream/Topp,18,180,180,10
06/04/2022,GRA,ST017,QAR,PRK.1433,Reg Mango Ice cream/Topp,26,78,78,3
06/04/2022,GRA,ST017,QAR,PRK.1623,Brownie flavour cookies,10,1000,1000,100
06/04/2022,GRA,ST017,QAR,PRK.1628,Brownie bites,13,169,169,13
06/04/2022,GRA,ST017,QAR,PRK.1632,Turkey cheese roll,19,1482,1482,78
06/04/2022,GRA,ST017,QAR,PRK.1633,Spinach feta roll,18,936,936,52
06/04/2022,GRA,ST017,QAR,PRK.1651,■PB & Jam sourdough bread,18,18,18,1
06/04/2022,GRA,ST017,QAR,PRK.1655,Graze Oatmeal,30,2220,2220,74
06/04/2022,GRA,ST017,QAR,PRK.1711,Pomegranate Pot,18,216,216,12
06/04/2022,GRA,ST017,QAR,PRK.1713,Overnight oats PB&Jam,25,1175,1175,47
06/04/2022,GRA,ST017,QAR,PRK.1741,Spicy Tuna sandwich,26,416,416,16
06/04/2022,GRA,ST017,QAR,PRK.1742,Three cheese,22,1166,1166,53
06/04/2022,GRA,ST017,QAR,PRK.1743,Falafel and Labna,25,750,750,30
06/04/2022,GRA,ST017,QAR,PRK.1771,Pistachio Arabeshi,5,115,115,23
06/04/2022,GRA,ST017,QAR,PRK.1801,GRAZE CLUB SANDWICH,42,252,252,6
06/04/2022,GRA,ST017,QAR,PRK.1802,BEEF BURGER,35,140,140,4
06/04/2022,GRA,ST017,QAR,PRK.4502,Low Fat Milk,0,0,0,2
06/04/2022,GRA,ST017,QAR,PRK.4503,Almond Milk,2,28,28,14
06/04/2022,GRA,ST017,QAR,PRK.4504,Soya Milk,2,6,6,3
06/04/2022,GRA,ST017,QAR,PRK.4509,Double Shot,0,0,0,1
06/04/2022,GRA,ST017,QAR,PRK.4519,caramel flavor,0,0,0,1
06/04/2022,GRA,ST017,QAR,PRK.4531,w/ Granola,0,0,0,4
06/04/2022,GRA,ST017,QAR,PRK.4534,w/ Coconut Flakes,0,0,0,5
06/04/2022,GRA,ST017,QAR,PRK.4535,w/ Crispy Crepe,0,0,0,17
06/04/2022,GRA,ST017,QAR,PRK.4541,w/ Strawberry,0,0,0,2
06/04/2022,GRA,ST017,QAR,PRK.4544,w/ Pomegranate,0,0,0,1
06/04/2022,GRA,ST017,QAR,PRK.4545,w/ Dulce de leche,0,0,0,1
06/04/2022,GRA,ST017,QAR,PRK.4549,w/ Mango Sauce,0,0,0,1
06/04/2022,GRA,ST017,QAR,PRK.4550,w/ Mango,0,0,0,1
06/04/2022,GRA,ST017,QAR,PRK.4561,MIXED FROZEN YOGURT,0,0,0,6
