DATE,BRANCHCODE,WAREHOUSECODE,CURRENCY,ERPCODE,ITEMNAME,RAWPRICE,GROSSAMT,NETVALUE,QTYSOLD
05/04/2022,GRA,ST017,QAR,PRK.907,Zaatar Chips,6,30,30,5
05/04/2022,GRA,ST017,QAR,PRK.909,Spicy Pesto Chips,6,126,126,21
05/04/2022,GRA,ST017,QAR,PRK.910,Graze Spicy Mix Sml,25,950,950,38
05/04/2022,GRA,ST017,QAR,PRK.962,Extra flavor,3,72,72,24
05/04/2022,GRA,ST017,QAR,PRK.963,Crispy Bread,2,12,12,6
05/04/2022,GRA,ST017,QAR,PRK.994,Crsnt w Egg/Avaca/ SunTom,24,1080,1080,45
05/04/2022,GRA,ST017,QAR,PRK.995,Egg Burrito,20,1220,1220,61
05/04/2022,GRA,ST017,QAR,PRK.996,Blueberry Granola parfait,25,1500,1500,60
05/04/2022,GRA,ST017,QAR,PRK.997,Yog Dates Chia Pista Alm,22,1078,1078,49
05/04/2022,GRA,ST017,QAR,PRK.1008,Chocolate Croissant,16,48,48,3
05/04/2022,GRA,ST017,QAR,PRK.1010,Tomato Puff Pastry,16,544,544,34
05/04/2022,GRA,ST017,QAR,PRK.1012,Three Berry Yogurt & Date,25,450,450,18
05/04/2022,GRA,ST017,QAR,PRK.1015,Kiri Cheese Danish,14,504,504,36
05/04/2022,GRA,ST017,QAR,PRK.1021,Shirazi Salad,12,264,264,22
05/04/2022,GRA,ST017,QAR,PRK.1023,Falafel Salad,35,1715,1715,49
05/04/2022,GRA,ST017,QAR,PRK.1024,Quinoa Swt potato Salad,40,800,800,20
05/04/2022,GRA,ST017,QAR,PRK.1027,Mex Chkn Chilli Bean Sld,40,1760,1760,44
05/04/2022,GRA,ST017,QAR,PRK.1029,Burrata Salad,50,950,950,19
05/04/2022,GRA,ST017,QAR,PRK.1031,Teriyaki GRAZE Salmn,55,4400,4400,80
05/04/2022,GRA,ST017,QAR,PRK.1034,BBQ Chick Peas,38,1140,1140,30
05/04/2022,GRA,ST017,QAR,PRK.1039,Keto Chicken Salad,40,1320,1320,33
05/04/2022,GRA,ST017,QAR,PRK.1044,Southern Chicken Salad,45,2385,2385,53
05/04/2022,GRA,ST017,QAR,PRK.1048,Mexican  Caesar Salad chk,39,3237,3237,83
05/04/2022,GRA,ST017,QAR,PRK.1049,ROCCA SALAD,22,396,396,18
05/04/2022,GRA,ST017,QAR,PRK.1052,Smoke Turkey Sandwich,34,4386,4386,129
05/04/2022,GRA,ST017,QAR,PRK.1054,lemon&Rosemary Chkn,36,4896,4896,136
05/04/2022,GRA,ST017,QAR,PRK.1057,Steak & Philly Chz SW,32,1696,1696,53
05/04/2022,GRA,ST017,QAR,PRK.1063,Egg Mayo with Rocket,20,600,600,30
05/04/2022,GRA,ST017,QAR,PRK.1068,Crispy Chicken Bun,24,1368,1368,57
05/04/2022,GRA,ST017,QAR,PRK.1069,Spicy Courgette Falafel W,24,936,936,39
05/04/2022,GRA,ST017,QAR,PRK.1070,Chicken Pesto & Mozzarell,32,3392,3392,106
05/04/2022,GRA,ST017,QAR,PRK.1075,Avocado Toast,40,760,760,19
05/04/2022,GRA,ST017,QAR,PRK.1077,Spicy Halloumi,38,1102,1102,29
05/04/2022,GRA,ST017,QAR,PRK.1078,Graze Breakfast (egg box),32,992,992,31
05/04/2022,GRA,ST017,QAR,PRK.1083,Chkn Soup,19,855,855,45
05/04/2022,GRA,ST017,QAR,PRK.1086,Lamb Soup,28,420,420,15
05/04/2022,GRA,ST017,QAR,PRK.1087,Lentil Soup,20,1580,1580,79
05/04/2022,GRA,ST017,QAR,PRK.1111,Penne Bolognese,50,1000,1000,20
05/04/2022,GRA,ST017,QAR,PRK.1113,Chkn Katsu Curry,45,1890,1890,42
05/04/2022,GRA,ST017,QAR,PRK.1115,Mushroom Pasta,40,1400,1400,35
05/04/2022,GRA,ST017,QAR,PRK.1118,Steak With Mushroom Sauce,45,1440,1440,32
05/04/2022,GRA,ST017,QAR,PRK.1119,Chicken Biryani,45,3690,3690,82
05/04/2022,GRA,ST017,QAR,PRK.1121,Chinese Sesame Chicken,40,2600,2600,65
05/04/2022,GRA,ST017,QAR,PRK.1127,Rock Shrimp,45,1710,1710,38
05/04/2022,GRA,ST017,QAR,PRK.1133,Lamb  Kabsa,45,2610,2610,58
05/04/2022,GRA,ST017,QAR,PRK.1140,Chicken Curry & Saffron r,43,2064,2064,48
05/04/2022,GRA,ST017,QAR,PRK.1145,Yoghurt & Cucumber dip,12,216,216,18
05/04/2022,GRA,ST017,QAR,PRK.1146,Spicy Guacamole Pot,13,364,364,28
05/04/2022,GRA,ST017,QAR,PRK.1149,Edamame Pot,12,132,132,11
05/04/2022,GRA,ST017,QAR,PRK.1159,Greek Tabbouleh,20,60,60,3
05/04/2022,GRA,ST017,QAR,PRK.1161,Labneh Beetroot,28,308,308,11
05/04/2022,GRA,ST017,QAR,PRK.1173,Choco Chia Energy Ball,30,420,420,14
05/04/2022,GRA,ST017,QAR,PRK.1175,Pecan Bars,14,266,266,19
05/04/2022,GRA,ST017,QAR,PRK.1177,Carrot Cake,15,435,435,29
05/04/2022,GRA,ST017,QAR,PRK.1178,Sweet Potatoe Choco Cake,15,330,330,22
05/04/2022,GRA,ST017,QAR,PRK.1183,Bannana,2,40,40,20
05/04/2022,GRA,ST017,QAR,PRK.1184,Watermelon,18,810,810,45
05/04/2022,GRA,ST017,QAR,PRK.1185,Pineapplemix,18,1008,1008,56
05/04/2022,GRA,ST017,QAR,PRK.1186,Mixed Berries,22,1166,1166,53
05/04/2022,GRA,ST017,QAR,PRK.1194,Lotus Cheesecake,15,45,45,3
05/04/2022,GRA,ST017,QAR,PRK.1196,Chia Blueberry Yodurt,24,528,528,22
05/04/2022,GRA,ST017,QAR,PRK.1201,Iced Flat White,18,36,36,2
05/04/2022,GRA,ST017,QAR,PRK.1203,Iced Spanish Latte,20,60,60,3
05/04/2022,GRA,ST017,QAR,PRK.1204,Iced Latte,18,288,288,16
05/04/2022,GRA,ST017,QAR,PRK.1205,Iced Americano,15,45,45,3
05/04/2022,GRA,ST017,QAR,PRK.1262,Highland Still,5,440,440,88
05/04/2022,GRA,ST017,QAR,PRK.1265,Perrier Sparkling,9,963,963,107
05/04/2022,GRA,ST017,QAR,PRK.1291,Coke,5,400,400,80
05/04/2022,GRA,ST017,QAR,PRK.1292,Diet Coke,5,1010,1010,202
05/04/2022,GRA,ST017,QAR,PRK.1351,Espresso Single,12,168,168,14
05/04/2022,GRA,ST017,QAR,PRK.1353,Americano Hot,15,960,960,64
05/04/2022,GRA,ST017,QAR,PRK.1354,Flat White Hot,18,612,612,34
05/04/2022,GRA,ST017,QAR,PRK.1355,Cappucino,18,1368,1368,76
05/04/2022,GRA,ST017,QAR,PRK.1356,Cortado,18,486,486,27
05/04/2022,GRA,ST017,QAR,PRK.1358,Spanish Latte,20,580,580,29
05/04/2022,GRA,ST017,QAR,PRK.1359,Classic Mocha,25,50,50,2
05/04/2022,GRA,ST017,QAR,PRK.1360,Slated Caramel Mocha,25,50,50,2
05/04/2022,GRA,ST017,QAR,PRK.1362,Double Espresso,14,336,336,24
05/04/2022,GRA,ST017,QAR,PRK.1363,Latte Hot,18,1026,1026,57
05/04/2022,GRA,ST017,QAR,PRK.1364,English B/F,12,12,12,1
05/04/2022,GRA,ST017,QAR,PRK.1365,Green Tea,12,12,12,1
05/04/2022,GRA,ST017,QAR,PRK.1372,Hot Cocoa,24,144,144,6
05/04/2022,GRA,ST017,QAR,PRK.1373,Hibiscus Iced tea,18,432,432,24
05/04/2022,GRA,ST017,QAR,PRK.1374,Peach Iced Tea,18,522,522,29
05/04/2022,GRA,ST017,QAR,PRK.1375,Matcha Latte,25,150,150,6
05/04/2022,GRA,ST017,QAR,PRK.1376,Cinnamon Latte,25,100,100,4
05/04/2022,GRA,ST017,QAR,PRK.1386,Orange Juice,22,2772,2772,126
05/04/2022,GRA,ST017,QAR,PRK.1387,Carrot Juice,22,440,440,20
05/04/2022,GRA,ST017,QAR,PRK.1390,Morning Boost,24,1056,1056,44
05/04/2022,GRA,ST017,QAR,PRK.1392,Immune Boost,22,770,770,35
05/04/2022,GRA,ST017,QAR,PRK.1396,Ginger Aid Shot,18,1098,1098,61
05/04/2022,GRA,ST017,QAR,PRK.1402,Laban Drink,18,414,414,23
05/04/2022,GRA,ST017,QAR,PRK.1404,Green Boost Juice,24,672,672,28
05/04/2022,GRA,ST017,QAR,PRK.1405,Watermelon & Coconut cool,20,258,258,13
05/04/2022,GRA,ST017,QAR,PRK.1406,Beetroot & Apple Juice,20,760,760,38
05/04/2022,GRA,ST017,QAR,PRK.1407,Coconut & Pineapple Juice,24,168,168,7
05/04/2022,GRA,ST017,QAR,PRK.1409,Turmeric wellness shot,16,448,448,28
05/04/2022,GRA,ST017,QAR,PRK.1412, Mini Cup Yogurt,14,266,266,19
05/04/2022,GRA,ST017,QAR,PRK.1413,Regular Cup Yogurt,21,21,21,1
05/04/2022,GRA,ST017,QAR,PRK.1416,Large Cup Yogurt,23,23,23,1
05/04/2022,GRA,ST017,QAR,PRK.1418, Mini Cup Yogurt/Topping,18,54,54,3
05/04/2022,GRA,ST017,QAR,PRK.1429,Mini Mango Ice Cream,14,294,294,21
05/04/2022,GRA,ST017,QAR,PRK.1430,Regular Mango Ice Cream,21,273,273,13
05/04/2022,GRA,ST017,QAR,PRK.1432,Mini Mango Ice Cream/Topp,18,54,54,3
05/04/2022,GRA,ST017,QAR,PRK.1433,Reg Mango Ice cream/Topp,26,52,52,2
05/04/2022,GRA,ST017,QAR,PRK.1434,Large Mango Ice Cream/Top,30,30,30,1
05/04/2022,GRA,ST017,QAR,PRK.1505,Salted Caramel,3,3,3,1
05/04/2022,GRA,ST017,QAR,PRK.1623,Brownie flavour cookies,10,1000,1000,100
05/04/2022,GRA,ST017,QAR,PRK.1628,Brownie bites,13,455,455,35
05/04/2022,GRA,ST017,QAR,PRK.1632,Turkey cheese roll,19,266,266,14
05/04/2022,GRA,ST017,QAR,PRK.1633,Spinach feta roll,18,324,324,18
05/04/2022,GRA,ST017,QAR,PRK.1655,Graze Oatmeal,30,1650,1650,55
05/04/2022,GRA,ST017,QAR,PRK.1711,Pomegranate Pot,18,216,216,12
05/04/2022,GRA,ST017,QAR,PRK.1712,Mango Peach Muesli Pot,24,24,24,1
05/04/2022,GRA,ST017,QAR,PRK.1713,Overnight oats PB&Jam,25,1000,1000,40
05/04/2022,GRA,ST017,QAR,PRK.1741,Spicy Tuna sandwich,26,728,728,28
05/04/2022,GRA,ST017,QAR,PRK.1742,Three cheese,22,1408,1408,64
05/04/2022,GRA,ST017,QAR,PRK.1743,Falafel and Labna,25,125,125,5
05/04/2022,GRA,ST017,QAR,PRK.1771,Pistachio Arabeshi,5,25,25,5
05/04/2022,GRA,ST017,QAR,PRK.1801,GRAZE CLUB SANDWICH,42,1722,1722,41
05/04/2022,GRA,ST017,QAR,PRK.1802,BEEF BURGER,35,735,735,21
05/04/2022,GRA,ST017,QAR,PRK.4502,Low Fat Milk,0,0,0,8
05/04/2022,GRA,ST017,QAR,PRK.4503,Almond Milk,2,50,50,25
05/04/2022,GRA,ST017,QAR,PRK.4504,Soya Milk,2,2,2,1
05/04/2022,GRA,ST017,QAR,PRK.4509,Double Shot,0,0,0,2
05/04/2022,GRA,ST017,QAR,PRK.4519,caramel flavor,0,0,0,1
05/04/2022,GRA,ST017,QAR,PRK.4520,hazelnut flavor,0,0,0,3
05/04/2022,GRA,ST017,QAR,PRK.4541,w/ Strawberry,0,0,0,1
05/04/2022,GRA,ST017,QAR,PRK.4550,w/ Mango,0,0,0,1
