DATE,BRANCHCODE,WAREHOUSECODE,CURRENCY,ERPCODE,ITEMNAME,RAWPRICE,GROSSAMT,NETVALUE,QTYSOLD
10/04/2022,GRA,ST017,QAR,PRK.907,Zaatar Chips,6,60,60,10
10/04/2022,GRA,ST017,QAR,PRK.909,Spicy Pesto Chips,6,66,66,11
10/04/2022,GRA,ST017,QAR,PRK.910,Graze Spicy Mix Sml,25,725,725,29
10/04/2022,GRA,ST017,QAR,PRK.961,Extra cheese,5,10,10,2
10/04/2022,GRA,ST017,QAR,PRK.962,Extra flavor,3,27,27,9
10/04/2022,GRA,ST017,QAR,PRK.994,Crsnt w Egg/Avaca/ SunTom,24,1008,1008,42
10/04/2022,GRA,ST017,QAR,PRK.995,Egg Burrito,20,1240,1240,62
10/04/2022,GRA,ST017,QAR,PRK.996,Blueberry Granola parfait,25,1575,1575,63
10/04/2022,GRA,ST017,QAR,PRK.997,Yog Dates Chia Pista Alm,22,1518,1518,69
10/04/2022,GRA,ST017,QAR,PRK.1010,Tomato Puff Pastry,16,176,176,11
10/04/2022,GRA,ST017,QAR,PRK.1012,Three Berry Yogurt & Date,25,525,525,21
10/04/2022,GRA,ST017,QAR,PRK.1015,Kiri Cheese Danish,14,392,392,28
10/04/2022,GRA,ST017,QAR,PRK.1021,Shirazi Salad,12,192,192,16
10/04/2022,GRA,ST017,QAR,PRK.1023,Falafel Salad,45,3330,3330,74
10/04/2022,GRA,ST017,QAR,PRK.1024,Quinoa Swt potato Salad,40,960,960,24
10/04/2022,GRA,ST017,QAR,PRK.1027,Mex Chkn Chilli Bean Sld,40,2520,2520,63
10/04/2022,GRA,ST017,QAR,PRK.1029,Burrata Salad,50,350,350,7
10/04/2022,GRA,ST017,QAR,PRK.1031,Teriyaki GRAZE Salmn,55,5060,5060,92
10/04/2022,GRA,ST017,QAR,PRK.1039,Keto Chicken Salad,40,2320,2320,58
10/04/2022,GRA,ST017,QAR,PRK.1046,Greek Salad,30,1560,1560,52
10/04/2022,GRA,ST017,QAR,PRK.1048,Mexican  Caesar Salad chk,39,2925,2925,75
10/04/2022,GRA,ST017,QAR,PRK.1049,ROCCA SALAD,22,418,418,19
10/04/2022,GRA,ST017,QAR,PRK.1052,Smoke Turkey Sandwich,34,3842,3842,113
10/04/2022,GRA,ST017,QAR,PRK.1054,lemon&Rosemary Chkn,36,4860,4860,135
10/04/2022,GRA,ST017,QAR,PRK.1057,Steak & Philly Chz SW,32,1088,1088,34
10/04/2022,GRA,ST017,QAR,PRK.1063,Egg Mayo with Rocket,20,120,120,6
10/04/2022,GRA,ST017,QAR,PRK.1068,Crispy Chicken Bun,24,1224,1224,51
10/04/2022,GRA,ST017,QAR,PRK.1070,Chicken Pesto & Mozzarell,32,2368,2368,74
10/04/2022,GRA,ST017,QAR,PRK.1075,Avocado Toast,40,360,360,9
10/04/2022,GRA,ST017,QAR,PRK.1077,Spicy Halloumi,38,1102,1102,29
10/04/2022,GRA,ST017,QAR,PRK.1078,Graze Breakfast (egg box),32,1024,1024,32
10/04/2022,GRA,ST017,QAR,PRK.1083,Chkn Soup,19,1140,1140,60
10/04/2022,GRA,ST017,QAR,PRK.1087,Lentil Soup,20,1780,1780,89
10/04/2022,GRA,ST017,QAR,PRK.1089,Vegetable soup,16,848,848,53
10/04/2022,GRA,ST017,QAR,PRK.1113,Chkn Katsu Curry,45,2835,2835,63
10/04/2022,GRA,ST017,QAR,PRK.1115,Mushroom Pasta,40,1800,1800,45
10/04/2022,GRA,ST017,QAR,PRK.1118,Steak With Mushroom Sauce,45,3330,3330,74
10/04/2022,GRA,ST017,QAR,PRK.1119,Chicken Biryani,45,3285,3285,73
10/04/2022,GRA,ST017,QAR,PRK.1121,Chinese Sesame Chicken,40,3200,3200,80
10/04/2022,GRA,ST017,QAR,PRK.1127,Rock Shrimp,45,2205,2205,49
10/04/2022,GRA,ST017,QAR,PRK.1133,Lamb  Kabsa,45,3105,3105,69
10/04/2022,GRA,ST017,QAR,PRK.1140,Chicken Curry & Saffron r,43,2494,2494,58
10/04/2022,GRA,ST017,QAR,PRK.1141,CRAB BOWL,28,84,84,3
10/04/2022,GRA,ST017,QAR,PRK.1145,Yoghurt & Cucumber dip,12,84,84,7
10/04/2022,GRA,ST017,QAR,PRK.1146,Spicy Guacamole Pot,13,156,156,12
10/04/2022,GRA,ST017,QAR,PRK.1149,Edamame Pot,12,96,96,8
10/04/2022,GRA,ST017,QAR,PRK.1155,Classic hummus pot,18,90,90,5
10/04/2022,GRA,ST017,QAR,PRK.1159,Greek Tabbouleh,20,420,420,21
10/04/2022,GRA,ST017,QAR,PRK.1160,Egg pot,16,16,16,1
10/04/2022,GRA,ST017,QAR,PRK.1161,Labneh Beetroot,12,84,84,7
10/04/2022,GRA,ST017,QAR,PRK.1173,Choco Chia Energy Ball,30,1230,1230,41
10/04/2022,GRA,ST017,QAR,PRK.1175,Pecan Bars,14,210,210,15
10/04/2022,GRA,ST017,QAR,PRK.1177,Carrot Cake,15,360,360,24
10/04/2022,GRA,ST017,QAR,PRK.1178,Sweet Potatoe Choco Cake,15,210,210,14
10/04/2022,GRA,ST017,QAR,PRK.1181,Green Apple,2,8,8,4
10/04/2022,GRA,ST017,QAR,PRK.1183,Bannana,2,210,210,105
10/04/2022,GRA,ST017,QAR,PRK.1184,Watermelon,18,684,684,38
10/04/2022,GRA,ST017,QAR,PRK.1185,Pineapplemix,18,1476,1476,82
10/04/2022,GRA,ST017,QAR,PRK.1186,Mixed Berries,22,1650,1650,75
10/04/2022,GRA,ST017,QAR,PRK.1194,Lotus Cheesecake,15,30,30,2
10/04/2022,GRA,ST017,QAR,PRK.1196,Chia Blueberry Yodurt,24,480,480,20
10/04/2022,GRA,ST017,QAR,PRK.1201,Iced Flat White,18,36,36,2
10/04/2022,GRA,ST017,QAR,PRK.1203,Iced Spanish Latte,20,60,60,3
10/04/2022,GRA,ST017,QAR,PRK.1204,Iced Latte,18,360,360,20
10/04/2022,GRA,ST017,QAR,PRK.1205,Iced Americano,15,180,180,12
10/04/2022,GRA,ST017,QAR,PRK.1234,Pepperoni Pizza small,40,200,200,5
10/04/2022,GRA,ST017,QAR,PRK.1235,Margherita Pizza small,30,180,180,6
10/04/2022,GRA,ST017,QAR,PRK.1236,BBQ chicken Pizza small,35,210,210,6
10/04/2022,GRA,ST017,QAR,PRK.1262,Highland Still,5,400,400,80
10/04/2022,GRA,ST017,QAR,PRK.1265,Perrier Sparkling,9,1332,1332,148
10/04/2022,GRA,ST017,QAR,PRK.1291,Coke,5,595,595,119
10/04/2022,GRA,ST017,QAR,PRK.1292,Diet Coke,5,1460,1460,292
10/04/2022,GRA,ST017,QAR,PRK.1321,Mini Cup /Pina Colada,14,28,28,2
10/04/2022,GRA,ST017,QAR,PRK.1351,Espresso Single,12,240,240,20
10/04/2022,GRA,ST017,QAR,PRK.1353,Americano Hot,15,885,885,59
10/04/2022,GRA,ST017,QAR,PRK.1354,Flat White Hot,18,522,522,29
10/04/2022,GRA,ST017,QAR,PRK.1355,Cappucino,18,1602,1602,89
10/04/2022,GRA,ST017,QAR,PRK.1356,Cortado,18,270,270,15
10/04/2022,GRA,ST017,QAR,PRK.1358,Spanish Latte,20,400,400,20
10/04/2022,GRA,ST017,QAR,PRK.1359,Classic Mocha,25,225,225,9
10/04/2022,GRA,ST017,QAR,PRK.1360,Slated Caramel Mocha,25,25,25,1
10/04/2022,GRA,ST017,QAR,PRK.1362,Double Espresso,14,518,518,37
10/04/2022,GRA,ST017,QAR,PRK.1363,Latte Hot,18,720,720,40
10/04/2022,GRA,ST017,QAR,PRK.1364,English B/F,12,108,108,9
10/04/2022,GRA,ST017,QAR,PRK.1365,Green Tea,12,36,36,3
10/04/2022,GRA,ST017,QAR,PRK.1366,Earl Grey,12,12,12,1
10/04/2022,GRA,ST017,QAR,PRK.1372,Hot Cocoa,24,48,48,2
10/04/2022,GRA,ST017,QAR,PRK.1373,Hibiscus Iced tea,18,630,630,35
10/04/2022,GRA,ST017,QAR,PRK.1374,Peach Iced Tea,18,378,378,21
10/04/2022,GRA,ST017,QAR,PRK.1375,Matcha Latte,25,125,125,5
10/04/2022,GRA,ST017,QAR,PRK.1376,Cinnamon Latte,25,25,25,1
10/04/2022,GRA,ST017,QAR,PRK.1377,Fresh Milk,10,10,10,1
10/04/2022,GRA,ST017,QAR,PRK.1386,Orange Juice,22,3080,3080,140
10/04/2022,GRA,ST017,QAR,PRK.1387,Carrot Juice,22,616,616,28
10/04/2022,GRA,ST017,QAR,PRK.1390,Morning Boost,24,1104,1104,46
10/04/2022,GRA,ST017,QAR,PRK.1392,Immune Boost,22,1144,1144,52
10/04/2022,GRA,ST017,QAR,PRK.1396,Ginger Aid Shot,18,1170,1170,65
10/04/2022,GRA,ST017,QAR,PRK.1402,Laban Drink,18,378,378,21
10/04/2022,GRA,ST017,QAR,PRK.1404,Green Boost Juice,24,1248,1248,52
10/04/2022,GRA,ST017,QAR,PRK.1405,Watermelon & Coconut cool,20,120,120,6
10/04/2022,GRA,ST017,QAR,PRK.1406,Beetroot & Apple Juice,20,1560,1560,78
10/04/2022,GRA,ST017,QAR,PRK.1407,Coconut & Pineapple Juice,24,120,120,5
10/04/2022,GRA,ST017,QAR,PRK.1409,Turmeric wellness shot,16,512,512,32
10/04/2022,GRA,ST017,QAR,PRK.1412, Mini Cup Yogurt,14,14,14,1
10/04/2022,GRA,ST017,QAR,PRK.1413,Regular Cup Yogurt,21,21,21,1
10/04/2022,GRA,ST017,QAR,PRK.1429,Mini Mango Ice Cream,14,476,476,34
10/04/2022,GRA,ST017,QAR,PRK.1430,Regular Mango Ice Cream,21,210,210,10
10/04/2022,GRA,ST017,QAR,PRK.1431,Large Mango Ice Cream,23,23,23,1
10/04/2022,GRA,ST017,QAR,PRK.1432,Mini Mango Ice Cream/Topp,18,54,54,3
10/04/2022,GRA,ST017,QAR,PRK.1433,Reg Mango Ice cream/Topp,26,104,104,4
10/04/2022,GRA,ST017,QAR,PRK.1434,Large Mango Ice Cream/Top,30,30,30,1
10/04/2022,GRA,ST017,QAR,PRK.1502,Strawberry,3,9,9,3
10/04/2022,GRA,ST017,QAR,PRK.1588,Acai Small,35,1995,1995,57
10/04/2022,GRA,ST017,QAR,PRK.1589,Acai Large,40,120,120,3
10/04/2022,GRA,ST017,QAR,PRK.1621,Orange loaf,12,168,168,14
10/04/2022,GRA,ST017,QAR,PRK.1623,Brownie flavour cookies,10,870,870,87
10/04/2022,GRA,ST017,QAR,PRK.1628,Brownie bites,13,403,403,31
10/04/2022,GRA,ST017,QAR,PRK.1632,Turkey cheese roll,19,114,114,6
10/04/2022,GRA,ST017,QAR,PRK.1633,Spinach feta roll,18,108,108,6
10/04/2022,GRA,ST017,QAR,PRK.1634,Madeleine,12,660,660,55
10/04/2022,GRA,ST017,QAR,PRK.1651,■PB & Jam sourdough bread,18,216,216,12
10/04/2022,GRA,ST017,QAR,PRK.1655,Graze Oatmeal,30,3270,3270,109
10/04/2022,GRA,ST017,QAR,PRK.1711,Pomegranate Pot,18,360,360,20
10/04/2022,GRA,ST017,QAR,PRK.1712,Mango Peach Muesli Pot,24,24,24,1
10/04/2022,GRA,ST017,QAR,PRK.1713,Overnight oats PB&Jam,25,1025,1025,41
10/04/2022,GRA,ST017,QAR,PRK.1741,Spicy Tuna sandwich,26,858,858,33
10/04/2022,GRA,ST017,QAR,PRK.1742,Three cheese,22,1056,1056,48
10/04/2022,GRA,ST017,QAR,PRK.1743,Falafel and Labna,25,575,575,23
10/04/2022,GRA,ST017,QAR,PRK.1748,Chicken Shawarma,18,4536,4536,252
10/04/2022,GRA,ST017,QAR,PRK.1749,Tenderloin Beef Shawarma,22,1914,1914,87
10/04/2022,GRA,ST017,QAR,PRK.1750,Cream Cheese Roll,9,1170,1170,130
10/04/2022,GRA,ST017,QAR,PRK.1751,Egg Mayo Roll,9,2007,2007,223
10/04/2022,GRA,ST017,QAR,PRK.1771,Pistachio Arabeshi,5,90,90,18
10/04/2022,GRA,ST017,QAR,PRK.1776,Milk powder,3,6,6,2
10/04/2022,GRA,ST017,QAR,PRK.1801,GRAZE CLUB SANDWICH,42,42,42,1
10/04/2022,GRA,ST017,QAR,PRK.1834,Spaghetti Bolognese,45,675,675,15
10/04/2022,GRA,ST017,QAR,PRK.1835,Salmon with Cilantro Rice,65,4745,4745,73
10/04/2022,GRA,ST017,QAR,PRK.1836,Chicken Noodle Bowl,40,1560,1560,39
10/04/2022,GRA,ST017,QAR,PRK.4502,Low Fat Milk,0,0,0,2
10/04/2022,GRA,ST017,QAR,PRK.4503,Almond Milk,2,50,50,25
10/04/2022,GRA,ST017,QAR,PRK.4504,Soya Milk,2,20,20,10
10/04/2022,GRA,ST017,QAR,PRK.4509,Double Shot,0,0,0,1
10/04/2022,GRA,ST017,QAR,PRK.4520,hazelnut flavor,0,0,0,1
10/04/2022,GRA,ST017,QAR,PRK.4535,w/ Crispy Crepe,0,0,0,3
10/04/2022,GRA,ST017,QAR,PRK.4544,w/ Pomegranate,0,0,0,3
10/04/2022,GRA,ST017,QAR,PRK.4561,MIXED FROZEN YOGURT,0,0,0,3
