DATE,BRANCHCODE,WAREHOUSECODE,CURRENCY,ERPCODE,ITEMNAME,RAWPRICE,GROSSAMT,NETVALUE,QTYSOLD
04/04/2022,GRA,ST017,QAR,PRK.1023,Falafel Salad,35,70,70,2
04/04/2022,GRA,ST017,QAR,PRK.1024,Quinoa Swt potato Salad,40,40,40,1
04/04/2022,GRA,ST017,QAR,PRK.1027,Mex Chkn Chilli Bean Sld,40,120,120,3
04/04/2022,GRA,ST017,QAR,PRK.1031,Teriyaki GRAZE Salmn,55,165,165,3
04/04/2022,GRA,ST017,QAR,PRK.1034,BBQ Chick Peas,38,38,38,1
04/04/2022,GRA,ST017,QAR,PRK.1039,Keto Chicken Salad,40,40,40,1
04/04/2022,GRA,ST017,QAR,PRK.1048,Mexican  Caesar Salad chk,39,273,273,7
04/04/2022,GRA,ST017,QAR,PRK.1049,ROCCA SALAD,22,22,22,1
04/04/2022,GRA,ST017,QAR,PRK.1052,Smoke Turkey Sandwich,34,272,272,8
04/04/2022,GRA,ST017,QAR,PRK.1054,lemon&Rosemary Chkn,36,324,324,9
04/04/2022,GRA,ST017,QAR,PRK.1057,Steak & Philly Chz SW,32,192,192,6
04/04/2022,GRA,ST017,QAR,PRK.1063,Egg Mayo with Rocket,20,20,20,1
04/04/2022,GRA,ST017,QAR,PRK.1068,Crispy Chicken Bun,24,168,168,7
04/04/2022,GRA,ST017,QAR,PRK.1069,Spicy Courgette Falafel W,24,72,72,3
04/04/2022,GRA,ST017,QAR,PRK.1070,Chicken Pesto & Mozzarell,32,288,288,9
04/04/2022,GRA,ST017,QAR,PRK.1083,Chkn Soup,19,38,38,2
04/04/2022,GRA,ST017,QAR,PRK.1087,Lentil Soup,20,20,20,1
04/04/2022,GRA,ST017,QAR,PRK.1113,Chkn Katsu Curry,45,135,135,3
04/04/2022,GRA,ST017,QAR,PRK.1115,Mushroom Pasta,40,200,200,5
04/04/2022,GRA,ST017,QAR,PRK.1118,Steak With Mushroom Sauce,45,90,90,2
04/04/2022,GRA,ST017,QAR,PRK.1119,Chicken Biryani,45,270,270,6
04/04/2022,GRA,ST017,QAR,PRK.1121,Chinese Sesame Chicken,40,400,400,10
04/04/2022,GRA,ST017,QAR,PRK.1127,Rock Shrimp,45,270,270,6
04/04/2022,GRA,ST017,QAR,PRK.1133,Lamb  Kabsa,45,90,90,2
04/04/2022,GRA,ST017,QAR,PRK.1140,Chicken Curry & Saffron r,43,301,301,7
04/04/2022,GRA,ST017,QAR,PRK.1173,Choco Chia Energy Ball,30,30,30,1
04/04/2022,GRA,ST017,QAR,PRK.1177,Carrot Cake,15,30,30,2
04/04/2022,GRA,ST017,QAR,PRK.1178,Sweet Potatoe Choco Cake,15,45,45,3
04/04/2022,GRA,ST017,QAR,PRK.1185,Pineapplemix,18,18,18,1
04/04/2022,GRA,ST017,QAR,PRK.1194,Lotus Cheesecake,15,135,135,9
04/04/2022,GRA,ST017,QAR,PRK.1201,Iced Flat White,18,18,18,1
04/04/2022,GRA,ST017,QAR,PRK.1203,Iced Spanish Latte,20,800,800,40
04/04/2022,GRA,ST017,QAR,PRK.1204,Iced Latte,18,18,18,1
04/04/2022,GRA,ST017,QAR,PRK.1205,Iced Americano,15,15,15,1
04/04/2022,GRA,ST017,QAR,PRK.1262,Highland Still,5,910,910,182
04/04/2022,GRA,ST017,QAR,PRK.1265,Perrier Sparkling,9,171,171,19
04/04/2022,GRA,ST017,QAR,PRK.1291,Coke,5,290,290,58
04/04/2022,GRA,ST017,QAR,PRK.1292,Diet Coke,5,170,170,34
04/04/2022,GRA,ST017,QAR,PRK.1351,Espresso Single,12,72,72,6
04/04/2022,GRA,ST017,QAR,PRK.1353,Americano Hot,15,150,150,10
04/04/2022,GRA,ST017,QAR,PRK.1354,Flat White Hot,18,90,90,5
04/04/2022,GRA,ST017,QAR,PRK.1355,Cappucino,18,234,234,13
04/04/2022,GRA,ST017,QAR,PRK.1356,Cortado,18,54,54,3
04/04/2022,GRA,ST017,QAR,PRK.1358,Spanish Latte,20,620,620,31
04/04/2022,GRA,ST017,QAR,PRK.1360,Slated Caramel Mocha,25,25,25,1
04/04/2022,GRA,ST017,QAR,PRK.1362,Double Espresso,14,42,42,3
04/04/2022,GRA,ST017,QAR,PRK.1363,Latte Hot,18,126,126,7
04/04/2022,GRA,ST017,QAR,PRK.1372,Hot Cocoa,24,384,384,16
04/04/2022,GRA,ST017,QAR,PRK.1373,Hibiscus Iced tea,18,126,126,7
04/04/2022,GRA,ST017,QAR,PRK.1374,Peach Iced Tea,18,144,144,8
04/04/2022,GRA,ST017,QAR,PRK.1386,Orange Juice,22,1034,1034,47
04/04/2022,GRA,ST017,QAR,PRK.1390,Morning Boost,24,192,192,8
04/04/2022,GRA,ST017,QAR,PRK.1392,Immune Boost,22,176,176,8
04/04/2022,GRA,ST017,QAR,PRK.1396,Ginger Aid Shot,18,36,36,2
04/04/2022,GRA,ST017,QAR,PRK.1402,Laban Drink,18,54,54,3
04/04/2022,GRA,ST017,QAR,PRK.1404,Green Boost Juice,24,72,72,3
04/04/2022,GRA,ST017,QAR,PRK.1406,Beetroot & Apple Juice,20,140,140,7
04/04/2022,GRA,ST017,QAR,PRK.1409,Turmeric wellness shot,16,32,32,2
04/04/2022,GRA,ST017,QAR,PRK.1429,Mini Mango Ice Cream,14,1610,1610,115
04/04/2022,GRA,ST017,QAR,PRK.1430,Regular Mango Ice Cream,21,756,756,36
04/04/2022,GRA,ST017,QAR,PRK.1431,Large Mango Ice Cream,23,92,92,4
04/04/2022,GRA,ST017,QAR,PRK.1432,Mini Mango Ice Cream/Topp,18,846,846,47
04/04/2022,GRA,ST017,QAR,PRK.1433,Reg Mango Ice cream/Topp,26,416,416,16
04/04/2022,GRA,ST017,QAR,PRK.1434,Large Mango Ice Cream/Top,30,60,60,2
04/04/2022,GRA,ST017,QAR,PRK.1501,pomegranate,3,6,6,2
04/04/2022,GRA,ST017,QAR,PRK.1502,Strawberry,3,15,15,5
04/04/2022,GRA,ST017,QAR,PRK.1505,Salted Caramel,3,3,3,1
04/04/2022,GRA,ST017,QAR,PRK.1506,Pretzel,3,3,3,1
04/04/2022,GRA,ST017,QAR,PRK.1507,Crispy Crepe,3,3,3,1
04/04/2022,GRA,ST017,QAR,PRK.1521,Mango Sauce,3,3,3,1
04/04/2022,GRA,ST017,QAR,PRK.1527,Mango,3,15,15,5
04/04/2022,GRA,ST017,QAR,PRK.1580,Ogaily cardamom ice cream,25,700,700,28
04/04/2022,GRA,ST017,QAR,PRK.1623,Brownie flavour cookies,10,430,430,43
04/04/2022,GRA,ST017,QAR,PRK.1628,Brownie bites,13,156,156,12
04/04/2022,GRA,ST017,QAR,PRK.1711,Pomegranate Pot,18,72,72,4
04/04/2022,GRA,ST017,QAR,PRK.1741,Spicy Tuna sandwich,26,78,78,3
04/04/2022,GRA,ST017,QAR,PRK.1742,Three cheese,22,132,132,6
04/04/2022,GRA,ST017,QAR,PRK.1771,Pistachio Arabeshi,5,35,35,7
04/04/2022,GRA,ST017,QAR,PRK.1772,Fresh Raspberry,5,80,80,16
04/04/2022,GRA,ST017,QAR,PRK.1773,Fresh blueberry,5,70,70,14
04/04/2022,GRA,ST017,QAR,PRK.1801,GRAZE CLUB SANDWICH,42,168,168,4
04/04/2022,GRA,ST017,QAR,PRK.4502,Low Fat Milk,0,0,0,4
04/04/2022,GRA,ST017,QAR,PRK.4503,Almond Milk,2,4,4,2
04/04/2022,GRA,ST017,QAR,PRK.4505,Less Sweet,0,0,0,1
04/04/2022,GRA,ST017,QAR,PRK.4509,Double Shot,0,0,0,1
04/04/2022,GRA,ST017,QAR,PRK.4531,w/ Granola,0,0,0,2
04/04/2022,GRA,ST017,QAR,PRK.4534,w/ Coconut Flakes,0,0,0,12
04/04/2022,GRA,ST017,QAR,PRK.4535,w/ Crispy Crepe,0,0,0,3
04/04/2022,GRA,ST017,QAR,PRK.4541,w/ Strawberry,0,0,0,42
04/04/2022,GRA,ST017,QAR,PRK.4544,w/ Pomegranate,0,0,0,24
04/04/2022,GRA,ST017,QAR,PRK.4549,w/ Mango Sauce,0,0,0,3
04/04/2022,GRA,ST017,QAR,PRK.4550,w/ Mango,0,0,0,51
