DATE,BRANCHCODE,WAREHOUSECODE,CURRENCY,ERPCODE,ITEMNAME,RAWPRICE,GROSSAMT,NETVALUE,QTYSOLD
11/04/2022,GRA,ST017,QAR,PRK.907,Zaatar Chips,6,42,42,7
11/04/2022,GRA,ST017,QAR,PRK.909,Spicy Pesto Chips,6,72,72,12
11/04/2022,GRA,ST017,QAR,PRK.910,Graze Spicy Mix Sml,25,525,525,21
11/04/2022,GRA,ST017,QAR,PRK.962,Extra flavor,3,54,54,18
11/04/2022,GRA,ST017,QAR,PRK.994,Crsnt w Egg/Avaca/ SunTom,24,1056,1056,44
11/04/2022,GRA,ST017,QAR,PRK.995,Egg Burrito,20,1780,1780,89
11/04/2022,GRA,ST017,QAR,PRK.996,Blueberry Granola parfait,25,1000,1000,40
11/04/2022,GRA,ST017,QAR,PRK.997,Yog Dates Chia Pista Alm,22,1078,1078,49
11/04/2022,GRA,ST017,QAR,PRK.1010,Tomato Puff Pastry,16,480,480,30
11/04/2022,GRA,ST017,QAR,PRK.1012,Three Berry Yogurt & Date,25,375,375,15
11/04/2022,GRA,ST017,QAR,PRK.1015,Kiri Cheese Danish,14,490,490,35
11/04/2022,GRA,ST017,QAR,PRK.1021,Shirazi Salad,12,216,216,18
11/04/2022,GRA,ST017,QAR,PRK.1023,Falafel Salad,45,1755,1755,39
11/04/2022,GRA,ST017,QAR,PRK.1024,Quinoa Swt potato Salad,40,280,280,7
11/04/2022,GRA,ST017,QAR,PRK.1027,Mex Chkn Chilli Bean Sld,40,1800,1800,45
11/04/2022,GRA,ST017,QAR,PRK.1029,Burrata Salad,50,550,550,11
11/04/2022,GRA,ST017,QAR,PRK.1031,Teriyaki GRAZE Salmn,55,3135,3135,57
11/04/2022,GRA,ST017,QAR,PRK.1039,Keto Chicken Salad,40,1520,1480,38
11/04/2022,GRA,ST017,QAR,PRK.1046,Greek Salad,30,930,930,31
11/04/2022,GRA,ST017,QAR,PRK.1048,Mexican  Caesar Salad chk,39,2223,2223,57
11/04/2022,GRA,ST017,QAR,PRK.1049,ROCCA SALAD,22,176,176,8
11/04/2022,GRA,ST017,QAR,PRK.1052,Smoke Turkey Sandwich,34,4148,4148,122
11/04/2022,GRA,ST017,QAR,PRK.1054,lemon&Rosemary Chkn,36,3564,3564,99
11/04/2022,GRA,ST017,QAR,PRK.1057,Steak & Philly Chz SW,32,1248,1248,39
11/04/2022,GRA,ST017,QAR,PRK.1063,Egg Mayo with Rocket,20,140,140,7
11/04/2022,GRA,ST017,QAR,PRK.1068,Crispy Chicken Bun,24,912,912,38
11/04/2022,GRA,ST017,QAR,PRK.1070,Chicken Pesto & Mozzarell,32,2016,1984,63
11/04/2022,GRA,ST017,QAR,PRK.1075,Avocado Toast,40,280,280,7
11/04/2022,GRA,ST017,QAR,PRK.1077,Spicy Halloumi,38,1026,1026,27
11/04/2022,GRA,ST017,QAR,PRK.1078,Graze Breakfast (egg box),32,1216,1216,38
11/04/2022,GRA,ST017,QAR,PRK.1083,Chkn Soup,19,817,817,43
11/04/2022,GRA,ST017,QAR,PRK.1087,Lentil Soup,20,1780,1780,89
11/04/2022,GRA,ST017,QAR,PRK.1089,Vegetable soup,16,704,688,44
11/04/2022,GRA,ST017,QAR,PRK.1113,Chkn Katsu Curry,45,1845,1845,41
11/04/2022,GRA,ST017,QAR,PRK.1115,Mushroom Pasta,40,920,920,23
11/04/2022,GRA,ST017,QAR,PRK.1118,Steak With Mushroom Sauce,45,2025,1980,45
11/04/2022,GRA,ST017,QAR,PRK.1119,Chicken Biryani,45,2340,2340,52
11/04/2022,GRA,ST017,QAR,PRK.1121,Chinese Sesame Chicken,40,2360,2360,59
11/04/2022,GRA,ST017,QAR,PRK.1127,Rock Shrimp,45,1170,1170,26
11/04/2022,GRA,ST017,QAR,PRK.1133,Lamb  Kabsa,45,2880,2880,64
11/04/2022,GRA,ST017,QAR,PRK.1140,Chicken Curry & Saffron r,43,1978,1978,46
11/04/2022,GRA,ST017,QAR,PRK.1145,Yoghurt & Cucumber dip,12,36,36,3
11/04/2022,GRA,ST017,QAR,PRK.1146,Spicy Guacamole Pot,13,143,143,11
11/04/2022,GRA,ST017,QAR,PRK.1149,Edamame Pot,12,60,60,5
11/04/2022,GRA,ST017,QAR,PRK.1155,Classic hummus pot,18,72,72,4
11/04/2022,GRA,ST017,QAR,PRK.1159,Greek Tabbouleh,20,160,160,8
11/04/2022,GRA,ST017,QAR,PRK.1160,Egg pot,16,32,32,2
11/04/2022,GRA,ST017,QAR,PRK.1161,Labneh Beetroot,12,24,24,2
11/04/2022,GRA,ST017,QAR,PRK.1173,Choco Chia Energy Ball,30,570,540,19
11/04/2022,GRA,ST017,QAR,PRK.1175,Pecan Bars,14,224,224,16
11/04/2022,GRA,ST017,QAR,PRK.1177,Carrot Cake,15,270,270,18
11/04/2022,GRA,ST017,QAR,PRK.1183,Bannana,2,294,294,147
11/04/2022,GRA,ST017,QAR,PRK.1184,Watermelon,18,756,756,42
11/04/2022,GRA,ST017,QAR,PRK.1185,Pineapplemix,18,936,936,52
11/04/2022,GRA,ST017,QAR,PRK.1186,Mixed Berries,22,1210,1210,55
11/04/2022,GRA,ST017,QAR,PRK.1194,Lotus Cheesecake,15,180,180,12
11/04/2022,GRA,ST017,QAR,PRK.1196,Chia Blueberry Yodurt,24,672,672,28
11/04/2022,GRA,ST017,QAR,PRK.1201,Iced Flat White,18,36,36,2
11/04/2022,GRA,ST017,QAR,PRK.1203,Iced Spanish Latte,20,180,180,9
11/04/2022,GRA,ST017,QAR,PRK.1204,Iced Latte,18,108,108,6
11/04/2022,GRA,ST017,QAR,PRK.1205,Iced Americano,15,15,15,1
11/04/2022,GRA,ST017,QAR,PRK.1234,Pepperoni Pizza small,40,160,160,4
11/04/2022,GRA,ST017,QAR,PRK.1235,Margherita Pizza small,30,150,150,5
11/04/2022,GRA,ST017,QAR,PRK.1236,BBQ chicken Pizza small,35,70,70,2
11/04/2022,GRA,ST017,QAR,PRK.1262,Highland Still,5,365,360,73
11/04/2022,GRA,ST017,QAR,PRK.1265,Perrier Sparkling,9,882,882,98
11/04/2022,GRA,ST017,QAR,PRK.1291,Coke,5,270,270,54
11/04/2022,GRA,ST017,QAR,PRK.1292,Diet Coke,5,985,985,197
11/04/2022,GRA,ST017,QAR,PRK.1351,Espresso Single,12,204,204,17
11/04/2022,GRA,ST017,QAR,PRK.1353,Americano Hot,15,1035,1035,69
11/04/2022,GRA,ST017,QAR,PRK.1354,Flat White Hot,18,1044,1044,58
11/04/2022,GRA,ST017,QAR,PRK.1355,Cappucino,18,1386,1386,77
11/04/2022,GRA,ST017,QAR,PRK.1356,Cortado,18,270,270,15
11/04/2022,GRA,ST017,QAR,PRK.1358,Spanish Latte,20,960,960,48
11/04/2022,GRA,ST017,QAR,PRK.1359,Classic Mocha,25,25,25,1
11/04/2022,GRA,ST017,QAR,PRK.1362,Double Espresso,14,378,364,27
11/04/2022,GRA,ST017,QAR,PRK.1363,Latte Hot,18,1260,1260,70
11/04/2022,GRA,ST017,QAR,PRK.1364,English B/F,12,48,48,4
11/04/2022,GRA,ST017,QAR,PRK.1365,Green Tea,12,12,12,1
11/04/2022,GRA,ST017,QAR,PRK.1366,Earl Grey,12,48,48,4
11/04/2022,GRA,ST017,QAR,PRK.1368,Lemon Grass/ Ginger,12,60,60,5
11/04/2022,GRA,ST017,QAR,PRK.1372,Hot Cocoa,24,24,24,1
11/04/2022,GRA,ST017,QAR,PRK.1373,Hibiscus Iced tea,18,612,612,34
11/04/2022,GRA,ST017,QAR,PRK.1374,Peach Iced Tea,18,486,486,27
11/04/2022,GRA,ST017,QAR,PRK.1375,Matcha Latte,25,50,50,2
11/04/2022,GRA,ST017,QAR,PRK.1376,Cinnamon Latte,25,25,25,1
11/04/2022,GRA,ST017,QAR,PRK.1386,Orange Juice,22,2838,2838,129
11/04/2022,GRA,ST017,QAR,PRK.1387,Carrot Juice,22,352,352,16
11/04/2022,GRA,ST017,QAR,PRK.1390,Morning Boost,24,912,912,38
11/04/2022,GRA,ST017,QAR,PRK.1392,Immune Boost,22,594,594,27
11/04/2022,GRA,ST017,QAR,PRK.1396,Ginger Aid Shot,18,846,846,47
11/04/2022,GRA,ST017,QAR,PRK.1402,Laban Drink,18,324,324,18
11/04/2022,GRA,ST017,QAR,PRK.1404,Green Boost Juice,24,720,720,30
11/04/2022,GRA,ST017,QAR,PRK.1406,Beetroot & Apple Juice,20,820,820,41
11/04/2022,GRA,ST017,QAR,PRK.1409,Turmeric wellness shot,16,240,240,15
11/04/2022,GRA,ST017,QAR,PRK.1412, Mini Cup Yogurt,14,14,14,1
11/04/2022,GRA,ST017,QAR,PRK.1429,Mini Mango Ice Cream,14,182,168,13
11/04/2022,GRA,ST017,QAR,PRK.1430,Regular Mango Ice Cream,21,126,126,6
11/04/2022,GRA,ST017,QAR,PRK.1431,Large Mango Ice Cream,23,46,46,2
11/04/2022,GRA,ST017,QAR,PRK.1432,Mini Mango Ice Cream/Topp,18,72,72,4
11/04/2022,GRA,ST017,QAR,PRK.1433,Reg Mango Ice cream/Topp,26,26,26,1
11/04/2022,GRA,ST017,QAR,PRK.1502,Strawberry,3,12,12,4
11/04/2022,GRA,ST017,QAR,PRK.1508,Granola,3,3,3,1
11/04/2022,GRA,ST017,QAR,PRK.1523,Peanut Butter Sauce,3,3,3,1
11/04/2022,GRA,ST017,QAR,PRK.1527,Mango,3,3,3,1
11/04/2022,GRA,ST017,QAR,PRK.1588,Acai Small,35,1435,1435,41
11/04/2022,GRA,ST017,QAR,PRK.1589,Acai Large,40,760,760,19
11/04/2022,GRA,ST017,QAR,PRK.1623,Brownie flavour cookies,10,610,610,61
11/04/2022,GRA,ST017,QAR,PRK.1628,Brownie bites,13,611,611,47
11/04/2022,GRA,ST017,QAR,PRK.1632,Turkey cheese roll,19,342,342,18
11/04/2022,GRA,ST017,QAR,PRK.1633,Spinach feta roll,18,324,324,18
11/04/2022,GRA,ST017,QAR,PRK.1634,Madeleine,12,900,900,75
11/04/2022,GRA,ST017,QAR,PRK.1651,■PB & Jam sourdough bread,18,378,378,21
11/04/2022,GRA,ST017,QAR,PRK.1655,Graze Oatmeal,30,3330,3330,111
11/04/2022,GRA,ST017,QAR,PRK.1711,Pomegranate Pot,18,360,360,20
11/04/2022,GRA,ST017,QAR,PRK.1713,Overnight oats PB&Jam,25,850,850,34
11/04/2022,GRA,ST017,QAR,PRK.1741,Spicy Tuna sandwich,26,572,572,22
11/04/2022,GRA,ST017,QAR,PRK.1742,Three cheese,22,924,924,42
11/04/2022,GRA,ST017,QAR,PRK.1743,Falafel and Labna,25,325,325,13
11/04/2022,GRA,ST017,QAR,PRK.1748,Chicken Shawarma,18,3312,3312,184
11/04/2022,GRA,ST017,QAR,PRK.1749,Tenderloin Beef Shawarma,22,1386,1386,63
11/04/2022,GRA,ST017,QAR,PRK.1750,Cream Cheese Roll,9,594,594,66
11/04/2022,GRA,ST017,QAR,PRK.1751,Egg Mayo Roll,9,1323,1323,147
11/04/2022,GRA,ST017,QAR,PRK.1771,Pistachio Arabeshi,5,20,20,4
11/04/2022,GRA,ST017,QAR,PRK.1775,Honey Comb,5,5,5,1
11/04/2022,GRA,ST017,QAR,PRK.1834,Spaghetti Bolognese,45,720,720,16
11/04/2022,GRA,ST017,QAR,PRK.1835,Salmon with Cilantro Rice,65,2405,2405,37
11/04/2022,GRA,ST017,QAR,PRK.1836,Chicken Noodle Bowl,40,960,960,24
11/04/2022,GRA,ST017,QAR,PRK.4502,Low Fat Milk,0,0,0,7
11/04/2022,GRA,ST017,QAR,PRK.4503,Almond Milk,2,38,38,19
11/04/2022,GRA,ST017,QAR,PRK.4504,Soya Milk,2,22,22,11
11/04/2022,GRA,ST017,QAR,PRK.4519,caramel flavor,0,0,0,6
11/04/2022,GRA,ST017,QAR,PRK.4521,Oat Milk,2,6,6,3
11/04/2022,GRA,ST017,QAR,PRK.4531,w/ Granola,0,0,0,4
11/04/2022,GRA,ST017,QAR,PRK.4545,w/ Dulce de leche,0,0,0,1
11/04/2022,GRA,ST017,QAR,PRK.4550,w/ Mango,0,0,0,2
