DATE,BRANCHCODE,WAREHOUSECODE,CURRENCY,ERPCODE,ITEMNAME,RAWPRICE,GROSSAMT,NETVALUE,QTYSOLD
07/04/2022,GRA,ST017,QAR,PRK.907,Zaatar Chips,6,6,6,1
07/04/2022,GRA,ST017,QAR,PRK.909,Spicy Pesto Chips,6,12,12,2
07/04/2022,GRA,ST017,QAR,PRK.910,Graze Spicy Mix Sml,25,550,550,22
07/04/2022,GRA,ST017,QAR,PRK.962,Extra flavor,3,45,45,15
07/04/2022,GRA,ST017,QAR,PRK.994,Crsnt w Egg/Avaca/ SunTom,24,720,720,30
07/04/2022,GRA,ST017,QAR,PRK.995,Egg Burrito,20,680,680,34
07/04/2022,GRA,ST017,QAR,PRK.996,Blueberry Granola parfait,25,875,875,35
07/04/2022,GRA,ST017,QAR,PRK.997,Yog Dates Chia Pista Alm,22,660,660,30
07/04/2022,GRA,ST017,QAR,PRK.1010,Tomato Puff Pastry,16,352,352,22
07/04/2022,GRA,ST017,QAR,PRK.1012,Three Berry Yogurt & Date,25,75,75,3
07/04/2022,GRA,ST017,QAR,PRK.1015,Kiri Cheese Danish,14,266,266,19
07/04/2022,GRA,ST017,QAR,PRK.1021,Shirazi Salad,12,120,120,10
07/04/2022,GRA,ST017,QAR,PRK.1023,Falafel Salad,35,1155,1155,33
07/04/2022,GRA,ST017,QAR,PRK.1024,Quinoa Swt potato Salad,40,480,480,12
07/04/2022,GRA,ST017,QAR,PRK.1027,Mex Chkn Chilli Bean Sld,40,760,760,19
07/04/2022,GRA,ST017,QAR,PRK.1029,Burrata Salad,50,300,300,6
07/04/2022,GRA,ST017,QAR,PRK.1031,Teriyaki GRAZE Salmn,55,1980,1980,36
07/04/2022,GRA,ST017,QAR,PRK.1034,BBQ Chick Peas,38,760,760,20
07/04/2022,GRA,ST017,QAR,PRK.1039,Keto Chicken Salad,40,1040,1040,26
07/04/2022,GRA,ST017,QAR,PRK.1044,Southern Chicken Salad,45,900,900,20
07/04/2022,GRA,ST017,QAR,PRK.1048,Mexican  Caesar Salad chk,39,1599,1599,41
07/04/2022,GRA,ST017,QAR,PRK.1049,ROCCA SALAD,22,396,396,18
07/04/2022,GRA,ST017,QAR,PRK.1052,Smoke Turkey Sandwich,34,1904,1904,56
07/04/2022,GRA,ST017,QAR,PRK.1054,lemon&Rosemary Chkn,36,2952,2952,82
07/04/2022,GRA,ST017,QAR,PRK.1057,Steak & Philly Chz SW,32,1440,1440,45
07/04/2022,GRA,ST017,QAR,PRK.1063,Egg Mayo with Rocket,20,340,340,17
07/04/2022,GRA,ST017,QAR,PRK.1068,Crispy Chicken Bun,24,600,600,25
07/04/2022,GRA,ST017,QAR,PRK.1070,Chicken Pesto & Mozzarell,32,1184,1184,37
07/04/2022,GRA,ST017,QAR,PRK.1075,Avocado Toast,40,680,680,17
07/04/2022,GRA,ST017,QAR,PRK.1077,Spicy Halloumi,38,608,608,16
07/04/2022,GRA,ST017,QAR,PRK.1078,Graze Breakfast (egg box),32,736,736,23
07/04/2022,GRA,ST017,QAR,PRK.1083,Chkn Soup,19,437,437,23
07/04/2022,GRA,ST017,QAR,PRK.1086,Lamb Soup,28,392,392,14
07/04/2022,GRA,ST017,QAR,PRK.1087,Lentil Soup,20,1080,1080,54
07/04/2022,GRA,ST017,QAR,PRK.1111,Penne Bolognese,50,650,650,13
07/04/2022,GRA,ST017,QAR,PRK.1113,Chkn Katsu Curry,45,1440,1440,32
07/04/2022,GRA,ST017,QAR,PRK.1115,Mushroom Pasta,40,880,880,22
07/04/2022,GRA,ST017,QAR,PRK.1118,Steak With Mushroom Sauce,45,1395,1395,31
07/04/2022,GRA,ST017,QAR,PRK.1119,Chicken Biryani,45,2340,2340,52
07/04/2022,GRA,ST017,QAR,PRK.1121,Chinese Sesame Chicken,40,1800,1800,45
07/04/2022,GRA,ST017,QAR,PRK.1127,Rock Shrimp,45,765,765,17
07/04/2022,GRA,ST017,QAR,PRK.1133,Lamb  Kabsa,45,2115,2115,47
07/04/2022,GRA,ST017,QAR,PRK.1140,Chicken Curry & Saffron r,43,1333,1333,31
07/04/2022,GRA,ST017,QAR,PRK.1145,Yoghurt & Cucumber dip,12,180,180,15
07/04/2022,GRA,ST017,QAR,PRK.1146,Spicy Guacamole Pot,13,117,117,9
07/04/2022,GRA,ST017,QAR,PRK.1149,Edamame Pot,12,36,36,3
07/04/2022,GRA,ST017,QAR,PRK.1159,Greek Tabbouleh,20,140,140,7
07/04/2022,GRA,ST017,QAR,PRK.1173,Choco Chia Energy Ball,30,600,600,20
07/04/2022,GRA,ST017,QAR,PRK.1175,Pecan Bars,14,98,98,7
07/04/2022,GRA,ST017,QAR,PRK.1177,Carrot Cake,15,195,195,13
07/04/2022,GRA,ST017,QAR,PRK.1178,Sweet Potatoe Choco Cake,15,15,15,1
07/04/2022,GRA,ST017,QAR,PRK.1183,Bannana,2,18,18,9
07/04/2022,GRA,ST017,QAR,PRK.1184,Watermelon,18,558,558,31
07/04/2022,GRA,ST017,QAR,PRK.1185,Pineapplemix,18,612,612,34
07/04/2022,GRA,ST017,QAR,PRK.1186,Mixed Berries,22,616,616,28
07/04/2022,GRA,ST017,QAR,PRK.1201,Iced Flat White,18,18,18,1
07/04/2022,GRA,ST017,QAR,PRK.1203,Iced Spanish Latte,20,140,140,7
07/04/2022,GRA,ST017,QAR,PRK.1204,Iced Latte,18,216,216,12
07/04/2022,GRA,ST017,QAR,PRK.1205,Iced Americano,15,15,15,1
07/04/2022,GRA,ST017,QAR,PRK.1262,Highland Still,5,220,220,44
07/04/2022,GRA,ST017,QAR,PRK.1265,Perrier Sparkling,9,81,81,9
07/04/2022,GRA,ST017,QAR,PRK.1291,Coke,5,230,230,46
07/04/2022,GRA,ST017,QAR,PRK.1292,Diet Coke,5,495,495,99
07/04/2022,GRA,ST017,QAR,PRK.1351,Espresso Single,12,24,24,2
07/04/2022,GRA,ST017,QAR,PRK.1353,Americano Hot,15,285,285,19
07/04/2022,GRA,ST017,QAR,PRK.1354,Flat White Hot,18,144,144,8
07/04/2022,GRA,ST017,QAR,PRK.1355,Cappucino,18,414,414,23
07/04/2022,GRA,ST017,QAR,PRK.1356,Cortado,18,126,126,7
07/04/2022,GRA,ST017,QAR,PRK.1358,Spanish Latte,20,120,120,6
07/04/2022,GRA,ST017,QAR,PRK.1359,Classic Mocha,25,50,50,2
07/04/2022,GRA,ST017,QAR,PRK.1360,Slated Caramel Mocha,25,25,25,1
07/04/2022,GRA,ST017,QAR,PRK.1362,Double Espresso,14,434,434,31
07/04/2022,GRA,ST017,QAR,PRK.1363,Latte Hot,18,666,666,37
07/04/2022,GRA,ST017,QAR,PRK.1364,English B/F,12,60,60,5
07/04/2022,GRA,ST017,QAR,PRK.1365,Green Tea,12,36,36,3
07/04/2022,GRA,ST017,QAR,PRK.1372,Hot Cocoa,24,240,240,10
07/04/2022,GRA,ST017,QAR,PRK.1373,Hibiscus Iced tea,18,306,306,17
07/04/2022,GRA,ST017,QAR,PRK.1374,Peach Iced Tea,18,432,432,24
07/04/2022,GRA,ST017,QAR,PRK.1376,Cinnamon Latte,25,75,75,3
07/04/2022,GRA,ST017,QAR,PRK.1386,Orange Juice,22,2068,2068,94
07/04/2022,GRA,ST017,QAR,PRK.1387,Carrot Juice,22,264,264,12
07/04/2022,GRA,ST017,QAR,PRK.1390,Morning Boost,24,744,744,31
07/04/2022,GRA,ST017,QAR,PRK.1392,Immune Boost,22,462,462,21
07/04/2022,GRA,ST017,QAR,PRK.1396,Ginger Aid Shot,18,774,774,43
07/04/2022,GRA,ST017,QAR,PRK.1402,Laban Drink,18,180,180,10
07/04/2022,GRA,ST017,QAR,PRK.1404,Green Boost Juice,24,600,600,25
07/04/2022,GRA,ST017,QAR,PRK.1405,Watermelon & Coconut cool,20,40,40,2
07/04/2022,GRA,ST017,QAR,PRK.1406,Beetroot & Apple Juice,20,760,760,38
07/04/2022,GRA,ST017,QAR,PRK.1407,Coconut & Pineapple Juice,24,48,48,2
07/04/2022,GRA,ST017,QAR,PRK.1409,Turmeric wellness shot,16,192,192,12
07/04/2022,GRA,ST017,QAR,PRK.1412, Mini Cup Yogurt,14,168,168,12
07/04/2022,GRA,ST017,QAR,PRK.1418, Mini Cup Yogurt/Topping,18,36,36,2
07/04/2022,GRA,ST017,QAR,PRK.1419,Reg Cup Yogurt/Toping,26,26,26,1
07/04/2022,GRA,ST017,QAR,PRK.1429,Mini Mango Ice Cream,14,266,266,19
07/04/2022,GRA,ST017,QAR,PRK.1430,Regular Mango Ice Cream,21,84,84,4
07/04/2022,GRA,ST017,QAR,PRK.1432,Mini Mango Ice Cream/Topp,18,54,54,3
07/04/2022,GRA,ST017,QAR,PRK.1561,Mini Pomegranate i/c,14,70,70,5
07/04/2022,GRA,ST017,QAR,PRK.1564,Mini pomegranate /topping,18,18,18,1
07/04/2022,GRA,ST017,QAR,PRK.1623,Brownie flavour cookies,10,500,500,50
07/04/2022,GRA,ST017,QAR,PRK.1628,Brownie bites,13,78,78,6
07/04/2022,GRA,ST017,QAR,PRK.1632,Turkey cheese roll,19,475,475,25
07/04/2022,GRA,ST017,QAR,PRK.1633,Spinach feta roll,18,414,414,23
07/04/2022,GRA,ST017,QAR,PRK.1655,Graze Oatmeal,30,1650,1650,55
07/04/2022,GRA,ST017,QAR,PRK.1711,Pomegranate Pot,18,54,54,3
07/04/2022,GRA,ST017,QAR,PRK.1713,Overnight oats PB&Jam,25,575,575,23
07/04/2022,GRA,ST017,QAR,PRK.1741,Spicy Tuna sandwich,26,416,416,16
07/04/2022,GRA,ST017,QAR,PRK.1742,Three cheese,22,572,572,26
07/04/2022,GRA,ST017,QAR,PRK.1743,Falafel and Labna,25,650,650,26
07/04/2022,GRA,ST017,QAR,PRK.1771,Pistachio Arabeshi,5,50,50,10
07/04/2022,GRA,ST017,QAR,PRK.1801,GRAZE CLUB SANDWICH,42,462,462,11
07/04/2022,GRA,ST017,QAR,PRK.1802,BEEF BURGER,35,35,35,1
07/04/2022,GRA,ST017,QAR,PRK.4502,Low Fat Milk,0,0,0,1
07/04/2022,GRA,ST017,QAR,PRK.4503,Almond Milk,2,18,18,9
07/04/2022,GRA,ST017,QAR,PRK.4504,Soya Milk,2,16,16,8
07/04/2022,GRA,ST017,QAR,PRK.4505,Less Sweet,0,0,0,1
07/04/2022,GRA,ST017,QAR,PRK.4509,Double Shot,0,0,0,4
07/04/2022,GRA,ST017,QAR,PRK.4520,hazelnut flavor,0,0,0,1
07/04/2022,GRA,ST017,QAR,PRK.4535,w/ Crispy Crepe,0,0,0,7
07/04/2022,GRA,ST017,QAR,PRK.4541,w/ Strawberry,0,0,0,1
07/04/2022,GRA,ST017,QAR,PRK.4544,w/ Pomegranate,0,0,0,1
07/04/2022,GRA,ST017,QAR,PRK.4550,w/ Mango,0,0,0,3
07/04/2022,GRA,ST017,QAR,PRK.4552,w/ Crushed Grahams,0,0,0,1
07/04/2022,GRA,ST017,QAR,PRK.4561,MIXED FROZEN YOGURT,0,0,0,7
