DATE,BRANCHCODE,WAREHOUSECODE,CURRENCY,ERPCODE,ITEMNAME,RAWPRICE,GROSSAMT,NETVALUE,QTYSOLD
12/04/2022,GRA,ST017,QAR,PRK.902,Granola,55,55,55,1
12/04/2022,GRA,ST017,QAR,PRK.907,Zaatar Chips,6,60,60,10
12/04/2022,GRA,ST017,QAR,PRK.909,Spicy Pesto Chips,6,102,102,17
12/04/2022,GRA,ST017,QAR,PRK.910,Graze Spicy Mix Sml,25,425,425,17
12/04/2022,GRA,ST017,QAR,PRK.911,Graze House Mix Sml,25,100,100,4
12/04/2022,GRA,ST017,QAR,PRK.961,Extra cheese,5,5,5,1
12/04/2022,GRA,ST017,QAR,PRK.962,Extra flavor,3,42,42,14
12/04/2022,GRA,ST017,QAR,PRK.994,Crsnt w Egg/Avaca/ SunTom,24,1056,1056,44
12/04/2022,GRA,ST017,QAR,PRK.995,Egg Burrito,20,560,560,28
12/04/2022,GRA,ST017,QAR,PRK.996,Blueberry Granola parfait,25,875,875,35
12/04/2022,GRA,ST017,QAR,PRK.997,Yog Dates Chia Pista Alm,22,748,748,34
12/04/2022,GRA,ST017,QAR,PRK.1003,Cheese Croissant,16,80,80,5
12/04/2022,GRA,ST017,QAR,PRK.1007,Zatar Croissant,16,256,256,16
12/04/2022,GRA,ST017,QAR,PRK.1008,Chocolate Croissant,16,64,64,4
12/04/2022,GRA,ST017,QAR,PRK.1010,Tomato Puff Pastry,16,224,224,14
12/04/2022,GRA,ST017,QAR,PRK.1012,Three Berry Yogurt & Date,25,375,375,15
12/04/2022,GRA,ST017,QAR,PRK.1015,Kiri Cheese Danish,14,378,378,27
12/04/2022,GRA,ST017,QAR,PRK.1016,Plain Croissant,10,210,210,21
12/04/2022,GRA,ST017,QAR,PRK.1020,Almond Croissant,16,128,128,8
12/04/2022,GRA,ST017,QAR,PRK.1021,Shirazi Salad,12,264,264,22
12/04/2022,GRA,ST017,QAR,PRK.1023,Falafel Salad,45,855,855,19
12/04/2022,GRA,ST017,QAR,PRK.1024,Quinoa Swt potato Salad,40,320,320,8
12/04/2022,GRA,ST017,QAR,PRK.1027,Mex Chkn Chilli Bean Sld,40,1520,1520,38
12/04/2022,GRA,ST017,QAR,PRK.1029,Burrata Salad,50,450,450,9
12/04/2022,GRA,ST017,QAR,PRK.1031,Teriyaki GRAZE Salmn,55,3355,3355,61
12/04/2022,GRA,ST017,QAR,PRK.1039,Keto Chicken Salad,40,1040,1040,26
12/04/2022,GRA,ST017,QAR,PRK.1046,Greek Salad,30,570,570,19
12/04/2022,GRA,ST017,QAR,PRK.1048,Mexican  Caesar Salad chk,39,1599,1599,41
12/04/2022,GRA,ST017,QAR,PRK.1049,ROCCA SALAD,22,352,352,16
12/04/2022,GRA,ST017,QAR,PRK.1052,Smoke Turkey Sandwich,34,4046,4046,119
12/04/2022,GRA,ST017,QAR,PRK.1054,lemon&Rosemary Chkn,36,3168,3168,88
12/04/2022,GRA,ST017,QAR,PRK.1057,Steak & Philly Chz SW,32,832,832,26
12/04/2022,GRA,ST017,QAR,PRK.1063,Egg Mayo with Rocket,20,40,40,2
12/04/2022,GRA,ST017,QAR,PRK.1068,Crispy Chicken Bun,24,720,720,30
12/04/2022,GRA,ST017,QAR,PRK.1070,Chicken Pesto & Mozzarell,32,2016,2016,63
12/04/2022,GRA,ST017,QAR,PRK.1075,Avocado Toast,40,440,440,11
12/04/2022,GRA,ST017,QAR,PRK.1077,Spicy Halloumi,38,1064,1064,28
12/04/2022,GRA,ST017,QAR,PRK.1078,Graze Breakfast (egg box),32,960,960,30
12/04/2022,GRA,ST017,QAR,PRK.1083,Chkn Soup,19,874,874,46
12/04/2022,GRA,ST017,QAR,PRK.1087,Lentil Soup,20,1860,1860,93
12/04/2022,GRA,ST017,QAR,PRK.1089,Vegetable soup,16,848,848,53
12/04/2022,GRA,ST017,QAR,PRK.1113,Chkn Katsu Curry,45,1350,1350,30
12/04/2022,GRA,ST017,QAR,PRK.1115,Mushroom Pasta,40,1280,1280,32
12/04/2022,GRA,ST017,QAR,PRK.1118,Steak With Mushroom Sauce,45,1710,1710,38
12/04/2022,GRA,ST017,QAR,PRK.1119,Chicken Biryani,45,2160,2160,48
12/04/2022,GRA,ST017,QAR,PRK.1121,Chinese Sesame Chicken,40,1520,1520,38
12/04/2022,GRA,ST017,QAR,PRK.1127,Rock Shrimp,45,585,585,13
12/04/2022,GRA,ST017,QAR,PRK.1133,Lamb  Kabsa,45,2070,2070,46
12/04/2022,GRA,ST017,QAR,PRK.1140,Chicken Curry & Saffron r,43,1118,1118,26
12/04/2022,GRA,ST017,QAR,PRK.1145,Yoghurt & Cucumber dip,12,108,108,9
12/04/2022,GRA,ST017,QAR,PRK.1146,Spicy Guacamole Pot,13,91,91,7
12/04/2022,GRA,ST017,QAR,PRK.1149,Edamame Pot,12,120,120,10
12/04/2022,GRA,ST017,QAR,PRK.1155,Classic hummus pot,18,72,72,4
12/04/2022,GRA,ST017,QAR,PRK.1159,Greek Tabbouleh,20,80,80,4
12/04/2022,GRA,ST017,QAR,PRK.1173,Choco Chia Energy Ball,30,660,660,22
12/04/2022,GRA,ST017,QAR,PRK.1175,Pecan Bars,14,154,154,11
12/04/2022,GRA,ST017,QAR,PRK.1177,Carrot Cake,15,210,210,14
12/04/2022,GRA,ST017,QAR,PRK.1183,Bannana,2,200,200,100
12/04/2022,GRA,ST017,QAR,PRK.1184,Watermelon,18,594,594,33
12/04/2022,GRA,ST017,QAR,PRK.1185,Pineapplemix,18,900,900,50
12/04/2022,GRA,ST017,QAR,PRK.1186,Mixed Berries,22,836,836,38
12/04/2022,GRA,ST017,QAR,PRK.1194,Lotus Cheesecake,15,360,360,24
12/04/2022,GRA,ST017,QAR,PRK.1196,Chia Blueberry Yodurt,24,504,504,21
12/04/2022,GRA,ST017,QAR,PRK.1201,Iced Flat White,18,108,108,6
12/04/2022,GRA,ST017,QAR,PRK.1203,Iced Spanish Latte,20,80,80,4
12/04/2022,GRA,ST017,QAR,PRK.1204,Iced Latte,18,126,126,7
12/04/2022,GRA,ST017,QAR,PRK.1205,Iced Americano,15,75,75,5
12/04/2022,GRA,ST017,QAR,PRK.1234,Pepperoni Pizza small,40,160,160,4
12/04/2022,GRA,ST017,QAR,PRK.1235,Margherita Pizza small,30,30,30,1
12/04/2022,GRA,ST017,QAR,PRK.1236,BBQ chicken Pizza small,35,70,70,2
12/04/2022,GRA,ST017,QAR,PRK.1262,Highland Still,5,310,310,62
12/04/2022,GRA,ST017,QAR,PRK.1265,Perrier Sparkling,9,621,621,69
12/04/2022,GRA,ST017,QAR,PRK.1291,Coke,5,265,265,53
12/04/2022,GRA,ST017,QAR,PRK.1292,Diet Coke,5,795,795,159
12/04/2022,GRA,ST017,QAR,PRK.1351,Espresso Single,12,72,72,6
12/04/2022,GRA,ST017,QAR,PRK.1353,Americano Hot,15,660,660,44
12/04/2022,GRA,ST017,QAR,PRK.1354,Flat White Hot,18,522,522,29
12/04/2022,GRA,ST017,QAR,PRK.1355,Cappucino,18,1512,1512,84
12/04/2022,GRA,ST017,QAR,PRK.1356,Cortado,18,234,234,13
12/04/2022,GRA,ST017,QAR,PRK.1358,Spanish Latte,20,560,560,28
12/04/2022,GRA,ST017,QAR,PRK.1359,Classic Mocha,25,50,50,2
12/04/2022,GRA,ST017,QAR,PRK.1362,Double Espresso,14,168,168,12
12/04/2022,GRA,ST017,QAR,PRK.1363,Latte Hot,18,594,594,33
12/04/2022,GRA,ST017,QAR,PRK.1366,Earl Grey,12,84,84,7
12/04/2022,GRA,ST017,QAR,PRK.1372,Hot Cocoa,24,96,96,4
12/04/2022,GRA,ST017,QAR,PRK.1373,Hibiscus Iced tea,18,306,306,17
12/04/2022,GRA,ST017,QAR,PRK.1374,Peach Iced Tea,18,216,216,12
12/04/2022,GRA,ST017,QAR,PRK.1375,Matcha Latte,25,125,125,5
12/04/2022,GRA,ST017,QAR,PRK.1386,Orange Juice,22,2002,2002,91
12/04/2022,GRA,ST017,QAR,PRK.1387,Carrot Juice,22,352,352,16
12/04/2022,GRA,ST017,QAR,PRK.1390,Morning Boost,24,864,864,36
12/04/2022,GRA,ST017,QAR,PRK.1392,Immune Boost,22,660,660,30
12/04/2022,GRA,ST017,QAR,PRK.1396,Ginger Aid Shot,18,1278,1278,71
12/04/2022,GRA,ST017,QAR,PRK.1402,Laban Drink,18,468,468,26
12/04/2022,GRA,ST017,QAR,PRK.1404,Green Boost Juice,24,528,528,22
12/04/2022,GRA,ST017,QAR,PRK.1406,Beetroot & Apple Juice,20,780,780,39
12/04/2022,GRA,ST017,QAR,PRK.1409,Turmeric wellness shot,16,640,640,40
12/04/2022,GRA,ST017,QAR,PRK.1429,Mini Mango Ice Cream,14,294,294,21
12/04/2022,GRA,ST017,QAR,PRK.1430,Regular Mango Ice Cream,21,105,105,5
12/04/2022,GRA,ST017,QAR,PRK.1431,Large Mango Ice Cream,23,161,161,7
12/04/2022,GRA,ST017,QAR,PRK.1432,Mini Mango Ice Cream/Topp,18,54,54,3
12/04/2022,GRA,ST017,QAR,PRK.1502,Strawberry,3,3,3,1
12/04/2022,GRA,ST017,QAR,PRK.1508,Granola,3,3,3,1
12/04/2022,GRA,ST017,QAR,PRK.1588,Acai Small,35,945,945,27
12/04/2022,GRA,ST017,QAR,PRK.1589,Acai Large,40,400,400,10
12/04/2022,GRA,ST017,QAR,PRK.1623,Brownie flavour cookies,10,580,580,58
12/04/2022,GRA,ST017,QAR,PRK.1626,Cinnamon Roll,13,182,182,14
12/04/2022,GRA,ST017,QAR,PRK.1628,Brownie bites,13,286,286,22
12/04/2022,GRA,ST017,QAR,PRK.1632,Turkey cheese roll,19,551,551,29
12/04/2022,GRA,ST017,QAR,PRK.1633,Spinach feta roll,18,396,396,22
12/04/2022,GRA,ST017,QAR,PRK.1634,Madeleine,12,672,672,56
12/04/2022,GRA,ST017,QAR,PRK.1635,Poppy Lemon seeds,12,276,276,23
12/04/2022,GRA,ST017,QAR,PRK.1651,■PB & Jam sourdough bread,18,360,360,20
12/04/2022,GRA,ST017,QAR,PRK.1655,Graze Oatmeal,30,2970,2970,99
12/04/2022,GRA,ST017,QAR,PRK.1711,Pomegranate Pot,18,306,306,17
12/04/2022,GRA,ST017,QAR,PRK.1712,Mango Peach Muesli Pot,24,168,168,7
12/04/2022,GRA,ST017,QAR,PRK.1713,Overnight oats PB&Jam,25,975,975,39
12/04/2022,GRA,ST017,QAR,PRK.1741,Spicy Tuna sandwich,26,806,806,31
12/04/2022,GRA,ST017,QAR,PRK.1742,Three cheese,22,594,594,27
12/04/2022,GRA,ST017,QAR,PRK.1743,Falafel and Labna,25,200,200,8
12/04/2022,GRA,ST017,QAR,PRK.1748,Chicken Shawarma,18,2178,2178,121
12/04/2022,GRA,ST017,QAR,PRK.1749,Tenderloin Beef Shawarma,22,1012,1012,46
12/04/2022,GRA,ST017,QAR,PRK.1750,Cream Cheese Roll,9,846,846,94
12/04/2022,GRA,ST017,QAR,PRK.1751,Egg Mayo Roll,9,1530,1530,170
12/04/2022,GRA,ST017,QAR,PRK.1771,Pistachio Arabeshi,5,30,30,6
12/04/2022,GRA,ST017,QAR,PRK.1834,Spaghetti Bolognese,45,765,765,17
12/04/2022,GRA,ST017,QAR,PRK.1835,Salmon with Cilantro Rice,65,2275,2275,35
12/04/2022,GRA,ST017,QAR,PRK.1836,Chicken Noodle Bowl,40,680,680,17
12/04/2022,GRA,ST017,QAR,PRK.4503,Almond Milk,2,26,26,13
12/04/2022,GRA,ST017,QAR,PRK.4504,Soya Milk,2,38,38,19
12/04/2022,GRA,ST017,QAR,PRK.4517,Vanilla Flavor,0,0,0,1
12/04/2022,GRA,ST017,QAR,PRK.4519,caramel flavor,0,0,0,10
12/04/2022,GRA,ST017,QAR,PRK.4521,Oat Milk,2,28,28,14
12/04/2022,GRA,ST017,QAR,PRK.4523,Coconut Milk,2,12,12,6
12/04/2022,GRA,ST017,QAR,PRK.4541,w/ Strawberry,0,0,0,4
12/04/2022,GRA,ST017,QAR,PRK.4550,w/ Mango,0,0,0,6
