DATE,BRANCHCODE,WAREHOUSECODE,CURRENCY,ERPCODE,ITEMNAME,RAWPRICE,GROSSAMT,NETVALUE,QTYSOLD
08/01/2022,VOL,ST001,QAR,RM.1,Salmon,14,126,126,9
08/01/2022,VOL,ST001,QAR,RM.2,Bacon,14,154,154,11
08/01/2022,VOL,ST001,QAR,RM.3,Cheese,14,784,784,56
08/01/2022,VOL,ST001,QAR,RM.4,Turkey,14,322,322,23
08/01/2022,VOL,ST001,QAR,RM.5,Extra chicken,10,180,180,18
08/01/2022,VOL,ST001,QAR,RM.6,Egg,6,348,348,58
08/01/2022,VOL,ST001,QAR,RM.8,Avocado,12,120,120,10
08/01/2022,VOL,ST001,QAR,RM.62,Halloumi Fries,20,5020,5020,251
08/01/2022,VOL,ST001,QAR,RM.63,Baked Potato Wedges,20,2640,2640,132
08/01/2022,VOL,ST001,QAR,RM.64,French fries,15,5235,5235,349
08/01/2022,VOL,ST001,QAR,RM.125,Small cereal ice cream,7,735,735,105
08/01/2022,VOL,ST001,QAR,RM.126,Medium cereal ice cream,15,480,480,32
08/01/2022,VOL,ST001,QAR,RM.127,Mango ice pudding,40,1840,1840,46
08/01/2022,VOL,ST001,QAR,RM.157,Slice Tiramisu Portofino,40,10680,10680,267
08/01/2022,VOL,ST001,QAR,RM.181,Espreso,18,702,702,39
08/01/2022,VOL,ST001,QAR,RM.182,Double Espreso,20,1220,1220,61
08/01/2022,VOL,ST001,QAR,RM.183,Americano,20,6640,6640,332
08/01/2022,VOL,ST001,QAR,RM.184,Cappucino,24,12384,12384,516
08/01/2022,VOL,ST001,QAR,RM.186,Latte Cold,24,2760,2760,115
08/01/2022,VOL,ST001,QAR,RM.187,V60 Pour Over,24,5832,5832,243
08/01/2022,VOL,ST001,QAR,RM.188,French Press,24,360,360,15
08/01/2022,VOL,ST001,QAR,RM.189,Mocha Pot,24,120,120,5
08/01/2022,VOL,ST001,QAR,RM.191,Cold Drip,24,1992,1992,83
08/01/2022,VOL,ST001,QAR,RM.193,Flat White hot,24,13344,13344,556
08/01/2022,VOL,ST001,QAR,RM.194,Macciatto,20,80,80,4
08/01/2022,VOL,ST001,QAR,RM.197,Morochino,24,384,384,16
08/01/2022,VOL,ST001,QAR,RM.198,cortado,24,6072,6072,253
08/01/2022,VOL,ST001,QAR,RM.200,Latte Hot,24,7128,7128,297
08/01/2022,VOL,ST001,QAR,RM.201,Milk,20,60,60,3
08/01/2022,VOL,ST001,QAR,RM.206,Double espresso Machiatto,24,216,216,9
08/01/2022,VOL,ST001,QAR,RM.207,Americano ice,20,2400,2400,120
08/01/2022,VOL,ST001,QAR,RM.210,Flatwhite ice,24,1416,1416,59
08/01/2022,VOL,ST001,QAR,RM.211,Volume Special ice,28,560,560,20
08/01/2022,VOL,ST001,QAR,RM.212,Coconut Latte,28,2184,2184,78
08/01/2022,VOL,ST001,QAR,RM.213,Cereal Latte,28,1568,1568,56
08/01/2022,VOL,ST001,QAR,RM.215,Ice Mocha,35,1330,1330,38
08/01/2022,VOL,ST001,QAR,RM.216,Volume special hot,28,140,140,5
08/01/2022,VOL,ST001,QAR,RM.218,Dulce de leche hot,28,672,672,24
08/01/2022,VOL,ST001,QAR,RM.220,Dulce de Leche ice,28,588,588,21
08/01/2022,VOL,ST001,QAR,RM.221,Drink in Love,28,1120,1120,40
08/01/2022,VOL,ST001,QAR,RM.223,Spanish Ice latte,28,15176,15176,542
08/01/2022,VOL,ST001,QAR,RM.224,Hot Chocolate,32,2592,2592,81
08/01/2022,VOL,ST001,QAR,RM.227,Spanish hot latte,28,16996,16996,607
08/01/2022,VOL,ST001,QAR,RM.230,Frappe,28,980,980,35
08/01/2022,VOL,ST001,QAR,RM.231,Cinnamon Latte,28,3052,3052,109
08/01/2022,VOL,ST001,QAR,RM.233,Ginger Latte,28,560,560,20
08/01/2022,VOL,ST001,QAR,RM.236,Cafe crema,24,72,72,3
08/01/2022,VOL,ST001,QAR,RM.242,Acqua Panna 250ml,17,15912,15912,936
08/01/2022,VOL,ST001,QAR,RM.243,Acqua panna 0.5,25,10225,10225,409
08/01/2022,VOL,ST001,QAR,RM.244,Perrier medium 330ml,19,1596,1596,84
08/01/2022,VOL,ST001,QAR,RM.245,Cola regular,10,2310,2310,231
08/01/2022,VOL,ST001,QAR,RM.246,Coca cola light,10,1670,1670,167
08/01/2022,VOL,ST001,QAR,RM.247,Sprite,10,570,570,57
08/01/2022,VOL,ST001,QAR,RM.248,Fanta,10,300,300,30
08/01/2022,VOL,ST001,QAR,RM.253,Perrier small 200ml,17,1734,1734,102
08/01/2022,VOL,ST001,QAR,RM.271,Orange Juice,24,13704,13704,571
08/01/2022,VOL,ST001,QAR,RM.272,Green Apple Juice,24,2184,2184,91
08/01/2022,VOL,ST001,QAR,RM.273,Lemon Mint Juice,24,5856,5856,244
08/01/2022,VOL,ST001,QAR,RM.275,Carrot Juice,24,1392,1392,58
08/01/2022,VOL,ST001,QAR,RM.361,Slice Monkey bread,35,6335,6335,181
08/01/2022,VOL,ST001,QAR,RM.362,SliceTres Leche Berry,45,2835,2835,63
08/01/2022,VOL,ST001,QAR,RM.363,Slice Coconut Cake,45,5985,5985,133
08/01/2022,VOL,ST001,QAR,RM.364,Slice Mango cake,45,26280,26280,584
08/01/2022,VOL,ST001,QAR,RM.365,Banoffee,35,3150,3150,90
08/01/2022,VOL,ST001,QAR,RM.367,Chocolate babka,30,1620,1620,54
08/01/2022,VOL,ST001,QAR,RM.369,Slice Raspberry swissroll,35,4340,4340,124
08/01/2022,VOL,ST001,QAR,RM.373,Slice Safron Milky Cake,45,5670,5670,126
08/01/2022,VOL,ST001,QAR,RM.374,Zaatar babka,30,2580,2580,86
08/01/2022,VOL,ST001,QAR,RM.375,Caramel Brownie,15,1320,1320,88
08/01/2022,VOL,ST001,QAR,RM.380,Slice Cereal milky  Cake,40,11280,11280,282
08/01/2022,VOL,ST001,QAR,RM.386,Slice Pecan Carmel Pie,35,3605,3605,103
08/01/2022,VOL,ST001,QAR,RM.388,Slice Chocolate Pudding,45,24435,24435,543
08/01/2022,VOL,ST001,QAR,RM.389,Slice Honey Pudding,45,26010,26010,578
08/01/2022,VOL,ST001,QAR,RM.390,ST.DATES CAKE,40,4880,4880,122
08/01/2022,VOL,ST001,QAR,RM.662,Virgin Mojito,35,12460,12460,356
08/01/2022,VOL,ST001,QAR,RM.664,Hawaiian Coconut,35,45570,45570,1302
08/01/2022,VOL,ST001,QAR,RM.671,Berry coconut,35,1330,1330,38
08/01/2022,VOL,ST001,QAR,RM.672,Cold brew mojito,25,200,200,8
08/01/2022,VOL,ST001,QAR,RM.673,Berry mojito,35,5495,5495,157
08/01/2022,VOL,ST001,QAR,RM.674,Summer drink box {6pcs},245,1715,1715,7
08/01/2022,VOL,ST001,QAR,RM.675,Summer drink box {7pcs},280,280,280,1
08/01/2022,VOL,ST001,QAR,RM.676,Lemon ginger Iced tea,29,2320,2320,80
08/01/2022,VOL,ST001,QAR,RM.677,Jade passion Iced tea,29,5713,5713,197
08/01/2022,VOL,ST001,QAR,RM.691,English Breakfast Tea,25,4050,4050,162
08/01/2022,VOL,ST001,QAR,RM.692,Peppermint Tea,25,200,200,8
08/01/2022,VOL,ST001,QAR,RM.693,Earl Grey Tea,25,325,325,13
08/01/2022,VOL,ST001,QAR,RM.694,Jasmine Tea,25,750,750,30
08/01/2022,VOL,ST001,QAR,RM.695,Organic Green Tea,25,100,100,4
08/01/2022,VOL,ST001,QAR,RM.697,Lemon Grass tea,25,175,175,7
08/01/2022,VOL,ST001,QAR,RM.698,Chamomile,25,575,575,23
08/01/2022,VOL,ST001,QAR,RM.699,Green Tea,25,1075,1075,43
08/01/2022,VOL,ST001,QAR,RM.721,Labneh With Zaatar,36,10116,10116,281
08/01/2022,VOL,ST001,QAR,RM.727,Mushroom Egg Benedict,45,19350,19350,430
08/01/2022,VOL,ST001,QAR,RM.728,Stuffed Croissants,30,6660,6660,222
08/01/2022,VOL,ST001,QAR,RM.729,Falafel Peta,55,37400,37400,680
08/01/2022,VOL,ST001,QAR,RM.730,Greek Avocado Toast,49,24304,24304,496
08/01/2022,VOL,ST001,QAR,RM.731,Granola with yogurt,55,17270,17270,314
08/01/2022,VOL,ST001,QAR,RM.737,Egg and cheese slinders,35,9765,9765,279
08/01/2022,VOL,ST001,QAR,RM.738,Berry smoothie,55,1045,1045,19
08/01/2022,VOL,ST001,QAR,RM.739,Pancake rouges,55,8415,8415,153
08/01/2022,VOL,ST001,QAR,RM.740,Breakfast oat porridge,50,5300,5300,106
08/01/2022,VOL,ST001,QAR,RM.744,Crispy sweet corn fritter,55,2970,2970,54
08/01/2022,VOL,ST001,QAR,RM.745,Crispy sesame falafel,50,3300,3300,66
08/01/2022,VOL,ST001,QAR,RM.746,Baked Feta on Citrus Toma,55,2915,2915,53
08/01/2022,VOL,ST001,QAR,RM.787,Hazelnut Warm chocolate,50,11900,11900,238
08/01/2022,VOL,ST001,QAR,RM.788,Whole hazelnut warm choco,350,8400,8400,24
08/01/2022,VOL,ST001,QAR,RM.811,Big Honey pudding,250,16250,16250,65
08/01/2022,VOL,ST001,QAR,RM.812,Small Honey pudding,100,8500,8500,85
08/01/2022,VOL,ST001,QAR,RM.813,Big Chocolate pudding,350,12950,12950,37
08/01/2022,VOL,ST001,QAR,RM.814,Small Chocolate pudding,180,9180,9180,51
08/01/2022,VOL,ST001,QAR,RM.815,Big Cereal milky cake,250,2250,2250,9
08/01/2022,VOL,ST001,QAR,RM.816,Small Cereal milky cake,150,1350,1350,9
08/01/2022,VOL,ST001,QAR,RM.817,Big Safron milky cake,300,1800,1800,6
08/01/2022,VOL,ST001,QAR,RM.818,Small Safron milky cake,150,1500,1500,10
08/01/2022,VOL,ST001,QAR,RM.823,Big Pecan Caramel,350,4200,4200,12
08/01/2022,VOL,ST001,QAR,RM.825, Whole Coconut Cake,360,2880,2880,8
08/01/2022,VOL,ST001,QAR,RM.826,BIG MANGO CAKE,350,9100,9100,26
08/01/2022,VOL,ST001,QAR,RM.827,EID BOX,390,4290,4290,11
08/01/2022,VOL,ST001,QAR,RM.828,Whole Monkey bread,220,4180,4180,19
08/01/2022,VOL,ST001,QAR,RM.830,Whole Tres Leche Berry,350,2100,2100,6
08/01/2022,VOL,ST001,QAR,RM.836,Mix Sandwich box,220,16060,16060,73
08/01/2022,VOL,ST001,QAR,RM.837,Small mango cake,120,3960,3960,33
08/01/2022,VOL,ST001,QAR,RM.838,Mini falafel box,40,4160,4160,104
08/01/2022,VOL,ST001,QAR,RM.839,Whole Portofinol Tiramisu,350,3850,3850,11
08/01/2022,VOL,ST001,QAR,RM.840,Whole Raspberry Swissroll,180,4140,4140,23
08/01/2022,VOL,ST001,QAR,RM.844,Honey Mustard Chicken SLD,55,50215,50215,913
08/01/2022,VOL,ST001,QAR,RM.845,Smoked Turkey Sandwich,35,5425,5425,155
08/01/2022,VOL,ST001,QAR,RM.846,Roasted Beef Sandwich,65,9555,9555,147
08/01/2022,VOL,ST001,QAR,RM.848,Risotto Balls,40,8520,8520,213
08/01/2022,VOL,ST001,QAR,RM.849,Beef Burger,50,4000,4000,80
08/01/2022,VOL,ST001,QAR,RM.850,Chicken taco,45,9135,9135,203
08/01/2022,VOL,ST001,QAR,RM.851,Crispy chicken burger,40,12720,12720,318
08/01/2022,VOL,ST001,QAR,RM.852,Chicken spaghetti,60,24840,24840,414
08/01/2022,VOL,ST001,QAR,RM.853,Baked salmon with lemon c,68,5372,5372,79
08/01/2022,VOL,ST001,QAR,RM.854,Grilled Chicken Breast wi,58,5684,5684,98
08/01/2022,VOL,ST001,QAR,RM.855,Marinated Burata Toast,55,4510,4510,82
08/01/2022,VOL,ST001,QAR,RM.856,Asia Beef Salad,58,2436,2436,42
08/01/2022,VOL,ST001,QAR,RM.858,Spicy club sandwich,35,29155,29155,833
08/01/2022,VOL,ST001,QAR,RM.861,Lasagna Bolognese,55,12705,12705,231
08/01/2022,VOL,ST001,QAR,RM.862,Quinoa kale garden greens,50,8100,8100,162
08/01/2022,VOL,ST001,QAR,RM.863,Burrito chicken salad,55,21670,21670,394
08/01/2022,VOL,ST001,QAR,RM.864,Bread basket,45,1575,1575,35
08/01/2022,VOL,ST001,QAR,RM.871,French Toast,50,8200,8200,164
08/01/2022,VOL,ST001,QAR,RM.873,Crushed Cookies,50,21200,21200,424
08/01/2022,VOL,ST001,QAR,RM.3601,Ex/ Cheese,0,0,0,1
08/01/2022,VOL,ST001,QAR,RM.3666,No/ Tomato,0,0,0,1
08/01/2022,VOL,ST001,QAR,RM.3691,extra hot,0,0,0,41
08/01/2022,VOL,ST001,QAR,RM.3692,TAKE AWAY,0,0,0,13
08/01/2022,VOL,ST001,QAR,RM.3695,extra sweet,0,0,0,7
08/01/2022,VOL,ST001,QAR,RM.3696,less sweet,0,0,0,19
08/01/2022,VOL,ST001,QAR,RM.3697,together w food,0,0,0,1150
08/01/2022,VOL,ST001,QAR,RM.3698,together w drinks,0,0,0,774
08/01/2022,VOL,ST001,QAR,RM.3699,room temp.,0,0,0,33
08/01/2022,VOL,ST001,QAR,RM.3700,well done,0,0,0,5
08/01/2022,VOL,ST001,QAR,RM.3701,runny,0,0,0,3
08/01/2022,VOL,ST001,QAR,RM.3702,meduim,0,0,0,1
08/01/2022,VOL,ST001,QAR,RM.3705,lowfat,0,0,0,64
08/01/2022,VOL,ST001,QAR,RM.3706,decaf,0,0,0,22
08/01/2022,VOL,ST001,QAR,RM.3707,now,0,0,0,19
08/01/2022,VOL,ST001,QAR,RM.3709,cut into half,0,0,0,1
08/01/2022,VOL,ST001,QAR,RM.3710,xtra dressing,0,0,0,4
08/01/2022,VOL,ST001,QAR,RM.3782,NO ICE,0,0,0,2
08/01/2022,VOL,ST001,QAR,RM.3812,Well Done,0,0,0,155
08/01/2022,VOL,ST001,QAR,RM.3814,Medium,0,0,0,119
08/01/2022,VOL,ST001,QAR,RM.3815,Runny,0,0,0,28
08/01/2022,VOL,ST001,QAR,RM.6361,WITH CREAM,0,0,0,8
08/01/2022,VOL,ST001,QAR,RM.6362,WITHOUT CREAM,0,0,0,17
08/01/2022,VOL,ST001,QAR,RM.6363,Almond Milk,0,0,0,84
08/01/2022,VOL,ST001,QAR,RM.6364,Coconut Milk,0,0,0,27
08/01/2022,VOL,ST001,QAR,RM.6374,Soya milk,0,0,0,32
