DATE,BRANCHCODE,WAREHOUSECODE,CURRENCY,ERPCODE,ITEMNAME,RAWPRICE,GROSSAMT,NETVALUE,QTYSOLD
10/01/2022,VOL,ST001,QAR,RM.1,Salmon,14,336,336,24
10/01/2022,VOL,ST001,QAR,RM.2,Bacon,14,224,224,16
10/01/2022,VOL,ST001,QAR,RM.3,Cheese,14,1092,1092,78
10/01/2022,VOL,ST001,QAR,RM.4,Turkey,14,476,476,34
10/01/2022,VOL,ST001,QAR,RM.5,Extra chicken,10,90,90,9
10/01/2022,VOL,ST001,QAR,RM.6,Egg,6,558,558,93
10/01/2022,VOL,ST001,QAR,RM.7,Mushroom,12,96,96,8
10/01/2022,VOL,ST001,QAR,RM.8,Avocado,12,84,84,7
10/01/2022,VOL,ST001,QAR,RM.62,Halloumi Fries,20,4820,4800,241
10/01/2022,VOL,ST001,QAR,RM.63,Baked Potato Wedges,20,3520,3520,176
10/01/2022,VOL,ST001,QAR,RM.64,French fries,15,6720,6720,448
10/01/2022,VOL,ST001,QAR,RM.125,Small cereal ice cream,7,385,385,55
10/01/2022,VOL,ST001,QAR,RM.126,Medium cereal ice cream,15,735,735,49
10/01/2022,VOL,ST001,QAR,RM.127,Mango ice pudding,40,960,960,24
10/01/2022,VOL,ST001,QAR,RM.157,Slice Tiramisu Portofino,40,10480,10440,262
10/01/2022,VOL,ST001,QAR,RM.181,Espreso,18,1656,1656,92
10/01/2022,VOL,ST001,QAR,RM.182,Double Espreso,20,1900,1900,95
10/01/2022,VOL,ST001,QAR,RM.183,Americano,20,10220,10220,511
10/01/2022,VOL,ST001,QAR,RM.184,Cappucino,24,16128,16128,672
10/01/2022,VOL,ST001,QAR,RM.186,Latte Cold,24,3096,3096,129
10/01/2022,VOL,ST001,QAR,RM.187,V60 Pour Over,24,5328,5328,222
10/01/2022,VOL,ST001,QAR,RM.188,French Press,24,600,600,25
10/01/2022,VOL,ST001,QAR,RM.191,Cold Drip,24,1608,1560,67
10/01/2022,VOL,ST001,QAR,RM.193,Flat White hot,24,15624,15624,651
10/01/2022,VOL,ST001,QAR,RM.194,Macciatto,20,300,300,15
10/01/2022,VOL,ST001,QAR,RM.197,Morochino,24,216,192,9
10/01/2022,VOL,ST001,QAR,RM.198,cortado,24,7632,7632,318
10/01/2022,VOL,ST001,QAR,RM.200,Latte Hot,24,9528,9528,397
10/01/2022,VOL,ST001,QAR,RM.201,Milk,20,20,20,1
10/01/2022,VOL,ST001,QAR,RM.206,Double espresso Machiatto,24,168,168,7
10/01/2022,VOL,ST001,QAR,RM.207,Americano ice,20,2480,2480,124
10/01/2022,VOL,ST001,QAR,RM.210,Flatwhite ice,24,720,720,30
10/01/2022,VOL,ST001,QAR,RM.211,Volume Special ice,28,532,532,19
10/01/2022,VOL,ST001,QAR,RM.212,Coconut Latte,28,2464,2464,88
10/01/2022,VOL,ST001,QAR,RM.213,Cereal Latte,28,1204,1176,43
10/01/2022,VOL,ST001,QAR,RM.215,Ice Mocha,35,1330,1330,38
10/01/2022,VOL,ST001,QAR,RM.216,Volume special hot,28,364,364,13
10/01/2022,VOL,ST001,QAR,RM.218,Dulce de leche hot,28,616,588,22
10/01/2022,VOL,ST001,QAR,RM.220,Dulce de Leche ice,28,476,476,17
10/01/2022,VOL,ST001,QAR,RM.221,Drink in Love,28,1176,1148,42
10/01/2022,VOL,ST001,QAR,RM.223,Spanish Ice latte,28,14700,14700,525
10/01/2022,VOL,ST001,QAR,RM.224,Hot Chocolate,32,4352,4352,136
10/01/2022,VOL,ST001,QAR,RM.227,Spanish hot latte,28,18396,18396,657
10/01/2022,VOL,ST001,QAR,RM.230,Frappe,28,1680,1680,60
10/01/2022,VOL,ST001,QAR,RM.231,Cinnamon Latte,28,3920,3920,140
10/01/2022,VOL,ST001,QAR,RM.233,Ginger Latte,28,1232,1232,44
10/01/2022,VOL,ST001,QAR,RM.236,Cafe crema,24,336,336,14
10/01/2022,VOL,ST001,QAR,RM.242,Acqua Panna 250ml,17,15538,15538,914
10/01/2022,VOL,ST001,QAR,RM.243,Acqua panna 0.5,25,12275,12275,491
10/01/2022,VOL,ST001,QAR,RM.244,Perrier medium 330ml,19,3135,3135,165
10/01/2022,VOL,ST001,QAR,RM.245,Cola regular,10,2140,2140,214
10/01/2022,VOL,ST001,QAR,RM.246,Coca cola light,10,1500,1500,150
10/01/2022,VOL,ST001,QAR,RM.247,Sprite,10,620,620,62
10/01/2022,VOL,ST001,QAR,RM.248,Fanta,10,200,200,20
10/01/2022,VOL,ST001,QAR,RM.253,Perrier small 200ml,17,1241,1241,73
10/01/2022,VOL,ST001,QAR,RM.271,Orange Juice,24,13608,13608,567
10/01/2022,VOL,ST001,QAR,RM.272,Green Apple Juice,24,3168,3168,132
10/01/2022,VOL,ST001,QAR,RM.273,Lemon Mint Juice,24,7632,7608,318
10/01/2022,VOL,ST001,QAR,RM.275,Carrot Juice,24,1800,1800,75
10/01/2022,VOL,ST001,QAR,RM.361,Slice Monkey bread,35,7385,7385,211
10/01/2022,VOL,ST001,QAR,RM.362,SliceTres Leche Berry,45,3330,3330,74
10/01/2022,VOL,ST001,QAR,RM.363,Slice Coconut Cake,45,5265,5265,117
10/01/2022,VOL,ST001,QAR,RM.364,Slice Mango cake,45,27630,27630,614
10/01/2022,VOL,ST001,QAR,RM.365,Banoffee,35,4550,4550,130
10/01/2022,VOL,ST001,QAR,RM.367,Chocolate babka,30,2010,2010,67
10/01/2022,VOL,ST001,QAR,RM.369,Slice Raspberry swissroll,35,5145,5145,147
10/01/2022,VOL,ST001,QAR,RM.373,Slice Safron Milky Cake,45,9270,9270,206
10/01/2022,VOL,ST001,QAR,RM.374,Zaatar babka,30,2340,2340,78
10/01/2022,VOL,ST001,QAR,RM.375,Caramel Brownie,15,2055,2055,137
10/01/2022,VOL,ST001,QAR,RM.380,Slice Cereal milky  Cake,40,11160,11160,279
10/01/2022,VOL,ST001,QAR,RM.386,Slice Pecan Carmel Pie,35,4970,4970,142
10/01/2022,VOL,ST001,QAR,RM.388,Slice Chocolate Pudding,45,27045,27045,601
10/01/2022,VOL,ST001,QAR,RM.389,Slice Honey Pudding,45,27990,27990,622
10/01/2022,VOL,ST001,QAR,RM.390,ST.DATES CAKE,40,5600,5560,140
10/01/2022,VOL,ST001,QAR,RM.662,Virgin Mojito,35,9695,9695,277
10/01/2022,VOL,ST001,QAR,RM.664,Hawaiian Coconut,35,32760,32760,936
10/01/2022,VOL,ST001,QAR,RM.671,Berry coconut,35,1050,1050,30
10/01/2022,VOL,ST001,QAR,RM.672,Cold brew mojito,25,325,325,13
10/01/2022,VOL,ST001,QAR,RM.673,Berry mojito,35,4305,4305,123
10/01/2022,VOL,ST001,QAR,RM.674,Summer drink box {6pcs},245,980,980,4
10/01/2022,VOL,ST001,QAR,RM.675,Summer drink box {7pcs},280,280,280,1
10/01/2022,VOL,ST001,QAR,RM.676,Lemon ginger Iced tea,29,4147,4147,143
10/01/2022,VOL,ST001,QAR,RM.677,Jade passion Iced tea,29,4640,4640,160
10/01/2022,VOL,ST001,QAR,RM.691,English Breakfast Tea,25,4675,4675,187
10/01/2022,VOL,ST001,QAR,RM.692,Peppermint Tea,25,500,500,20
10/01/2022,VOL,ST001,QAR,RM.693,Earl Grey Tea,25,900,900,36
10/01/2022,VOL,ST001,QAR,RM.694,Jasmine Tea,25,775,775,31
10/01/2022,VOL,ST001,QAR,RM.695,Organic Green Tea,25,50,50,2
10/01/2022,VOL,ST001,QAR,RM.697,Lemon Grass tea,25,550,550,22
10/01/2022,VOL,ST001,QAR,RM.698,Chamomile,25,875,875,35
10/01/2022,VOL,ST001,QAR,RM.699,Green Tea,25,1150,1150,46
10/01/2022,VOL,ST001,QAR,RM.721,Labneh With Zaatar,36,13824,13824,384
10/01/2022,VOL,ST001,QAR,RM.727,Mushroom Egg Benedict,45,22050,22005,490
10/01/2022,VOL,ST001,QAR,RM.728,Stuffed Croissants,30,8430,8400,281
10/01/2022,VOL,ST001,QAR,RM.729,Falafel Peta,55,31625,31625,575
10/01/2022,VOL,ST001,QAR,RM.730,Greek Avocado Toast,49,26754,26705,546
10/01/2022,VOL,ST001,QAR,RM.731,Granola with yogurt,55,18095,18040,329
10/01/2022,VOL,ST001,QAR,RM.737,Egg and cheese slinders,35,9730,9730,278
10/01/2022,VOL,ST001,QAR,RM.738,Berry smoothie,55,1375,1375,25
10/01/2022,VOL,ST001,QAR,RM.739,Pancake rouges,55,9240,9240,168
10/01/2022,VOL,ST001,QAR,RM.740,Breakfast oat porridge,50,5150,5150,103
10/01/2022,VOL,ST001,QAR,RM.744,Crispy sweet corn fritter,55,3905,3905,71
10/01/2022,VOL,ST001,QAR,RM.745,Crispy sesame falafel,50,4050,4050,81
10/01/2022,VOL,ST001,QAR,RM.746,Baked Feta on Citrus Toma,55,2805,2805,51
10/01/2022,VOL,ST001,QAR,RM.787,Hazelnut Warm chocolate,50,15750,15750,315
10/01/2022,VOL,ST001,QAR,RM.788,Whole hazelnut warm choco,350,5250,5250,15
10/01/2022,VOL,ST001,QAR,RM.811,Big Honey pudding,250,20750,20750,83
10/01/2022,VOL,ST001,QAR,RM.812,Small Honey pudding,100,7000,7000,70
10/01/2022,VOL,ST001,QAR,RM.813,Big Chocolate pudding,350,16100,16100,46
10/01/2022,VOL,ST001,QAR,RM.814,Small Chocolate pudding,180,11700,11700,65
10/01/2022,VOL,ST001,QAR,RM.815,Big Cereal milky cake,250,2000,2000,8
10/01/2022,VOL,ST001,QAR,RM.816,Small Cereal milky cake,150,1350,1350,9
10/01/2022,VOL,ST001,QAR,RM.817,Big Safron milky cake,300,1500,1500,5
10/01/2022,VOL,ST001,QAR,RM.818,Small Safron milky cake,150,1950,1950,13
10/01/2022,VOL,ST001,QAR,RM.823,Big Pecan Caramel,350,7700,7700,22
10/01/2022,VOL,ST001,QAR,RM.825, Whole Coconut Cake,360,4320,4320,12
10/01/2022,VOL,ST001,QAR,RM.826,BIG MANGO CAKE,350,10850,10850,31
10/01/2022,VOL,ST001,QAR,RM.827,EID BOX,390,780,780,2
10/01/2022,VOL,ST001,QAR,RM.828,Whole Monkey bread,220,5500,5500,25
10/01/2022,VOL,ST001,QAR,RM.830,Whole Tres Leche Berry,350,5250,5250,15
10/01/2022,VOL,ST001,QAR,RM.836,Mix Sandwich box,220,17820,17820,81
10/01/2022,VOL,ST001,QAR,RM.837,Small mango cake,120,6840,6840,57
10/01/2022,VOL,ST001,QAR,RM.838,Mini falafel box,40,4920,4920,123
10/01/2022,VOL,ST001,QAR,RM.839,Whole Portofinol Tiramisu,350,3150,3150,9
10/01/2022,VOL,ST001,QAR,RM.840,Whole Raspberry Swissroll,180,5040,5040,28
10/01/2022,VOL,ST001,QAR,RM.844,Honey Mustard Chicken SLD,55,47135,47135,857
10/01/2022,VOL,ST001,QAR,RM.845,Smoked Turkey Sandwich,35,5040,5005,144
10/01/2022,VOL,ST001,QAR,RM.846,Roasted Beef Sandwich,65,9100,9100,140
10/01/2022,VOL,ST001,QAR,RM.848,Risotto Balls,40,7040,7040,176
10/01/2022,VOL,ST001,QAR,RM.849,Beef Burger,50,3750,3700,75
10/01/2022,VOL,ST001,QAR,RM.850,Chicken taco,45,9360,9360,208
10/01/2022,VOL,ST001,QAR,RM.851,Crispy chicken burger,40,13360,13320,334
10/01/2022,VOL,ST001,QAR,RM.852,Chicken spaghetti,60,26340,26340,439
10/01/2022,VOL,ST001,QAR,RM.853,Baked salmon with lemon c,68,5508,5508,81
10/01/2022,VOL,ST001,QAR,RM.854,Grilled Chicken Breast wi,58,9744,9744,168
10/01/2022,VOL,ST001,QAR,RM.855,Marinated Burata Toast,55,4785,4730,87
10/01/2022,VOL,ST001,QAR,RM.856,Asia Beef Salad,58,3422,3422,59
10/01/2022,VOL,ST001,QAR,RM.858,Spicy club sandwich,35,31255,31255,893
10/01/2022,VOL,ST001,QAR,RM.861,Lasagna Bolognese,55,11275,11220,205
10/01/2022,VOL,ST001,QAR,RM.862,Quinoa kale garden greens,50,12000,12000,240
10/01/2022,VOL,ST001,QAR,RM.863,Burrito chicken salad,55,24915,24915,453
10/01/2022,VOL,ST001,QAR,RM.864,Bread basket,45,2295,2295,51
10/01/2022,VOL,ST001,QAR,RM.871,French Toast,50,8950,8900,179
10/01/2022,VOL,ST001,QAR,RM.873,Crushed Cookies,50,5250,5250,105
10/01/2022,VOL,ST001,QAR,RM.3663,No/ Mushroom,0,0,0,1
10/01/2022,VOL,ST001,QAR,RM.3691,extra hot,0,0,0,32
10/01/2022,VOL,ST001,QAR,RM.3692,TAKE AWAY,0,0,0,6
10/01/2022,VOL,ST001,QAR,RM.3694,with mint,0,0,0,1
10/01/2022,VOL,ST001,QAR,RM.3695,extra sweet,0,0,0,8
10/01/2022,VOL,ST001,QAR,RM.3696,less sweet,0,0,0,9
10/01/2022,VOL,ST001,QAR,RM.3697,together w food,0,0,0,984
10/01/2022,VOL,ST001,QAR,RM.3698,together w drinks,0,0,0,686
10/01/2022,VOL,ST001,QAR,RM.3700,well done,0,0,0,1
10/01/2022,VOL,ST001,QAR,RM.3705,lowfat,0,0,0,33
10/01/2022,VOL,ST001,QAR,RM.3706,decaf,0,0,0,21
10/01/2022,VOL,ST001,QAR,RM.3707,now,0,0,0,5
10/01/2022,VOL,ST001,QAR,RM.3710,xtra dressing,0,0,0,2
10/01/2022,VOL,ST001,QAR,RM.3812,Well Done,0,0,0,186
10/01/2022,VOL,ST001,QAR,RM.3814,Medium,0,0,0,173
10/01/2022,VOL,ST001,QAR,RM.3815,Runny,0,0,0,25
10/01/2022,VOL,ST001,QAR,RM.6361,WITH CREAM,0,0,0,19
10/01/2022,VOL,ST001,QAR,RM.6362,WITHOUT CREAM,0,0,0,13
10/01/2022,VOL,ST001,QAR,RM.6363,Almond Milk,0,0,0,107
10/01/2022,VOL,ST001,QAR,RM.6364,Coconut Milk,0,0,0,39
10/01/2022,VOL,ST001,QAR,RM.6374,Soya milk,0,0,0,37
