DATE,BRANCHCODE,WAREHOUSECODE,CURRENCY,ERPCODE,ITEMNAME,RAWPRICE,GROSSAMT,NETVALUE,QTYSOLD
09/01/2022,VOL,ST001,QAR,RM.1,Salmon,14,280,280,20
09/01/2022,VOL,ST001,QAR,RM.2,Bacon,14,168,168,12
09/01/2022,VOL,ST001,QAR,RM.3,Cheese,14,854,854,61
09/01/2022,VOL,ST001,QAR,RM.4,Turkey,14,462,462,33
09/01/2022,VOL,ST001,QAR,RM.5,Extra chicken,10,150,150,15
09/01/2022,VOL,ST001,QAR,RM.6,Egg,6,402,402,67
09/01/2022,VOL,ST001,QAR,RM.7,Mushroom,12,84,84,7
09/01/2022,VOL,ST001,QAR,RM.8,Avocado,12,72,72,6
09/01/2022,VOL,ST001,QAR,RM.62,Halloumi Fries,20,5020,5020,251
09/01/2022,VOL,ST001,QAR,RM.63,Baked Potato Wedges,20,3160,3160,158
09/01/2022,VOL,ST001,QAR,RM.64,French fries,15,6690,6690,446
09/01/2022,VOL,ST001,QAR,RM.125,Small cereal ice cream,7,644,644,92
09/01/2022,VOL,ST001,QAR,RM.126,Medium cereal ice cream,15,525,525,35
09/01/2022,VOL,ST001,QAR,RM.127,Mango ice pudding,40,1400,1400,35
09/01/2022,VOL,ST001,QAR,RM.157,Slice Tiramisu Portofino,40,12280,12280,307
09/01/2022,VOL,ST001,QAR,RM.181,Espreso,18,1080,1080,60
09/01/2022,VOL,ST001,QAR,RM.182,Double Espreso,20,1400,1400,70
09/01/2022,VOL,ST001,QAR,RM.183,Americano,20,8380,8380,419
09/01/2022,VOL,ST001,QAR,RM.184,Cappucino,24,13680,13680,570
09/01/2022,VOL,ST001,QAR,RM.186,Latte Cold,24,3240,3240,135
09/01/2022,VOL,ST001,QAR,RM.187,V60 Pour Over,24,6072,6072,253
09/01/2022,VOL,ST001,QAR,RM.188,French Press,24,384,384,16
09/01/2022,VOL,ST001,QAR,RM.190,Aero Press,24,24,24,1
09/01/2022,VOL,ST001,QAR,RM.191,Cold Drip,24,2184,2184,91
09/01/2022,VOL,ST001,QAR,RM.193,Flat White hot,24,15720,15720,655
09/01/2022,VOL,ST001,QAR,RM.194,Macciatto,20,180,180,9
09/01/2022,VOL,ST001,QAR,RM.197,Morochino,24,168,168,7
09/01/2022,VOL,ST001,QAR,RM.198,cortado,24,6912,6912,288
09/01/2022,VOL,ST001,QAR,RM.200,Latte Hot,24,8640,8640,360
09/01/2022,VOL,ST001,QAR,RM.201,Milk,20,120,120,6
09/01/2022,VOL,ST001,QAR,RM.206,Double espresso Machiatto,24,168,168,7
09/01/2022,VOL,ST001,QAR,RM.207,Americano ice,20,2500,2500,125
09/01/2022,VOL,ST001,QAR,RM.210,Flatwhite ice,24,936,936,39
09/01/2022,VOL,ST001,QAR,RM.211,Volume Special ice,28,756,756,27
09/01/2022,VOL,ST001,QAR,RM.212,Coconut Latte,28,2632,2632,94
09/01/2022,VOL,ST001,QAR,RM.213,Cereal Latte,28,1400,1400,50
09/01/2022,VOL,ST001,QAR,RM.215,Ice Mocha,35,1470,1470,42
09/01/2022,VOL,ST001,QAR,RM.216,Volume special hot,28,336,336,12
09/01/2022,VOL,ST001,QAR,RM.218,Dulce de leche hot,28,392,392,14
09/01/2022,VOL,ST001,QAR,RM.220,Dulce de Leche ice,28,644,644,23
09/01/2022,VOL,ST001,QAR,RM.221,Drink in Love,28,1232,1232,44
09/01/2022,VOL,ST001,QAR,RM.223,Spanish Ice latte,28,15428,15428,551
09/01/2022,VOL,ST001,QAR,RM.224,Hot Chocolate,32,2976,2976,93
09/01/2022,VOL,ST001,QAR,RM.227,Spanish hot latte,28,18396,18396,657
09/01/2022,VOL,ST001,QAR,RM.230,Frappe,28,1148,1148,41
09/01/2022,VOL,ST001,QAR,RM.231,Cinnamon Latte,28,3472,3472,124
09/01/2022,VOL,ST001,QAR,RM.233,Ginger Latte,28,812,812,29
09/01/2022,VOL,ST001,QAR,RM.236,Cafe crema,24,336,336,14
09/01/2022,VOL,ST001,QAR,RM.242,Acqua Panna 250ml,17,14637,14637,861
09/01/2022,VOL,ST001,QAR,RM.243,Acqua panna 0.5,25,10975,10975,439
09/01/2022,VOL,ST001,QAR,RM.244,Perrier medium 330ml,19,3477,3477,183
09/01/2022,VOL,ST001,QAR,RM.245,Cola regular,10,2070,2070,207
09/01/2022,VOL,ST001,QAR,RM.246,Coca cola light,10,1740,1740,174
09/01/2022,VOL,ST001,QAR,RM.247,Sprite,10,760,760,76
09/01/2022,VOL,ST001,QAR,RM.248,Fanta,10,300,300,30
09/01/2022,VOL,ST001,QAR,RM.253,Perrier small 200ml,17,1071,1071,63
09/01/2022,VOL,ST001,QAR,RM.271,Orange Juice,24,14040,14040,585
09/01/2022,VOL,ST001,QAR,RM.272,Green Apple Juice,24,2040,2040,85
09/01/2022,VOL,ST001,QAR,RM.273,Lemon Mint Juice,24,6456,6456,269
09/01/2022,VOL,ST001,QAR,RM.275,Carrot Juice,24,1872,1872,78
09/01/2022,VOL,ST001,QAR,RM.361,Slice Monkey bread,35,6965,6965,199
09/01/2022,VOL,ST001,QAR,RM.362,SliceTres Leche Berry,45,2880,2880,64
09/01/2022,VOL,ST001,QAR,RM.363,Slice Coconut Cake,45,5850,5850,130
09/01/2022,VOL,ST001,QAR,RM.364,Slice Mango cake,45,28170,28170,626
09/01/2022,VOL,ST001,QAR,RM.365,Banoffee,35,4270,4270,122
09/01/2022,VOL,ST001,QAR,RM.367,Chocolate babka,30,2250,2250,75
09/01/2022,VOL,ST001,QAR,RM.369,Slice Raspberry swissroll,35,6090,6090,174
09/01/2022,VOL,ST001,QAR,RM.373,Slice Safron Milky Cake,45,6975,6975,155
09/01/2022,VOL,ST001,QAR,RM.374,Zaatar babka,30,2280,2280,76
09/01/2022,VOL,ST001,QAR,RM.375,Caramel Brownie,15,2085,2085,139
09/01/2022,VOL,ST001,QAR,RM.380,Slice Cereal milky  Cake,40,12840,12840,321
09/01/2022,VOL,ST001,QAR,RM.386,Slice Pecan Carmel Pie,35,4760,4760,136
09/01/2022,VOL,ST001,QAR,RM.388,Slice Chocolate Pudding,45,27450,27450,610
09/01/2022,VOL,ST001,QAR,RM.389,Slice Honey Pudding,45,29205,29205,649
09/01/2022,VOL,ST001,QAR,RM.390,ST.DATES CAKE,40,5040,5040,126
09/01/2022,VOL,ST001,QAR,RM.662,Virgin Mojito,35,12565,12565,359
09/01/2022,VOL,ST001,QAR,RM.664,Hawaiian Coconut,35,41440,41440,1184
09/01/2022,VOL,ST001,QAR,RM.671,Berry coconut,35,1260,1260,36
09/01/2022,VOL,ST001,QAR,RM.672,Cold brew mojito,25,225,225,9
09/01/2022,VOL,ST001,QAR,RM.673,Berry mojito,35,4690,4690,134
09/01/2022,VOL,ST001,QAR,RM.675,Summer drink box {7pcs},280,1400,1400,5
09/01/2022,VOL,ST001,QAR,RM.676,Lemon ginger Iced tea,29,2639,2639,91
09/01/2022,VOL,ST001,QAR,RM.677,Jade passion Iced tea,29,5133,5133,177
09/01/2022,VOL,ST001,QAR,RM.691,English Breakfast Tea,25,4675,4675,187
09/01/2022,VOL,ST001,QAR,RM.692,Peppermint Tea,25,325,325,13
09/01/2022,VOL,ST001,QAR,RM.693,Earl Grey Tea,25,675,675,27
09/01/2022,VOL,ST001,QAR,RM.694,Jasmine Tea,25,600,600,24
09/01/2022,VOL,ST001,QAR,RM.695,Organic Green Tea,25,125,125,5
09/01/2022,VOL,ST001,QAR,RM.697,Lemon Grass tea,25,425,425,17
09/01/2022,VOL,ST001,QAR,RM.698,Chamomile,25,525,525,21
09/01/2022,VOL,ST001,QAR,RM.699,Green Tea,25,1200,1200,48
09/01/2022,VOL,ST001,QAR,RM.721,Labneh With Zaatar,36,12996,12996,361
09/01/2022,VOL,ST001,QAR,RM.727,Mushroom Egg Benedict,45,21600,21600,480
09/01/2022,VOL,ST001,QAR,RM.728,Stuffed Croissants,30,7110,7110,237
09/01/2022,VOL,ST001,QAR,RM.729,Falafel Peta,55,37565,37565,683
09/01/2022,VOL,ST001,QAR,RM.730,Greek Avocado Toast,49,27489,27489,561
09/01/2022,VOL,ST001,QAR,RM.731,Granola with yogurt,55,21175,21175,385
09/01/2022,VOL,ST001,QAR,RM.737,Egg and cheese slinders,35,9520,9520,272
09/01/2022,VOL,ST001,QAR,RM.738,Berry smoothie,55,990,990,18
09/01/2022,VOL,ST001,QAR,RM.739,Pancake rouges,55,8580,8580,156
09/01/2022,VOL,ST001,QAR,RM.740,Breakfast oat porridge,50,7050,7050,141
09/01/2022,VOL,ST001,QAR,RM.744,Crispy sweet corn fritter,55,3080,3080,56
09/01/2022,VOL,ST001,QAR,RM.745,Crispy sesame falafel,50,4850,4850,97
09/01/2022,VOL,ST001,QAR,RM.746,Baked Feta on Citrus Toma,55,3465,3465,63
09/01/2022,VOL,ST001,QAR,RM.787,Hazelnut Warm chocolate,50,16050,16050,321
09/01/2022,VOL,ST001,QAR,RM.788,Whole hazelnut warm choco,350,7700,7700,22
09/01/2022,VOL,ST001,QAR,RM.811,Big Honey pudding,250,22000,22000,88
09/01/2022,VOL,ST001,QAR,RM.812,Small Honey pudding,100,8400,8400,84
09/01/2022,VOL,ST001,QAR,RM.813,Big Chocolate pudding,350,18200,18200,52
09/01/2022,VOL,ST001,QAR,RM.814,Small Chocolate pudding,180,10260,10260,57
09/01/2022,VOL,ST001,QAR,RM.815,Big Cereal milky cake,250,2500,2500,10
09/01/2022,VOL,ST001,QAR,RM.816,Small Cereal milky cake,150,2250,2250,15
09/01/2022,VOL,ST001,QAR,RM.817,Big Safron milky cake,300,3300,3300,11
09/01/2022,VOL,ST001,QAR,RM.818,Small Safron milky cake,150,1950,1950,13
09/01/2022,VOL,ST001,QAR,RM.823,Big Pecan Caramel,350,6300,6300,18
09/01/2022,VOL,ST001,QAR,RM.825, Whole Coconut Cake,360,4680,4680,13
09/01/2022,VOL,ST001,QAR,RM.826,BIG MANGO CAKE,350,15750,15750,45
09/01/2022,VOL,ST001,QAR,RM.827,EID BOX,390,1170,1170,3
09/01/2022,VOL,ST001,QAR,RM.828,Whole Monkey bread,220,7480,7480,34
09/01/2022,VOL,ST001,QAR,RM.830,Whole Tres Leche Berry,350,3500,3500,10
09/01/2022,VOL,ST001,QAR,RM.836,Mix Sandwich box,220,16060,16060,73
09/01/2022,VOL,ST001,QAR,RM.837,Small mango cake,120,6720,6720,56
09/01/2022,VOL,ST001,QAR,RM.838,Mini falafel box,40,5360,5360,134
09/01/2022,VOL,ST001,QAR,RM.839,Whole Portofinol Tiramisu,350,3850,3850,11
09/01/2022,VOL,ST001,QAR,RM.840,Whole Raspberry Swissroll,180,6120,6120,34
09/01/2022,VOL,ST001,QAR,RM.844,Honey Mustard Chicken SLD,55,48125,48125,875
09/01/2022,VOL,ST001,QAR,RM.845,Smoked Turkey Sandwich,35,5600,5600,160
09/01/2022,VOL,ST001,QAR,RM.846,Roasted Beef Sandwich,65,10790,10790,166
09/01/2022,VOL,ST001,QAR,RM.848,Risotto Balls,40,7040,7040,176
09/01/2022,VOL,ST001,QAR,RM.849,Beef Burger,50,4300,4300,86
09/01/2022,VOL,ST001,QAR,RM.850,Chicken taco,45,9135,9135,203
09/01/2022,VOL,ST001,QAR,RM.851,Crispy chicken burger,40,14280,14280,357
09/01/2022,VOL,ST001,QAR,RM.852,Chicken spaghetti,60,22740,22740,379
09/01/2022,VOL,ST001,QAR,RM.853,Baked salmon with lemon c,68,4828,4828,71
09/01/2022,VOL,ST001,QAR,RM.854,Grilled Chicken Breast wi,58,7424,7424,128
09/01/2022,VOL,ST001,QAR,RM.855,Marinated Burata Toast,55,5170,5170,94
09/01/2022,VOL,ST001,QAR,RM.856,Asia Beef Salad,58,3422,3422,59
09/01/2022,VOL,ST001,QAR,RM.858,Spicy club sandwich,35,30240,30240,864
09/01/2022,VOL,ST001,QAR,RM.861,Lasagna Bolognese,55,11165,11165,203
09/01/2022,VOL,ST001,QAR,RM.862,Quinoa kale garden greens,50,11950,11950,239
09/01/2022,VOL,ST001,QAR,RM.863,Burrito chicken salad,55,23595,23595,429
09/01/2022,VOL,ST001,QAR,RM.864,Bread basket,45,1665,1665,37
09/01/2022,VOL,ST001,QAR,RM.871,French Toast,50,9250,9250,185
09/01/2022,VOL,ST001,QAR,RM.873,Crushed Cookies,50,5000,5000,100
09/01/2022,VOL,ST001,QAR,RM.904,Customized Station,350,350,350,1
09/01/2022,VOL,ST001,QAR,RM.907,Coffee station 20pax,2150,2150,2150,1
09/01/2022,VOL,ST001,QAR,RM.909,Coffee & dessert 20pax,3400,3400,3400,1
09/01/2022,VOL,ST001,QAR,RM.3603,Ex/ Mushroom,0,0,0,2
09/01/2022,VOL,ST001,QAR,RM.3691,extra hot,0,0,0,33
09/01/2022,VOL,ST001,QAR,RM.3692,TAKE AWAY,0,0,0,7
09/01/2022,VOL,ST001,QAR,RM.3695,extra sweet,0,0,0,3
09/01/2022,VOL,ST001,QAR,RM.3696,less sweet,0,0,0,8
09/01/2022,VOL,ST001,QAR,RM.3697,together w food,0,0,0,961
09/01/2022,VOL,ST001,QAR,RM.3698,together w drinks,0,0,0,601
09/01/2022,VOL,ST001,QAR,RM.3699,room temp.,0,0,0,3
09/01/2022,VOL,ST001,QAR,RM.3700,well done,0,0,0,1
09/01/2022,VOL,ST001,QAR,RM.3705,lowfat,0,0,0,47
09/01/2022,VOL,ST001,QAR,RM.3706,decaf,0,0,0,12
09/01/2022,VOL,ST001,QAR,RM.3707,now,0,0,0,6
09/01/2022,VOL,ST001,QAR,RM.3710,xtra dressing,0,0,0,4
09/01/2022,VOL,ST001,QAR,RM.3782,NO ICE,0,0,0,1
09/01/2022,VOL,ST001,QAR,RM.3812,Well Done,0,0,0,156
09/01/2022,VOL,ST001,QAR,RM.3814,Medium,0,0,0,162
09/01/2022,VOL,ST001,QAR,RM.3815,Runny,0,0,0,23
09/01/2022,VOL,ST001,QAR,RM.6361,WITH CREAM,0,0,0,16
09/01/2022,VOL,ST001,QAR,RM.6362,WITHOUT CREAM,0,0,0,18
09/01/2022,VOL,ST001,QAR,RM.6363,Almond Milk,0,0,0,90
09/01/2022,VOL,ST001,QAR,RM.6364,Coconut Milk,0,0,0,49
09/01/2022,VOL,ST001,QAR,RM.6374,Soya milk,0,0,0,27
