DATE,BRANCHCODE,WAREHOUSECODE,CURRENCY,ERPCODE,ITEMNAME,RAWPRICE,GROSSAMT,NETVALUE,QTYSOLD
04/01/2022,VOL,ST001,QAR,RM.1,Salmon,14,14,14,1
04/01/2022,VOL,ST001,QAR,RM.2,Bacon,14,14,14,1
04/01/2022,VOL,ST001,QAR,RM.3,Cheese,14,28,28,2
04/01/2022,VOL,ST001,QAR,RM.4,Turkey,14,14,14,1
04/01/2022,VOL,ST001,QAR,RM.5,Extra chicken,10,40,40,4
04/01/2022,VOL,ST001,QAR,RM.6,Egg,6,48,48,8
04/01/2022,VOL,ST001,QAR,RM.7,Mushroom,12,12,12,1
04/01/2022,VOL,ST001,QAR,RM.8,Avocado,12,12,12,1
04/01/2022,VOL,ST001,QAR,RM.61,Truffle Mac N Cheese,30,1590,1590,53
04/01/2022,VOL,ST001,QAR,RM.62,Halloumi Fries,20,3060,3060,153
04/01/2022,VOL,ST001,QAR,RM.63,Baked Potato Wedges,20,2140,2140,107
04/01/2022,VOL,ST001,QAR,RM.64,French fries,15,4440,4440,296
04/01/2022,VOL,ST001,QAR,RM.124,Mango Ice cream,35,70,70,2
04/01/2022,VOL,ST001,QAR,RM.125,Small cereal ice cream,7,266,266,38
04/01/2022,VOL,ST001,QAR,RM.126,Medium cereal ice cream,15,195,195,13
04/01/2022,VOL,ST001,QAR,RM.127,Mango ice pudding,40,1640,1640,41
04/01/2022,VOL,ST001,QAR,RM.152,Tomato Bruschetta,38,2090,2090,55
04/01/2022,VOL,ST001,QAR,RM.153,Veal Tagliatelle,55,3355,3355,61
04/01/2022,VOL,ST001,QAR,RM.154,Classic Burrata pizza,65,5070,5070,78
04/01/2022,VOL,ST001,QAR,RM.155,Pepporoni Pizza,45,3015,3015,67
04/01/2022,VOL,ST001,QAR,RM.157,Slice Tiramisu Portofino,40,16840,16840,421
04/01/2022,VOL,ST001,QAR,RM.158,Pannacotta,40,1360,1360,34
04/01/2022,VOL,ST001,QAR,RM.160,Pistachio cake,45,2340,2340,52
04/01/2022,VOL,ST001,QAR,RM.161,LEMON GRANITA,30,1110,1110,37
04/01/2022,VOL,ST001,QAR,RM.162,STRAWBERRY GRANITA,30,870,870,29
04/01/2022,VOL,ST001,QAR,RM.181,Espreso,18,1404,1404,78
04/01/2022,VOL,ST001,QAR,RM.182,Double Espreso,20,1100,1100,55
04/01/2022,VOL,ST001,QAR,RM.183,Americano,20,6360,6360,318
04/01/2022,VOL,ST001,QAR,RM.184,Cappucino,24,9456,9456,394
04/01/2022,VOL,ST001,QAR,RM.186,Latte Cold,24,2160,2160,90
04/01/2022,VOL,ST001,QAR,RM.187,V60 Pour Over,24,3288,3288,137
04/01/2022,VOL,ST001,QAR,RM.188,French Press,24,312,312,13
04/01/2022,VOL,ST001,QAR,RM.189,Mocha Pot,24,168,168,7
04/01/2022,VOL,ST001,QAR,RM.191,Cold Drip,24,552,552,23
04/01/2022,VOL,ST001,QAR,RM.193,Flat White hot,24,12768,12744,532
04/01/2022,VOL,ST001,QAR,RM.194,Macciatto,20,280,280,14
04/01/2022,VOL,ST001,QAR,RM.197,Morochino,24,576,576,24
04/01/2022,VOL,ST001,QAR,RM.198,cortado,24,6024,6000,251
04/01/2022,VOL,ST001,QAR,RM.200,Latte Hot,24,6552,6528,273
04/01/2022,VOL,ST001,QAR,RM.206,Double espresso Machiatto,24,144,144,6
04/01/2022,VOL,ST001,QAR,RM.207,Americano ice,20,1460,1460,73
04/01/2022,VOL,ST001,QAR,RM.210,Flatwhite ice,24,648,648,27
04/01/2022,VOL,ST001,QAR,RM.211,Volume Special ice,28,420,420,15
04/01/2022,VOL,ST001,QAR,RM.212,Coconut Latte,28,1764,1764,63
04/01/2022,VOL,ST001,QAR,RM.213,Cereal Latte,28,728,728,26
04/01/2022,VOL,ST001,QAR,RM.215,Ice Mocha,35,1015,1015,29
04/01/2022,VOL,ST001,QAR,RM.216,Volume special hot,28,168,168,6
04/01/2022,VOL,ST001,QAR,RM.218,Dulce de leche hot,28,392,392,14
04/01/2022,VOL,ST001,QAR,RM.220,Dulce de Leche ice,28,476,476,17
04/01/2022,VOL,ST001,QAR,RM.221,Drink in Love,28,672,672,24
04/01/2022,VOL,ST001,QAR,RM.223,Spanish Ice latte,28,11984,11984,428
04/01/2022,VOL,ST001,QAR,RM.224,Hot Chocolate,32,3840,3840,120
04/01/2022,VOL,ST001,QAR,RM.227,Spanish hot latte,28,16604,16576,593
04/01/2022,VOL,ST001,QAR,RM.230,Frappe,28,532,532,19
04/01/2022,VOL,ST001,QAR,RM.231,Cinnamon Latte,28,2296,2296,82
04/01/2022,VOL,ST001,QAR,RM.233,Ginger Latte,28,644,644,23
04/01/2022,VOL,ST001,QAR,RM.236,Cafe crema,24,96,96,4
04/01/2022,VOL,ST001,QAR,RM.242,Acqua Panna 250ml,17,11135,11050,655
04/01/2022,VOL,ST001,QAR,RM.243,Acqua panna 0.5,25,8650,8650,346
04/01/2022,VOL,ST001,QAR,RM.244,Perrier medium 330ml,19,2831,2812,149
04/01/2022,VOL,ST001,QAR,RM.245,Cola regular,10,1440,1440,144
04/01/2022,VOL,ST001,QAR,RM.246,Coca cola light,10,780,780,78
04/01/2022,VOL,ST001,QAR,RM.247,Sprite,10,320,320,32
04/01/2022,VOL,ST001,QAR,RM.248,Fanta,10,180,180,18
04/01/2022,VOL,ST001,QAR,RM.253,Perrier small 200ml,17,986,986,58
04/01/2022,VOL,ST001,QAR,RM.271,Orange Juice,24,4416,4416,184
04/01/2022,VOL,ST001,QAR,RM.272,Green Apple Juice,24,1464,1464,61
04/01/2022,VOL,ST001,QAR,RM.273,Lemon Mint Juice,24,4272,4272,178
04/01/2022,VOL,ST001,QAR,RM.275,Carrot Juice,24,1296,1296,54
04/01/2022,VOL,ST001,QAR,RM.361,Slice Monkey bread,35,7420,7420,212
04/01/2022,VOL,ST001,QAR,RM.362,SliceTres Leche Berry,45,6480,6480,144
04/01/2022,VOL,ST001,QAR,RM.363,Slice Coconut Cake,45,4995,4995,111
04/01/2022,VOL,ST001,QAR,RM.364,Slice Mango cake,45,37080,37080,824
04/01/2022,VOL,ST001,QAR,RM.365,Banoffee,35,3850,3850,110
04/01/2022,VOL,ST001,QAR,RM.367,Chocolate babka,30,1410,1410,47
04/01/2022,VOL,ST001,QAR,RM.369,Slice Raspberry swissroll,35,2800,2800,80
04/01/2022,VOL,ST001,QAR,RM.373,Slice Safron Milky Cake,45,6705,6705,149
04/01/2022,VOL,ST001,QAR,RM.374,Zaatar babka,30,540,540,18
04/01/2022,VOL,ST001,QAR,RM.375,Caramel Brownie,15,1410,1410,94
04/01/2022,VOL,ST001,QAR,RM.380,Slice Cereal milky  Cake,40,11560,11560,289
04/01/2022,VOL,ST001,QAR,RM.386,Slice Pecan Carmel Pie,35,6160,6160,176
04/01/2022,VOL,ST001,QAR,RM.388,Slice Chocolate Pudding,45,32985,32985,733
04/01/2022,VOL,ST001,QAR,RM.389,Slice Honey Pudding,45,36585,36585,813
04/01/2022,VOL,ST001,QAR,RM.390,ST.DATES CAKE,40,2560,2560,64
04/01/2022,VOL,ST001,QAR,RM.662,Virgin Mojito,35,7420,7420,212
04/01/2022,VOL,ST001,QAR,RM.664,Hawaiian Coconut,35,27685,27615,791
04/01/2022,VOL,ST001,QAR,RM.671,Berry coconut,35,1155,1155,33
04/01/2022,VOL,ST001,QAR,RM.672,Cold brew mojito,25,125,125,5
04/01/2022,VOL,ST001,QAR,RM.673,Berry mojito,35,4620,4620,132
04/01/2022,VOL,ST001,QAR,RM.675,Summer drink box {7pcs},280,560,560,2
04/01/2022,VOL,ST001,QAR,RM.676,Lemon ginger Iced tea,29,1740,1740,60
04/01/2022,VOL,ST001,QAR,RM.677,Jade passion Iced tea,29,3973,3944,137
04/01/2022,VOL,ST001,QAR,RM.691,English Breakfast Tea,25,1575,1575,63
04/01/2022,VOL,ST001,QAR,RM.692,Peppermint Tea,25,300,300,12
04/01/2022,VOL,ST001,QAR,RM.693,Earl Grey Tea,25,525,525,21
04/01/2022,VOL,ST001,QAR,RM.694,Jasmine Tea,25,625,625,25
04/01/2022,VOL,ST001,QAR,RM.695,Organic Green Tea,25,225,225,9
04/01/2022,VOL,ST001,QAR,RM.697,Lemon Grass tea,25,325,325,13
04/01/2022,VOL,ST001,QAR,RM.698,Chamomile,25,700,700,28
04/01/2022,VOL,ST001,QAR,RM.699,Green Tea,25,925,925,37
04/01/2022,VOL,ST001,QAR,RM.721,Labneh With Zaatar,36,3060,3060,85
04/01/2022,VOL,ST001,QAR,RM.725,Burrata On Toast,59,2478,2478,42
04/01/2022,VOL,ST001,QAR,RM.727,Mushroom Egg Benedict,45,1170,1170,26
04/01/2022,VOL,ST001,QAR,RM.728,Stuffed Croissants,30,450,450,15
04/01/2022,VOL,ST001,QAR,RM.729,Falafel Peta,55,12980,12980,236
04/01/2022,VOL,ST001,QAR,RM.730,Greek Avocado Toast,49,5831,5831,119
04/01/2022,VOL,ST001,QAR,RM.731,Granola with yogurt,55,7040,7040,128
04/01/2022,VOL,ST001,QAR,RM.733,Shakshuka,55,660,660,12
04/01/2022,VOL,ST001,QAR,RM.735,Olive Tapenade toast,45,585,585,13
04/01/2022,VOL,ST001,QAR,RM.737,Egg and cheese slinders,35,595,595,17
04/01/2022,VOL,ST001,QAR,RM.738,Berry smoothie,55,495,495,9
04/01/2022,VOL,ST001,QAR,RM.739,Pancake rouges,55,2145,2145,39
04/01/2022,VOL,ST001,QAR,RM.740,Breakfast oat porridge,50,850,850,17
04/01/2022,VOL,ST001,QAR,RM.787,Hazelnut Warm chocolate,50,9750,9750,195
04/01/2022,VOL,ST001,QAR,RM.788,Whole hazelnut warm choco,350,21000,21000,60
04/01/2022,VOL,ST001,QAR,RM.811,Big Honey pudding,250,84250,84250,337
04/01/2022,VOL,ST001,QAR,RM.812,Small Honey pudding,100,41800,41800,418
04/01/2022,VOL,ST001,QAR,RM.813,Big Chocolate pudding,350,53550,53550,153
04/01/2022,VOL,ST001,QAR,RM.814,Small Chocolate pudding,180,48960,48960,272
04/01/2022,VOL,ST001,QAR,RM.815,Big Cereal milky cake,250,8500,8500,34
04/01/2022,VOL,ST001,QAR,RM.816,Small Cereal milky cake,150,7950,7950,53
04/01/2022,VOL,ST001,QAR,RM.817,Big Safron milky cake,300,8100,8100,27
04/01/2022,VOL,ST001,QAR,RM.818,Small Safron milky cake,150,8850,8850,59
04/01/2022,VOL,ST001,QAR,RM.823,Big Pecan Caramel,350,11550,11550,33
04/01/2022,VOL,ST001,QAR,RM.825, Whole Coconut Cake,360,7920,7920,22
04/01/2022,VOL,ST001,QAR,RM.826,BIG MANGO CAKE,350,77700,77350,222
04/01/2022,VOL,ST001,QAR,RM.827,EID BOX,390,30810,30420,79
04/01/2022,VOL,ST001,QAR,RM.828,Whole Monkey bread,220,13200,13200,60
04/01/2022,VOL,ST001,QAR,RM.829,Molten Rahash,250,33250,33000,133
04/01/2022,VOL,ST001,QAR,RM.830,Whole Tres Leche Berry,350,21000,21000,60
04/01/2022,VOL,ST001,QAR,RM.836,Mix Sandwich box,220,15840,15620,72
04/01/2022,VOL,ST001,QAR,RM.837,Small mango cake,120,30960,30960,258
04/01/2022,VOL,ST001,QAR,RM.838,Mini falafel box,40,2800,2800,70
04/01/2022,VOL,ST001,QAR,RM.839,Whole Portofinol Tiramisu,350,19250,19250,55
04/01/2022,VOL,ST001,QAR,RM.840,Whole Raspberry Swissroll,180,9540,9540,53
04/01/2022,VOL,ST001,QAR,RM.841,Burrata Salad,55,4840,4840,88
04/01/2022,VOL,ST001,QAR,RM.844,Honey Mustard Chicken SLD,55,26070,26015,474
04/01/2022,VOL,ST001,QAR,RM.845,Smoked Turkey Sandwich,35,2520,2520,72
04/01/2022,VOL,ST001,QAR,RM.846,Roasted Beef Sandwich,65,5785,5785,89
04/01/2022,VOL,ST001,QAR,RM.848,Risotto Balls,40,4400,4400,110
04/01/2022,VOL,ST001,QAR,RM.849,Beef Burger,50,3700,3700,74
04/01/2022,VOL,ST001,QAR,RM.850,Chicken taco,45,7515,7515,167
04/01/2022,VOL,ST001,QAR,RM.851,Crispy chicken burger,40,9240,9240,231
04/01/2022,VOL,ST001,QAR,RM.852,Chicken spaghetti,60,12120,12120,202
04/01/2022,VOL,ST001,QAR,RM.858,Spicy club sandwich,35,14315,14315,409
04/01/2022,VOL,ST001,QAR,RM.860,Gryo chicken wrap,35,2100,2100,60
04/01/2022,VOL,ST001,QAR,RM.861,Lasagna Bolognese,55,7425,7425,135
04/01/2022,VOL,ST001,QAR,RM.862,Quinoa kale garden greens,50,5100,5050,102
04/01/2022,VOL,ST001,QAR,RM.863,Burrito chicken salad,55,7645,7645,139
04/01/2022,VOL,ST001,QAR,RM.864,Bread basket,45,225,225,5
04/01/2022,VOL,ST001,QAR,RM.865,grilled chicken w/ tahina,60,4620,4620,77
04/01/2022,VOL,ST001,QAR,RM.866,grilled cheese sandwich,32,1504,1504,47
04/01/2022,VOL,ST001,QAR,RM.871,French Toast,50,3700,3700,74
04/01/2022,VOL,ST001,QAR,RM.873,Crushed Cookies,50,19600,19600,392
04/01/2022,VOL,ST001,QAR,RM.904,Customized Station,2470,4476,4476,2
04/01/2022,VOL,ST001,QAR,RM.909,Coffee & dessert 20pax,3400,6800,6800,2
04/01/2022,VOL,ST001,QAR,RM.3661,No/ Cheese,0,0,0,2
04/01/2022,VOL,ST001,QAR,RM.3666,No/ Tomato,0,0,0,5
04/01/2022,VOL,ST001,QAR,RM.3691,extra hot,0,0,0,59
04/01/2022,VOL,ST001,QAR,RM.3692,TAKE AWAY,0,0,0,13
04/01/2022,VOL,ST001,QAR,RM.3695,extra sweet,0,0,0,8
04/01/2022,VOL,ST001,QAR,RM.3696,less sweet,0,0,0,9
04/01/2022,VOL,ST001,QAR,RM.3697,together w food,0,0,0,638
04/01/2022,VOL,ST001,QAR,RM.3698,together w drinks,0,0,0,368
04/01/2022,VOL,ST001,QAR,RM.3699,room temp.,0,0,0,47
04/01/2022,VOL,ST001,QAR,RM.3703,all to go,0,0,0,1
04/01/2022,VOL,ST001,QAR,RM.3705,lowfat,0,0,0,48
04/01/2022,VOL,ST001,QAR,RM.3706,decaf,0,0,0,24
04/01/2022,VOL,ST001,QAR,RM.3707,now,0,0,0,11
04/01/2022,VOL,ST001,QAR,RM.3708,less coffee,0,0,0,1
04/01/2022,VOL,ST001,QAR,RM.3709,cut into half,0,0,0,5
04/01/2022,VOL,ST001,QAR,RM.3782,NO ICE,0,0,0,1
04/01/2022,VOL,ST001,QAR,RM.3812,Well Done,0,0,0,6
04/01/2022,VOL,ST001,QAR,RM.3814,Medium,0,0,0,10
04/01/2022,VOL,ST001,QAR,RM.3815,Runny,0,0,0,2
04/01/2022,VOL,ST001,QAR,RM.6361,WITH CREAM,0,0,0,9
04/01/2022,VOL,ST001,QAR,RM.6362,WITHOUT CREAM,0,0,0,10
04/01/2022,VOL,ST001,QAR,RM.6363,Almond Milk,0,0,0,42
04/01/2022,VOL,ST001,QAR,RM.6364,Coconut Milk,0,0,0,23
04/01/2022,VOL,ST001,QAR,RM.6374,Soya milk,0,0,0,9
