DATE,BRANCHCODE,WAREHOUSECODE,CURRENCY,ERPCODE,ITEMNAME,RAWPRICE,GROSSAMT,NETVALUE,QTYSOLD
12/01/2022,VOL,ST001,QAR,RM.1,Salmon,14,854,854,61
12/01/2022,VOL,ST001,QAR,RM.2,Bacon,14,1022,1022,73
12/01/2022,VOL,ST001,QAR,RM.3,Cheese,14,2310,2310,165
12/01/2022,VOL,ST001,QAR,RM.4,Turkey,14,966,966,69
12/01/2022,VOL,ST001,QAR,RM.5,Extra chicken,10,60,60,6
12/01/2022,VOL,ST001,QAR,RM.6,Egg,6,1686,1680,281
12/01/2022,VOL,ST001,QAR,RM.7,Mushroom,12,96,96,8
12/01/2022,VOL,ST001,QAR,RM.8,Avocado,12,168,168,14
12/01/2022,VOL,ST001,QAR,RM.62,Halloumi Fries,20,6820,6800,341
12/01/2022,VOL,ST001,QAR,RM.63,Baked Potato Wedges,20,5120,5120,256
12/01/2022,VOL,ST001,QAR,RM.64,French fries,15,12645,12645,843
12/01/2022,VOL,ST001,QAR,RM.125,Small cereal ice cream,7,714,714,102
12/01/2022,VOL,ST001,QAR,RM.126,Medium cereal ice cream,15,405,405,27
12/01/2022,VOL,ST001,QAR,RM.127,Mango ice pudding,40,960,960,24
12/01/2022,VOL,ST001,QAR,RM.157,Slice Tiramisu Portofino,40,17800,17800,445
12/01/2022,VOL,ST001,QAR,RM.181,Espreso,18,4266,4050,237
12/01/2022,VOL,ST001,QAR,RM.182,Double Espreso,20,4860,4860,243
12/01/2022,VOL,ST001,QAR,RM.183,Americano,20,23460,23340,1173
12/01/2022,VOL,ST001,QAR,RM.184,Cappucino,24,34872,34800,1453
12/01/2022,VOL,ST001,QAR,RM.186,Latte Cold,24,2544,2544,106
12/01/2022,VOL,ST001,QAR,RM.187,V60 Pour Over,24,17448,17424,727
12/01/2022,VOL,ST001,QAR,RM.188,French Press,24,1272,1272,53
12/01/2022,VOL,ST001,QAR,RM.189,Mocha Pot,24,432,432,18
12/01/2022,VOL,ST001,QAR,RM.191,Cold Drip,24,192,192,8
12/01/2022,VOL,ST001,QAR,RM.193,Flat White hot,24,26400,26400,1100
12/01/2022,VOL,ST001,QAR,RM.194,Macciatto,20,1180,1160,59
12/01/2022,VOL,ST001,QAR,RM.197,Morochino,24,672,672,28
12/01/2022,VOL,ST001,QAR,RM.198,cortado,24,15048,15048,627
12/01/2022,VOL,ST001,QAR,RM.200,Latte Hot,24,19920,19920,830
12/01/2022,VOL,ST001,QAR,RM.201,Milk,20,140,140,7
12/01/2022,VOL,ST001,QAR,RM.206,Double espresso Machiatto,24,600,600,25
12/01/2022,VOL,ST001,QAR,RM.207,Americano ice,20,2640,2600,132
12/01/2022,VOL,ST001,QAR,RM.210,Flatwhite ice,24,720,720,30
12/01/2022,VOL,ST001,QAR,RM.211,Volume Special ice,28,364,364,13
12/01/2022,VOL,ST001,QAR,RM.212,Coconut Latte,28,3332,3332,119
12/01/2022,VOL,ST001,QAR,RM.213,Cereal Latte,28,1736,1736,62
12/01/2022,VOL,ST001,QAR,RM.215,Ice Mocha,35,1540,1540,44
12/01/2022,VOL,ST001,QAR,RM.216,Volume special hot,28,1008,1008,36
12/01/2022,VOL,ST001,QAR,RM.218,Dulce de leche hot,28,1120,1120,40
12/01/2022,VOL,ST001,QAR,RM.220,Dulce de Leche ice,28,532,532,19
12/01/2022,VOL,ST001,QAR,RM.221,Drink in Love,28,1764,1764,63
12/01/2022,VOL,ST001,QAR,RM.223,Spanish Ice latte,28,15792,15792,564
12/01/2022,VOL,ST001,QAR,RM.224,Hot Chocolate,32,8288,8288,259
12/01/2022,VOL,ST001,QAR,RM.227,Spanish hot latte,28,31248,31248,1116
12/01/2022,VOL,ST001,QAR,RM.230,Frappe,28,2492,2492,89
12/01/2022,VOL,ST001,QAR,RM.231,Cinnamon Latte,28,7896,7896,282
12/01/2022,VOL,ST001,QAR,RM.233,Ginger Latte,28,2380,2380,85
12/01/2022,VOL,ST001,QAR,RM.236,Cafe crema,24,216,216,9
12/01/2022,VOL,ST001,QAR,RM.242,Acqua Panna 250ml,17,25262,25228,1486
12/01/2022,VOL,ST001,QAR,RM.243,Acqua panna 0.5,25,24525,24450,981
12/01/2022,VOL,ST001,QAR,RM.244,Perrier medium 330ml,19,4256,4256,224
12/01/2022,VOL,ST001,QAR,RM.245,Cola regular,10,4820,4820,482
12/01/2022,VOL,ST001,QAR,RM.246,Coca cola light,10,3640,3600,364
12/01/2022,VOL,ST001,QAR,RM.247,Sprite,10,1450,1450,145
12/01/2022,VOL,ST001,QAR,RM.248,Fanta,10,540,540,54
12/01/2022,VOL,ST001,QAR,RM.250,Highland water 500ml,5,30,0,6
12/01/2022,VOL,ST001,QAR,RM.253,Perrier small 200ml,17,1564,1564,92
12/01/2022,VOL,ST001,QAR,RM.271,Orange Juice,24,30240,30168,1260
12/01/2022,VOL,ST001,QAR,RM.272,Green Apple Juice,24,4200,4200,175
12/01/2022,VOL,ST001,QAR,RM.273,Lemon Mint Juice,24,9840,9840,410
12/01/2022,VOL,ST001,QAR,RM.275,Carrot Juice,24,2976,2976,124
12/01/2022,VOL,ST001,QAR,RM.361,Slice Monkey bread,35,9065,9030,259
12/01/2022,VOL,ST001,QAR,RM.362,SliceTres Leche Berry,45,3375,3375,75
12/01/2022,VOL,ST001,QAR,RM.363,Slice Coconut Cake,45,7875,7875,175
12/01/2022,VOL,ST001,QAR,RM.364,Slice Mango cake,45,33570,33525,746
12/01/2022,VOL,ST001,QAR,RM.365,Banoffee,35,6755,6755,193
12/01/2022,VOL,ST001,QAR,RM.367,Chocolate babka,30,3570,3540,119
12/01/2022,VOL,ST001,QAR,RM.368,Slice Bluberry cheesecake,40,7400,7240,185
12/01/2022,VOL,ST001,QAR,RM.369,Slice Raspberry swissroll,35,8260,8225,236
12/01/2022,VOL,ST001,QAR,RM.373,Slice Safron Milky Cake,45,10890,10890,242
12/01/2022,VOL,ST001,QAR,RM.374,Zaatar babka,30,2430,2430,81
12/01/2022,VOL,ST001,QAR,RM.375,Caramel Brownie,15,2250,2250,150
12/01/2022,VOL,ST001,QAR,RM.380,Slice Cereal milky  Cake,40,10320,10320,258
12/01/2022,VOL,ST001,QAR,RM.386,Slice Pecan Carmel Pie,35,7560,7560,216
12/01/2022,VOL,ST001,QAR,RM.388,Slice Chocolate Pudding,45,32445,32445,721
12/01/2022,VOL,ST001,QAR,RM.389,Slice Honey Pudding,45,40140,40140,892
12/01/2022,VOL,ST001,QAR,RM.390,ST.DATES CAKE,40,8960,8960,224
12/01/2022,VOL,ST001,QAR,RM.662,Virgin Mojito,35,12705,12705,363
12/01/2022,VOL,ST001,QAR,RM.664,Hawaiian Coconut,35,28350,28315,810
12/01/2022,VOL,ST001,QAR,RM.671,Berry coconut,35,1680,1680,48
12/01/2022,VOL,ST001,QAR,RM.672,Cold brew mojito,25,50,50,2
12/01/2022,VOL,ST001,QAR,RM.673,Berry mojito,35,6370,6370,182
12/01/2022,VOL,ST001,QAR,RM.675,Summer drink box {7pcs},280,280,280,1
12/01/2022,VOL,ST001,QAR,RM.676,Lemon ginger Iced tea,29,3306,3306,114
12/01/2022,VOL,ST001,QAR,RM.677,Jade passion Iced tea,29,3915,3915,135
12/01/2022,VOL,ST001,QAR,RM.691,English Breakfast Tea,25,12600,12600,504
12/01/2022,VOL,ST001,QAR,RM.692,Peppermint Tea,25,850,850,34
12/01/2022,VOL,ST001,QAR,RM.693,Earl Grey Tea,25,1550,1550,62
12/01/2022,VOL,ST001,QAR,RM.694,Jasmine Tea,25,1275,1275,51
12/01/2022,VOL,ST001,QAR,RM.695,Organic Green Tea,25,675,675,27
12/01/2022,VOL,ST001,QAR,RM.697,Lemon Grass tea,25,775,775,31
12/01/2022,VOL,ST001,QAR,RM.698,Chamomile,25,1250,1250,50
12/01/2022,VOL,ST001,QAR,RM.699,Green Tea,25,2325,2325,93
12/01/2022,VOL,ST001,QAR,RM.721,Labneh With Zaatar,36,15912,15912,442
12/01/2022,VOL,ST001,QAR,RM.727,Mushroom Egg Benedict,45,33165,33075,737
12/01/2022,VOL,ST001,QAR,RM.728,Stuffed Croissants,30,17310,17310,577
12/01/2022,VOL,ST001,QAR,RM.729,Falafel Peta,55,37565,37565,683
12/01/2022,VOL,ST001,QAR,RM.730,Greek Avocado Toast,49,36064,36064,736
12/01/2022,VOL,ST001,QAR,RM.731,Granola with yogurt,55,16940,16830,308
12/01/2022,VOL,ST001,QAR,RM.737,Egg and cheese slinders,35,18620,18620,532
12/01/2022,VOL,ST001,QAR,RM.738,Berry smoothie,55,2145,2090,39
12/01/2022,VOL,ST001,QAR,RM.739,Pancake rouges,55,23760,23705,432
12/01/2022,VOL,ST001,QAR,RM.740,Breakfast oat porridge,50,7100,7100,142
12/01/2022,VOL,ST001,QAR,RM.744,Crispy sweet corn fritter,55,7920,7810,144
12/01/2022,VOL,ST001,QAR,RM.745,Crispy sesame falafel,50,8450,8450,169
12/01/2022,VOL,ST001,QAR,RM.746,Baked Feta on Citrus Toma,55,9460,9350,172
12/01/2022,VOL,ST001,QAR,RM.760,Big Blueberry cheesecake,360,360,360,1
12/01/2022,VOL,ST001,QAR,RM.781,Winter hot choco,28,73248,73164,2616
12/01/2022,VOL,ST001,QAR,RM.783,Chouquette,35,2940,2835,84
12/01/2022,VOL,ST001,QAR,RM.784,Mini Pancakes,40,10000,9880,250
12/01/2022,VOL,ST001,QAR,RM.785,Box winter chocolate,180,72480,72300,402
12/01/2022,VOL,ST001,QAR,RM.787,Hazelnut Warm chocolate,50,20650,20600,413
12/01/2022,VOL,ST001,QAR,RM.788,Whole hazelnut warm choco,350,7350,7350,21
12/01/2022,VOL,ST001,QAR,RM.811,Big Honey pudding,250,21250,21250,85
12/01/2022,VOL,ST001,QAR,RM.812,Small Honey pudding,100,8200,8200,82
12/01/2022,VOL,ST001,QAR,RM.813,Big Chocolate pudding,350,17500,17500,50
12/01/2022,VOL,ST001,QAR,RM.814,Small Chocolate pudding,180,11880,11880,66
12/01/2022,VOL,ST001,QAR,RM.815,Big Cereal milky cake,250,2500,2500,10
12/01/2022,VOL,ST001,QAR,RM.816,Small Cereal milky cake,150,750,750,5
12/01/2022,VOL,ST001,QAR,RM.817,Big Safron milky cake,300,2400,2400,8
12/01/2022,VOL,ST001,QAR,RM.818,Small Safron milky cake,150,2400,2400,16
12/01/2022,VOL,ST001,QAR,RM.823,Big Pecan Caramel,350,8750,8400,25
12/01/2022,VOL,ST001,QAR,RM.825, Whole Coconut Cake,360,2880,2880,8
12/01/2022,VOL,ST001,QAR,RM.826,BIG MANGO CAKE,350,10850,10850,31
12/01/2022,VOL,ST001,QAR,RM.828,Whole Monkey bread,220,6380,6380,29
12/01/2022,VOL,ST001,QAR,RM.830,Whole Tres Leche Berry,350,4200,4200,12
12/01/2022,VOL,ST001,QAR,RM.836,Mix Sandwich box,220,10560,10340,48
12/01/2022,VOL,ST001,QAR,RM.837,Small mango cake,120,4800,4800,40
12/01/2022,VOL,ST001,QAR,RM.838,Mini falafel box,40,3120,3120,78
12/01/2022,VOL,ST001,QAR,RM.839,Whole Portofinol Tiramisu,350,2800,2800,8
12/01/2022,VOL,ST001,QAR,RM.840,Whole Raspberry Swissroll,180,4500,4500,25
12/01/2022,VOL,ST001,QAR,RM.844,Honey Mustard Chicken SLD,55,35585,35585,647
12/01/2022,VOL,ST001,QAR,RM.845,Smoked Turkey Sandwich,35,8295,8295,237
12/01/2022,VOL,ST001,QAR,RM.846,Roasted Beef Sandwich,65,14885,14820,229
12/01/2022,VOL,ST001,QAR,RM.848,Risotto Balls,40,10720,10720,268
12/01/2022,VOL,ST001,QAR,RM.849,Beef Burger,50,12900,12900,258
12/01/2022,VOL,ST001,QAR,RM.850,Chicken taco,45,10845,10800,241
12/01/2022,VOL,ST001,QAR,RM.851,Crispy chicken burger,40,18280,18280,457
12/01/2022,VOL,ST001,QAR,RM.852,Chicken spaghetti,60,37980,37980,633
12/01/2022,VOL,ST001,QAR,RM.853,Baked salmon with lemon c,68,11288,11220,166
12/01/2022,VOL,ST001,QAR,RM.854,Grilled Chicken Breast wi,58,13166,13166,227
12/01/2022,VOL,ST001,QAR,RM.855,Marinated Burata Toast,55,9075,8965,165
12/01/2022,VOL,ST001,QAR,RM.856,Asia Beef Salad,58,3944,3944,68
12/01/2022,VOL,ST001,QAR,RM.858,Spicy club sandwich,35,34650,34615,990
12/01/2022,VOL,ST001,QAR,RM.861,Lasagna Bolognese,55,14245,14245,259
12/01/2022,VOL,ST001,QAR,RM.862,Quinoa kale garden greens,50,12350,12350,247
12/01/2022,VOL,ST001,QAR,RM.863,Burrito chicken salad,55,19415,19305,353
12/01/2022,VOL,ST001,QAR,RM.864,Bread basket,45,5445,5445,121
12/01/2022,VOL,ST001,QAR,RM.871,French Toast,50,14400,14400,288
12/01/2022,VOL,ST001,QAR,RM.873,Crushed Cookies,50,35500,35450,710
12/01/2022,VOL,ST001,QAR,RM.3691,extra hot,0,0,0,27
12/01/2022,VOL,ST001,QAR,RM.3692,TAKE AWAY,0,0,0,1
12/01/2022,VOL,ST001,QAR,RM.3694,with mint,0,0,0,2
12/01/2022,VOL,ST001,QAR,RM.3695,extra sweet,0,0,0,1
12/01/2022,VOL,ST001,QAR,RM.3696,less sweet,0,0,0,5
12/01/2022,VOL,ST001,QAR,RM.3697,together w food,0,0,0,1009
12/01/2022,VOL,ST001,QAR,RM.3698,together w drinks,0,0,0,856
12/01/2022,VOL,ST001,QAR,RM.3700,well done,0,0,0,2
12/01/2022,VOL,ST001,QAR,RM.3705,lowfat,0,0,0,38
12/01/2022,VOL,ST001,QAR,RM.3706,decaf,0,0,0,18
12/01/2022,VOL,ST001,QAR,RM.3707,now,0,0,0,5
12/01/2022,VOL,ST001,QAR,RM.3709,cut into half,0,0,0,2
12/01/2022,VOL,ST001,QAR,RM.3710,xtra dressing,0,0,0,1
12/01/2022,VOL,ST001,QAR,RM.3781,LESS ICE,0,0,0,2
12/01/2022,VOL,ST001,QAR,RM.3782,NO ICE,0,0,0,3
12/01/2022,VOL,ST001,QAR,RM.3812,Well Done,0,0,0,270
12/01/2022,VOL,ST001,QAR,RM.3814,Medium,0,0,0,286
12/01/2022,VOL,ST001,QAR,RM.3815,Runny,0,0,0,41
12/01/2022,VOL,ST001,QAR,RM.6361,WITH CREAM,0,0,0,22
12/01/2022,VOL,ST001,QAR,RM.6362,WITHOUT CREAM,0,0,0,17
12/01/2022,VOL,ST001,QAR,RM.6363,Almond Milk,0,0,0,168
12/01/2022,VOL,ST001,QAR,RM.6364,Coconut Milk,0,0,0,69
12/01/2022,VOL,ST001,QAR,RM.6374,Soya milk,0,0,0,40
