DATE,BRANCHCODE,WAREHOUSECODE,CURRENCY,ERPCODE,ITEMNAME,RAWPRICE,GROSSAMT,NETVALUE,QTYSOLD
11/01/2022,VOL,ST001,QAR,RM.1,Salmon,14,910,910,65
11/01/2022,VOL,ST001,QAR,RM.2,Bacon,14,728,728,52
11/01/2022,VOL,ST001,QAR,RM.3,Cheese,14,1428,1428,102
11/01/2022,VOL,ST001,QAR,RM.4,Turkey,14,784,784,56
11/01/2022,VOL,ST001,QAR,RM.5,Extra chicken,10,110,110,11
11/01/2022,VOL,ST001,QAR,RM.6,Egg,6,1200,1200,200
11/01/2022,VOL,ST001,QAR,RM.7,Mushroom,12,108,108,9
11/01/2022,VOL,ST001,QAR,RM.8,Avocado,12,264,264,22
11/01/2022,VOL,ST001,QAR,RM.62,Halloumi Fries,20,6400,6320,320
11/01/2022,VOL,ST001,QAR,RM.63,Baked Potato Wedges,20,4460,4400,223
11/01/2022,VOL,ST001,QAR,RM.64,French fries,15,11385,11295,759
11/01/2022,VOL,ST001,QAR,RM.125,Small cereal ice cream,7,735,735,105
11/01/2022,VOL,ST001,QAR,RM.126,Medium cereal ice cream,15,615,615,41
11/01/2022,VOL,ST001,QAR,RM.127,Mango ice pudding,40,1160,1160,29
11/01/2022,VOL,ST001,QAR,RM.157,Slice Tiramisu Portofino,40,13560,13560,339
11/01/2022,VOL,ST001,QAR,RM.181,Espreso,18,3024,2988,168
11/01/2022,VOL,ST001,QAR,RM.182,Double Espreso,20,3220,3180,161
11/01/2022,VOL,ST001,QAR,RM.183,Americano,20,15420,15180,771
11/01/2022,VOL,ST001,QAR,RM.184,Cappucino,24,24720,24648,1030
11/01/2022,VOL,ST001,QAR,RM.186,Latte Cold,24,4296,4272,179
11/01/2022,VOL,ST001,QAR,RM.187,V60 Pour Over,24,11160,11136,465
11/01/2022,VOL,ST001,QAR,RM.188,French Press,24,624,624,26
11/01/2022,VOL,ST001,QAR,RM.191,Cold Drip,24,240,240,10
11/01/2022,VOL,ST001,QAR,RM.193,Flat White hot,24,19896,19896,829
11/01/2022,VOL,ST001,QAR,RM.194,Macciatto,20,400,400,20
11/01/2022,VOL,ST001,QAR,RM.197,Morochino,24,240,240,10
11/01/2022,VOL,ST001,QAR,RM.198,cortado,24,11448,11448,477
11/01/2022,VOL,ST001,QAR,RM.200,Latte Hot,24,15000,15000,625
11/01/2022,VOL,ST001,QAR,RM.201,Milk,20,40,40,2
11/01/2022,VOL,ST001,QAR,RM.206,Double espresso Machiatto,24,240,240,10
11/01/2022,VOL,ST001,QAR,RM.207,Americano ice,20,3260,3260,163
11/01/2022,VOL,ST001,QAR,RM.210,Flatwhite ice,24,696,696,29
11/01/2022,VOL,ST001,QAR,RM.211,Volume Special ice,28,532,532,19
11/01/2022,VOL,ST001,QAR,RM.212,Coconut Latte,28,3724,3696,133
11/01/2022,VOL,ST001,QAR,RM.213,Cereal Latte,28,1596,1596,57
11/01/2022,VOL,ST001,QAR,RM.215,Ice Mocha,35,1470,1470,42
11/01/2022,VOL,ST001,QAR,RM.216,Volume special hot,28,840,840,30
11/01/2022,VOL,ST001,QAR,RM.218,Dulce de leche hot,28,336,336,12
11/01/2022,VOL,ST001,QAR,RM.220,Dulce de Leche ice,28,392,392,14
11/01/2022,VOL,ST001,QAR,RM.221,Drink in Love,28,1624,1596,58
11/01/2022,VOL,ST001,QAR,RM.223,Spanish Ice latte,28,14532,14504,519
11/01/2022,VOL,ST001,QAR,RM.224,Hot Chocolate,32,10880,10880,340
11/01/2022,VOL,ST001,QAR,RM.227,Spanish hot latte,28,21224,21196,758
11/01/2022,VOL,ST001,QAR,RM.230,Frappe,28,2576,2576,92
11/01/2022,VOL,ST001,QAR,RM.231,Cinnamon Latte,28,4620,4620,165
11/01/2022,VOL,ST001,QAR,RM.233,Ginger Latte,28,1652,1652,59
11/01/2022,VOL,ST001,QAR,RM.236,Cafe crema,24,264,264,11
11/01/2022,VOL,ST001,QAR,RM.242,Acqua Panna 250ml,17,21420,21369,1260
11/01/2022,VOL,ST001,QAR,RM.243,Acqua panna 0.5,25,19650,19625,786
11/01/2022,VOL,ST001,QAR,RM.244,Perrier medium 330ml,19,4522,4522,238
11/01/2022,VOL,ST001,QAR,RM.245,Cola regular,10,4780,4780,478
11/01/2022,VOL,ST001,QAR,RM.246,Coca cola light,10,3050,3050,305
11/01/2022,VOL,ST001,QAR,RM.247,Sprite,10,1460,1460,146
11/01/2022,VOL,ST001,QAR,RM.248,Fanta,10,460,460,46
11/01/2022,VOL,ST001,QAR,RM.250,Highland water 500ml,5,25,0,5
11/01/2022,VOL,ST001,QAR,RM.253,Perrier small 200ml,17,1870,1870,110
11/01/2022,VOL,ST001,QAR,RM.271,Orange Juice,24,23496,23448,979
11/01/2022,VOL,ST001,QAR,RM.272,Green Apple Juice,24,3552,3552,148
11/01/2022,VOL,ST001,QAR,RM.273,Lemon Mint Juice,24,11448,11448,477
11/01/2022,VOL,ST001,QAR,RM.275,Carrot Juice,24,3720,3672,155
11/01/2022,VOL,ST001,QAR,RM.361,Slice Monkey bread,35,6020,5950,172
11/01/2022,VOL,ST001,QAR,RM.362,SliceTres Leche Berry,45,3735,3690,83
11/01/2022,VOL,ST001,QAR,RM.363,Slice Coconut Cake,45,6390,6390,142
11/01/2022,VOL,ST001,QAR,RM.364,Slice Mango cake,45,31545,31410,701
11/01/2022,VOL,ST001,QAR,RM.365,Banoffee,35,5250,5250,150
11/01/2022,VOL,ST001,QAR,RM.367,Chocolate babka,30,2190,2190,73
11/01/2022,VOL,ST001,QAR,RM.369,Slice Raspberry swissroll,35,5635,5600,161
11/01/2022,VOL,ST001,QAR,RM.373,Slice Safron Milky Cake,45,8190,8190,182
11/01/2022,VOL,ST001,QAR,RM.374,Zaatar babka,30,1980,1980,66
11/01/2022,VOL,ST001,QAR,RM.375,Caramel Brownie,15,1995,1980,133
11/01/2022,VOL,ST001,QAR,RM.380,Slice Cereal milky  Cake,40,8920,8840,223
11/01/2022,VOL,ST001,QAR,RM.386,Slice Pecan Carmel Pie,35,6020,6020,172
11/01/2022,VOL,ST001,QAR,RM.388,Slice Chocolate Pudding,45,26595,26550,591
11/01/2022,VOL,ST001,QAR,RM.389,Slice Honey Pudding,45,33525,33525,745
11/01/2022,VOL,ST001,QAR,RM.390,ST.DATES CAKE,40,5920,5920,148
11/01/2022,VOL,ST001,QAR,RM.662,Virgin Mojito,35,10955,10955,313
11/01/2022,VOL,ST001,QAR,RM.664,Hawaiian Coconut,35,32760,32760,936
11/01/2022,VOL,ST001,QAR,RM.671,Berry coconut,35,1855,1855,53
11/01/2022,VOL,ST001,QAR,RM.673,Berry mojito,35,7315,7315,209
11/01/2022,VOL,ST001,QAR,RM.674,Summer drink box {6pcs},245,1225,1225,5
11/01/2022,VOL,ST001,QAR,RM.675,Summer drink box {7pcs},280,280,280,1
11/01/2022,VOL,ST001,QAR,RM.676,Lemon ginger Iced tea,29,3654,3654,126
11/01/2022,VOL,ST001,QAR,RM.677,Jade passion Iced tea,29,4901,4901,169
11/01/2022,VOL,ST001,QAR,RM.691,English Breakfast Tea,25,5325,5325,213
11/01/2022,VOL,ST001,QAR,RM.692,Peppermint Tea,25,300,300,12
11/01/2022,VOL,ST001,QAR,RM.693,Earl Grey Tea,25,1325,1325,53
11/01/2022,VOL,ST001,QAR,RM.694,Jasmine Tea,25,800,800,32
11/01/2022,VOL,ST001,QAR,RM.695,Organic Green Tea,25,250,250,10
11/01/2022,VOL,ST001,QAR,RM.697,Lemon Grass tea,25,350,350,14
11/01/2022,VOL,ST001,QAR,RM.698,Chamomile,25,1100,1100,44
11/01/2022,VOL,ST001,QAR,RM.699,Green Tea,25,1350,1325,54
11/01/2022,VOL,ST001,QAR,RM.721,Labneh With Zaatar,36,13572,13536,377
11/01/2022,VOL,ST001,QAR,RM.727,Mushroom Egg Benedict,45,22050,22005,490
11/01/2022,VOL,ST001,QAR,RM.728,Stuffed Croissants,30,12360,12300,412
11/01/2022,VOL,ST001,QAR,RM.729,Falafel Peta,55,32560,32505,592
11/01/2022,VOL,ST001,QAR,RM.730,Greek Avocado Toast,49,30772,30723,628
11/01/2022,VOL,ST001,QAR,RM.731,Granola with yogurt,55,14410,14355,262
11/01/2022,VOL,ST001,QAR,RM.737,Egg and cheese slinders,35,14945,14910,427
11/01/2022,VOL,ST001,QAR,RM.738,Berry smoothie,55,1925,1925,35
11/01/2022,VOL,ST001,QAR,RM.739,Pancake rouges,55,17985,17930,327
11/01/2022,VOL,ST001,QAR,RM.740,Breakfast oat porridge,50,7050,7000,141
11/01/2022,VOL,ST001,QAR,RM.744,Crispy sweet corn fritter,55,7865,7865,143
11/01/2022,VOL,ST001,QAR,RM.745,Crispy sesame falafel,50,4700,4700,94
11/01/2022,VOL,ST001,QAR,RM.746,Baked Feta on Citrus Toma,55,5005,5005,91
11/01/2022,VOL,ST001,QAR,RM.781,Winter hot choco,28,28,0,1
11/01/2022,VOL,ST001,QAR,RM.784,Mini Pancakes,40,40,0,1
11/01/2022,VOL,ST001,QAR,RM.786,Choux Puff,35,35,0,1
11/01/2022,VOL,ST001,QAR,RM.787,Hazelnut Warm chocolate,50,16200,16200,324
11/01/2022,VOL,ST001,QAR,RM.788,Whole hazelnut warm choco,350,8750,8750,25
11/01/2022,VOL,ST001,QAR,RM.811,Big Honey pudding,250,21500,21500,86
11/01/2022,VOL,ST001,QAR,RM.812,Small Honey pudding,100,7500,7500,75
11/01/2022,VOL,ST001,QAR,RM.813,Big Chocolate pudding,350,16800,16800,48
11/01/2022,VOL,ST001,QAR,RM.814,Small Chocolate pudding,180,9360,9360,52
11/01/2022,VOL,ST001,QAR,RM.815,Big Cereal milky cake,250,1750,1750,7
11/01/2022,VOL,ST001,QAR,RM.816,Small Cereal milky cake,150,1200,1200,8
11/01/2022,VOL,ST001,QAR,RM.817,Big Safron milky cake,300,2100,2100,7
11/01/2022,VOL,ST001,QAR,RM.818,Small Safron milky cake,150,900,900,6
11/01/2022,VOL,ST001,QAR,RM.823,Big Pecan Caramel,350,5950,5950,17
11/01/2022,VOL,ST001,QAR,RM.825, Whole Coconut Cake,360,5040,5040,14
11/01/2022,VOL,ST001,QAR,RM.826,BIG MANGO CAKE,350,11200,11200,32
11/01/2022,VOL,ST001,QAR,RM.827,EID BOX,390,780,780,2
11/01/2022,VOL,ST001,QAR,RM.828,Whole Monkey bread,220,4840,4840,22
11/01/2022,VOL,ST001,QAR,RM.830,Whole Tres Leche Berry,350,3850,3850,11
11/01/2022,VOL,ST001,QAR,RM.836,Mix Sandwich box,220,11660,11660,53
11/01/2022,VOL,ST001,QAR,RM.837,Small mango cake,120,4800,4800,40
11/01/2022,VOL,ST001,QAR,RM.838,Mini falafel box,40,3000,3000,75
11/01/2022,VOL,ST001,QAR,RM.839,Whole Portofinol Tiramisu,350,4900,4900,14
11/01/2022,VOL,ST001,QAR,RM.840,Whole Raspberry Swissroll,180,6660,6660,37
11/01/2022,VOL,ST001,QAR,RM.844,Honey Mustard Chicken SLD,55,41635,41635,757
11/01/2022,VOL,ST001,QAR,RM.845,Smoked Turkey Sandwich,35,7035,7035,201
11/01/2022,VOL,ST001,QAR,RM.846,Roasted Beef Sandwich,65,13455,13065,207
11/01/2022,VOL,ST001,QAR,RM.848,Risotto Balls,40,9360,9120,234
11/01/2022,VOL,ST001,QAR,RM.849,Beef Burger,50,9850,9650,197
11/01/2022,VOL,ST001,QAR,RM.850,Chicken taco,45,13545,13230,301
11/01/2022,VOL,ST001,QAR,RM.851,Crispy chicken burger,40,20520,20520,513
11/01/2022,VOL,ST001,QAR,RM.852,Chicken spaghetti,60,37560,37560,626
11/01/2022,VOL,ST001,QAR,RM.853,Baked salmon with lemon c,68,9724,9724,143
11/01/2022,VOL,ST001,QAR,RM.854,Grilled Chicken Breast wi,58,10614,10614,183
11/01/2022,VOL,ST001,QAR,RM.855,Marinated Burata Toast,55,7480,7480,136
11/01/2022,VOL,ST001,QAR,RM.856,Asia Beef Salad,58,4872,4872,84
11/01/2022,VOL,ST001,QAR,RM.858,Spicy club sandwich,35,30905,30660,883
11/01/2022,VOL,ST001,QAR,RM.861,Lasagna Bolognese,55,16555,16555,301
11/01/2022,VOL,ST001,QAR,RM.862,Quinoa kale garden greens,50,14400,14400,288
11/01/2022,VOL,ST001,QAR,RM.863,Burrito chicken salad,55,21615,21615,393
11/01/2022,VOL,ST001,QAR,RM.864,Bread basket,45,2385,2385,53
11/01/2022,VOL,ST001,QAR,RM.871,French Toast,50,11450,11450,229
11/01/2022,VOL,ST001,QAR,RM.873,Crushed Cookies,50,31500,31500,630
11/01/2022,VOL,ST001,QAR,RM.3612,scrambled egg,0,0,0,6
11/01/2022,VOL,ST001,QAR,RM.3691,extra hot,0,0,0,44
11/01/2022,VOL,ST001,QAR,RM.3692,TAKE AWAY,0,0,0,1
11/01/2022,VOL,ST001,QAR,RM.3695,extra sweet,0,0,0,2
11/01/2022,VOL,ST001,QAR,RM.3696,less sweet,0,0,0,21
11/01/2022,VOL,ST001,QAR,RM.3697,together w food,0,0,0,953
11/01/2022,VOL,ST001,QAR,RM.3698,together w drinks,0,0,0,687
11/01/2022,VOL,ST001,QAR,RM.3699,room temp.,0,0,0,1
11/01/2022,VOL,ST001,QAR,RM.3700,well done,0,0,0,3
11/01/2022,VOL,ST001,QAR,RM.3702,meduim,0,0,0,6
11/01/2022,VOL,ST001,QAR,RM.3705,lowfat,0,0,0,45
11/01/2022,VOL,ST001,QAR,RM.3706,decaf,0,0,0,15
11/01/2022,VOL,ST001,QAR,RM.3707,now,0,0,0,6
11/01/2022,VOL,ST001,QAR,RM.3709,cut into half,0,0,0,3
11/01/2022,VOL,ST001,QAR,RM.3710,xtra dressing,0,0,0,5
11/01/2022,VOL,ST001,QAR,RM.3812,Well Done,0,0,0,168
11/01/2022,VOL,ST001,QAR,RM.3814,Medium,0,0,0,161
11/01/2022,VOL,ST001,QAR,RM.3815,Runny,0,0,0,38
11/01/2022,VOL,ST001,QAR,RM.6361,WITH CREAM,0,0,0,20
11/01/2022,VOL,ST001,QAR,RM.6362,WITHOUT CREAM,0,0,0,27
11/01/2022,VOL,ST001,QAR,RM.6363,Almond Milk,0,0,0,122
11/01/2022,VOL,ST001,QAR,RM.6364,Coconut Milk,0,0,0,66
11/01/2022,VOL,ST001,QAR,RM.6374,Soya milk,0,0,0,33
