DATE,BRANCHCODE,WAREHOUSECODE,CURRENCY,ERPCODE,ITEMNAME,RAWPRICE,GROSSAMT,NETVALUE,QTYSOLD
06/01/2022,VOL,ST001,QAR,RM.1,Salmon,14,168,168,12
06/01/2022,VOL,ST001,QAR,RM.2,Bacon,14,140,140,10
06/01/2022,VOL,ST001,QAR,RM.3,Cheese,14,1092,1092,78
06/01/2022,VOL,ST001,QAR,RM.4,Turkey,14,490,490,35
06/01/2022,VOL,ST001,QAR,RM.5,Extra chicken,10,120,120,12
06/01/2022,VOL,ST001,QAR,RM.6,Egg,6,378,378,63
06/01/2022,VOL,ST001,QAR,RM.7,Mushroom,12,36,36,3
06/01/2022,VOL,ST001,QAR,RM.8,Avocado,12,120,120,10
06/01/2022,VOL,ST001,QAR,RM.61,Truffle Mac N Cheese,30,270,270,9
06/01/2022,VOL,ST001,QAR,RM.62,Halloumi Fries,20,5040,5040,252
06/01/2022,VOL,ST001,QAR,RM.63,Baked Potato Wedges,20,2860,2860,143
06/01/2022,VOL,ST001,QAR,RM.64,French fries,15,7020,7020,468
06/01/2022,VOL,ST001,QAR,RM.125,Small cereal ice cream,7,539,539,77
06/01/2022,VOL,ST001,QAR,RM.126,Medium cereal ice cream,15,750,750,50
06/01/2022,VOL,ST001,QAR,RM.127,Mango ice pudding,40,3320,3320,83
06/01/2022,VOL,ST001,QAR,RM.157,Slice Tiramisu Portofino,40,11480,11480,287
06/01/2022,VOL,ST001,QAR,RM.181,Espreso,18,1080,1080,60
06/01/2022,VOL,ST001,QAR,RM.182,Double Espreso,20,1100,1100,55
06/01/2022,VOL,ST001,QAR,RM.183,Americano,20,8900,8900,445
06/01/2022,VOL,ST001,QAR,RM.184,Cappucino,24,12888,12888,537
06/01/2022,VOL,ST001,QAR,RM.186,Latte Cold,24,3576,3576,149
06/01/2022,VOL,ST001,QAR,RM.187,V60 Pour Over,24,5520,5520,230
06/01/2022,VOL,ST001,QAR,RM.188,French Press,24,600,600,25
06/01/2022,VOL,ST001,QAR,RM.189,Mocha Pot,24,72,72,3
06/01/2022,VOL,ST001,QAR,RM.191,Cold Drip,24,1608,1608,67
06/01/2022,VOL,ST001,QAR,RM.193,Flat White hot,24,15552,15552,648
06/01/2022,VOL,ST001,QAR,RM.194,Macciatto,20,140,140,7
06/01/2022,VOL,ST001,QAR,RM.197,Morochino,24,264,264,11
06/01/2022,VOL,ST001,QAR,RM.198,cortado,24,7440,7440,310
06/01/2022,VOL,ST001,QAR,RM.200,Latte Hot,24,8904,8904,371
06/01/2022,VOL,ST001,QAR,RM.201,Milk,20,120,120,6
06/01/2022,VOL,ST001,QAR,RM.206,Double espresso Machiatto,24,192,192,8
06/01/2022,VOL,ST001,QAR,RM.207,Americano ice,20,2680,2680,134
06/01/2022,VOL,ST001,QAR,RM.210,Flatwhite ice,24,1608,1608,67
06/01/2022,VOL,ST001,QAR,RM.211,Volume Special ice,28,476,476,17
06/01/2022,VOL,ST001,QAR,RM.212,Coconut Latte,28,2576,2576,92
06/01/2022,VOL,ST001,QAR,RM.213,Cereal Latte,28,1092,1092,39
06/01/2022,VOL,ST001,QAR,RM.215,Ice Mocha,35,1785,1785,51
06/01/2022,VOL,ST001,QAR,RM.216,Volume special hot,28,168,168,6
06/01/2022,VOL,ST001,QAR,RM.218,Dulce de leche hot,28,504,504,18
06/01/2022,VOL,ST001,QAR,RM.220,Dulce de Leche ice,28,392,392,14
06/01/2022,VOL,ST001,QAR,RM.221,Drink in Love,28,1708,1708,61
06/01/2022,VOL,ST001,QAR,RM.223,Spanish Ice latte,28,19992,19992,714
06/01/2022,VOL,ST001,QAR,RM.224,Hot Chocolate,32,3168,3168,99
06/01/2022,VOL,ST001,QAR,RM.227,Spanish hot latte,28,19684,19684,703
06/01/2022,VOL,ST001,QAR,RM.230,Frappe,28,1288,1288,46
06/01/2022,VOL,ST001,QAR,RM.231,Cinnamon Latte,28,3780,3780,135
06/01/2022,VOL,ST001,QAR,RM.233,Ginger Latte,28,1092,1092,39
06/01/2022,VOL,ST001,QAR,RM.236,Cafe crema,24,144,144,6
06/01/2022,VOL,ST001,QAR,RM.242,Acqua Panna 250ml,17,17374,17357,1022
06/01/2022,VOL,ST001,QAR,RM.243,Acqua panna 0.5,25,12500,12500,500
06/01/2022,VOL,ST001,QAR,RM.244,Perrier medium 330ml,19,2261,2261,119
06/01/2022,VOL,ST001,QAR,RM.245,Cola regular,10,2960,2960,296
06/01/2022,VOL,ST001,QAR,RM.246,Coca cola light,10,240,240,24
06/01/2022,VOL,ST001,QAR,RM.247,Sprite,10,610,610,61
06/01/2022,VOL,ST001,QAR,RM.248,Fanta,10,360,360,36
06/01/2022,VOL,ST001,QAR,RM.253,Perrier small 200ml,17,1326,1326,78
06/01/2022,VOL,ST001,QAR,RM.271,Orange Juice,24,14880,14880,620
06/01/2022,VOL,ST001,QAR,RM.272,Green Apple Juice,24,2328,2328,97
06/01/2022,VOL,ST001,QAR,RM.273,Lemon Mint Juice,24,6720,6720,280
06/01/2022,VOL,ST001,QAR,RM.275,Carrot Juice,24,2136,2136,89
06/01/2022,VOL,ST001,QAR,RM.361,Slice Monkey bread,35,4550,4550,130
06/01/2022,VOL,ST001,QAR,RM.363,Slice Coconut Cake,45,6030,6030,134
06/01/2022,VOL,ST001,QAR,RM.364,Slice Mango cake,45,35730,35730,794
06/01/2022,VOL,ST001,QAR,RM.365,Banoffee,35,2695,2695,77
06/01/2022,VOL,ST001,QAR,RM.367,Chocolate babka,30,1950,1950,65
06/01/2022,VOL,ST001,QAR,RM.369,Slice Raspberry swissroll,35,5390,5390,154
06/01/2022,VOL,ST001,QAR,RM.373,Slice Safron Milky Cake,45,7110,7110,158
06/01/2022,VOL,ST001,QAR,RM.374,Zaatar babka,30,3060,3060,102
06/01/2022,VOL,ST001,QAR,RM.375,Caramel Brownie,15,2055,2055,137
06/01/2022,VOL,ST001,QAR,RM.380,Slice Cereal milky  Cake,40,12160,12160,304
06/01/2022,VOL,ST001,QAR,RM.386,Slice Pecan Carmel Pie,35,5495,5495,157
06/01/2022,VOL,ST001,QAR,RM.388,Slice Chocolate Pudding,45,30690,30645,682
06/01/2022,VOL,ST001,QAR,RM.389,Slice Honey Pudding,45,32760,32760,728
06/01/2022,VOL,ST001,QAR,RM.390,ST.DATES CAKE,40,3920,3920,98
06/01/2022,VOL,ST001,QAR,RM.662,Virgin Mojito,35,16520,16520,472
06/01/2022,VOL,ST001,QAR,RM.664,Hawaiian Coconut,35,59570,59535,1702
06/01/2022,VOL,ST001,QAR,RM.671,Berry coconut,35,1470,1470,42
06/01/2022,VOL,ST001,QAR,RM.672,Cold brew mojito,25,125,125,5
06/01/2022,VOL,ST001,QAR,RM.673,Berry mojito,35,7560,7560,216
06/01/2022,VOL,ST001,QAR,RM.674,Summer drink box {6pcs},245,980,980,4
06/01/2022,VOL,ST001,QAR,RM.675,Summer drink box {7pcs},280,3920,3920,14
06/01/2022,VOL,ST001,QAR,RM.676,Lemon ginger Iced tea,29,2784,2784,96
06/01/2022,VOL,ST001,QAR,RM.677,Jade passion Iced tea,29,6989,6989,241
06/01/2022,VOL,ST001,QAR,RM.691,English Breakfast Tea,25,4200,4200,168
06/01/2022,VOL,ST001,QAR,RM.692,Peppermint Tea,25,225,225,9
06/01/2022,VOL,ST001,QAR,RM.693,Earl Grey Tea,25,825,825,33
06/01/2022,VOL,ST001,QAR,RM.694,Jasmine Tea,25,675,675,27
06/01/2022,VOL,ST001,QAR,RM.695,Organic Green Tea,25,200,200,8
06/01/2022,VOL,ST001,QAR,RM.697,Lemon Grass tea,25,325,325,13
06/01/2022,VOL,ST001,QAR,RM.698,Chamomile,25,575,575,23
06/01/2022,VOL,ST001,QAR,RM.699,Green Tea,25,1300,1300,52
06/01/2022,VOL,ST001,QAR,RM.721,Labneh With Zaatar,36,13572,13572,377
06/01/2022,VOL,ST001,QAR,RM.725,Burrata On Toast,59,1593,1593,27
06/01/2022,VOL,ST001,QAR,RM.727,Mushroom Egg Benedict,45,18765,18765,417
06/01/2022,VOL,ST001,QAR,RM.728,Stuffed Croissants,30,7590,7590,253
06/01/2022,VOL,ST001,QAR,RM.729,Falafel Peta,55,42240,42240,768
06/01/2022,VOL,ST001,QAR,RM.730,Greek Avocado Toast,49,22442,22442,458
06/01/2022,VOL,ST001,QAR,RM.731,Granola with yogurt,55,23870,23870,434
06/01/2022,VOL,ST001,QAR,RM.733,Shakshuka,55,825,825,15
06/01/2022,VOL,ST001,QAR,RM.735,Olive Tapenade toast,45,495,495,11
06/01/2022,VOL,ST001,QAR,RM.737,Egg and cheese slinders,35,11060,11060,316
06/01/2022,VOL,ST001,QAR,RM.738,Berry smoothie,55,1540,1540,28
06/01/2022,VOL,ST001,QAR,RM.739,Pancake rouges,55,9130,9130,166
06/01/2022,VOL,ST001,QAR,RM.740,Breakfast oat porridge,50,5550,5550,111
06/01/2022,VOL,ST001,QAR,RM.744,Crispy sweet corn fritter,55,2915,2915,53
06/01/2022,VOL,ST001,QAR,RM.745,Crispy sesame falafel,50,2650,2650,53
06/01/2022,VOL,ST001,QAR,RM.746,Baked Feta on Citrus Toma,55,2970,2970,54
06/01/2022,VOL,ST001,QAR,RM.787,Hazelnut Warm chocolate,50,12400,12400,248
06/01/2022,VOL,ST001,QAR,RM.788,Whole hazelnut warm choco,350,6300,6300,18
06/01/2022,VOL,ST001,QAR,RM.811,Big Honey pudding,250,23250,23250,93
06/01/2022,VOL,ST001,QAR,RM.812,Small Honey pudding,100,13500,13500,135
06/01/2022,VOL,ST001,QAR,RM.813,Big Chocolate pudding,350,16450,16450,47
06/01/2022,VOL,ST001,QAR,RM.814,Small Chocolate pudding,180,10080,10080,56
06/01/2022,VOL,ST001,QAR,RM.815,Big Cereal milky cake,250,1750,1750,7
06/01/2022,VOL,ST001,QAR,RM.816,Small Cereal milky cake,150,1650,1650,11
06/01/2022,VOL,ST001,QAR,RM.817,Big Safron milky cake,300,2400,2400,8
06/01/2022,VOL,ST001,QAR,RM.818,Small Safron milky cake,150,2250,2250,15
06/01/2022,VOL,ST001,QAR,RM.823,Big Pecan Caramel,350,4550,4550,13
06/01/2022,VOL,ST001,QAR,RM.825, Whole Coconut Cake,360,5400,5400,15
06/01/2022,VOL,ST001,QAR,RM.826,BIG MANGO CAKE,350,10150,10150,29
06/01/2022,VOL,ST001,QAR,RM.827,EID BOX,390,1170,1170,3
06/01/2022,VOL,ST001,QAR,RM.828,Whole Monkey bread,220,3300,3300,15
06/01/2022,VOL,ST001,QAR,RM.836,Mix Sandwich box,220,25300,25300,115
06/01/2022,VOL,ST001,QAR,RM.837,Small mango cake,120,3960,3960,33
06/01/2022,VOL,ST001,QAR,RM.838,Mini falafel box,40,4880,4880,122
06/01/2022,VOL,ST001,QAR,RM.839,Whole Portofinol Tiramisu,350,2800,2800,8
06/01/2022,VOL,ST001,QAR,RM.840,Whole Raspberry Swissroll,180,4860,4860,27
06/01/2022,VOL,ST001,QAR,RM.841,Burrata Salad,55,1925,1925,35
06/01/2022,VOL,ST001,QAR,RM.844,Honey Mustard Chicken SLD,55,48015,48015,873
06/01/2022,VOL,ST001,QAR,RM.845,Smoked Turkey Sandwich,35,4550,4550,130
06/01/2022,VOL,ST001,QAR,RM.846,Roasted Beef Sandwich,65,10790,10790,166
06/01/2022,VOL,ST001,QAR,RM.848,Risotto Balls,40,8000,8000,200
06/01/2022,VOL,ST001,QAR,RM.849,Beef Burger,50,4800,4800,96
06/01/2022,VOL,ST001,QAR,RM.850,Chicken taco,45,9765,9765,217
06/01/2022,VOL,ST001,QAR,RM.851,Crispy chicken burger,40,13560,13560,339
06/01/2022,VOL,ST001,QAR,RM.852,Chicken spaghetti,60,29100,29100,485
06/01/2022,VOL,ST001,QAR,RM.853,Baked salmon with lemon c,68,4624,4624,68
06/01/2022,VOL,ST001,QAR,RM.854,Grilled Chicken Breast wi,58,4524,4524,78
06/01/2022,VOL,ST001,QAR,RM.855,Marinated Burata Toast,55,3960,3960,72
06/01/2022,VOL,ST001,QAR,RM.856,Asia Beef Salad,58,2552,2552,44
06/01/2022,VOL,ST001,QAR,RM.858,Spicy club sandwich,35,34755,34755,993
06/01/2022,VOL,ST001,QAR,RM.860,Gryo chicken wrap,35,700,700,20
06/01/2022,VOL,ST001,QAR,RM.861,Lasagna Bolognese,55,13200,13200,240
06/01/2022,VOL,ST001,QAR,RM.862,Quinoa kale garden greens,50,9850,9850,197
06/01/2022,VOL,ST001,QAR,RM.863,Burrito chicken salad,55,18480,18480,336
06/01/2022,VOL,ST001,QAR,RM.864,Bread basket,45,1440,1440,32
06/01/2022,VOL,ST001,QAR,RM.865,grilled chicken w/ tahina,60,1140,1140,19
06/01/2022,VOL,ST001,QAR,RM.866,grilled cheese sandwich,32,576,576,18
06/01/2022,VOL,ST001,QAR,RM.871,French Toast,50,7300,7300,146
06/01/2022,VOL,ST001,QAR,RM.873,Crushed Cookies,50,23400,23400,468
06/01/2022,VOL,ST001,QAR,RM.909,Coffee & dessert 20pax,3400,3400,3400,1
06/01/2022,VOL,ST001,QAR,RM.3631,With/ Cheese,0,0,0,1
06/01/2022,VOL,ST001,QAR,RM.3666,No/ Tomato,0,0,0,1
06/01/2022,VOL,ST001,QAR,RM.3691,extra hot,0,0,0,81
06/01/2022,VOL,ST001,QAR,RM.3692,TAKE AWAY,0,0,0,11
06/01/2022,VOL,ST001,QAR,RM.3695,extra sweet,0,0,0,22
06/01/2022,VOL,ST001,QAR,RM.3696,less sweet,0,0,0,22
06/01/2022,VOL,ST001,QAR,RM.3697,together w food,0,0,0,1127
06/01/2022,VOL,ST001,QAR,RM.3698,together w drinks,0,0,0,703
06/01/2022,VOL,ST001,QAR,RM.3699,room temp.,0,0,0,49
06/01/2022,VOL,ST001,QAR,RM.3700,well done,0,0,0,1
06/01/2022,VOL,ST001,QAR,RM.3702,meduim,0,0,0,1
06/01/2022,VOL,ST001,QAR,RM.3705,lowfat,0,0,0,89
06/01/2022,VOL,ST001,QAR,RM.3706,decaf,0,0,0,17
06/01/2022,VOL,ST001,QAR,RM.3707,now,0,0,0,13
06/01/2022,VOL,ST001,QAR,RM.3709,cut into half,0,0,0,2
06/01/2022,VOL,ST001,QAR,RM.3710,xtra dressing,0,0,0,29
06/01/2022,VOL,ST001,QAR,RM.3723,NO TOMATO,0,0,0,2
06/01/2022,VOL,ST001,QAR,RM.3782,NO ICE,0,0,0,5
06/01/2022,VOL,ST001,QAR,RM.3812,Well Done,0,0,0,142
06/01/2022,VOL,ST001,QAR,RM.3814,Medium,0,0,0,152
06/01/2022,VOL,ST001,QAR,RM.3815,Runny,0,0,0,17
06/01/2022,VOL,ST001,QAR,RM.6361,WITH CREAM,0,0,0,20
06/01/2022,VOL,ST001,QAR,RM.6362,WITHOUT CREAM,0,0,0,33
06/01/2022,VOL,ST001,QAR,RM.6363,Almond Milk,0,0,0,100
06/01/2022,VOL,ST001,QAR,RM.6364,Coconut Milk,0,0,0,39
06/01/2022,VOL,ST001,QAR,RM.6374,Soya milk,0,0,0,24
