DATE,BRANCHCODE,WAREHOUSECODE,CURRENCY,ERPCODE,ITEMNAME,RAWPRICE,GROSSAMT,NETVALUE,QTYSOLD
05/01/2022,VOL,ST001,QAR,RM.1,Salmon,14,336,336,24
05/01/2022,VOL,ST001,QAR,RM.2,Bacon,14,420,420,30
05/01/2022,VOL,ST001,QAR,RM.3,Cheese,14,1512,1512,108
05/01/2022,VOL,ST001,QAR,RM.4,Turkey,14,518,518,37
05/01/2022,VOL,ST001,QAR,RM.5,Extra chicken,10,160,160,16
05/01/2022,VOL,ST001,QAR,RM.6,Egg,6,582,582,97
05/01/2022,VOL,ST001,QAR,RM.7,Mushroom,12,60,60,5
05/01/2022,VOL,ST001,QAR,RM.8,Avocado,12,96,96,8
05/01/2022,VOL,ST001,QAR,RM.61,Truffle Mac N Cheese,30,3120,3120,104
05/01/2022,VOL,ST001,QAR,RM.62,Halloumi Fries,20,5660,5660,283
05/01/2022,VOL,ST001,QAR,RM.63,Baked Potato Wedges,20,3780,3780,189
05/01/2022,VOL,ST001,QAR,RM.64,French fries,15,8610,8610,574
05/01/2022,VOL,ST001,QAR,RM.125,Small cereal ice cream,7,413,413,59
05/01/2022,VOL,ST001,QAR,RM.126,Medium cereal ice cream,15,615,615,41
05/01/2022,VOL,ST001,QAR,RM.127,Mango ice pudding,40,2680,2680,67
05/01/2022,VOL,ST001,QAR,RM.157,Slice Tiramisu Portofino,40,16800,16760,420
05/01/2022,VOL,ST001,QAR,RM.161,LEMON GRANITA,30,30,30,1
05/01/2022,VOL,ST001,QAR,RM.181,Espreso,18,1800,1782,100
05/01/2022,VOL,ST001,QAR,RM.182,Double Espreso,20,1580,1580,79
05/01/2022,VOL,ST001,QAR,RM.183,Americano,20,12360,12360,618
05/01/2022,VOL,ST001,QAR,RM.184,Cappucino,24,18816,18816,784
05/01/2022,VOL,ST001,QAR,RM.186,Latte Cold,24,4056,4056,169
05/01/2022,VOL,ST001,QAR,RM.187,V60 Pour Over,24,9624,9624,401
05/01/2022,VOL,ST001,QAR,RM.188,French Press,24,576,576,24
05/01/2022,VOL,ST001,QAR,RM.189,Mocha Pot,24,120,120,5
05/01/2022,VOL,ST001,QAR,RM.191,Cold Drip,24,2256,2256,94
05/01/2022,VOL,ST001,QAR,RM.193,Flat White hot,24,24648,24648,1027
05/01/2022,VOL,ST001,QAR,RM.194,Macciatto,20,260,260,13
05/01/2022,VOL,ST001,QAR,RM.197,Morochino,24,552,552,23
05/01/2022,VOL,ST001,QAR,RM.198,cortado,24,10608,10608,442
05/01/2022,VOL,ST001,QAR,RM.200,Latte Hot,24,12600,12600,525
05/01/2022,VOL,ST001,QAR,RM.201,Milk,20,180,180,9
05/01/2022,VOL,ST001,QAR,RM.206,Double espresso Machiatto,24,360,360,15
05/01/2022,VOL,ST001,QAR,RM.207,Americano ice,20,3240,3240,162
05/01/2022,VOL,ST001,QAR,RM.210,Flatwhite ice,24,1560,1560,65
05/01/2022,VOL,ST001,QAR,RM.211,Volume Special ice,28,448,448,16
05/01/2022,VOL,ST001,QAR,RM.212,Coconut Latte,28,4004,4004,143
05/01/2022,VOL,ST001,QAR,RM.213,Cereal Latte,28,2128,2128,76
05/01/2022,VOL,ST001,QAR,RM.215,Ice Mocha,35,2730,2730,78
05/01/2022,VOL,ST001,QAR,RM.216,Volume special hot,28,588,588,21
05/01/2022,VOL,ST001,QAR,RM.218,Dulce de leche hot,28,728,728,26
05/01/2022,VOL,ST001,QAR,RM.220,Dulce de Leche ice,28,868,868,31
05/01/2022,VOL,ST001,QAR,RM.221,Drink in Love,28,2156,2156,77
05/01/2022,VOL,ST001,QAR,RM.223,Spanish Ice latte,28,28420,28392,1015
05/01/2022,VOL,ST001,QAR,RM.224,Hot Chocolate,32,5728,5728,179
05/01/2022,VOL,ST001,QAR,RM.227,Spanish hot latte,28,29848,29848,1066
05/01/2022,VOL,ST001,QAR,RM.230,Frappe,28,1568,1568,56
05/01/2022,VOL,ST001,QAR,RM.231,Cinnamon Latte,28,4480,4480,160
05/01/2022,VOL,ST001,QAR,RM.233,Ginger Latte,28,1736,1736,62
05/01/2022,VOL,ST001,QAR,RM.236,Cafe crema,24,240,240,10
05/01/2022,VOL,ST001,QAR,RM.242,Acqua Panna 250ml,17,22287,22287,1311
05/01/2022,VOL,ST001,QAR,RM.243,Acqua panna 0.5,25,22525,22475,901
05/01/2022,VOL,ST001,QAR,RM.244,Perrier medium 330ml,19,3781,3743,199
05/01/2022,VOL,ST001,QAR,RM.245,Cola regular,10,3880,3880,388
05/01/2022,VOL,ST001,QAR,RM.246,Coca cola light,10,850,850,85
05/01/2022,VOL,ST001,QAR,RM.247,Sprite,10,830,830,83
05/01/2022,VOL,ST001,QAR,RM.248,Fanta,10,250,250,25
05/01/2022,VOL,ST001,QAR,RM.253,Perrier small 200ml,17,1683,1683,99
05/01/2022,VOL,ST001,QAR,RM.271,Orange Juice,24,22416,22416,934
05/01/2022,VOL,ST001,QAR,RM.272,Green Apple Juice,24,3864,3864,161
05/01/2022,VOL,ST001,QAR,RM.273,Lemon Mint Juice,24,11136,11136,464
05/01/2022,VOL,ST001,QAR,RM.275,Carrot Juice,24,3000,3000,125
05/01/2022,VOL,ST001,QAR,RM.361,Slice Monkey bread,35,7140,7140,204
05/01/2022,VOL,ST001,QAR,RM.362,SliceTres Leche Berry,45,1305,1305,29
05/01/2022,VOL,ST001,QAR,RM.363,Slice Coconut Cake,45,7965,7965,177
05/01/2022,VOL,ST001,QAR,RM.364,Slice Mango cake,45,46755,46710,1039
05/01/2022,VOL,ST001,QAR,RM.365,Banoffee,35,4970,4970,142
05/01/2022,VOL,ST001,QAR,RM.367,Chocolate babka,30,2910,2910,97
05/01/2022,VOL,ST001,QAR,RM.369,Slice Raspberry swissroll,35,5880,5880,168
05/01/2022,VOL,ST001,QAR,RM.373,Slice Safron Milky Cake,45,10845,10845,241
05/01/2022,VOL,ST001,QAR,RM.374,Zaatar babka,30,2430,2430,81
05/01/2022,VOL,ST001,QAR,RM.375,Caramel Brownie,15,2340,2340,156
05/01/2022,VOL,ST001,QAR,RM.380,Slice Cereal milky  Cake,40,15760,15720,394
05/01/2022,VOL,ST001,QAR,RM.386,Slice Pecan Carmel Pie,35,5915,5880,169
05/01/2022,VOL,ST001,QAR,RM.388,Slice Chocolate Pudding,45,37260,37260,828
05/01/2022,VOL,ST001,QAR,RM.389,Slice Honey Pudding,45,43425,43380,965
05/01/2022,VOL,ST001,QAR,RM.390,ST.DATES CAKE,40,5560,5560,139
05/01/2022,VOL,ST001,QAR,RM.662,Virgin Mojito,35,20370,20370,582
05/01/2022,VOL,ST001,QAR,RM.664,Hawaiian Coconut,35,66395,66395,1897
05/01/2022,VOL,ST001,QAR,RM.671,Berry coconut,35,1785,1785,51
05/01/2022,VOL,ST001,QAR,RM.672,Cold brew mojito,25,100,100,4
05/01/2022,VOL,ST001,QAR,RM.673,Berry mojito,35,9415,9415,269
05/01/2022,VOL,ST001,QAR,RM.674,Summer drink box {6pcs},245,1470,1470,6
05/01/2022,VOL,ST001,QAR,RM.675,Summer drink box {7pcs},280,560,560,2
05/01/2022,VOL,ST001,QAR,RM.676,Lemon ginger Iced tea,29,3277,3277,113
05/01/2022,VOL,ST001,QAR,RM.677,Jade passion Iced tea,29,7888,7888,272
05/01/2022,VOL,ST001,QAR,RM.691,English Breakfast Tea,25,6500,6500,260
05/01/2022,VOL,ST001,QAR,RM.692,Peppermint Tea,25,450,450,18
05/01/2022,VOL,ST001,QAR,RM.693,Earl Grey Tea,25,1125,1125,45
05/01/2022,VOL,ST001,QAR,RM.694,Jasmine Tea,25,1075,1075,43
05/01/2022,VOL,ST001,QAR,RM.695,Organic Green Tea,25,50,50,2
05/01/2022,VOL,ST001,QAR,RM.697,Lemon Grass tea,25,350,350,14
05/01/2022,VOL,ST001,QAR,RM.698,Chamomile,25,700,700,28
05/01/2022,VOL,ST001,QAR,RM.699,Green Tea,25,1825,1825,73
05/01/2022,VOL,ST001,QAR,RM.721,Labneh With Zaatar,36,15300,15300,425
05/01/2022,VOL,ST001,QAR,RM.725,Burrata On Toast,59,11859,11859,201
05/01/2022,VOL,ST001,QAR,RM.727,Mushroom Egg Benedict,45,32625,32625,725
05/01/2022,VOL,ST001,QAR,RM.728,Stuffed Croissants,30,10860,10860,362
05/01/2022,VOL,ST001,QAR,RM.729,Falafel Peta,55,58410,58410,1062
05/01/2022,VOL,ST001,QAR,RM.730,Greek Avocado Toast,49,30723,30723,627
05/01/2022,VOL,ST001,QAR,RM.731,Granola with yogurt,55,19965,19965,363
05/01/2022,VOL,ST001,QAR,RM.733,Shakshuka,55,10725,10725,195
05/01/2022,VOL,ST001,QAR,RM.735,Olive Tapenade toast,45,4860,4860,108
05/01/2022,VOL,ST001,QAR,RM.737,Egg and cheese slinders,35,12705,12705,363
05/01/2022,VOL,ST001,QAR,RM.738,Berry smoothie,55,1815,1815,33
05/01/2022,VOL,ST001,QAR,RM.739,Pancake rouges,55,12320,12320,224
05/01/2022,VOL,ST001,QAR,RM.740,Breakfast oat porridge,50,4300,4300,86
05/01/2022,VOL,ST001,QAR,RM.787,Hazelnut Warm chocolate,50,14300,14300,286
05/01/2022,VOL,ST001,QAR,RM.788,Whole hazelnut warm choco,350,8400,8400,24
05/01/2022,VOL,ST001,QAR,RM.811,Big Honey pudding,250,25000,25000,100
05/01/2022,VOL,ST001,QAR,RM.812,Small Honey pudding,100,13400,13400,134
05/01/2022,VOL,ST001,QAR,RM.813,Big Chocolate pudding,350,17500,17500,50
05/01/2022,VOL,ST001,QAR,RM.814,Small Chocolate pudding,180,11880,11880,66
05/01/2022,VOL,ST001,QAR,RM.815,Big Cereal milky cake,250,3750,3750,15
05/01/2022,VOL,ST001,QAR,RM.816,Small Cereal milky cake,150,2400,2400,16
05/01/2022,VOL,ST001,QAR,RM.817,Big Safron milky cake,300,1500,1500,5
05/01/2022,VOL,ST001,QAR,RM.818,Small Safron milky cake,150,2100,2100,14
05/01/2022,VOL,ST001,QAR,RM.823,Big Pecan Caramel,350,6300,6300,18
05/01/2022,VOL,ST001,QAR,RM.825, Whole Coconut Cake,360,5040,5040,14
05/01/2022,VOL,ST001,QAR,RM.826,BIG MANGO CAKE,350,15400,15400,44
05/01/2022,VOL,ST001,QAR,RM.827,EID BOX,390,13650,13650,35
05/01/2022,VOL,ST001,QAR,RM.828,Whole Monkey bread,220,3740,3740,17
05/01/2022,VOL,ST001,QAR,RM.829,Molten Rahash,250,750,750,3
05/01/2022,VOL,ST001,QAR,RM.830,Whole Tres Leche Berry,350,5600,5600,16
05/01/2022,VOL,ST001,QAR,RM.836,Mix Sandwich box,220,26180,26180,119
05/01/2022,VOL,ST001,QAR,RM.837,Small mango cake,120,4560,4560,38
05/01/2022,VOL,ST001,QAR,RM.838,Mini falafel box,40,4320,4320,108
05/01/2022,VOL,ST001,QAR,RM.839,Whole Portofinol Tiramisu,350,2450,2450,7
05/01/2022,VOL,ST001,QAR,RM.840,Whole Raspberry Swissroll,180,4320,4320,24
05/01/2022,VOL,ST001,QAR,RM.841,Burrata Salad,55,10945,10945,199
05/01/2022,VOL,ST001,QAR,RM.844,Honey Mustard Chicken SLD,55,43615,43615,793
05/01/2022,VOL,ST001,QAR,RM.845,Smoked Turkey Sandwich,35,5880,5880,168
05/01/2022,VOL,ST001,QAR,RM.846,Roasted Beef Sandwich,65,10790,10790,166
05/01/2022,VOL,ST001,QAR,RM.848,Risotto Balls,40,7840,7840,196
05/01/2022,VOL,ST001,QAR,RM.849,Beef Burger,50,6350,6350,127
05/01/2022,VOL,ST001,QAR,RM.850,Chicken taco,45,12285,12285,273
05/01/2022,VOL,ST001,QAR,RM.851,Crispy chicken burger,40,13080,13080,327
05/01/2022,VOL,ST001,QAR,RM.852,Chicken spaghetti,60,27540,27540,459
05/01/2022,VOL,ST001,QAR,RM.858,Spicy club sandwich,35,34825,34825,995
05/01/2022,VOL,ST001,QAR,RM.860,Gryo chicken wrap,35,4270,4270,122
05/01/2022,VOL,ST001,QAR,RM.861,Lasagna Bolognese,55,13860,13860,252
05/01/2022,VOL,ST001,QAR,RM.862,Quinoa kale garden greens,50,7700,7700,154
05/01/2022,VOL,ST001,QAR,RM.863,Burrito chicken salad,55,19745,19745,359
05/01/2022,VOL,ST001,QAR,RM.864,Bread basket,45,2205,2205,49
05/01/2022,VOL,ST001,QAR,RM.865,grilled chicken w/ tahina,60,9300,9300,155
05/01/2022,VOL,ST001,QAR,RM.866,grilled cheese sandwich,32,4800,4800,150
05/01/2022,VOL,ST001,QAR,RM.871,French Toast,50,10300,10300,206
05/01/2022,VOL,ST001,QAR,RM.873,Crushed Cookies,50,30450,30450,609
05/01/2022,VOL,ST001,QAR,RM.904,Customized Station,3678,4593,4593,3
05/01/2022,VOL,ST001,QAR,RM.907,Coffee station 20pax,2150,2150,2150,1
05/01/2022,VOL,ST001,QAR,RM.908,Coffee & dessert 10pax,2600,2600,2600,1
05/01/2022,VOL,ST001,QAR,RM.909,Coffee & dessert 20pax,3400,3400,3400,1
05/01/2022,VOL,ST001,QAR,RM.3601,Ex/ Cheese,0,0,0,1
05/01/2022,VOL,ST001,QAR,RM.3608,Ex/ Mayo,0,0,0,2
05/01/2022,VOL,ST001,QAR,RM.3612,scrambled egg,0,0,0,1
05/01/2022,VOL,ST001,QAR,RM.3614,Vegetable,0,0,0,1
05/01/2022,VOL,ST001,QAR,RM.3631,With/ Cheese,0,0,0,1
05/01/2022,VOL,ST001,QAR,RM.3661,No/ Cheese,0,0,0,5
05/01/2022,VOL,ST001,QAR,RM.3666,No/ Tomato,0,0,0,30
05/01/2022,VOL,ST001,QAR,RM.3691,extra hot,0,0,0,94
05/01/2022,VOL,ST001,QAR,RM.3692,TAKE AWAY,0,0,0,11
05/01/2022,VOL,ST001,QAR,RM.3694,with mint,0,0,0,5
05/01/2022,VOL,ST001,QAR,RM.3695,extra sweet,0,0,0,8
05/01/2022,VOL,ST001,QAR,RM.3696,less sweet,0,0,0,18
05/01/2022,VOL,ST001,QAR,RM.3697,together w food,0,0,0,1820
05/01/2022,VOL,ST001,QAR,RM.3698,together w drinks,0,0,0,1014
05/01/2022,VOL,ST001,QAR,RM.3699,room temp.,0,0,0,114
05/01/2022,VOL,ST001,QAR,RM.3700,well done,0,0,0,40
05/01/2022,VOL,ST001,QAR,RM.3701,runny,0,0,0,5
05/01/2022,VOL,ST001,QAR,RM.3702,meduim,0,0,0,28
05/01/2022,VOL,ST001,QAR,RM.3703,all to go,0,0,0,7
05/01/2022,VOL,ST001,QAR,RM.3705,lowfat,0,0,0,84
05/01/2022,VOL,ST001,QAR,RM.3706,decaf,0,0,0,27
05/01/2022,VOL,ST001,QAR,RM.3707,now,0,0,0,20
05/01/2022,VOL,ST001,QAR,RM.3709,cut into half,0,0,0,5
05/01/2022,VOL,ST001,QAR,RM.3710,xtra dressing,0,0,0,13
05/01/2022,VOL,ST001,QAR,RM.3723,NO TOMATO,0,0,0,3
05/01/2022,VOL,ST001,QAR,RM.3782,NO ICE,0,0,0,12
05/01/2022,VOL,ST001,QAR,RM.3812,Well Done,0,0,0,288
05/01/2022,VOL,ST001,QAR,RM.3814,Medium,0,0,0,247
05/01/2022,VOL,ST001,QAR,RM.3815,Runny,0,0,0,38
05/01/2022,VOL,ST001,QAR,RM.6361,WITH CREAM,0,0,0,24
05/01/2022,VOL,ST001,QAR,RM.6362,WITHOUT CREAM,0,0,0,27
05/01/2022,VOL,ST001,QAR,RM.6363,Almond Milk,0,0,0,111
05/01/2022,VOL,ST001,QAR,RM.6364,Coconut Milk,0,0,0,68
05/01/2022,VOL,ST001,QAR,RM.6374,Soya milk,0,0,0,34
