DATE,BRANCHCODE,WAREHOUSECODE,CURRENCY,ERPCODE,ITEMNAME,RAWPRICE,GROSSAMT,NETVALUE,QTYSOLD
07/01/2022,VOL,ST001,QAR,RM.1,Salmon,14,168,168,12
07/01/2022,VOL,ST001,QAR,RM.2,Bacon,14,112,112,8
07/01/2022,VOL,ST001,QAR,RM.3,Cheese,14,770,770,55
07/01/2022,VOL,ST001,QAR,RM.4,Turkey,14,322,322,23
07/01/2022,VOL,ST001,QAR,RM.5,Extra chicken,10,40,40,4
07/01/2022,VOL,ST001,QAR,RM.6,Egg,6,330,330,55
07/01/2022,VOL,ST001,QAR,RM.8,Avocado,12,84,84,7
07/01/2022,VOL,ST001,QAR,RM.62,Halloumi Fries,20,3820,3820,191
07/01/2022,VOL,ST001,QAR,RM.63,Baked Potato Wedges,20,2040,2040,102
07/01/2022,VOL,ST001,QAR,RM.64,French fries,15,5580,5580,372
07/01/2022,VOL,ST001,QAR,RM.125,Small cereal ice cream,7,448,448,64
07/01/2022,VOL,ST001,QAR,RM.126,Medium cereal ice cream,15,435,435,29
07/01/2022,VOL,ST001,QAR,RM.127,Mango ice pudding,40,2200,2200,55
07/01/2022,VOL,ST001,QAR,RM.157,Slice Tiramisu Portofino,40,9960,9960,249
07/01/2022,VOL,ST001,QAR,RM.181,Espreso,18,900,900,50
07/01/2022,VOL,ST001,QAR,RM.182,Double Espreso,20,980,980,49
07/01/2022,VOL,ST001,QAR,RM.183,Americano,20,7360,7360,368
07/01/2022,VOL,ST001,QAR,RM.184,Cappucino,24,11064,11064,461
07/01/2022,VOL,ST001,QAR,RM.186,Latte Cold,24,2328,2328,97
07/01/2022,VOL,ST001,QAR,RM.187,V60 Pour Over,24,5712,5712,238
07/01/2022,VOL,ST001,QAR,RM.188,French Press,24,360,360,15
07/01/2022,VOL,ST001,QAR,RM.189,Mocha Pot,24,72,72,3
07/01/2022,VOL,ST001,QAR,RM.191,Cold Drip,24,1632,1632,68
07/01/2022,VOL,ST001,QAR,RM.193,Flat White hot,24,12864,12864,536
07/01/2022,VOL,ST001,QAR,RM.194,Macciatto,20,100,100,5
07/01/2022,VOL,ST001,QAR,RM.197,Morochino,24,144,144,6
07/01/2022,VOL,ST001,QAR,RM.198,cortado,24,6336,6336,264
07/01/2022,VOL,ST001,QAR,RM.200,Latte Hot,24,7392,7392,308
07/01/2022,VOL,ST001,QAR,RM.206,Double espresso Machiatto,24,48,48,2
07/01/2022,VOL,ST001,QAR,RM.207,Americano ice,20,2240,2240,112
07/01/2022,VOL,ST001,QAR,RM.210,Flatwhite ice,24,1104,1104,46
07/01/2022,VOL,ST001,QAR,RM.211,Volume Special ice,28,420,420,15
07/01/2022,VOL,ST001,QAR,RM.212,Coconut Latte,28,2184,2184,78
07/01/2022,VOL,ST001,QAR,RM.213,Cereal Latte,28,1092,1092,39
07/01/2022,VOL,ST001,QAR,RM.215,Ice Mocha,35,1400,1400,40
07/01/2022,VOL,ST001,QAR,RM.216,Volume special hot,28,168,168,6
07/01/2022,VOL,ST001,QAR,RM.218,Dulce de leche hot,28,504,504,18
07/01/2022,VOL,ST001,QAR,RM.220,Dulce de Leche ice,28,588,588,21
07/01/2022,VOL,ST001,QAR,RM.221,Drink in Love,28,1428,1428,51
07/01/2022,VOL,ST001,QAR,RM.223,Spanish Ice latte,28,16912,16912,604
07/01/2022,VOL,ST001,QAR,RM.224,Hot Chocolate,32,3296,3296,103
07/01/2022,VOL,ST001,QAR,RM.227,Spanish hot latte,28,16520,16520,590
07/01/2022,VOL,ST001,QAR,RM.230,Frappe,28,868,868,31
07/01/2022,VOL,ST001,QAR,RM.231,Cinnamon Latte,28,2604,2604,93
07/01/2022,VOL,ST001,QAR,RM.233,Ginger Latte,28,700,700,25
07/01/2022,VOL,ST001,QAR,RM.236,Cafe crema,24,96,96,4
07/01/2022,VOL,ST001,QAR,RM.242,Acqua Panna 250ml,17,13515,13515,795
07/01/2022,VOL,ST001,QAR,RM.243,Acqua panna 0.5,25,8975,8975,359
07/01/2022,VOL,ST001,QAR,RM.244,Perrier medium 330ml,19,1577,1577,83
07/01/2022,VOL,ST001,QAR,RM.245,Cola regular,10,2120,2120,212
07/01/2022,VOL,ST001,QAR,RM.246,Coca cola light,10,950,950,95
07/01/2022,VOL,ST001,QAR,RM.247,Sprite,10,560,560,56
07/01/2022,VOL,ST001,QAR,RM.248,Fanta,10,220,220,22
07/01/2022,VOL,ST001,QAR,RM.253,Perrier small 200ml,17,731,731,43
07/01/2022,VOL,ST001,QAR,RM.271,Orange Juice,24,12720,12720,530
07/01/2022,VOL,ST001,QAR,RM.272,Green Apple Juice,24,1896,1896,79
07/01/2022,VOL,ST001,QAR,RM.273,Lemon Mint Juice,24,5064,5064,211
07/01/2022,VOL,ST001,QAR,RM.275,Carrot Juice,24,960,960,40
07/01/2022,VOL,ST001,QAR,RM.361,Slice Monkey bread,35,5145,5145,147
07/01/2022,VOL,ST001,QAR,RM.362,SliceTres Leche Berry,45,1755,1755,39
07/01/2022,VOL,ST001,QAR,RM.363,Slice Coconut Cake,45,5175,5175,115
07/01/2022,VOL,ST001,QAR,RM.364,Slice Mango cake,45,27045,26955,601
07/01/2022,VOL,ST001,QAR,RM.365,Banoffee,35,2555,2555,73
07/01/2022,VOL,ST001,QAR,RM.367,Chocolate babka,30,2310,2310,77
07/01/2022,VOL,ST001,QAR,RM.369,Slice Raspberry swissroll,35,4655,4655,133
07/01/2022,VOL,ST001,QAR,RM.373,Slice Safron Milky Cake,45,5040,5040,112
07/01/2022,VOL,ST001,QAR,RM.374,Zaatar babka,30,1710,1710,57
07/01/2022,VOL,ST001,QAR,RM.375,Caramel Brownie,15,1455,1455,97
07/01/2022,VOL,ST001,QAR,RM.380,Slice Cereal milky  Cake,40,9040,9040,226
07/01/2022,VOL,ST001,QAR,RM.386,Slice Pecan Carmel Pie,35,4130,4130,118
07/01/2022,VOL,ST001,QAR,RM.388,Slice Chocolate Pudding,45,22500,22500,500
07/01/2022,VOL,ST001,QAR,RM.389,Slice Honey Pudding,45,23265,23265,517
07/01/2022,VOL,ST001,QAR,RM.390,ST.DATES CAKE,40,3560,3560,89
07/01/2022,VOL,ST001,QAR,RM.662,Virgin Mojito,35,11655,11655,333
07/01/2022,VOL,ST001,QAR,RM.664,Hawaiian Coconut,35,42595,42595,1217
07/01/2022,VOL,ST001,QAR,RM.671,Berry coconut,35,1470,1470,42
07/01/2022,VOL,ST001,QAR,RM.672,Cold brew mojito,25,225,225,9
07/01/2022,VOL,ST001,QAR,RM.673,Berry mojito,35,5285,5285,151
07/01/2022,VOL,ST001,QAR,RM.674,Summer drink box {6pcs},245,1470,1470,6
07/01/2022,VOL,ST001,QAR,RM.675,Summer drink box {7pcs},280,560,560,2
07/01/2022,VOL,ST001,QAR,RM.676,Lemon ginger Iced tea,29,2059,2059,71
07/01/2022,VOL,ST001,QAR,RM.677,Jade passion Iced tea,29,4495,4495,155
07/01/2022,VOL,ST001,QAR,RM.691,English Breakfast Tea,25,4450,4450,178
07/01/2022,VOL,ST001,QAR,RM.692,Peppermint Tea,25,275,275,11
07/01/2022,VOL,ST001,QAR,RM.693,Earl Grey Tea,25,400,400,16
07/01/2022,VOL,ST001,QAR,RM.694,Jasmine Tea,25,675,675,27
07/01/2022,VOL,ST001,QAR,RM.695,Organic Green Tea,25,150,150,6
07/01/2022,VOL,ST001,QAR,RM.697,Lemon Grass tea,25,150,150,6
07/01/2022,VOL,ST001,QAR,RM.698,Chamomile,25,500,500,20
07/01/2022,VOL,ST001,QAR,RM.699,Green Tea,25,725,700,29
07/01/2022,VOL,ST001,QAR,RM.721,Labneh With Zaatar,36,11052,11052,307
07/01/2022,VOL,ST001,QAR,RM.727,Mushroom Egg Benedict,45,12150,12150,270
07/01/2022,VOL,ST001,QAR,RM.728,Stuffed Croissants,30,6360,6360,212
07/01/2022,VOL,ST001,QAR,RM.729,Falafel Peta,55,31130,31130,566
07/01/2022,VOL,ST001,QAR,RM.730,Greek Avocado Toast,49,19796,19796,404
07/01/2022,VOL,ST001,QAR,RM.731,Granola with yogurt,55,14520,14520,264
07/01/2022,VOL,ST001,QAR,RM.737,Egg and cheese slinders,35,7315,7315,209
07/01/2022,VOL,ST001,QAR,RM.738,Berry smoothie,55,880,880,16
07/01/2022,VOL,ST001,QAR,RM.739,Pancake rouges,55,8415,8415,153
07/01/2022,VOL,ST001,QAR,RM.740,Breakfast oat porridge,50,4250,4250,85
07/01/2022,VOL,ST001,QAR,RM.744,Crispy sweet corn fritter,55,2750,2750,50
07/01/2022,VOL,ST001,QAR,RM.745,Crispy sesame falafel,50,2900,2900,58
07/01/2022,VOL,ST001,QAR,RM.746,Baked Feta on Citrus Toma,55,3245,3245,59
07/01/2022,VOL,ST001,QAR,RM.787,Hazelnut Warm chocolate,50,10150,10150,203
07/01/2022,VOL,ST001,QAR,RM.788,Whole hazelnut warm choco,350,3850,3850,11
07/01/2022,VOL,ST001,QAR,RM.811,Big Honey pudding,250,19750,19750,79
07/01/2022,VOL,ST001,QAR,RM.812,Small Honey pudding,100,10200,10200,102
07/01/2022,VOL,ST001,QAR,RM.813,Big Chocolate pudding,350,14350,14350,41
07/01/2022,VOL,ST001,QAR,RM.814,Small Chocolate pudding,180,10440,10440,58
07/01/2022,VOL,ST001,QAR,RM.815,Big Cereal milky cake,250,2250,2250,9
07/01/2022,VOL,ST001,QAR,RM.816,Small Cereal milky cake,150,1950,1950,13
07/01/2022,VOL,ST001,QAR,RM.817,Big Safron milky cake,300,1500,1500,5
07/01/2022,VOL,ST001,QAR,RM.818,Small Safron milky cake,150,1050,1050,7
07/01/2022,VOL,ST001,QAR,RM.823,Big Pecan Caramel,350,1750,1750,5
07/01/2022,VOL,ST001,QAR,RM.825, Whole Coconut Cake,360,3600,3600,10
07/01/2022,VOL,ST001,QAR,RM.826,BIG MANGO CAKE,350,12950,12600,37
07/01/2022,VOL,ST001,QAR,RM.827,EID BOX,390,5850,5460,15
07/01/2022,VOL,ST001,QAR,RM.828,Whole Monkey bread,220,1540,1540,7
07/01/2022,VOL,ST001,QAR,RM.830,Whole Tres Leche Berry,350,3850,3850,11
07/01/2022,VOL,ST001,QAR,RM.836,Mix Sandwich box,220,17820,17600,81
07/01/2022,VOL,ST001,QAR,RM.837,Small mango cake,120,7920,7800,66
07/01/2022,VOL,ST001,QAR,RM.838,Mini falafel box,40,4120,4120,103
07/01/2022,VOL,ST001,QAR,RM.839,Whole Portofinol Tiramisu,350,4200,4200,12
07/01/2022,VOL,ST001,QAR,RM.840,Whole Raspberry Swissroll,180,4140,4140,23
07/01/2022,VOL,ST001,QAR,RM.844,Honey Mustard Chicken SLD,55,30030,30030,546
07/01/2022,VOL,ST001,QAR,RM.845,Smoked Turkey Sandwich,35,4235,4235,121
07/01/2022,VOL,ST001,QAR,RM.846,Roasted Beef Sandwich,65,8580,8580,132
07/01/2022,VOL,ST001,QAR,RM.848,Risotto Balls,40,6080,6080,152
07/01/2022,VOL,ST001,QAR,RM.849,Beef Burger,50,3800,3800,76
07/01/2022,VOL,ST001,QAR,RM.850,Chicken taco,45,6795,6795,151
07/01/2022,VOL,ST001,QAR,RM.851,Crispy chicken burger,40,10680,10680,267
07/01/2022,VOL,ST001,QAR,RM.852,Chicken spaghetti,60,24300,24300,405
07/01/2022,VOL,ST001,QAR,RM.853,Baked salmon with lemon c,68,5304,5304,78
07/01/2022,VOL,ST001,QAR,RM.854,Grilled Chicken Breast wi,58,4582,4582,79
07/01/2022,VOL,ST001,QAR,RM.855,Marinated Burata Toast,55,4125,4125,75
07/01/2022,VOL,ST001,QAR,RM.856,Asia Beef Salad,58,2668,2668,46
07/01/2022,VOL,ST001,QAR,RM.858,Spicy club sandwich,35,26880,26880,768
07/01/2022,VOL,ST001,QAR,RM.861,Lasagna Bolognese,55,11165,11165,203
07/01/2022,VOL,ST001,QAR,RM.862,Quinoa kale garden greens,50,7600,7600,152
07/01/2022,VOL,ST001,QAR,RM.863,Burrito chicken salad,55,15070,15070,274
07/01/2022,VOL,ST001,QAR,RM.864,Bread basket,45,1755,1755,39
07/01/2022,VOL,ST001,QAR,RM.871,French Toast,50,6200,6200,124
07/01/2022,VOL,ST001,QAR,RM.873,Crushed Cookies,50,19150,19150,383
07/01/2022,VOL,ST001,QAR,RM.904,Customized Station,1050,1050,1050,1
07/01/2022,VOL,ST001,QAR,RM.907,Coffee station 20pax,2150,2150,2150,1
07/01/2022,VOL,ST001,QAR,RM.3663,No/ Mushroom,0,0,0,2
07/01/2022,VOL,ST001,QAR,RM.3666,No/ Tomato,0,0,0,5
07/01/2022,VOL,ST001,QAR,RM.3691,extra hot,0,0,0,47
07/01/2022,VOL,ST001,QAR,RM.3692,TAKE AWAY,0,0,0,2
07/01/2022,VOL,ST001,QAR,RM.3694,with mint,0,0,0,1
07/01/2022,VOL,ST001,QAR,RM.3695,extra sweet,0,0,0,11
07/01/2022,VOL,ST001,QAR,RM.3696,less sweet,0,0,0,12
07/01/2022,VOL,ST001,QAR,RM.3697,together w food,0,0,0,1056
07/01/2022,VOL,ST001,QAR,RM.3698,together w drinks,0,0,0,624
07/01/2022,VOL,ST001,QAR,RM.3699,room temp.,0,0,0,42
07/01/2022,VOL,ST001,QAR,RM.3700,well done,0,0,0,1
07/01/2022,VOL,ST001,QAR,RM.3701,runny,0,0,0,2
07/01/2022,VOL,ST001,QAR,RM.3702,meduim,0,0,0,10
07/01/2022,VOL,ST001,QAR,RM.3705,lowfat,0,0,0,54
07/01/2022,VOL,ST001,QAR,RM.3706,decaf,0,0,0,14
07/01/2022,VOL,ST001,QAR,RM.3707,now,0,0,0,18
07/01/2022,VOL,ST001,QAR,RM.3708,less coffee,0,0,0,1
07/01/2022,VOL,ST001,QAR,RM.3709,cut into half,0,0,0,4
07/01/2022,VOL,ST001,QAR,RM.3710,xtra dressing,0,0,0,5
07/01/2022,VOL,ST001,QAR,RM.3723,NO TOMATO,0,0,0,1
07/01/2022,VOL,ST001,QAR,RM.3812,Well Done,0,0,0,104
07/01/2022,VOL,ST001,QAR,RM.3814,Medium,0,0,0,90
07/01/2022,VOL,ST001,QAR,RM.3815,Runny,0,0,0,15
07/01/2022,VOL,ST001,QAR,RM.6361,WITH CREAM,0,0,0,23
07/01/2022,VOL,ST001,QAR,RM.6362,WITHOUT CREAM,0,0,0,16
07/01/2022,VOL,ST001,QAR,RM.6363,Almond Milk,0,0,0,66
07/01/2022,VOL,ST001,QAR,RM.6364,Coconut Milk,0,0,0,22
07/01/2022,VOL,ST001,QAR,RM.6374,Soya milk,0,0,0,21
