DATE,BRANCHCODE,WAREHOUSECODE,CURRENCY,ERPCODE,ITEMNAME,RAWPRICE,GROSSAMT,NETVALUE,QTYSOLD
07/01/2023,GRA,ST003,QAR,PRK.902,Granola,55,1320,1320,24
07/01/2023,GRA,ST003,QAR,PRK.903,Graze Spicy  Mix,55,55,55,1
07/01/2023,GRA,ST003,QAR,PRK.904,Graze House Mix,55,935,935,17
07/01/2023,GRA,ST003,QAR,PRK.907,Zaatar Chips,6,210,204,35
07/01/2023,GRA,ST003,QAR,PRK.909,Spicy Pesto Chips,6,144,144,24
07/01/2023,GRA,ST003,QAR,PRK.910,Graze Spicy Mix Sml,25,275,275,11
07/01/2023,GRA,ST003,QAR,PRK.911,Graze House Mix Sml,25,325,325,13
07/01/2023,GRA,ST003,QAR,PRK.937,Baby Mozzarella Salad,45,1035,1035,23
07/01/2023,GRA,ST003,QAR,PRK.938,4 Grain Salad with Beetro,55,2420,2420,44
07/01/2023,GRA,ST003,QAR,PRK.939,Steak Salad with Green Sa,55,3025,2970,55
07/01/2023,GRA,ST003,QAR,PRK.940,Burrata Salad,50,100,50,2
07/01/2023,GRA,ST003,QAR,PRK.962,Extra flavor,3,33,33,11
07/01/2023,GRA,ST003,QAR,PRK.994,Crsnt w Egg/Avaca/ SunTom,24,2328,2328,97
07/01/2023,GRA,ST003,QAR,PRK.995,Egg Burrito,20,1800,1800,90
07/01/2023,GRA,ST003,QAR,PRK.996,Blueberry Granola parfait,25,3050,3025,122
07/01/2023,GRA,ST003,QAR,PRK.997,Yog Dates Chia Pista Alm,22,1782,1760,81
07/01/2023,GRA,ST003,QAR,PRK.1003,Cheese Croissant,16,352,352,22
07/01/2023,GRA,ST003,QAR,PRK.1007,Zatar Croissant,16,160,160,10
07/01/2023,GRA,ST003,QAR,PRK.1010,Tomato Puff Pastry,16,256,256,16
07/01/2023,GRA,ST003,QAR,PRK.1012,Three Berry Yogurt & Date,25,750,750,30
07/01/2023,GRA,ST003,QAR,PRK.1015,Kiri Cheese Danish,14,910,910,65
07/01/2023,GRA,ST003,QAR,PRK.1016,Plain Croissant,10,340,340,34
07/01/2023,GRA,ST003,QAR,PRK.1021,Shirazi Salad,12,852,804,71
07/01/2023,GRA,ST003,QAR,PRK.1023,Falafel Salad,45,1575,1575,35
07/01/2023,GRA,ST003,QAR,PRK.1024,Quinoa Swt potato Salad,40,920,920,23
07/01/2023,GRA,ST003,QAR,PRK.1027,Mex Chkn Chilli Bean Sld,40,3120,3080,78
07/01/2023,GRA,ST003,QAR,PRK.1029,Burrata Salad,50,250,250,5
07/01/2023,GRA,ST003,QAR,PRK.1031,Teriyaki GRAZE Salmn,55,7260,7095,132
07/01/2023,GRA,ST003,QAR,PRK.1039,Keto Chicken Salad,40,2960,2960,74
07/01/2023,GRA,ST003,QAR,PRK.1046,Greek Salad,30,1560,1560,52
07/01/2023,GRA,ST003,QAR,PRK.1048,Mexican  Caesar Salad chk,39,5148,5148,132
07/01/2023,GRA,ST003,QAR,PRK.1049,ROCCA SALAD,22,1298,1298,59
07/01/2023,GRA,ST003,QAR,PRK.1052,Smoke Turkey Sandwich,34,4284,4284,126
07/01/2023,GRA,ST003,QAR,PRK.1054,lemon&Rosemary Chkn,36,6084,6048,169
07/01/2023,GRA,ST003,QAR,PRK.1057,Steak & Philly Chz SW,32,3296,3289.6,103
07/01/2023,GRA,ST003,QAR,PRK.1063,Egg Mayo with Rocket,20,1900,1900,95
07/01/2023,GRA,ST003,QAR,PRK.1075,Avocado Toast,40,720,720,18
07/01/2023,GRA,ST003,QAR,PRK.1077,Spicy Halloumi,38,1368,1368,36
07/01/2023,GRA,ST003,QAR,PRK.1080,Graze Breakfast (egg box),32,544,544,17
07/01/2023,GRA,ST003,QAR,PRK.1083,Chkn Soup,19,1292,1292,68
07/01/2023,GRA,ST003,QAR,PRK.1087,Lentil Soup,20,1160,1160,58
07/01/2023,GRA,ST003,QAR,PRK.1089,Vegetable soup,16,432,432,27
07/01/2023,GRA,ST003,QAR,PRK.1113,Chkn Katsu Curry,45,7110,7101,158
07/01/2023,GRA,ST003,QAR,PRK.1115,Mushroom Pasta,40,3560,3560,89
07/01/2023,GRA,ST003,QAR,PRK.1119,Chicken Biryani,45,11565,11565,257
07/01/2023,GRA,ST003,QAR,PRK.1121,Chinese Sesame Chicken,40,5040,4960,126
07/01/2023,GRA,ST003,QAR,PRK.1127,Rock Shrimp,45,4455,4446,99
07/01/2023,GRA,ST003,QAR,PRK.1133,Lamb  Kabsa,45,8910,8811,198
07/01/2023,GRA,ST003,QAR,PRK.1140,Chicken Curry & Saffron r,43,5590,5572.8,130
07/01/2023,GRA,ST003,QAR,PRK.1141,CRAB BOWL,28,644,644,23
07/01/2023,GRA,ST003,QAR,PRK.1145,Yoghurt & Cucumber dip,12,528,528,44
07/01/2023,GRA,ST003,QAR,PRK.1146,Spicy Guacamole Pot,13,455,442,35
07/01/2023,GRA,ST003,QAR,PRK.1149,Edamame Pot,12,600,597.6,50
07/01/2023,GRA,ST003,QAR,PRK.1155,Classic hummus pot,18,108,90,6
07/01/2023,GRA,ST003,QAR,PRK.1159,Greek Tabbouleh,20,860,840,43
07/01/2023,GRA,ST003,QAR,PRK.1160,Egg pot,16,80,80,5
07/01/2023,GRA,ST003,QAR,PRK.1173,Choco Chia Energy Ball,30,840,840,28
07/01/2023,GRA,ST003,QAR,PRK.1175,Pecan Bars,14,308,308,22
07/01/2023,GRA,ST003,QAR,PRK.1177,Carrot Cake,15,450,450,30
07/01/2023,GRA,ST003,QAR,PRK.1181,Green Apple,2,34,34,17
07/01/2023,GRA,ST003,QAR,PRK.1182,Red Apple,2,36,36,18
07/01/2023,GRA,ST003,QAR,PRK.1183,Bannana,2,456,456,228
07/01/2023,GRA,ST003,QAR,PRK.1184,Watermelon,18,1638,1638,91
07/01/2023,GRA,ST003,QAR,PRK.1185,Pineapplemix,18,1494,1494,83
07/01/2023,GRA,ST003,QAR,PRK.1186,Mixed Berries,22,1562,1562,71
07/01/2023,GRA,ST003,QAR,PRK.1194,Lotus Cheesecake,15,735,720,49
07/01/2023,GRA,ST003,QAR,PRK.1196,Chia Blueberry Yodurt,24,624,624,26
07/01/2023,GRA,ST003,QAR,PRK.1201,Iced Flat White,18,360,360,20
07/01/2023,GRA,ST003,QAR,PRK.1203,Iced Spanish Latte,20,1640,1640,82
07/01/2023,GRA,ST003,QAR,PRK.1204,Iced Latte,18,810,810,45
07/01/2023,GRA,ST003,QAR,PRK.1205,Iced Americano,15,1275,1275,85
07/01/2023,GRA,ST003,QAR,PRK.1234,Pepperoni Pizza small,40,600,600,15
07/01/2023,GRA,ST003,QAR,PRK.1235,Margherita Pizza small,30,630,630,21
07/01/2023,GRA,ST003,QAR,PRK.1236,BBQ chicken Pizza small,35,595,595,17
07/01/2023,GRA,ST003,QAR,PRK.1262,Highland Still,5,2220,2190,444
07/01/2023,GRA,ST003,QAR,PRK.1265,Perrier Sparkling,9,747,747,83
07/01/2023,GRA,ST003,QAR,PRK.1291,Coke,5,665,662,133
07/01/2023,GRA,ST003,QAR,PRK.1292,Diet Coke,5,1270,1268,254
07/01/2023,GRA,ST003,QAR,PRK.1321,Mini Cup /Pina Colada,14,2114,2114,151
07/01/2023,GRA,ST003,QAR,PRK.1322,Regular Cup / Pina Colada,21,2247,2247,107
07/01/2023,GRA,ST003,QAR,PRK.1323,Large cup /Pina Colada,23,207,207,9
07/01/2023,GRA,ST003,QAR,PRK.1324,Mini Pina Colada/Topping,18,2196,2196,122
07/01/2023,GRA,ST003,QAR,PRK.1325,Regular Pina Colada/Toppi,26,1898,1898,73
07/01/2023,GRA,ST003,QAR,PRK.1326,Large Pina Colada/Topping,30,480,480,16
07/01/2023,GRA,ST003,QAR,PRK.1351,Espresso Single,12,300,300,25
07/01/2023,GRA,ST003,QAR,PRK.1353,Americano Hot,15,1155,1140,77
07/01/2023,GRA,ST003,QAR,PRK.1354,Flat White Hot,18,1584,1584,88
07/01/2023,GRA,ST003,QAR,PRK.1355,Cappucino,18,1152,1152,64
07/01/2023,GRA,ST003,QAR,PRK.1356,Cortado,18,900,900,50
07/01/2023,GRA,ST003,QAR,PRK.1358,Spanish Latte,20,820,800,41
07/01/2023,GRA,ST003,QAR,PRK.1359,Classic Mocha,25,100,100,4
07/01/2023,GRA,ST003,QAR,PRK.1360,Slated Caramel Mocha,25,200,200,8
07/01/2023,GRA,ST003,QAR,PRK.1362,Double Espresso,14,434,434,31
07/01/2023,GRA,ST003,QAR,PRK.1363,Latte Hot,18,828,828,46
07/01/2023,GRA,ST003,QAR,PRK.1364,English B/F,12,48,48,4
07/01/2023,GRA,ST003,QAR,PRK.1365,Green Tea,12,36,36,3
07/01/2023,GRA,ST003,QAR,PRK.1368,Lemon Grass/ Ginger,12,24,24,2
07/01/2023,GRA,ST003,QAR,PRK.1372,Hot Cocoa,24,144,144,6
07/01/2023,GRA,ST003,QAR,PRK.1373,Hibiscus Iced tea,18,540,540,30
07/01/2023,GRA,ST003,QAR,PRK.1374,Peach Iced Tea,18,414,414,23
07/01/2023,GRA,ST003,QAR,PRK.1375,Matcha Latte,25,75,75,3
07/01/2023,GRA,ST003,QAR,PRK.1376,Cinnamon Latte,25,25,25,1
07/01/2023,GRA,ST003,QAR,PRK.1386,Orange Juice,22,4884,4884,222
07/01/2023,GRA,ST003,QAR,PRK.1387,Carrot Juice,22,1012,990,46
07/01/2023,GRA,ST003,QAR,PRK.1390,Morning Boost,24,1152,1152,48
07/01/2023,GRA,ST003,QAR,PRK.1392,Immune Boost,22,1320,1320,60
07/01/2023,GRA,ST003,QAR,PRK.1396,Ginger Aid Shot,18,2754,2754,153
07/01/2023,GRA,ST003,QAR,PRK.1402,Laban Drink,18,1116,1116,62
07/01/2023,GRA,ST003,QAR,PRK.1404,Green Boost Juice,24,1152,1152,48
07/01/2023,GRA,ST003,QAR,PRK.1406,Beetroot & Apple Juice,20,1480,1480,74
07/01/2023,GRA,ST003,QAR,PRK.1409,Turmeric wellness shot,16,1072,1072,67
07/01/2023,GRA,ST003,QAR,PRK.1412, Mini Cup Yogurt,14,3794,3791.2,271
07/01/2023,GRA,ST003,QAR,PRK.1413,Regular Cup Yogurt,21,2457,2457,117
07/01/2023,GRA,ST003,QAR,PRK.1416,Large Cup Yogurt,23,1334,1334,58
07/01/2023,GRA,ST003,QAR,PRK.1418, Mini Cup Yogurt/Topping,18,4122,4122,229
07/01/2023,GRA,ST003,QAR,PRK.1419,Reg Cup Yogurt/Toping,26,4836,4836,186
07/01/2023,GRA,ST003,QAR,PRK.1422,Large Cup Yogurt/Topping,30,840,840,28
07/01/2023,GRA,ST003,QAR,PRK.1429,Mini Mango Ice Cream,14,9128,9128,652
07/01/2023,GRA,ST003,QAR,PRK.1430,Regular Mango Ice Cream,21,8001,8001,381
07/01/2023,GRA,ST003,QAR,PRK.1431,Large Mango Ice Cream,23,1127,1127,49
07/01/2023,GRA,ST003,QAR,PRK.1432,Mini Mango Ice Cream/Topp,18,8964,8964,498
07/01/2023,GRA,ST003,QAR,PRK.1433,Reg Mango Ice cream/Topp,26,10556,10556,406
07/01/2023,GRA,ST003,QAR,PRK.1434,Large Mango Ice Cream/Top,30,1860,1860,62
07/01/2023,GRA,ST003,QAR,PRK.1464,Fresh Pineapple,3,42,42,14
07/01/2023,GRA,ST003,QAR,PRK.1469,Kiwi Fruit,3,30,30,10
07/01/2023,GRA,ST003,QAR,PRK.1470,Lotus Biscuit,3,6,6,2
07/01/2023,GRA,ST003,QAR,PRK.1474,Spaghetti Bolognese,45,2745,2745,61
07/01/2023,GRA,ST003,QAR,PRK.1475,Salmon with Cilantro Rice,65,6175,5850,95
07/01/2023,GRA,ST003,QAR,PRK.1476,Chicken Noodle Bowl,40,1600,1600,40
07/01/2023,GRA,ST003,QAR,PRK.1477,BBQ Steak,45,2565,2520,57
07/01/2023,GRA,ST003,QAR,PRK.1478,Rib eye Steak with Vegeta,55,4070,4015,74
07/01/2023,GRA,ST003,QAR,PRK.1479,Lasagne Pasta,45,1350,1350,30
07/01/2023,GRA,ST003,QAR,PRK.1480,Steak cajun potato,50,4900,4850,98
07/01/2023,GRA,ST003,QAR,PRK.1501,pomegranate,3,48,48,16
07/01/2023,GRA,ST003,QAR,PRK.1502,Strawberry,3,123,123,41
07/01/2023,GRA,ST003,QAR,PRK.1505,Salted Caramel,3,6,6,2
07/01/2023,GRA,ST003,QAR,PRK.1506,Pretzel,3,15,15,5
07/01/2023,GRA,ST003,QAR,PRK.1507,Crispy Crepe,3,81,81,27
07/01/2023,GRA,ST003,QAR,PRK.1508,Granola,3,108,108,36
07/01/2023,GRA,ST003,QAR,PRK.1509,Coconut Flakes,3,75,75,25
07/01/2023,GRA,ST003,QAR,PRK.1510,Crushed Graham,3,42,42,14
07/01/2023,GRA,ST003,QAR,PRK.1514,Dulce de Leche,3,42,42,14
07/01/2023,GRA,ST003,QAR,PRK.1520,Mixed Berries Sauce,3,39,39,13
07/01/2023,GRA,ST003,QAR,PRK.1521,Mango Sauce,3,33,33,11
07/01/2023,GRA,ST003,QAR,PRK.1523,Peanut Butter Sauce,3,27,27,9
07/01/2023,GRA,ST003,QAR,PRK.1527,Mango,3,114,114,38
07/01/2023,GRA,ST003,QAR,PRK.1528,Spicy Mayo,3,3,3,1
07/01/2023,GRA,ST003,QAR,PRK.1529,Raita,3,42,42,14
07/01/2023,GRA,ST003,QAR,PRK.1531,Power Shake,35,2555,2555,73
07/01/2023,GRA,ST003,QAR,PRK.1532,Peanut Power Shake,35,1575,1575,45
07/01/2023,GRA,ST003,QAR,PRK.1533,Pre-workout protein shak,45,45,45,1
07/01/2023,GRA,ST003,QAR,PRK.1534,Choco Power Shake,35,280,280,8
07/01/2023,GRA,ST003,QAR,PRK.1536,Energizer protine Shakes,45,16020,16020,356
07/01/2023,GRA,ST003,QAR,PRK.1538,Pre-workout shake,35,70,70,2
07/01/2023,GRA,ST003,QAR,PRK.1540,Energizer shakes,35,1505,1505,43
07/01/2023,GRA,ST003,QAR,PRK.1542,14oz Pre-work out Protein,40,120,120,3
07/01/2023,GRA,ST003,QAR,PRK.1545,14oz Energizer protine,40,800,800,20
07/01/2023,GRA,ST003,QAR,PRK.1546,14oz Pre-workout shake,30,30,30,1
07/01/2023,GRA,ST003,QAR,PRK.1548,14oz Energizer shakes,30,240,240,8
07/01/2023,GRA,ST003,QAR,PRK.1550,Extra Protein,10,40,40,4
07/01/2023,GRA,ST003,QAR,PRK.1587,Supersize,45,405,225,9
07/01/2023,GRA,ST003,QAR,PRK.1588,Acai Small,35,4305,4305,123
07/01/2023,GRA,ST003,QAR,PRK.1589,Acai Large,40,3240,3240,81
07/01/2023,GRA,ST003,QAR,PRK.1592,Watermelon Coolex,24,1368,1368,57
07/01/2023,GRA,ST003,QAR,PRK.1593,Tropicana,24,576,576,24
07/01/2023,GRA,ST003,QAR,PRK.1621,Orange loaf,12,348,348,29
07/01/2023,GRA,ST003,QAR,PRK.1623,Brownie flavour cookies,10,1120,1110,112
07/01/2023,GRA,ST003,QAR,PRK.1628,Brownie bites,13,676,676,52
07/01/2023,GRA,ST003,QAR,PRK.1632,Turkey cheese roll,19,399,399,21
07/01/2023,GRA,ST003,QAR,PRK.1633,Spinach feta roll,18,252,252,14
07/01/2023,GRA,ST003,QAR,PRK.1634,Madeleine,12,888,888,74
07/01/2023,GRA,ST003,QAR,PRK.1651,■PB & Jam sourdough bread,18,216,216,12
07/01/2023,GRA,ST003,QAR,PRK.1681,Salted Caramel Mocha,24,456,456,19
07/01/2023,GRA,ST003,QAR,PRK.1682,■Matcha Frappe,26,962,962,37
07/01/2023,GRA,ST003,QAR,PRK.1711,Pomegranate Pot,18,756,756,42
07/01/2023,GRA,ST003,QAR,PRK.1712,Mango Peach Muesli Pot,24,552,552,23
07/01/2023,GRA,ST003,QAR,PRK.1713,Overnight oats PB&Jam,25,1100,1100,44
07/01/2023,GRA,ST003,QAR,PRK.1741,Spicy Tuna sandwich,26,1742,1742,67
07/01/2023,GRA,ST003,QAR,PRK.1742,Three cheese,22,1232,1232,56
07/01/2023,GRA,ST003,QAR,PRK.1743,Falafel and Labna,25,975,975,39
07/01/2023,GRA,ST003,QAR,PRK.1748,Chicken Shawarma,18,2142,2142,119
07/01/2023,GRA,ST003,QAR,PRK.1749,Tenderloin Beef Shawarma,22,1782,1782,81
07/01/2023,GRA,ST003,QAR,PRK.1752,Club sandwich,30,2100,2100,70
07/01/2023,GRA,ST003,QAR,PRK.1753,Slider Chicken Burger,38,2508,2470,66
07/01/2023,GRA,ST003,QAR,PRK.1754,Slider Beef Burger,39,3549,3541.2,91
07/01/2023,GRA,ST003,QAR,PRK.1771,Pistachio Arabeshi,5,2685,2685,537
07/01/2023,GRA,ST003,QAR,PRK.1772,Fresh Raspberry,5,960,960,192
07/01/2023,GRA,ST003,QAR,PRK.1773,Fresh blueberry,5,1245,1245,249
07/01/2023,GRA,ST003,QAR,PRK.1774,Chocolate Flakes,5,710,710,142
07/01/2023,GRA,ST003,QAR,PRK.1775,Honey Comb,5,275,275,55
07/01/2023,GRA,ST003,QAR,PRK.1776,Milk powder,3,12,12,4
07/01/2023,GRA,ST003,QAR,PRK.4502,Low Fat Milk,0,0,0,12
07/01/2023,GRA,ST003,QAR,PRK.4503,Almond Milk,2,764,764,382
07/01/2023,GRA,ST003,QAR,PRK.4504,Soya Milk,2,24,24,12
07/01/2023,GRA,ST003,QAR,PRK.4516,Decaf,0,0,0,1
07/01/2023,GRA,ST003,QAR,PRK.4517,Vanilla Flavor,0,0,0,4
07/01/2023,GRA,ST003,QAR,PRK.4519,caramel flavor,0,0,0,1
07/01/2023,GRA,ST003,QAR,PRK.4521,Oat Milk,2,52,52,26
07/01/2023,GRA,ST003,QAR,PRK.4522,Skimmed Milk,2,10,10,5
07/01/2023,GRA,ST003,QAR,PRK.4523,Coconut Milk,2,22,22,11
07/01/2023,GRA,ST003,QAR,PRK.4531,w/ Granola,0,0,0,153
07/01/2023,GRA,ST003,QAR,PRK.4533,w/ Pretzel,0,0,0,4
07/01/2023,GRA,ST003,QAR,PRK.4534,w/ Coconut Flakes,0,0,0,91
07/01/2023,GRA,ST003,QAR,PRK.4535,w/ Crispy Crepe,0,0,0,160
07/01/2023,GRA,ST003,QAR,PRK.4537,w/ Mixed Berries Sauce,0,0,0,52
07/01/2023,GRA,ST003,QAR,PRK.4541,w/ Strawberry,0,0,0,617
07/01/2023,GRA,ST003,QAR,PRK.4543,w/ Salted Caramel,0,0,0,29
07/01/2023,GRA,ST003,QAR,PRK.4544,w/ Pomegranate,0,0,0,426
07/01/2023,GRA,ST003,QAR,PRK.4545,w/ Dulce de leche,0,0,0,38
07/01/2023,GRA,ST003,QAR,PRK.4549,w/ Mango Sauce,0,0,0,76
07/01/2023,GRA,ST003,QAR,PRK.4550,w/ Mango,0,0,0,755
07/01/2023,GRA,ST003,QAR,PRK.4551,w/ Peanut Butter Sauce,0,0,0,18
07/01/2023,GRA,ST003,QAR,PRK.4552,w/ Crushed Grahams,0,0,0,10
07/01/2023,GRA,ST003,QAR,PRK.4556,w/ Fresh Pineapple,0,0,0,78
07/01/2023,GRA,ST003,QAR,PRK.4557,w/ Kiwi Fruit,0,0,0,37
07/01/2023,GRA,ST003,QAR,PRK.4558,w/ Lotus Biscuit,0,0,0,47
07/01/2023,GRA,ST003,QAR,PRK.4561,MIXED FROZEN YOGURT,0,0,0,65
07/01/2023,GRA,ST003,QAR,PRK.4562,MIXED MANGO YOGURT,0,0,0,23
