DATE,BRANCHCODE,WAREHOUSECODE,CURRENCY,ERPCODE,ITEMNAME,RAWPRICE,GROSSAMT,NETVALUE,QTYSOLD
03/01/2023,GRA,ST003,QAR,PRK.902,Granola,55,880,880,16
03/01/2023,GRA,ST003,QAR,PRK.903,Graze Spicy  Mix,55,165,165,3
03/01/2023,GRA,ST003,QAR,PRK.904,Graze House Mix,55,110,110,2
03/01/2023,GRA,ST003,QAR,PRK.907,Zaatar Chips,6,258,258,43
03/01/2023,GRA,ST003,QAR,PRK.909,Spicy Pesto Chips,6,156,156,26
03/01/2023,GRA,ST003,QAR,PRK.910,Graze Spicy Mix Sml,25,400,400,16
03/01/2023,GRA,ST003,QAR,PRK.911,Graze House Mix Sml,25,275,275,11
03/01/2023,GRA,ST003,QAR,PRK.937,Baby Mozzarella Salad,45,2160,2115,48
03/01/2023,GRA,ST003,QAR,PRK.938,4 Grain Salad with Beetro,55,2145,2145,39
03/01/2023,GRA,ST003,QAR,PRK.939,Steak Salad with Green Sa,55,3905,3850,71
03/01/2023,GRA,ST003,QAR,PRK.962,Extra flavor,3,24,24,8
03/01/2023,GRA,ST003,QAR,PRK.994,Crsnt w Egg/Avaca/ SunTom,24,2424,2424,101
03/01/2023,GRA,ST003,QAR,PRK.995,Egg Burrito,20,2120,2120,106
03/01/2023,GRA,ST003,QAR,PRK.996,Blueberry Granola parfait,25,2900,2900,116
03/01/2023,GRA,ST003,QAR,PRK.997,Yog Dates Chia Pista Alm,22,2222,2222,101
03/01/2023,GRA,ST003,QAR,PRK.1003,Cheese Croissant,16,352,352,22
03/01/2023,GRA,ST003,QAR,PRK.1007,Zatar Croissant,16,368,368,23
03/01/2023,GRA,ST003,QAR,PRK.1010,Tomato Puff Pastry,16,672,672,42
03/01/2023,GRA,ST003,QAR,PRK.1012,Three Berry Yogurt & Date,25,1150,1150,46
03/01/2023,GRA,ST003,QAR,PRK.1015,Kiri Cheese Danish,14,812,812,58
03/01/2023,GRA,ST003,QAR,PRK.1016,Plain Croissant,10,500,500,50
03/01/2023,GRA,ST003,QAR,PRK.1021,Shirazi Salad,12,612,600,51
03/01/2023,GRA,ST003,QAR,PRK.1023,Falafel Salad,45,2745,2745,61
03/01/2023,GRA,ST003,QAR,PRK.1024,Quinoa Swt potato Salad,40,1360,1320,34
03/01/2023,GRA,ST003,QAR,PRK.1027,Mex Chkn Chilli Bean Sld,40,3840,3840,96
03/01/2023,GRA,ST003,QAR,PRK.1031,Teriyaki GRAZE Salmn,55,9790,9790,178
03/01/2023,GRA,ST003,QAR,PRK.1039,Keto Chicken Salad,40,2640,2640,66
03/01/2023,GRA,ST003,QAR,PRK.1046,Greek Salad,30,1560,1530,52
03/01/2023,GRA,ST003,QAR,PRK.1048,Mexican  Caesar Salad chk,39,6084,6084,156
03/01/2023,GRA,ST003,QAR,PRK.1049,ROCCA SALAD,22,924,924,42
03/01/2023,GRA,ST003,QAR,PRK.1052,Smoke Turkey Sandwich,34,4250,4209.2,125
03/01/2023,GRA,ST003,QAR,PRK.1054,lemon&Rosemary Chkn,36,7128,7128,198
03/01/2023,GRA,ST003,QAR,PRK.1057,Steak & Philly Chz SW,32,2688,2688,84
03/01/2023,GRA,ST003,QAR,PRK.1063,Egg Mayo with Rocket,20,1340,1320,67
03/01/2023,GRA,ST003,QAR,PRK.1068,Crispy Chicken Bun,24,1872,1872,78
03/01/2023,GRA,ST003,QAR,PRK.1075,Avocado Toast,40,1280,1280,32
03/01/2023,GRA,ST003,QAR,PRK.1077,Spicy Halloumi,38,1330,1330,35
03/01/2023,GRA,ST003,QAR,PRK.1080,Graze Breakfast (egg box),32,608,608,19
03/01/2023,GRA,ST003,QAR,PRK.1083,Chkn Soup,19,1710,1691,90
03/01/2023,GRA,ST003,QAR,PRK.1086,Lamb Soup,35,350,315,10
03/01/2023,GRA,ST003,QAR,PRK.1087,Lentil Soup,20,1740,1740,87
03/01/2023,GRA,ST003,QAR,PRK.1089,Vegetable soup,16,800,800,50
03/01/2023,GRA,ST003,QAR,PRK.1090,Tom kha soup,28,308,308,11
03/01/2023,GRA,ST003,QAR,PRK.1113,Chkn Katsu Curry,45,7290,7227,162
03/01/2023,GRA,ST003,QAR,PRK.1115,Mushroom Pasta,40,4880,4840,122
03/01/2023,GRA,ST003,QAR,PRK.1119,Chicken Biryani,45,10665,10665,237
03/01/2023,GRA,ST003,QAR,PRK.1121,Chinese Sesame Chicken,40,5880,5840,147
03/01/2023,GRA,ST003,QAR,PRK.1127,Rock Shrimp,45,4185,4185,93
03/01/2023,GRA,ST003,QAR,PRK.1133,Lamb  Kabsa,45,7965,7911,177
03/01/2023,GRA,ST003,QAR,PRK.1140,Chicken Curry & Saffron r,43,5074,5031,118
03/01/2023,GRA,ST003,QAR,PRK.1141,CRAB BOWL,28,448,448,16
03/01/2023,GRA,ST003,QAR,PRK.1145,Yoghurt & Cucumber dip,12,288,288,24
03/01/2023,GRA,ST003,QAR,PRK.1146,Spicy Guacamole Pot,13,520,520,40
03/01/2023,GRA,ST003,QAR,PRK.1149,Edamame Pot,12,384,384,32
03/01/2023,GRA,ST003,QAR,PRK.1155,Classic hummus pot,18,90,90,5
03/01/2023,GRA,ST003,QAR,PRK.1159,Greek Tabbouleh,20,960,960,48
03/01/2023,GRA,ST003,QAR,PRK.1160,Egg pot,16,192,192,12
03/01/2023,GRA,ST003,QAR,PRK.1173,Choco Chia Energy Ball,30,2100,2100,70
03/01/2023,GRA,ST003,QAR,PRK.1175,Pecan Bars,14,532,518,38
03/01/2023,GRA,ST003,QAR,PRK.1177,Carrot Cake,15,765,765,51
03/01/2023,GRA,ST003,QAR,PRK.1181,Green Apple,2,50,50,25
03/01/2023,GRA,ST003,QAR,PRK.1182,Red Apple,2,44,44,22
03/01/2023,GRA,ST003,QAR,PRK.1183,Bannana,2,346,346,173
03/01/2023,GRA,ST003,QAR,PRK.1184,Watermelon,18,1440,1440,80
03/01/2023,GRA,ST003,QAR,PRK.1185,Pineapplemix,18,1296,1296,72
03/01/2023,GRA,ST003,QAR,PRK.1186,Mixed Berries,22,2354,2354,107
03/01/2023,GRA,ST003,QAR,PRK.1194,Lotus Cheesecake,15,1140,1140,76
03/01/2023,GRA,ST003,QAR,PRK.1196,Chia Blueberry Yodurt,24,1176,1152,49
03/01/2023,GRA,ST003,QAR,PRK.1201,Iced Flat White,18,270,270,15
03/01/2023,GRA,ST003,QAR,PRK.1203,Iced Spanish Latte,20,1760,1760,88
03/01/2023,GRA,ST003,QAR,PRK.1204,Iced Latte,18,1638,1638,91
03/01/2023,GRA,ST003,QAR,PRK.1205,Iced Americano,15,1080,1080,72
03/01/2023,GRA,ST003,QAR,PRK.1234,Pepperoni Pizza small,40,880,832,22
03/01/2023,GRA,ST003,QAR,PRK.1235,Margherita Pizza small,30,720,720,24
03/01/2023,GRA,ST003,QAR,PRK.1236,BBQ chicken Pizza small,35,665,665,19
03/01/2023,GRA,ST003,QAR,PRK.1262,Highland Still,5,2205,2185,441
03/01/2023,GRA,ST003,QAR,PRK.1265,Perrier Sparkling,9,495,495,55
03/01/2023,GRA,ST003,QAR,PRK.1291,Coke,5,580,575,116
03/01/2023,GRA,ST003,QAR,PRK.1292,Diet Coke,5,1175,1172,235
03/01/2023,GRA,ST003,QAR,PRK.1331,Stay Home w/ Graze R 6 X1,185,185,185,1
03/01/2023,GRA,ST003,QAR,PRK.1333,Stay Home w/Graze M 6 X1,130,130,130,1
03/01/2023,GRA,ST003,QAR,PRK.1334,Stay Home w/Graze M12 X1,240,240,240,1
03/01/2023,GRA,ST003,QAR,PRK.1335,Cool Box,15,75,75,5
03/01/2023,GRA,ST003,QAR,PRK.1351,Espresso Single,12,456,444,38
03/01/2023,GRA,ST003,QAR,PRK.1353,Americano Hot,15,2340,2325,156
03/01/2023,GRA,ST003,QAR,PRK.1354,Flat White Hot,18,2232,2232,124
03/01/2023,GRA,ST003,QAR,PRK.1355,Cappucino,18,3276,3276,182
03/01/2023,GRA,ST003,QAR,PRK.1356,Cortado,18,1062,1062,59
03/01/2023,GRA,ST003,QAR,PRK.1358,Spanish Latte,20,2180,2180,109
03/01/2023,GRA,ST003,QAR,PRK.1359,Classic Mocha,25,600,600,24
03/01/2023,GRA,ST003,QAR,PRK.1360,Slated Caramel Mocha,25,400,400,16
03/01/2023,GRA,ST003,QAR,PRK.1362,Double Espresso,14,994,994,71
03/01/2023,GRA,ST003,QAR,PRK.1363,Latte Hot,18,1530,1530,85
03/01/2023,GRA,ST003,QAR,PRK.1364,English B/F,12,144,144,12
03/01/2023,GRA,ST003,QAR,PRK.1365,Green Tea,12,108,108,9
03/01/2023,GRA,ST003,QAR,PRK.1366,Earl Grey,12,24,24,2
03/01/2023,GRA,ST003,QAR,PRK.1368,Lemon Grass/ Ginger,12,12,12,1
03/01/2023,GRA,ST003,QAR,PRK.1372,Hot Cocoa,24,552,552,23
03/01/2023,GRA,ST003,QAR,PRK.1373,Hibiscus Iced tea,18,612,612,34
03/01/2023,GRA,ST003,QAR,PRK.1374,Peach Iced Tea,18,360,360,20
03/01/2023,GRA,ST003,QAR,PRK.1375,Matcha Latte,25,250,250,10
03/01/2023,GRA,ST003,QAR,PRK.1376,Cinnamon Latte,25,150,150,6
03/01/2023,GRA,ST003,QAR,PRK.1377,Fresh Milk,10,20,20,2
03/01/2023,GRA,ST003,QAR,PRK.1386,Orange Juice,22,4048,4048,184
03/01/2023,GRA,ST003,QAR,PRK.1387,Carrot Juice,22,638,638,29
03/01/2023,GRA,ST003,QAR,PRK.1390,Morning Boost,24,1464,1464,61
03/01/2023,GRA,ST003,QAR,PRK.1392,Immune Boost,22,1628,1628,74
03/01/2023,GRA,ST003,QAR,PRK.1396,Ginger Aid Shot,18,3060,3060,170
03/01/2023,GRA,ST003,QAR,PRK.1402,Laban Drink,18,1206,1206,67
03/01/2023,GRA,ST003,QAR,PRK.1403,Vimto Juice,18,144,144,8
03/01/2023,GRA,ST003,QAR,PRK.1404,Green Boost Juice,24,1392,1392,58
03/01/2023,GRA,ST003,QAR,PRK.1406,Beetroot & Apple Juice,20,1120,1120,56
03/01/2023,GRA,ST003,QAR,PRK.1409,Turmeric wellness shot,16,1408,1408,88
03/01/2023,GRA,ST003,QAR,PRK.1412, Mini Cup Yogurt,14,2646,2632,189
03/01/2023,GRA,ST003,QAR,PRK.1413,Regular Cup Yogurt,21,2646,2625,126
03/01/2023,GRA,ST003,QAR,PRK.1416,Large Cup Yogurt,23,1495,1495,65
03/01/2023,GRA,ST003,QAR,PRK.1418, Mini Cup Yogurt/Topping,18,2700,2700,150
03/01/2023,GRA,ST003,QAR,PRK.1419,Reg Cup Yogurt/Toping,26,3562,3562,137
03/01/2023,GRA,ST003,QAR,PRK.1422,Large Cup Yogurt/Topping,30,1350,1350,45
03/01/2023,GRA,ST003,QAR,PRK.1429,Mini Mango Ice Cream,14,6132,6090,438
03/01/2023,GRA,ST003,QAR,PRK.1430,Regular Mango Ice Cream,21,4347,4326,207
03/01/2023,GRA,ST003,QAR,PRK.1431,Large Mango Ice Cream,23,920,920,40
03/01/2023,GRA,ST003,QAR,PRK.1432,Mini Mango Ice Cream/Topp,18,5274,5274,293
03/01/2023,GRA,ST003,QAR,PRK.1433,Reg Mango Ice cream/Topp,26,7956,7956,306
03/01/2023,GRA,ST003,QAR,PRK.1434,Large Mango Ice Cream/Top,30,1860,1860,62
03/01/2023,GRA,ST003,QAR,PRK.1436,Reg Cup Milky Ice Cream,21,21,21,1
03/01/2023,GRA,ST003,QAR,PRK.1440,Lrge Cup Milky Ice Cr/Top,30,30,30,1
03/01/2023,GRA,ST003,QAR,PRK.1464,Fresh Pineapple,3,12,12,4
03/01/2023,GRA,ST003,QAR,PRK.1469,Kiwi Fruit,3,18,18,6
03/01/2023,GRA,ST003,QAR,PRK.1470,Lotus Biscuit,3,51,51,17
03/01/2023,GRA,ST003,QAR,PRK.1474,Spaghetti Bolognese,45,3015,2970,67
03/01/2023,GRA,ST003,QAR,PRK.1475,Salmon with Cilantro Rice,65,7930,7865,122
03/01/2023,GRA,ST003,QAR,PRK.1476,Chicken Noodle Bowl,40,2200,2200,55
03/01/2023,GRA,ST003,QAR,PRK.1477,BBQ Steak,45,3510,3402,78
03/01/2023,GRA,ST003,QAR,PRK.1478,Rib eye Steak with Vegeta,55,6545,6380,119
03/01/2023,GRA,ST003,QAR,PRK.1479,Lasagne Pasta,45,2070,2025,46
03/01/2023,GRA,ST003,QAR,PRK.1480,Steak cajun potato,50,6400,6350,128
03/01/2023,GRA,ST003,QAR,PRK.1501,pomegranate,3,135,135,45
03/01/2023,GRA,ST003,QAR,PRK.1502,Strawberry,3,75,75,25
03/01/2023,GRA,ST003,QAR,PRK.1505,Salted Caramel,3,12,12,4
03/01/2023,GRA,ST003,QAR,PRK.1507,Crispy Crepe,3,84,84,28
03/01/2023,GRA,ST003,QAR,PRK.1508,Granola,3,75,75,25
03/01/2023,GRA,ST003,QAR,PRK.1509,Coconut Flakes,3,87,87,29
03/01/2023,GRA,ST003,QAR,PRK.1510,Crushed Graham,3,39,39,13
03/01/2023,GRA,ST003,QAR,PRK.1514,Dulce de Leche,3,27,27,9
03/01/2023,GRA,ST003,QAR,PRK.1520,Mixed Berries Sauce,3,54,54,18
03/01/2023,GRA,ST003,QAR,PRK.1521,Mango Sauce,3,3,3,1
03/01/2023,GRA,ST003,QAR,PRK.1523,Peanut Butter Sauce,3,12,12,4
03/01/2023,GRA,ST003,QAR,PRK.1527,Mango,3,60,60,20
03/01/2023,GRA,ST003,QAR,PRK.1529,Raita,3,39,39,13
03/01/2023,GRA,ST003,QAR,PRK.1531,Power Shake,35,350,350,10
03/01/2023,GRA,ST003,QAR,PRK.1532,Peanut Power Shake,35,910,910,26
03/01/2023,GRA,ST003,QAR,PRK.1533,Pre-workout protein shak,45,450,450,10
03/01/2023,GRA,ST003,QAR,PRK.1534,Choco Power Shake,35,35,35,1
03/01/2023,GRA,ST003,QAR,PRK.1536,Energizer protine Shakes,45,9450,9450,210
03/01/2023,GRA,ST003,QAR,PRK.1538,Pre-workout shake,35,315,315,9
03/01/2023,GRA,ST003,QAR,PRK.1540,Energizer shakes,35,3710,3710,106
03/01/2023,GRA,ST003,QAR,PRK.1545,14oz Energizer protine,40,720,720,18
03/01/2023,GRA,ST003,QAR,PRK.1548,14oz Energizer shakes,30,420,420,14
03/01/2023,GRA,ST003,QAR,PRK.1550,Extra Protein,10,60,60,6
03/01/2023,GRA,ST003,QAR,PRK.1580,Ogaily cardamom ice cream,30,4350,4290,145
03/01/2023,GRA,ST003,QAR,PRK.1587,Supersize,45,315,315,7
03/01/2023,GRA,ST003,QAR,PRK.1588,Acai Small,35,5180,5180,148
03/01/2023,GRA,ST003,QAR,PRK.1589,Acai Large,40,3960,3960,99
03/01/2023,GRA,ST003,QAR,PRK.1590,Peanut Choco Ice Cream,30,1350,1350,45
03/01/2023,GRA,ST003,QAR,PRK.1592,Watermelon Coolex,24,600,600,25
03/01/2023,GRA,ST003,QAR,PRK.1593,Tropicana,24,1224,1200,51
03/01/2023,GRA,ST003,QAR,PRK.1621,Orange loaf,12,828,828,69
03/01/2023,GRA,ST003,QAR,PRK.1623,Brownie flavour cookies,10,950,950,95
03/01/2023,GRA,ST003,QAR,PRK.1628,Brownie bites,13,585,585,45
03/01/2023,GRA,ST003,QAR,PRK.1632,Turkey cheese roll,19,969,969,51
03/01/2023,GRA,ST003,QAR,PRK.1633,Spinach feta roll,18,468,468,26
03/01/2023,GRA,ST003,QAR,PRK.1634,Madeleine,12,540,540,45
03/01/2023,GRA,ST003,QAR,PRK.1635,Poppy Lemon seeds,12,360,360,30
03/01/2023,GRA,ST003,QAR,PRK.1651,■PB & Jam sourdough bread,18,558,558,31
03/01/2023,GRA,ST003,QAR,PRK.1681,Salted Caramel Mocha,24,120,120,5
03/01/2023,GRA,ST003,QAR,PRK.1682,■Matcha Frappe,26,494,494,19
03/01/2023,GRA,ST003,QAR,PRK.1711,Pomegranate Pot,18,684,666,38
03/01/2023,GRA,ST003,QAR,PRK.1712,Mango Peach Muesli Pot,24,576,528,24
03/01/2023,GRA,ST003,QAR,PRK.1713,Overnight oats PB&Jam,25,1250,1225,50
03/01/2023,GRA,ST003,QAR,PRK.1741,Spicy Tuna sandwich,26,2054,2054,79
03/01/2023,GRA,ST003,QAR,PRK.1742,Three cheese,22,1188,1188,54
03/01/2023,GRA,ST003,QAR,PRK.1743,Falafel and Labna,25,675,675,27
03/01/2023,GRA,ST003,QAR,PRK.1747,BEEF BURGER,35,1225,1190,35
03/01/2023,GRA,ST003,QAR,PRK.1748,Chicken Shawarma,18,2520,2520,140
03/01/2023,GRA,ST003,QAR,PRK.1749,Tenderloin Beef Shawarma,22,2024,2002,92
03/01/2023,GRA,ST003,QAR,PRK.1752,Club sandwich,30,3480,3468,116
03/01/2023,GRA,ST003,QAR,PRK.1771,Pistachio Arabeshi,5,1760,1760,352
03/01/2023,GRA,ST003,QAR,PRK.1772,Fresh Raspberry,5,960,960,192
03/01/2023,GRA,ST003,QAR,PRK.1773,Fresh blueberry,5,810,810,162
03/01/2023,GRA,ST003,QAR,PRK.1774,Chocolate Flakes,5,605,605,121
03/01/2023,GRA,ST003,QAR,PRK.1775,Honey Comb,5,285,285,57
03/01/2023,GRA,ST003,QAR,PRK.1776,Milk powder,3,24,24,8
03/01/2023,GRA,ST003,QAR,PRK.4501,Full Fat Milk,0,0,0,4
03/01/2023,GRA,ST003,QAR,PRK.4502,Low Fat Milk,0,0,0,19
03/01/2023,GRA,ST003,QAR,PRK.4503,Almond Milk,2,824,824,412
03/01/2023,GRA,ST003,QAR,PRK.4504,Soya Milk,2,54,54,27
03/01/2023,GRA,ST003,QAR,PRK.4508,Single Shot,0,0,0,2
03/01/2023,GRA,ST003,QAR,PRK.4509,Double Shot,0,0,0,2
03/01/2023,GRA,ST003,QAR,PRK.4516,Decaf,0,0,0,10
03/01/2023,GRA,ST003,QAR,PRK.4517,Vanilla Flavor,0,0,0,6
03/01/2023,GRA,ST003,QAR,PRK.4519,caramel flavor,0,0,0,4
03/01/2023,GRA,ST003,QAR,PRK.4521,Oat Milk,2,86,86,43
03/01/2023,GRA,ST003,QAR,PRK.4523,Coconut Milk,2,40,40,20
03/01/2023,GRA,ST003,QAR,PRK.4531,w/ Granola,0,0,0,141
03/01/2023,GRA,ST003,QAR,PRK.4533,w/ Pretzel,0,0,0,4
03/01/2023,GRA,ST003,QAR,PRK.4534,w/ Coconut Flakes,0,0,0,58
03/01/2023,GRA,ST003,QAR,PRK.4535,w/ Crispy Crepe,0,0,0,127
03/01/2023,GRA,ST003,QAR,PRK.4537,w/ Mixed Berries Sauce,0,0,0,27
03/01/2023,GRA,ST003,QAR,PRK.4541,w/ Strawberry,0,0,0,325
03/01/2023,GRA,ST003,QAR,PRK.4543,w/ Salted Caramel,0,0,0,26
03/01/2023,GRA,ST003,QAR,PRK.4544,w/ Pomegranate,0,0,0,191
03/01/2023,GRA,ST003,QAR,PRK.4545,w/ Dulce de leche,0,0,0,10
03/01/2023,GRA,ST003,QAR,PRK.4549,w/ Mango Sauce,0,0,0,34
03/01/2023,GRA,ST003,QAR,PRK.4550,w/ Mango,0,0,0,417
03/01/2023,GRA,ST003,QAR,PRK.4551,w/ Peanut Butter Sauce,0,0,0,23
03/01/2023,GRA,ST003,QAR,PRK.4552,w/ Crushed Grahams,0,0,0,24
03/01/2023,GRA,ST003,QAR,PRK.4556,w/ Fresh Pineapple,0,0,0,24
03/01/2023,GRA,ST003,QAR,PRK.4557,w/ Kiwi Fruit,0,0,0,18
03/01/2023,GRA,ST003,QAR,PRK.4558,w/ Lotus Biscuit,0,0,0,84
03/01/2023,GRA,ST003,QAR,PRK.4561,MIXED FROZEN YOGURT,0,0,0,96
03/01/2023,GRA,ST003,QAR,PRK.4562,MIXED MANGO YOGURT,0,0,0,30
