DATE,BRANCHCODE,WAREHOUSECODE,CURRENCY,ERPCODE,ITEMNAME,RAWPRICE,GROSSAMT,NETVALUE,QTYSOLD
04/01/2023,GRA,ST003,QAR,PRK.902,Granola,55,880,880,16
04/01/2023,GRA,ST003,QAR,PRK.903,Graze Spicy  Mix,55,55,55,1
04/01/2023,GRA,ST003,QAR,PRK.904,Graze House Mix,55,110,110,2
04/01/2023,GRA,ST003,QAR,PRK.907,Zaatar Chips,6,174,174,29
04/01/2023,GRA,ST003,QAR,PRK.909,Spicy Pesto Chips,6,150,144,25
04/01/2023,GRA,ST003,QAR,PRK.910,Graze Spicy Mix Sml,25,375,375,15
04/01/2023,GRA,ST003,QAR,PRK.911,Graze House Mix Sml,25,325,325,13
04/01/2023,GRA,ST003,QAR,PRK.937,Baby Mozzarella Salad,45,1620,1530,36
04/01/2023,GRA,ST003,QAR,PRK.938,4 Grain Salad with Beetro,55,2200,2090,40
04/01/2023,GRA,ST003,QAR,PRK.939,Steak Salad with Green Sa,55,2475,2420,45
04/01/2023,GRA,ST003,QAR,PRK.961,Extra cheese,5,5,5,1
04/01/2023,GRA,ST003,QAR,PRK.962,Extra flavor,3,6,6,2
04/01/2023,GRA,ST003,QAR,PRK.994,Crsnt w Egg/Avaca/ SunTom,24,3000,3000,125
04/01/2023,GRA,ST003,QAR,PRK.995,Egg Burrito,20,2340,2340,117
04/01/2023,GRA,ST003,QAR,PRK.996,Blueberry Granola parfait,25,2150,2150,86
04/01/2023,GRA,ST003,QAR,PRK.997,Yog Dates Chia Pista Alm,22,1782,1738,81
04/01/2023,GRA,ST003,QAR,PRK.1003,Cheese Croissant,16,384,384,24
04/01/2023,GRA,ST003,QAR,PRK.1007,Zatar Croissant,16,256,256,16
04/01/2023,GRA,ST003,QAR,PRK.1010,Tomato Puff Pastry,16,512,512,32
04/01/2023,GRA,ST003,QAR,PRK.1012,Three Berry Yogurt & Date,25,1000,975,40
04/01/2023,GRA,ST003,QAR,PRK.1015,Kiri Cheese Danish,14,742,742,53
04/01/2023,GRA,ST003,QAR,PRK.1016,Plain Croissant,10,390,390,39
04/01/2023,GRA,ST003,QAR,PRK.1021,Shirazi Salad,12,564,552,47
04/01/2023,GRA,ST003,QAR,PRK.1023,Falafel Salad,45,2475,2475,55
04/01/2023,GRA,ST003,QAR,PRK.1024,Quinoa Swt potato Salad,40,680,680,17
04/01/2023,GRA,ST003,QAR,PRK.1027,Mex Chkn Chilli Bean Sld,40,3160,3120,79
04/01/2023,GRA,ST003,QAR,PRK.1031,Teriyaki GRAZE Salmn,55,8470,8360,154
04/01/2023,GRA,ST003,QAR,PRK.1039,Keto Chicken Salad,40,2920,2840,73
04/01/2023,GRA,ST003,QAR,PRK.1046,Greek Salad,30,1260,1260,42
04/01/2023,GRA,ST003,QAR,PRK.1048,Mexican  Caesar Salad chk,39,5655,5616,145
04/01/2023,GRA,ST003,QAR,PRK.1049,ROCCA SALAD,22,858,836,39
04/01/2023,GRA,ST003,QAR,PRK.1052,Smoke Turkey Sandwich,34,4148,4114,122
04/01/2023,GRA,ST003,QAR,PRK.1054,lemon&Rosemary Chkn,36,5976,5896.8,166
04/01/2023,GRA,ST003,QAR,PRK.1057,Steak & Philly Chz SW,32,2496,2496,78
04/01/2023,GRA,ST003,QAR,PRK.1063,Egg Mayo with Rocket,20,1420,1420,71
04/01/2023,GRA,ST003,QAR,PRK.1068,Crispy Chicken Bun,24,1848,1824,77
04/01/2023,GRA,ST003,QAR,PRK.1075,Avocado Toast,40,1160,1160,29
04/01/2023,GRA,ST003,QAR,PRK.1077,Spicy Halloumi,38,1026,950,27
04/01/2023,GRA,ST003,QAR,PRK.1080,Graze Breakfast (egg box),32,192,160,6
04/01/2023,GRA,ST003,QAR,PRK.1083,Chkn Soup,19,1824,1824,96
04/01/2023,GRA,ST003,QAR,PRK.1086,Lamb Soup,35,980,945,28
04/01/2023,GRA,ST003,QAR,PRK.1087,Lentil Soup,20,1520,1520,76
04/01/2023,GRA,ST003,QAR,PRK.1089,Vegetable soup,16,608,608,38
04/01/2023,GRA,ST003,QAR,PRK.1090,Tom kha soup,28,392,280,14
04/01/2023,GRA,ST003,QAR,PRK.1113,Chkn Katsu Curry,45,6210,6210,138
04/01/2023,GRA,ST003,QAR,PRK.1115,Mushroom Pasta,40,4560,4560,114
04/01/2023,GRA,ST003,QAR,PRK.1119,Chicken Biryani,45,9180,9135,204
04/01/2023,GRA,ST003,QAR,PRK.1121,Chinese Sesame Chicken,40,5280,5240,132
04/01/2023,GRA,ST003,QAR,PRK.1127,Rock Shrimp,45,4950,4905,110
04/01/2023,GRA,ST003,QAR,PRK.1133,Lamb  Kabsa,45,6705,6570,149
04/01/2023,GRA,ST003,QAR,PRK.1140,Chicken Curry & Saffron r,43,5074,5074,118
04/01/2023,GRA,ST003,QAR,PRK.1141,CRAB BOWL,28,280,280,10
04/01/2023,GRA,ST003,QAR,PRK.1145,Yoghurt & Cucumber dip,12,300,300,25
04/01/2023,GRA,ST003,QAR,PRK.1146,Spicy Guacamole Pot,13,507,494,39
04/01/2023,GRA,ST003,QAR,PRK.1149,Edamame Pot,12,480,480,40
04/01/2023,GRA,ST003,QAR,PRK.1159,Greek Tabbouleh,20,820,800,41
04/01/2023,GRA,ST003,QAR,PRK.1160,Egg pot,16,112,112,7
04/01/2023,GRA,ST003,QAR,PRK.1173,Choco Chia Energy Ball,30,1740,1740,58
04/01/2023,GRA,ST003,QAR,PRK.1175,Pecan Bars,14,504,462,36
04/01/2023,GRA,ST003,QAR,PRK.1177,Carrot Cake,15,795,780,53
04/01/2023,GRA,ST003,QAR,PRK.1181,Green Apple,2,62,62,31
04/01/2023,GRA,ST003,QAR,PRK.1182,Red Apple,2,72,72,36
04/01/2023,GRA,ST003,QAR,PRK.1183,Bannana,2,408,408,204
04/01/2023,GRA,ST003,QAR,PRK.1184,Watermelon,18,1548,1530,86
04/01/2023,GRA,ST003,QAR,PRK.1185,Pineapplemix,18,1440,1422,80
04/01/2023,GRA,ST003,QAR,PRK.1186,Mixed Berries,22,1848,1848,84
04/01/2023,GRA,ST003,QAR,PRK.1194,Lotus Cheesecake,15,990,990,66
04/01/2023,GRA,ST003,QAR,PRK.1196,Chia Blueberry Yodurt,24,696,696,29
04/01/2023,GRA,ST003,QAR,PRK.1201,Iced Flat White,18,252,252,14
04/01/2023,GRA,ST003,QAR,PRK.1203,Iced Spanish Latte,20,1980,1980,99
04/01/2023,GRA,ST003,QAR,PRK.1204,Iced Latte,18,1332,1332,74
04/01/2023,GRA,ST003,QAR,PRK.1205,Iced Americano,15,1020,1020,68
04/01/2023,GRA,ST003,QAR,PRK.1234,Pepperoni Pizza small,40,800,800,20
04/01/2023,GRA,ST003,QAR,PRK.1235,Margherita Pizza small,30,690,660,23
04/01/2023,GRA,ST003,QAR,PRK.1236,BBQ chicken Pizza small,35,665,665,19
04/01/2023,GRA,ST003,QAR,PRK.1262,Highland Still,5,2785,2765,557
04/01/2023,GRA,ST003,QAR,PRK.1265,Perrier Sparkling,9,324,324,36
04/01/2023,GRA,ST003,QAR,PRK.1291,Coke,5,440,440,88
04/01/2023,GRA,ST003,QAR,PRK.1292,Diet Coke,5,910,909,182
04/01/2023,GRA,ST003,QAR,PRK.1333,Stay Home w/Graze M 6 X1,130,130,130,1
04/01/2023,GRA,ST003,QAR,PRK.1334,Stay Home w/Graze M12 X1,240,480,480,2
04/01/2023,GRA,ST003,QAR,PRK.1335,Cool Box,15,165,165,11
04/01/2023,GRA,ST003,QAR,PRK.1351,Espresso Single,12,780,780,65
04/01/2023,GRA,ST003,QAR,PRK.1353,Americano Hot,15,2760,2760,184
04/01/2023,GRA,ST003,QAR,PRK.1354,Flat White Hot,18,1512,1512,84
04/01/2023,GRA,ST003,QAR,PRK.1355,Cappucino,18,2916,2916,162
04/01/2023,GRA,ST003,QAR,PRK.1356,Cortado,18,828,828,46
04/01/2023,GRA,ST003,QAR,PRK.1358,Spanish Latte,20,1620,1600,81
04/01/2023,GRA,ST003,QAR,PRK.1359,Classic Mocha,25,275,275,11
04/01/2023,GRA,ST003,QAR,PRK.1360,Slated Caramel Mocha,25,200,200,8
04/01/2023,GRA,ST003,QAR,PRK.1362,Double Espresso,14,672,644,48
04/01/2023,GRA,ST003,QAR,PRK.1363,Latte Hot,18,1476,1476,82
04/01/2023,GRA,ST003,QAR,PRK.1364,English B/F,12,48,48,4
04/01/2023,GRA,ST003,QAR,PRK.1365,Green Tea,12,84,84,7
04/01/2023,GRA,ST003,QAR,PRK.1366,Earl Grey,12,48,48,4
04/01/2023,GRA,ST003,QAR,PRK.1368,Lemon Grass/ Ginger,12,48,48,4
04/01/2023,GRA,ST003,QAR,PRK.1369,Jasmine,12,12,12,1
04/01/2023,GRA,ST003,QAR,PRK.1372,Hot Cocoa,24,432,408,18
04/01/2023,GRA,ST003,QAR,PRK.1373,Hibiscus Iced tea,18,396,396,22
04/01/2023,GRA,ST003,QAR,PRK.1374,Peach Iced Tea,18,396,396,22
04/01/2023,GRA,ST003,QAR,PRK.1375,Matcha Latte,25,225,225,9
04/01/2023,GRA,ST003,QAR,PRK.1376,Cinnamon Latte,25,250,250,10
04/01/2023,GRA,ST003,QAR,PRK.1386,Orange Juice,22,3806,3762,173
04/01/2023,GRA,ST003,QAR,PRK.1387,Carrot Juice,22,484,462,22
04/01/2023,GRA,ST003,QAR,PRK.1390,Morning Boost,24,1008,1008,42
04/01/2023,GRA,ST003,QAR,PRK.1392,Immune Boost,22,1342,1342,61
04/01/2023,GRA,ST003,QAR,PRK.1396,Ginger Aid Shot,18,2214,2210.4,123
04/01/2023,GRA,ST003,QAR,PRK.1402,Laban Drink,18,1170,1134,65
04/01/2023,GRA,ST003,QAR,PRK.1403,Vimto Juice,18,594,594,33
04/01/2023,GRA,ST003,QAR,PRK.1404,Green Boost Juice,24,1296,1272,54
04/01/2023,GRA,ST003,QAR,PRK.1405,Watermelon & Coconut cool,20,20,20,1
04/01/2023,GRA,ST003,QAR,PRK.1406,Beetroot & Apple Juice,20,940,940,47
04/01/2023,GRA,ST003,QAR,PRK.1409,Turmeric wellness shot,16,1248,1216,78
04/01/2023,GRA,ST003,QAR,PRK.1412, Mini Cup Yogurt,14,3766,3766,269
04/01/2023,GRA,ST003,QAR,PRK.1413,Regular Cup Yogurt,21,2331,2310,111
04/01/2023,GRA,ST003,QAR,PRK.1416,Large Cup Yogurt,23,1656,1656,72
04/01/2023,GRA,ST003,QAR,PRK.1418, Mini Cup Yogurt/Topping,18,3906,3906,217
04/01/2023,GRA,ST003,QAR,PRK.1419,Reg Cup Yogurt/Toping,26,3822,3796,147
04/01/2023,GRA,ST003,QAR,PRK.1422,Large Cup Yogurt/Topping,30,780,780,26
04/01/2023,GRA,ST003,QAR,PRK.1429,Mini Mango Ice Cream,14,6846,6832,489
04/01/2023,GRA,ST003,QAR,PRK.1430,Regular Mango Ice Cream,21,5439,5355,259
04/01/2023,GRA,ST003,QAR,PRK.1431,Large Mango Ice Cream,23,1541,1541,67
04/01/2023,GRA,ST003,QAR,PRK.1432,Mini Mango Ice Cream/Topp,18,6210,6210,345
04/01/2023,GRA,ST003,QAR,PRK.1433,Reg Mango Ice cream/Topp,26,8450,8424,325
04/01/2023,GRA,ST003,QAR,PRK.1434,Large Mango Ice Cream/Top,30,1320,1320,44
04/01/2023,GRA,ST003,QAR,PRK.1464,Fresh Pineapple,3,3,3,1
04/01/2023,GRA,ST003,QAR,PRK.1469,Kiwi Fruit,3,3,3,1
04/01/2023,GRA,ST003,QAR,PRK.1470,Lotus Biscuit,3,18,18,6
04/01/2023,GRA,ST003,QAR,PRK.1474,Spaghetti Bolognese,45,2880,2880,64
04/01/2023,GRA,ST003,QAR,PRK.1475,Salmon with Cilantro Rice,65,7345,7150,113
04/01/2023,GRA,ST003,QAR,PRK.1476,Chicken Noodle Bowl,40,2080,2040,52
04/01/2023,GRA,ST003,QAR,PRK.1477,BBQ Steak,45,2925,2871,65
04/01/2023,GRA,ST003,QAR,PRK.1478,Rib eye Steak with Vegeta,55,5500,5280,100
04/01/2023,GRA,ST003,QAR,PRK.1479,Lasagne Pasta,45,1890,1890,42
04/01/2023,GRA,ST003,QAR,PRK.1480,Steak cajun potato,50,5400,5350,108
04/01/2023,GRA,ST003,QAR,PRK.1501,pomegranate,3,69,69,23
04/01/2023,GRA,ST003,QAR,PRK.1502,Strawberry,3,153,153,51
04/01/2023,GRA,ST003,QAR,PRK.1505,Salted Caramel,3,18,18,6
04/01/2023,GRA,ST003,QAR,PRK.1506,Pretzel,3,12,12,4
04/01/2023,GRA,ST003,QAR,PRK.1507,Crispy Crepe,3,84,84,28
04/01/2023,GRA,ST003,QAR,PRK.1508,Granola,3,105,105,35
04/01/2023,GRA,ST003,QAR,PRK.1509,Coconut Flakes,3,75,75,25
04/01/2023,GRA,ST003,QAR,PRK.1510,Crushed Graham,3,42,42,14
04/01/2023,GRA,ST003,QAR,PRK.1514,Dulce de Leche,3,12,12,4
04/01/2023,GRA,ST003,QAR,PRK.1520,Mixed Berries Sauce,3,66,66,22
04/01/2023,GRA,ST003,QAR,PRK.1521,Mango Sauce,3,36,36,12
04/01/2023,GRA,ST003,QAR,PRK.1523,Peanut Butter Sauce,3,36,36,12
04/01/2023,GRA,ST003,QAR,PRK.1527,Mango,3,117,117,39
04/01/2023,GRA,ST003,QAR,PRK.1529,Raita,3,33,33,11
04/01/2023,GRA,ST003,QAR,PRK.1531,Power Shake,35,1085,1085,31
04/01/2023,GRA,ST003,QAR,PRK.1532,Peanut Power Shake,35,1365,1365,39
04/01/2023,GRA,ST003,QAR,PRK.1533,Pre-workout protein shak,45,405,405,9
04/01/2023,GRA,ST003,QAR,PRK.1534,Choco Power Shake,35,315,315,9
04/01/2023,GRA,ST003,QAR,PRK.1536,Energizer protine Shakes,45,11610,11610,258
04/01/2023,GRA,ST003,QAR,PRK.1538,Pre-workout shake,35,210,210,6
04/01/2023,GRA,ST003,QAR,PRK.1540,Energizer shakes,35,945,945,27
04/01/2023,GRA,ST003,QAR,PRK.1542,14oz Pre-work out Protein,40,120,120,3
04/01/2023,GRA,ST003,QAR,PRK.1545,14oz Energizer protine,40,880,880,22
04/01/2023,GRA,ST003,QAR,PRK.1546,14oz Pre-workout shake,30,30,30,1
04/01/2023,GRA,ST003,QAR,PRK.1548,14oz Energizer shakes,30,90,90,3
04/01/2023,GRA,ST003,QAR,PRK.1550,Extra Protein,10,230,230,23
04/01/2023,GRA,ST003,QAR,PRK.1580,Ogaily cardamom ice cream,30,7650,7530,255
04/01/2023,GRA,ST003,QAR,PRK.1587,Supersize,45,270,270,6
04/01/2023,GRA,ST003,QAR,PRK.1588,Acai Small,35,5880,5880,168
04/01/2023,GRA,ST003,QAR,PRK.1589,Acai Large,40,4440,4440,111
04/01/2023,GRA,ST003,QAR,PRK.1592,Watermelon Coolex,24,696,696,29
04/01/2023,GRA,ST003,QAR,PRK.1593,Tropicana,24,864,816,36
04/01/2023,GRA,ST003,QAR,PRK.1621,Orange loaf,12,876,876,73
04/01/2023,GRA,ST003,QAR,PRK.1623,Brownie flavour cookies,10,900,900,90
04/01/2023,GRA,ST003,QAR,PRK.1628,Brownie bites,13,936,936,72
04/01/2023,GRA,ST003,QAR,PRK.1632,Turkey cheese roll,19,874,874,46
04/01/2023,GRA,ST003,QAR,PRK.1633,Spinach feta roll,18,252,252,14
04/01/2023,GRA,ST003,QAR,PRK.1634,Madeleine,12,492,492,41
04/01/2023,GRA,ST003,QAR,PRK.1651,■PB & Jam sourdough bread,18,486,486,27
04/01/2023,GRA,ST003,QAR,PRK.1681,Salted Caramel Mocha,24,384,384,16
04/01/2023,GRA,ST003,QAR,PRK.1682,■Matcha Frappe,26,494,494,19
04/01/2023,GRA,ST003,QAR,PRK.1711,Pomegranate Pot,18,702,702,39
04/01/2023,GRA,ST003,QAR,PRK.1712,Mango Peach Muesli Pot,24,528,528,22
04/01/2023,GRA,ST003,QAR,PRK.1713,Overnight oats PB&Jam,25,1325,1300,53
04/01/2023,GRA,ST003,QAR,PRK.1741,Spicy Tuna sandwich,26,2080,2080,80
04/01/2023,GRA,ST003,QAR,PRK.1742,Three cheese,22,1012,1012,46
04/01/2023,GRA,ST003,QAR,PRK.1743,Falafel and Labna,25,575,575,23
04/01/2023,GRA,ST003,QAR,PRK.1747,BEEF BURGER,35,875,875,25
04/01/2023,GRA,ST003,QAR,PRK.1748,Chicken Shawarma,18,2844,2826,158
04/01/2023,GRA,ST003,QAR,PRK.1749,Tenderloin Beef Shawarma,22,2112,2112,96
04/01/2023,GRA,ST003,QAR,PRK.1752,Club sandwich,30,2520,2460,84
04/01/2023,GRA,ST003,QAR,PRK.1771,Pistachio Arabeshi,5,1730,1730,346
04/01/2023,GRA,ST003,QAR,PRK.1772,Fresh Raspberry,5,1130,1130,226
04/01/2023,GRA,ST003,QAR,PRK.1773,Fresh blueberry,5,905,905,181
04/01/2023,GRA,ST003,QAR,PRK.1774,Chocolate Flakes,5,525,525,105
04/01/2023,GRA,ST003,QAR,PRK.1775,Honey Comb,5,340,340,68
04/01/2023,GRA,ST003,QAR,PRK.1776,Milk powder,3,18,18,6
04/01/2023,GRA,ST003,QAR,PRK.4501,Full Fat Milk,0,0,0,8
04/01/2023,GRA,ST003,QAR,PRK.4502,Low Fat Milk,0,0,0,9
04/01/2023,GRA,ST003,QAR,PRK.4503,Almond Milk,2,750,750,375
04/01/2023,GRA,ST003,QAR,PRK.4504,Soya Milk,2,68,68,34
04/01/2023,GRA,ST003,QAR,PRK.4507,Half Shot,0,0,0,1
04/01/2023,GRA,ST003,QAR,PRK.4508,Single Shot,0,0,0,1
04/01/2023,GRA,ST003,QAR,PRK.4516,Decaf,0,0,0,8
04/01/2023,GRA,ST003,QAR,PRK.4519,caramel flavor,0,0,0,2
04/01/2023,GRA,ST003,QAR,PRK.4521,Oat Milk,2,66,66,33
04/01/2023,GRA,ST003,QAR,PRK.4523,Coconut Milk,2,62,62,31
04/01/2023,GRA,ST003,QAR,PRK.4531,w/ Granola,0,0,0,101
04/01/2023,GRA,ST003,QAR,PRK.4533,w/ Pretzel,0,0,0,1
04/01/2023,GRA,ST003,QAR,PRK.4534,w/ Coconut Flakes,0,0,0,63
04/01/2023,GRA,ST003,QAR,PRK.4535,w/ Crispy Crepe,0,0,0,121
04/01/2023,GRA,ST003,QAR,PRK.4537,w/ Mixed Berries Sauce,0,0,0,12
04/01/2023,GRA,ST003,QAR,PRK.4541,w/ Strawberry,0,0,0,284
04/01/2023,GRA,ST003,QAR,PRK.4543,w/ Salted Caramel,0,0,0,31
04/01/2023,GRA,ST003,QAR,PRK.4544,w/ Pomegranate,0,0,0,165
04/01/2023,GRA,ST003,QAR,PRK.4545,w/ Dulce de leche,0,0,0,16
04/01/2023,GRA,ST003,QAR,PRK.4549,w/ Mango Sauce,0,0,0,71
04/01/2023,GRA,ST003,QAR,PRK.4550,w/ Mango,0,0,0,324
04/01/2023,GRA,ST003,QAR,PRK.4551,w/ Peanut Butter Sauce,0,0,0,17
04/01/2023,GRA,ST003,QAR,PRK.4552,w/ Crushed Grahams,0,0,0,19
04/01/2023,GRA,ST003,QAR,PRK.4556,w/ Fresh Pineapple,0,0,0,9
04/01/2023,GRA,ST003,QAR,PRK.4557,w/ Kiwi Fruit,0,0,0,1
04/01/2023,GRA,ST003,QAR,PRK.4558,w/ Lotus Biscuit,0,0,0,47
04/01/2023,GRA,ST003,QAR,PRK.4561,MIXED FROZEN YOGURT,0,0,0,97
04/01/2023,GRA,ST003,QAR,PRK.4562,MIXED MANGO YOGURT,0,0,0,37
