DATE,BRANCHCODE,WAREHOUSECODE,CURRENCY,ERPCODE,ITEMNAME,RAWPRICE,GROSSAMT,NETVALUE,QTYSOLD
01/01/2023,GRA,ST003,QAR,PRK.902,Granola,55,1375,1375,25
01/01/2023,GRA,ST003,QAR,PRK.903,Graze Spicy  Mix,55,110,110,2
01/01/2023,GRA,ST003,QAR,PRK.904,Graze House Mix,55,165,165,3
01/01/2023,GRA,ST003,QAR,PRK.907,Zaatar Chips,6,210,204,35
01/01/2023,GRA,ST003,QAR,PRK.909,Spicy Pesto Chips,6,156,156,26
01/01/2023,GRA,ST003,QAR,PRK.910,Graze Spicy Mix Sml,25,300,300,12
01/01/2023,GRA,ST003,QAR,PRK.911,Graze House Mix Sml,25,325,325,13
01/01/2023,GRA,ST003,QAR,PRK.937,Baby Mozzarella Salad,45,2430,2385,54
01/01/2023,GRA,ST003,QAR,PRK.938,4 Grain Salad with Beetro,55,2915,2860,53
01/01/2023,GRA,ST003,QAR,PRK.939,Steak Salad with Green Sa,55,2860,2794,52
01/01/2023,GRA,ST003,QAR,PRK.961,Extra cheese,5,15,15,3
01/01/2023,GRA,ST003,QAR,PRK.962,Extra flavor,3,39,39,13
01/01/2023,GRA,ST003,QAR,PRK.994,Crsnt w Egg/Avaca/ SunTom,24,2928,2928,122
01/01/2023,GRA,ST003,QAR,PRK.995,Egg Burrito,20,1840,1840,92
01/01/2023,GRA,ST003,QAR,PRK.996,Blueberry Granola parfait,25,2375,2375,95
01/01/2023,GRA,ST003,QAR,PRK.997,Yog Dates Chia Pista Alm,22,2046,2046,93
01/01/2023,GRA,ST003,QAR,PRK.1003,Cheese Croissant,16,432,432,27
01/01/2023,GRA,ST003,QAR,PRK.1007,Zatar Croissant,16,416,416,26
01/01/2023,GRA,ST003,QAR,PRK.1010,Tomato Puff Pastry,16,704,704,44
01/01/2023,GRA,ST003,QAR,PRK.1012,Three Berry Yogurt & Date,25,700,700,28
01/01/2023,GRA,ST003,QAR,PRK.1015,Kiri Cheese Danish,14,700,700,50
01/01/2023,GRA,ST003,QAR,PRK.1016,Plain Croissant,10,500,500,50
01/01/2023,GRA,ST003,QAR,PRK.1021,Shirazi Salad,12,756,756,63
01/01/2023,GRA,ST003,QAR,PRK.1023,Falafel Salad,45,2025,2007,45
01/01/2023,GRA,ST003,QAR,PRK.1024,Quinoa Swt potato Salad,40,1160,1160,29
01/01/2023,GRA,ST003,QAR,PRK.1027,Mex Chkn Chilli Bean Sld,40,4560,4520,114
01/01/2023,GRA,ST003,QAR,PRK.1029,Burrata Salad,50,350,350,7
01/01/2023,GRA,ST003,QAR,PRK.1031,Teriyaki GRAZE Salmn,55,8030,8030,146
01/01/2023,GRA,ST003,QAR,PRK.1039,Keto Chicken Salad,40,4000,4000,100
01/01/2023,GRA,ST003,QAR,PRK.1046,Greek Salad,30,1860,1860,62
01/01/2023,GRA,ST003,QAR,PRK.1048,Mexican  Caesar Salad chk,39,5850,5850,150
01/01/2023,GRA,ST003,QAR,PRK.1049,ROCCA SALAD,22,726,726,33
01/01/2023,GRA,ST003,QAR,PRK.1052,Smoke Turkey Sandwich,34,5950,5882,175
01/01/2023,GRA,ST003,QAR,PRK.1054,lemon&Rosemary Chkn,36,6732,6645.6,187
01/01/2023,GRA,ST003,QAR,PRK.1057,Steak & Philly Chz SW,32,3392,3385.6,106
01/01/2023,GRA,ST003,QAR,PRK.1063,Egg Mayo with Rocket,20,1240,1220,62
01/01/2023,GRA,ST003,QAR,PRK.1068,Crispy Chicken Bun,24,1752,1752,73
01/01/2023,GRA,ST003,QAR,PRK.1070,Chicken Pesto & Mozzarell,32,1472,1465.6,46
01/01/2023,GRA,ST003,QAR,PRK.1075,Avocado Toast,40,920,920,23
01/01/2023,GRA,ST003,QAR,PRK.1077,Spicy Halloumi,38,950,950,25
01/01/2023,GRA,ST003,QAR,PRK.1080,Graze Breakfast (egg box),32,608,608,19
01/01/2023,GRA,ST003,QAR,PRK.1083,Chkn Soup,19,1957,1957,103
01/01/2023,GRA,ST003,QAR,PRK.1087,Lentil Soup,20,2020,2000,101
01/01/2023,GRA,ST003,QAR,PRK.1089,Vegetable soup,16,848,828.8,53
01/01/2023,GRA,ST003,QAR,PRK.1090,Tom kha soup,28,504,476,18
01/01/2023,GRA,ST003,QAR,PRK.1113,Chkn Katsu Curry,45,7695,7650,171
01/01/2023,GRA,ST003,QAR,PRK.1115,Mushroom Pasta,40,3320,3320,83
01/01/2023,GRA,ST003,QAR,PRK.1118,Steak With Mushroom Sauce,45,3015,3006,67
01/01/2023,GRA,ST003,QAR,PRK.1119,Chicken Biryani,45,10890,10863,242
01/01/2023,GRA,ST003,QAR,PRK.1121,Chinese Sesame Chicken,40,6440,6424,161
01/01/2023,GRA,ST003,QAR,PRK.1127,Rock Shrimp,45,4050,4050,90
01/01/2023,GRA,ST003,QAR,PRK.1133,Lamb  Kabsa,45,6840,6840,152
01/01/2023,GRA,ST003,QAR,PRK.1140,Chicken Curry & Saffron r,43,5504,5469.6,128
01/01/2023,GRA,ST003,QAR,PRK.1141,CRAB BOWL,28,476,476,17
01/01/2023,GRA,ST003,QAR,PRK.1145,Yoghurt & Cucumber dip,12,348,348,29
01/01/2023,GRA,ST003,QAR,PRK.1146,Spicy Guacamole Pot,13,559,559,43
01/01/2023,GRA,ST003,QAR,PRK.1149,Edamame Pot,12,396,384,33
01/01/2023,GRA,ST003,QAR,PRK.1155,Classic hummus pot,18,234,234,13
01/01/2023,GRA,ST003,QAR,PRK.1159,Greek Tabbouleh,20,880,880,44
01/01/2023,GRA,ST003,QAR,PRK.1160,Egg pot,16,192,192,12
01/01/2023,GRA,ST003,QAR,PRK.1161,Labneh Beetroot,12,12,12,1
01/01/2023,GRA,ST003,QAR,PRK.1173,Choco Chia Energy Ball,30,1230,1200,41
01/01/2023,GRA,ST003,QAR,PRK.1175,Pecan Bars,14,434,434,31
01/01/2023,GRA,ST003,QAR,PRK.1177,Carrot Cake,15,750,750,50
01/01/2023,GRA,ST003,QAR,PRK.1181,Green Apple,2,48,48,24
01/01/2023,GRA,ST003,QAR,PRK.1182,Red Apple,2,54,54,27
01/01/2023,GRA,ST003,QAR,PRK.1183,Bannana,2,420,420,210
01/01/2023,GRA,ST003,QAR,PRK.1184,Watermelon,18,828,828,46
01/01/2023,GRA,ST003,QAR,PRK.1185,Pineapplemix,18,1152,1148.4,64
01/01/2023,GRA,ST003,QAR,PRK.1186,Mixed Berries,22,1298,1276,59
01/01/2023,GRA,ST003,QAR,PRK.1194,Lotus Cheesecake,15,1020,1020,68
01/01/2023,GRA,ST003,QAR,PRK.1196,Chia Blueberry Yodurt,24,936,936,39
01/01/2023,GRA,ST003,QAR,PRK.1201,Iced Flat White,18,108,108,6
01/01/2023,GRA,ST003,QAR,PRK.1203,Iced Spanish Latte,20,1560,1560,78
01/01/2023,GRA,ST003,QAR,PRK.1204,Iced Latte,18,756,756,42
01/01/2023,GRA,ST003,QAR,PRK.1205,Iced Americano,15,930,915,62
01/01/2023,GRA,ST003,QAR,PRK.1234,Pepperoni Pizza small,40,960,952,24
01/01/2023,GRA,ST003,QAR,PRK.1235,Margherita Pizza small,30,810,780,27
01/01/2023,GRA,ST003,QAR,PRK.1236,BBQ chicken Pizza small,35,910,910,26
01/01/2023,GRA,ST003,QAR,PRK.1262,Highland Still,5,1645,1635,329
01/01/2023,GRA,ST003,QAR,PRK.1265,Perrier Sparkling,9,414,414,46
01/01/2023,GRA,ST003,QAR,PRK.1291,Coke,5,655,655,131
01/01/2023,GRA,ST003,QAR,PRK.1292,Diet Coke,5,1200,1189,240
01/01/2023,GRA,ST003,QAR,PRK.1334,Stay Home w/Graze M12 X1,240,240,240,1
01/01/2023,GRA,ST003,QAR,PRK.1335,Cool Box,15,30,30,2
01/01/2023,GRA,ST003,QAR,PRK.1351,Espresso Single,12,780,756,65
01/01/2023,GRA,ST003,QAR,PRK.1353,Americano Hot,15,2670,2625,178
01/01/2023,GRA,ST003,QAR,PRK.1354,Flat White Hot,18,1692,1692,94
01/01/2023,GRA,ST003,QAR,PRK.1355,Cappucino,18,2934,2934,163
01/01/2023,GRA,ST003,QAR,PRK.1356,Cortado,18,1098,1098,61
01/01/2023,GRA,ST003,QAR,PRK.1358,Spanish Latte,20,3160,3120,158
01/01/2023,GRA,ST003,QAR,PRK.1359,Classic Mocha,25,575,575,23
01/01/2023,GRA,ST003,QAR,PRK.1360,Slated Caramel Mocha,25,525,525,21
01/01/2023,GRA,ST003,QAR,PRK.1362,Double Espresso,14,812,812,58
01/01/2023,GRA,ST003,QAR,PRK.1363,Latte Hot,18,2394,2340,133
01/01/2023,GRA,ST003,QAR,PRK.1364,English B/F,12,168,168,14
01/01/2023,GRA,ST003,QAR,PRK.1365,Green Tea,12,228,228,19
01/01/2023,GRA,ST003,QAR,PRK.1366,Earl Grey,12,36,36,3
01/01/2023,GRA,ST003,QAR,PRK.1368,Lemon Grass/ Ginger,12,72,72,6
01/01/2023,GRA,ST003,QAR,PRK.1372,Hot Cocoa,24,1080,1080,45
01/01/2023,GRA,ST003,QAR,PRK.1373,Hibiscus Iced tea,18,414,414,23
01/01/2023,GRA,ST003,QAR,PRK.1374,Peach Iced Tea,18,342,342,19
01/01/2023,GRA,ST003,QAR,PRK.1375,Matcha Latte,25,375,375,15
01/01/2023,GRA,ST003,QAR,PRK.1376,Cinnamon Latte,25,250,250,10
01/01/2023,GRA,ST003,QAR,PRK.1377,Fresh Milk,10,20,20,2
01/01/2023,GRA,ST003,QAR,PRK.1386,Orange Juice,22,4488,4488,204
01/01/2023,GRA,ST003,QAR,PRK.1387,Carrot Juice,22,770,765.6,35
01/01/2023,GRA,ST003,QAR,PRK.1390,Morning Boost,24,1392,1392,58
01/01/2023,GRA,ST003,QAR,PRK.1392,Immune Boost,22,1716,1711.6,78
01/01/2023,GRA,ST003,QAR,PRK.1396,Ginger Aid Shot,18,3528,3502.8,196
01/01/2023,GRA,ST003,QAR,PRK.1402,Laban Drink,18,1278,1274.4,71
01/01/2023,GRA,ST003,QAR,PRK.1404,Green Boost Juice,24,1176,1176,49
01/01/2023,GRA,ST003,QAR,PRK.1406,Beetroot & Apple Juice,20,1540,1540,77
01/01/2023,GRA,ST003,QAR,PRK.1409,Turmeric wellness shot,16,1488,1481.6,93
01/01/2023,GRA,ST003,QAR,PRK.1412, Mini Cup Yogurt,14,2156,2153.2,154
01/01/2023,GRA,ST003,QAR,PRK.1413,Regular Cup Yogurt,21,1722,1675.8,82
01/01/2023,GRA,ST003,QAR,PRK.1416,Large Cup Yogurt,23,966,966,42
01/01/2023,GRA,ST003,QAR,PRK.1418, Mini Cup Yogurt/Topping,18,1926,1926,107
01/01/2023,GRA,ST003,QAR,PRK.1419,Reg Cup Yogurt/Toping,26,3016,3016,116
01/01/2023,GRA,ST003,QAR,PRK.1422,Large Cup Yogurt/Topping,30,570,570,19
01/01/2023,GRA,ST003,QAR,PRK.1429,Mini Mango Ice Cream,14,3584,3578.4,256
01/01/2023,GRA,ST003,QAR,PRK.1430,Regular Mango Ice Cream,21,3108,3103.8,148
01/01/2023,GRA,ST003,QAR,PRK.1431,Large Mango Ice Cream,23,1288,1288,56
01/01/2023,GRA,ST003,QAR,PRK.1432,Mini Mango Ice Cream/Topp,18,3240,3240,180
01/01/2023,GRA,ST003,QAR,PRK.1433,Reg Mango Ice cream/Topp,26,4004,4004,154
01/01/2023,GRA,ST003,QAR,PRK.1434,Large Mango Ice Cream/Top,30,1020,1020,34
01/01/2023,GRA,ST003,QAR,PRK.1464,Fresh Pineapple,3,15,15,5
01/01/2023,GRA,ST003,QAR,PRK.1469,Kiwi Fruit,3,6,6,2
01/01/2023,GRA,ST003,QAR,PRK.1470,Lotus Biscuit,3,18,18,6
01/01/2023,GRA,ST003,QAR,PRK.1474,Spaghetti Bolognese,45,2295,2295,51
01/01/2023,GRA,ST003,QAR,PRK.1475,Salmon with Cilantro Rice,65,5655,5590,87
01/01/2023,GRA,ST003,QAR,PRK.1476,Chicken Noodle Bowl,40,2160,2160,54
01/01/2023,GRA,ST003,QAR,PRK.1477,BBQ Steak,45,3825,3708,85
01/01/2023,GRA,ST003,QAR,PRK.1478,Rib eye Steak with Vegeta,55,5280,5225,96
01/01/2023,GRA,ST003,QAR,PRK.1479,Lasagne Pasta,45,3361,3181,75
01/01/2023,GRA,ST003,QAR,PRK.1480,Steak cajun potato,50,3350,3290,67
01/01/2023,GRA,ST003,QAR,PRK.1501,pomegranate,3,30,30,10
01/01/2023,GRA,ST003,QAR,PRK.1502,Strawberry,3,66,66,22
01/01/2023,GRA,ST003,QAR,PRK.1505,Salted Caramel,3,12,12,4
01/01/2023,GRA,ST003,QAR,PRK.1506,Pretzel,3,6,6,2
01/01/2023,GRA,ST003,QAR,PRK.1507,Crispy Crepe,3,78,78,26
01/01/2023,GRA,ST003,QAR,PRK.1508,Granola,3,63,63,21
01/01/2023,GRA,ST003,QAR,PRK.1509,Coconut Flakes,3,33,33,11
01/01/2023,GRA,ST003,QAR,PRK.1510,Crushed Graham,3,21,21,7
01/01/2023,GRA,ST003,QAR,PRK.1514,Dulce de Leche,3,30,30,10
01/01/2023,GRA,ST003,QAR,PRK.1520,Mixed Berries Sauce,3,9,9,3
01/01/2023,GRA,ST003,QAR,PRK.1521,Mango Sauce,3,30,30,10
01/01/2023,GRA,ST003,QAR,PRK.1523,Peanut Butter Sauce,3,6,6,2
01/01/2023,GRA,ST003,QAR,PRK.1527,Mango,3,51,51,17
01/01/2023,GRA,ST003,QAR,PRK.1531,Power Shake,35,630,630,18
01/01/2023,GRA,ST003,QAR,PRK.1532,Peanut Power Shake,35,770,770,22
01/01/2023,GRA,ST003,QAR,PRK.1533,Pre-workout protein shak,45,135,135,3
01/01/2023,GRA,ST003,QAR,PRK.1534,Choco Power Shake,35,140,140,4
01/01/2023,GRA,ST003,QAR,PRK.1536,Energizer protine Shakes,45,7515,7515,167
01/01/2023,GRA,ST003,QAR,PRK.1538,Pre-workout shake,35,105,105,3
01/01/2023,GRA,ST003,QAR,PRK.1540,Energizer shakes,35,1855,1855,53
01/01/2023,GRA,ST003,QAR,PRK.1542,14oz Pre-work out Protein,40,40,40,1
01/01/2023,GRA,ST003,QAR,PRK.1545,14oz Energizer protine,40,480,480,12
01/01/2023,GRA,ST003,QAR,PRK.1546,14oz Pre-workout shake,30,60,60,2
01/01/2023,GRA,ST003,QAR,PRK.1548,14oz Energizer shakes,30,270,270,9
01/01/2023,GRA,ST003,QAR,PRK.1550,Extra Protein,10,50,50,5
01/01/2023,GRA,ST003,QAR,PRK.1587,Supersize,45,270,270,6
01/01/2023,GRA,ST003,QAR,PRK.1588,Acai Small,35,3080,3080,88
01/01/2023,GRA,ST003,QAR,PRK.1589,Acai Large,40,1840,1840,46
01/01/2023,GRA,ST003,QAR,PRK.1590,Peanut Choco Ice Cream,30,1650,1614,55
01/01/2023,GRA,ST003,QAR,PRK.1621,Orange loaf,12,936,936,78
01/01/2023,GRA,ST003,QAR,PRK.1623,Brownie flavour cookies,10,960,960,96
01/01/2023,GRA,ST003,QAR,PRK.1628,Brownie bites,13,793,793,61
01/01/2023,GRA,ST003,QAR,PRK.1632,Turkey cheese roll,19,741,741,39
01/01/2023,GRA,ST003,QAR,PRK.1633,Spinach feta roll,18,378,378,21
01/01/2023,GRA,ST003,QAR,PRK.1634,Madeleine,12,696,696,58
01/01/2023,GRA,ST003,QAR,PRK.1635,Poppy Lemon seeds,12,552,549.6,46
01/01/2023,GRA,ST003,QAR,PRK.1651,■PB & Jam sourdough bread,18,576,576,32
01/01/2023,GRA,ST003,QAR,PRK.1681,Salted Caramel Mocha,24,96,96,4
01/01/2023,GRA,ST003,QAR,PRK.1682,■Matcha Frappe,26,208,208,8
01/01/2023,GRA,ST003,QAR,PRK.1711,Pomegranate Pot,18,522,522,29
01/01/2023,GRA,ST003,QAR,PRK.1712,Mango Peach Muesli Pot,24,456,456,19
01/01/2023,GRA,ST003,QAR,PRK.1713,Overnight oats PB&Jam,25,1325,1325,53
01/01/2023,GRA,ST003,QAR,PRK.1741,Spicy Tuna sandwich,26,2132,2106,82
01/01/2023,GRA,ST003,QAR,PRK.1742,Three cheese,22,1188,1188,54
01/01/2023,GRA,ST003,QAR,PRK.1743,Falafel and Labna,25,600,600,24
01/01/2023,GRA,ST003,QAR,PRK.1747,BEEF BURGER,35,1540,1540,44
01/01/2023,GRA,ST003,QAR,PRK.1748,Chicken Shawarma,18,2214,2214,123
01/01/2023,GRA,ST003,QAR,PRK.1749,Tenderloin Beef Shawarma,22,1364,1364,62
01/01/2023,GRA,ST003,QAR,PRK.1752,Club sandwich,30,1260,1254,42
01/01/2023,GRA,ST003,QAR,PRK.1771,Pistachio Arabeshi,5,1525,1524,305
01/01/2023,GRA,ST003,QAR,PRK.1772,Fresh Raspberry,5,500,500,100
01/01/2023,GRA,ST003,QAR,PRK.1773,Fresh blueberry,5,340,340,68
01/01/2023,GRA,ST003,QAR,PRK.1774,Chocolate Flakes,5,495,495,99
01/01/2023,GRA,ST003,QAR,PRK.1775,Honey Comb,5,185,185,37
01/01/2023,GRA,ST003,QAR,PRK.1776,Milk powder,3,3,3,1
01/01/2023,GRA,ST003,QAR,PRK.4501,Full Fat Milk,0,0,0,8
01/01/2023,GRA,ST003,QAR,PRK.4502,Low Fat Milk,0,0,0,20
01/01/2023,GRA,ST003,QAR,PRK.4503,Almond Milk,2,564,564,282
01/01/2023,GRA,ST003,QAR,PRK.4504,Soya Milk,2,52,52,26
01/01/2023,GRA,ST003,QAR,PRK.4505,Less Sweet,0,0,0,1
01/01/2023,GRA,ST003,QAR,PRK.4511,More Hot,0,0,0,2
01/01/2023,GRA,ST003,QAR,PRK.4514,Less Ice,0,0,0,4
01/01/2023,GRA,ST003,QAR,PRK.4516,Decaf,0,0,0,9
01/01/2023,GRA,ST003,QAR,PRK.4517,Vanilla Flavor,0,0,0,9
01/01/2023,GRA,ST003,QAR,PRK.4519,caramel flavor,0,0,0,1
01/01/2023,GRA,ST003,QAR,PRK.4521,Oat Milk,2,62,62,31
01/01/2023,GRA,ST003,QAR,PRK.4522,Skimmed Milk,2,2,2,1
01/01/2023,GRA,ST003,QAR,PRK.4523,Coconut Milk,2,34,34,17
01/01/2023,GRA,ST003,QAR,PRK.4531,w/ Granola,0,0,0,56
01/01/2023,GRA,ST003,QAR,PRK.4533,w/ Pretzel,0,0,0,3
01/01/2023,GRA,ST003,QAR,PRK.4534,w/ Coconut Flakes,0,0,0,23
01/01/2023,GRA,ST003,QAR,PRK.4535,w/ Crispy Crepe,0,0,0,69
01/01/2023,GRA,ST003,QAR,PRK.4537,w/ Mixed Berries Sauce,0,0,0,10
01/01/2023,GRA,ST003,QAR,PRK.4541,w/ Strawberry,0,0,0,129
01/01/2023,GRA,ST003,QAR,PRK.4543,w/ Salted Caramel,0,0,0,15
01/01/2023,GRA,ST003,QAR,PRK.4544,w/ Pomegranate,0,0,0,76
01/01/2023,GRA,ST003,QAR,PRK.4545,w/ Dulce de leche,0,0,0,6
01/01/2023,GRA,ST003,QAR,PRK.4549,w/ Mango Sauce,0,0,0,22
01/01/2023,GRA,ST003,QAR,PRK.4550,w/ Mango,0,0,0,165
01/01/2023,GRA,ST003,QAR,PRK.4551,w/ Peanut Butter Sauce,0,0,0,4
01/01/2023,GRA,ST003,QAR,PRK.4552,w/ Crushed Grahams,0,0,0,15
01/01/2023,GRA,ST003,QAR,PRK.4556,w/ Fresh Pineapple,0,0,0,4
01/01/2023,GRA,ST003,QAR,PRK.4557,w/ Kiwi Fruit,0,0,0,2
01/01/2023,GRA,ST003,QAR,PRK.4558,w/ Lotus Biscuit,0,0,0,38
01/01/2023,GRA,ST003,QAR,PRK.4561,MIXED FROZEN YOGURT,0,0,0,47
01/01/2023,GRA,ST003,QAR,PRK.4562,MIXED MANGO YOGURT,0,0,0,35
