DATE,BRANCHCODE,WAREHOUSECODE,CURRENCY,ERPCODE,ITEMNAME,RAWPRICE,GROSSAMT,NETVALUE,QTYSOLD
08/01/2023,GRA,ST003,QAR,PRK.902,Granola,55,1210,1155,22
08/01/2023,GRA,ST003,QAR,PRK.903,Graze Spicy  Mix,55,55,55,1
08/01/2023,GRA,ST003,QAR,PRK.904,Graze House Mix,55,330,330,6
08/01/2023,GRA,ST003,QAR,PRK.907,Zaatar Chips,6,264,264,44
08/01/2023,GRA,ST003,QAR,PRK.909,Spicy Pesto Chips,6,174,174,29
08/01/2023,GRA,ST003,QAR,PRK.910,Graze Spicy Mix Sml,25,525,500,21
08/01/2023,GRA,ST003,QAR,PRK.911,Graze House Mix Sml,25,675,650,27
08/01/2023,GRA,ST003,QAR,PRK.938,4 Grain Salad with Beetro,55,1980,1980,36
08/01/2023,GRA,ST003,QAR,PRK.939,Steak Salad with Green Sa,55,3850,3729,70
08/01/2023,GRA,ST003,QAR,PRK.962,Extra flavor,3,3,3,1
08/01/2023,GRA,ST003,QAR,PRK.994,Crsnt w Egg/Avaca/ SunTom,24,2640,2640,110
08/01/2023,GRA,ST003,QAR,PRK.995,Egg Burrito,20,1460,1460,73
08/01/2023,GRA,ST003,QAR,PRK.996,Blueberry Granola parfait,25,2625,2625,105
08/01/2023,GRA,ST003,QAR,PRK.997,Yog Dates Chia Pista Alm,22,1782,1782,81
08/01/2023,GRA,ST003,QAR,PRK.1003,Cheese Croissant,16,544,544,34
08/01/2023,GRA,ST003,QAR,PRK.1007,Zatar Croissant,16,272,272,17
08/01/2023,GRA,ST003,QAR,PRK.1010,Tomato Puff Pastry,16,240,240,15
08/01/2023,GRA,ST003,QAR,PRK.1012,Three Berry Yogurt & Date,25,1350,1325,54
08/01/2023,GRA,ST003,QAR,PRK.1015,Kiri Cheese Danish,14,672,672,48
08/01/2023,GRA,ST003,QAR,PRK.1016,Plain Croissant,10,220,220,22
08/01/2023,GRA,ST003,QAR,PRK.1021,Shirazi Salad,12,1020,1008,85
08/01/2023,GRA,ST003,QAR,PRK.1023,Falafel Salad,45,2430,2385,54
08/01/2023,GRA,ST003,QAR,PRK.1024,Quinoa Swt potato Salad,40,1400,1400,35
08/01/2023,GRA,ST003,QAR,PRK.1027,Mex Chkn Chilli Bean Sld,40,3680,3592,92
08/01/2023,GRA,ST003,QAR,PRK.1029,Burrata Salad,50,1500,1500,30
08/01/2023,GRA,ST003,QAR,PRK.1031,Teriyaki GRAZE Salmn,55,7150,7095,130
08/01/2023,GRA,ST003,QAR,PRK.1039,Keto Chicken Salad,40,2360,2360,59
08/01/2023,GRA,ST003,QAR,PRK.1046,Greek Salad,30,1170,1170,39
08/01/2023,GRA,ST003,QAR,PRK.1048,Mexican  Caesar Salad chk,39,4992,4953,128
08/01/2023,GRA,ST003,QAR,PRK.1049,ROCCA SALAD,22,990,990,45
08/01/2023,GRA,ST003,QAR,PRK.1052,Smoke Turkey Sandwich,34,5236,5202,154
08/01/2023,GRA,ST003,QAR,PRK.1054,lemon&Rosemary Chkn,36,5940,5940,165
08/01/2023,GRA,ST003,QAR,PRK.1057,Steak & Philly Chz SW,32,3872,3846.4,121
08/01/2023,GRA,ST003,QAR,PRK.1063,Egg Mayo with Rocket,20,1440,1440,72
08/01/2023,GRA,ST003,QAR,PRK.1075,Avocado Toast,40,400,400,10
08/01/2023,GRA,ST003,QAR,PRK.1077,Spicy Halloumi,38,2128,2128,56
08/01/2023,GRA,ST003,QAR,PRK.1080,Graze Breakfast (egg box),32,544,544,17
08/01/2023,GRA,ST003,QAR,PRK.1083,Chkn Soup,19,1273,1273,67
08/01/2023,GRA,ST003,QAR,PRK.1087,Lentil Soup,20,1180,1160,59
08/01/2023,GRA,ST003,QAR,PRK.1089,Vegetable soup,16,688,640,43
08/01/2023,GRA,ST003,QAR,PRK.1113,Chkn Katsu Curry,45,6300,6291,140
08/01/2023,GRA,ST003,QAR,PRK.1115,Mushroom Pasta,40,3680,3664,92
08/01/2023,GRA,ST003,QAR,PRK.1119,Chicken Biryani,45,12060,11961,268
08/01/2023,GRA,ST003,QAR,PRK.1121,Chinese Sesame Chicken,40,5160,5160,129
08/01/2023,GRA,ST003,QAR,PRK.1127,Rock Shrimp,45,5625,5625,125
08/01/2023,GRA,ST003,QAR,PRK.1133,Lamb  Kabsa,45,9270,9180,206
08/01/2023,GRA,ST003,QAR,PRK.1140,Chicken Curry & Saffron r,43,5504,5486.8,128
08/01/2023,GRA,ST003,QAR,PRK.1141,CRAB BOWL,28,364,364,13
08/01/2023,GRA,ST003,QAR,PRK.1145,Yoghurt & Cucumber dip,12,552,552,46
08/01/2023,GRA,ST003,QAR,PRK.1146,Spicy Guacamole Pot,13,481,481,37
08/01/2023,GRA,ST003,QAR,PRK.1149,Edamame Pot,12,696,693.6,58
08/01/2023,GRA,ST003,QAR,PRK.1155,Classic hummus pot,18,36,36,2
08/01/2023,GRA,ST003,QAR,PRK.1159,Greek Tabbouleh,20,1060,1040,53
08/01/2023,GRA,ST003,QAR,PRK.1160,Egg pot,16,224,224,14
08/01/2023,GRA,ST003,QAR,PRK.1173,Choco Chia Energy Ball,30,930,930,31
08/01/2023,GRA,ST003,QAR,PRK.1175,Pecan Bars,14,378,378,27
08/01/2023,GRA,ST003,QAR,PRK.1177,Carrot Cake,15,630,630,42
08/01/2023,GRA,ST003,QAR,PRK.1178,Sweet Potatoe Choco Cake,15,120,105,8
08/01/2023,GRA,ST003,QAR,PRK.1181,Green Apple,2,42,42,21
08/01/2023,GRA,ST003,QAR,PRK.1182,Red Apple,2,28,28,14
08/01/2023,GRA,ST003,QAR,PRK.1183,Bannana,2,376,376,188
08/01/2023,GRA,ST003,QAR,PRK.1184,Watermelon,18,1710,1710,95
08/01/2023,GRA,ST003,QAR,PRK.1185,Pineapplemix,18,1368,1368,76
08/01/2023,GRA,ST003,QAR,PRK.1186,Mixed Berries,22,2046,2046,93
08/01/2023,GRA,ST003,QAR,PRK.1194,Lotus Cheesecake,15,735,735,49
08/01/2023,GRA,ST003,QAR,PRK.1196,Chia Blueberry Yodurt,24,864,864,36
08/01/2023,GRA,ST003,QAR,PRK.1201,Iced Flat White,18,288,288,16
08/01/2023,GRA,ST003,QAR,PRK.1203,Iced Spanish Latte,20,2240,2220,112
08/01/2023,GRA,ST003,QAR,PRK.1204,Iced Latte,18,720,720,40
08/01/2023,GRA,ST003,QAR,PRK.1205,Iced Americano,15,1680,1680,112
08/01/2023,GRA,ST003,QAR,PRK.1234,Pepperoni Pizza small,40,480,472,12
08/01/2023,GRA,ST003,QAR,PRK.1235,Margherita Pizza small,30,570,570,19
08/01/2023,GRA,ST003,QAR,PRK.1236,BBQ chicken Pizza small,35,420,420,12
08/01/2023,GRA,ST003,QAR,PRK.1262,Highland Still,5,1985,1905,397
08/01/2023,GRA,ST003,QAR,PRK.1265,Perrier Sparkling,9,765,765,85
08/01/2023,GRA,ST003,QAR,PRK.1291,Coke,5,665,657,133
08/01/2023,GRA,ST003,QAR,PRK.1292,Diet Coke,5,1255,1252,251
08/01/2023,GRA,ST003,QAR,PRK.1331,Stay Home w/ Graze R 6 X1,185,185,185,1
08/01/2023,GRA,ST003,QAR,PRK.1334,Stay Home w/Graze M12 X1,240,240,240,1
08/01/2023,GRA,ST003,QAR,PRK.1335,Cool Box,15,180,180,12
08/01/2023,GRA,ST003,QAR,PRK.1351,Espresso Single,12,276,168,23
08/01/2023,GRA,ST003,QAR,PRK.1353,Americano Hot,15,1410,1410,94
08/01/2023,GRA,ST003,QAR,PRK.1354,Flat White Hot,18,1836,1836,102
08/01/2023,GRA,ST003,QAR,PRK.1355,Cappucino,18,1188,1188,66
08/01/2023,GRA,ST003,QAR,PRK.1356,Cortado,18,882,882,49
08/01/2023,GRA,ST003,QAR,PRK.1358,Spanish Latte,20,840,840,42
08/01/2023,GRA,ST003,QAR,PRK.1359,Classic Mocha,25,150,150,6
08/01/2023,GRA,ST003,QAR,PRK.1360,Slated Caramel Mocha,25,200,200,8
08/01/2023,GRA,ST003,QAR,PRK.1362,Double Espresso,14,364,350,26
08/01/2023,GRA,ST003,QAR,PRK.1363,Latte Hot,18,594,594,33
08/01/2023,GRA,ST003,QAR,PRK.1364,English B/F,12,36,36,3
08/01/2023,GRA,ST003,QAR,PRK.1365,Green Tea,12,12,12,1
08/01/2023,GRA,ST003,QAR,PRK.1368,Lemon Grass/ Ginger,12,36,36,3
08/01/2023,GRA,ST003,QAR,PRK.1372,Hot Cocoa,24,120,120,5
08/01/2023,GRA,ST003,QAR,PRK.1373,Hibiscus Iced tea,18,648,648,36
08/01/2023,GRA,ST003,QAR,PRK.1374,Peach Iced Tea,18,666,666,37
08/01/2023,GRA,ST003,QAR,PRK.1375,Matcha Latte,25,50,50,2
08/01/2023,GRA,ST003,QAR,PRK.1376,Cinnamon Latte,25,150,150,6
08/01/2023,GRA,ST003,QAR,PRK.1386,Orange Juice,22,4598,4554,209
08/01/2023,GRA,ST003,QAR,PRK.1387,Carrot Juice,22,792,792,36
08/01/2023,GRA,ST003,QAR,PRK.1390,Morning Boost,24,1464,1464,61
08/01/2023,GRA,ST003,QAR,PRK.1392,Immune Boost,22,1430,1430,65
08/01/2023,GRA,ST003,QAR,PRK.1396,Ginger Aid Shot,18,2844,2826,158
08/01/2023,GRA,ST003,QAR,PRK.1402,Laban Drink,18,954,946.8,53
08/01/2023,GRA,ST003,QAR,PRK.1404,Green Boost Juice,24,1272,1248,53
08/01/2023,GRA,ST003,QAR,PRK.1406,Beetroot & Apple Juice,20,1800,1780,90
08/01/2023,GRA,ST003,QAR,PRK.1409,Turmeric wellness shot,16,1392,1356.8,87
08/01/2023,GRA,ST003,QAR,PRK.1429,Mini Mango Ice Cream,14,10276,10267.6,734
08/01/2023,GRA,ST003,QAR,PRK.1430,Regular Mango Ice Cream,21,6195,6186.6,295
08/01/2023,GRA,ST003,QAR,PRK.1431,Large Mango Ice Cream,23,2116,2116,92
08/01/2023,GRA,ST003,QAR,PRK.1432,Mini Mango Ice Cream/Topp,18,7884,7884,438
08/01/2023,GRA,ST003,QAR,PRK.1433,Reg Mango Ice cream/Topp,26,8866,8840,341
08/01/2023,GRA,ST003,QAR,PRK.1434,Large Mango Ice Cream/Top,30,2430,2430,81
08/01/2023,GRA,ST003,QAR,PRK.1435,Mini Cup Milky Ice Cream,14,1722,1722,123
08/01/2023,GRA,ST003,QAR,PRK.1436,Reg Cup Milky Ice Cream,21,1407,1407,67
08/01/2023,GRA,ST003,QAR,PRK.1437,Lrge Cup Milky Ice Cream,23,552,552,24
08/01/2023,GRA,ST003,QAR,PRK.1438,Mini Cup Milky Ice C/Top,18,1458,1458,81
08/01/2023,GRA,ST003,QAR,PRK.1439,Reg Cup Milky Ice Cre/Top,26,1092,1092,42
08/01/2023,GRA,ST003,QAR,PRK.1440,Lrge Cup Milky Ice Cr/Top,30,150,150,5
08/01/2023,GRA,ST003,QAR,PRK.1464,Fresh Pineapple,3,30,30,10
08/01/2023,GRA,ST003,QAR,PRK.1470,Lotus Biscuit,3,6,6,2
08/01/2023,GRA,ST003,QAR,PRK.1474,Spaghetti Bolognese,45,2925,2925,65
08/01/2023,GRA,ST003,QAR,PRK.1475,Salmon with Cilantro Rice,65,5720,5525,88
08/01/2023,GRA,ST003,QAR,PRK.1476,Chicken Noodle Bowl,40,1400,1400,35
08/01/2023,GRA,ST003,QAR,PRK.1477,BBQ Steak,45,2565,2520,57
08/01/2023,GRA,ST003,QAR,PRK.1478,Rib eye Steak with Vegeta,55,5555,5489,101
08/01/2023,GRA,ST003,QAR,PRK.1479,Lasagne Pasta,45,2070,1980,46
08/01/2023,GRA,ST003,QAR,PRK.1480,Steak cajun potato,50,4050,3890,81
08/01/2023,GRA,ST003,QAR,PRK.1501,pomegranate,3,66,66,22
08/01/2023,GRA,ST003,QAR,PRK.1502,Strawberry,3,75,75,25
08/01/2023,GRA,ST003,QAR,PRK.1505,Salted Caramel,3,12,12,4
08/01/2023,GRA,ST003,QAR,PRK.1506,Pretzel,3,3,3,1
08/01/2023,GRA,ST003,QAR,PRK.1507,Crispy Crepe,3,66,66,22
08/01/2023,GRA,ST003,QAR,PRK.1508,Granola,3,75,75,25
08/01/2023,GRA,ST003,QAR,PRK.1509,Coconut Flakes,3,48,48,16
08/01/2023,GRA,ST003,QAR,PRK.1510,Crushed Graham,3,27,27,9
08/01/2023,GRA,ST003,QAR,PRK.1514,Dulce de Leche,3,18,18,6
08/01/2023,GRA,ST003,QAR,PRK.1520,Mixed Berries Sauce,3,12,12,4
08/01/2023,GRA,ST003,QAR,PRK.1521,Mango Sauce,3,21,21,7
08/01/2023,GRA,ST003,QAR,PRK.1523,Peanut Butter Sauce,3,33,33,11
08/01/2023,GRA,ST003,QAR,PRK.1527,Mango,3,171,171,57
08/01/2023,GRA,ST003,QAR,PRK.1528,Spicy Mayo,3,3,3,1
08/01/2023,GRA,ST003,QAR,PRK.1529,Raita,3,75,75,25
08/01/2023,GRA,ST003,QAR,PRK.1531,Power Shake,35,2450,2380,70
08/01/2023,GRA,ST003,QAR,PRK.1532,Peanut Power Shake,35,1540,1505,44
08/01/2023,GRA,ST003,QAR,PRK.1533,Pre-workout protein shak,45,45,45,1
08/01/2023,GRA,ST003,QAR,PRK.1534,Choco Power Shake,35,700,595,20
08/01/2023,GRA,ST003,QAR,PRK.1536,Energizer protine Shakes,45,10935,10440,243
08/01/2023,GRA,ST003,QAR,PRK.1540,Energizer shakes,35,735,735,21
08/01/2023,GRA,ST003,QAR,PRK.1545,14oz Energizer protine,40,440,440,11
08/01/2023,GRA,ST003,QAR,PRK.1548,14oz Energizer shakes,30,120,120,4
08/01/2023,GRA,ST003,QAR,PRK.1550,Extra Protein,10,110,110,11
08/01/2023,GRA,ST003,QAR,PRK.1581,Mini coconut frz yog I/C,14,2562,2534,183
08/01/2023,GRA,ST003,QAR,PRK.1582,Regular coconut frz yog I,21,2499,2499,119
08/01/2023,GRA,ST003,QAR,PRK.1583,Large coconut frz yog I/C,23,759,759,33
08/01/2023,GRA,ST003,QAR,PRK.1584,Mini coconut frz yog  Top,18,2754,2754,153
08/01/2023,GRA,ST003,QAR,PRK.1585,Reg- coconut frz yog Top,26,3588,3588,138
08/01/2023,GRA,ST003,QAR,PRK.1586,Large coconut frz yog  To,30,1170,1170,39
08/01/2023,GRA,ST003,QAR,PRK.1587,Supersize,45,405,405,9
08/01/2023,GRA,ST003,QAR,PRK.1588,Acai Small,35,5565,5565,159
08/01/2023,GRA,ST003,QAR,PRK.1589,Acai Large,40,4000,4000,100
08/01/2023,GRA,ST003,QAR,PRK.1592,Watermelon Coolex,24,1104,1104,46
08/01/2023,GRA,ST003,QAR,PRK.1593,Tropicana,24,600,600,25
08/01/2023,GRA,ST003,QAR,PRK.1621,Orange loaf,12,540,528,45
08/01/2023,GRA,ST003,QAR,PRK.1623,Brownie flavour cookies,10,880,850,88
08/01/2023,GRA,ST003,QAR,PRK.1628,Brownie bites,13,403,403,31
08/01/2023,GRA,ST003,QAR,PRK.1632,Turkey cheese roll,19,608,608,32
08/01/2023,GRA,ST003,QAR,PRK.1633,Spinach feta roll,18,360,342,20
08/01/2023,GRA,ST003,QAR,PRK.1634,Madeleine,12,720,720,60
08/01/2023,GRA,ST003,QAR,PRK.1636,Sweet Potato Choco Cake,15,15,15,1
08/01/2023,GRA,ST003,QAR,PRK.1651,■PB & Jam sourdough bread,18,108,108,6
08/01/2023,GRA,ST003,QAR,PRK.1681,Salted Caramel Mocha,24,240,240,10
08/01/2023,GRA,ST003,QAR,PRK.1682,■Matcha Frappe,26,780,780,30
08/01/2023,GRA,ST003,QAR,PRK.1711,Pomegranate Pot,18,990,990,55
08/01/2023,GRA,ST003,QAR,PRK.1712,Mango Peach Muesli Pot,24,816,816,34
08/01/2023,GRA,ST003,QAR,PRK.1713,Overnight oats PB&Jam,25,1125,1125,45
08/01/2023,GRA,ST003,QAR,PRK.1741,Spicy Tuna sandwich,26,2262,2262,87
08/01/2023,GRA,ST003,QAR,PRK.1742,Three cheese,22,1276,1271.6,58
08/01/2023,GRA,ST003,QAR,PRK.1743,Falafel and Labna,25,725,725,29
08/01/2023,GRA,ST003,QAR,PRK.1748,Chicken Shawarma,18,2070,2048.4,115
08/01/2023,GRA,ST003,QAR,PRK.1749,Tenderloin Beef Shawarma,22,1496,1496,68
08/01/2023,GRA,ST003,QAR,PRK.1752,Club sandwich,30,2670,2640,89
08/01/2023,GRA,ST003,QAR,PRK.1753,Slider Chicken Burger,38,2622,2584,69
08/01/2023,GRA,ST003,QAR,PRK.1754,Slider Beef Burger,39,2886,2878.2,74
08/01/2023,GRA,ST003,QAR,PRK.1771,Pistachio Arabeshi,5,1815,1810,363
08/01/2023,GRA,ST003,QAR,PRK.1772,Fresh Raspberry,5,950,950,190
08/01/2023,GRA,ST003,QAR,PRK.1773,Fresh blueberry,5,835,835,167
08/01/2023,GRA,ST003,QAR,PRK.1774,Chocolate Flakes,5,485,485,97
08/01/2023,GRA,ST003,QAR,PRK.1775,Honey Comb,5,260,260,52
08/01/2023,GRA,ST003,QAR,PRK.1776,Milk powder,3,39,39,13
08/01/2023,GRA,ST003,QAR,PRK.4502,Low Fat Milk,0,0,0,2
08/01/2023,GRA,ST003,QAR,PRK.4503,Almond Milk,2,550,526,275
08/01/2023,GRA,ST003,QAR,PRK.4504,Soya Milk,2,38,38,19
08/01/2023,GRA,ST003,QAR,PRK.4516,Decaf,0,0,0,1
08/01/2023,GRA,ST003,QAR,PRK.4517,Vanilla Flavor,0,0,0,2
08/01/2023,GRA,ST003,QAR,PRK.4518,Chocolate Flavor,0,0,0,3
08/01/2023,GRA,ST003,QAR,PRK.4521,Oat Milk,2,44,44,22
08/01/2023,GRA,ST003,QAR,PRK.4523,Coconut Milk,2,24,24,12
08/01/2023,GRA,ST003,QAR,PRK.4531,w/ Granola,0,0,0,138
08/01/2023,GRA,ST003,QAR,PRK.4533,w/ Pretzel,0,0,0,3
08/01/2023,GRA,ST003,QAR,PRK.4534,w/ Coconut Flakes,0,0,0,86
08/01/2023,GRA,ST003,QAR,PRK.4535,w/ Crispy Crepe,0,0,0,164
08/01/2023,GRA,ST003,QAR,PRK.4537,w/ Mixed Berries Sauce,0,0,0,24
08/01/2023,GRA,ST003,QAR,PRK.4541,w/ Strawberry,0,0,0,578
08/01/2023,GRA,ST003,QAR,PRK.4543,w/ Salted Caramel,0,0,0,16
08/01/2023,GRA,ST003,QAR,PRK.4544,w/ Pomegranate,0,0,0,412
08/01/2023,GRA,ST003,QAR,PRK.4545,w/ Dulce de leche,0,0,0,38
08/01/2023,GRA,ST003,QAR,PRK.4549,w/ Mango Sauce,0,0,0,57
08/01/2023,GRA,ST003,QAR,PRK.4550,w/ Mango,0,0,0,596
08/01/2023,GRA,ST003,QAR,PRK.4551,w/ Peanut Butter Sauce,0,0,0,39
08/01/2023,GRA,ST003,QAR,PRK.4552,w/ Crushed Grahams,0,0,0,26
08/01/2023,GRA,ST003,QAR,PRK.4556,w/ Fresh Pineapple,0,0,0,58
08/01/2023,GRA,ST003,QAR,PRK.4557,w/ Kiwi Fruit,0,0,0,16
08/01/2023,GRA,ST003,QAR,PRK.4558,w/ Lotus Biscuit,0,0,0,43
08/01/2023,GRA,ST003,QAR,PRK.4562,MIXED MANGO YOGURT,0,0,0,189
08/01/2023,GRA,ST003,QAR,PRK.4564,MIXED MILKY ICE CREAM,0,0,0,3
