DATE,BRANCHCODE,WAREHOUSECODE,CURRENCY,ERPCODE,ITEMNAME,RAWPRICE,GROSSAMT,NETVALUE,QTYSOLD
02/01/2023,GRA,ST003,QAR,PRK.902,Granola,55,1485,1485,27
02/01/2023,GRA,ST003,QAR,PRK.903,Graze Spicy  Mix,55,165,165,3
02/01/2023,GRA,ST003,QAR,PRK.904,Graze House Mix,55,220,220,4
02/01/2023,GRA,ST003,QAR,PRK.907,Zaatar Chips,6,258,258,43
02/01/2023,GRA,ST003,QAR,PRK.909,Spicy Pesto Chips,6,174,174,29
02/01/2023,GRA,ST003,QAR,PRK.910,Graze Spicy Mix Sml,25,375,375,15
02/01/2023,GRA,ST003,QAR,PRK.911,Graze House Mix Sml,25,250,250,10
02/01/2023,GRA,ST003,QAR,PRK.937,Baby Mozzarella Salad,45,2295,2250,51
02/01/2023,GRA,ST003,QAR,PRK.938,4 Grain Salad with Beetro,55,2750,2585,50
02/01/2023,GRA,ST003,QAR,PRK.939,Steak Salad with Green Sa,55,2805,2750,51
02/01/2023,GRA,ST003,QAR,PRK.961,Extra cheese,5,10,10,2
02/01/2023,GRA,ST003,QAR,PRK.962,Extra flavor,3,33,33,11
02/01/2023,GRA,ST003,QAR,PRK.994,Crsnt w Egg/Avaca/ SunTom,24,2160,2160,90
02/01/2023,GRA,ST003,QAR,PRK.995,Egg Burrito,20,1660,1660,83
02/01/2023,GRA,ST003,QAR,PRK.996,Blueberry Granola parfait,25,2425,2425,97
02/01/2023,GRA,ST003,QAR,PRK.997,Yog Dates Chia Pista Alm,22,2046,2024,93
02/01/2023,GRA,ST003,QAR,PRK.1003,Cheese Croissant,16,448,448,28
02/01/2023,GRA,ST003,QAR,PRK.1007,Zatar Croissant,16,304,304,19
02/01/2023,GRA,ST003,QAR,PRK.1010,Tomato Puff Pastry,16,688,688,43
02/01/2023,GRA,ST003,QAR,PRK.1012,Three Berry Yogurt & Date,25,700,700,28
02/01/2023,GRA,ST003,QAR,PRK.1015,Kiri Cheese Danish,14,756,756,54
02/01/2023,GRA,ST003,QAR,PRK.1016,Plain Croissant,10,500,500,50
02/01/2023,GRA,ST003,QAR,PRK.1021,Shirazi Salad,12,792,792,66
02/01/2023,GRA,ST003,QAR,PRK.1023,Falafel Salad,45,1890,1800,42
02/01/2023,GRA,ST003,QAR,PRK.1024,Quinoa Swt potato Salad,40,1240,1240,31
02/01/2023,GRA,ST003,QAR,PRK.1027,Mex Chkn Chilli Bean Sld,40,3520,3520,88
02/01/2023,GRA,ST003,QAR,PRK.1031,Teriyaki GRAZE Salmn,55,8030,7964,146
02/01/2023,GRA,ST003,QAR,PRK.1039,Keto Chicken Salad,40,3160,3160,79
02/01/2023,GRA,ST003,QAR,PRK.1046,Greek Salad,30,1350,1350,45
02/01/2023,GRA,ST003,QAR,PRK.1048,Mexican  Caesar Salad chk,39,6123,6123,157
02/01/2023,GRA,ST003,QAR,PRK.1049,ROCCA SALAD,22,902,902,41
02/01/2023,GRA,ST003,QAR,PRK.1052,Smoke Turkey Sandwich,34,4760,4760,140
02/01/2023,GRA,ST003,QAR,PRK.1054,lemon&Rosemary Chkn,36,6984,6948,194
02/01/2023,GRA,ST003,QAR,PRK.1057,Steak & Philly Chz SW,32,2720,2707.2,85
02/01/2023,GRA,ST003,QAR,PRK.1063,Egg Mayo with Rocket,20,1540,1540,77
02/01/2023,GRA,ST003,QAR,PRK.1068,Crispy Chicken Bun,24,1872,1872,78
02/01/2023,GRA,ST003,QAR,PRK.1075,Avocado Toast,40,1000,880,25
02/01/2023,GRA,ST003,QAR,PRK.1077,Spicy Halloumi,38,1824,1824,48
02/01/2023,GRA,ST003,QAR,PRK.1079,Smoked Salmon Sandwich,35,35,35,1
02/01/2023,GRA,ST003,QAR,PRK.1080,Graze Breakfast (egg box),32,1056,1056,33
02/01/2023,GRA,ST003,QAR,PRK.1083,Chkn Soup,19,1482,1463,78
02/01/2023,GRA,ST003,QAR,PRK.1087,Lentil Soup,20,1480,1480,74
02/01/2023,GRA,ST003,QAR,PRK.1089,Vegetable soup,16,736,720,46
02/01/2023,GRA,ST003,QAR,PRK.1090,Tom kha soup,28,308,308,11
02/01/2023,GRA,ST003,QAR,PRK.1113,Chkn Katsu Curry,45,6750,6615,150
02/01/2023,GRA,ST003,QAR,PRK.1115,Mushroom Pasta,40,3840,3840,96
02/01/2023,GRA,ST003,QAR,PRK.1119,Chicken Biryani,45,10440,10350,232
02/01/2023,GRA,ST003,QAR,PRK.1121,Chinese Sesame Chicken,40,5080,5064,127
02/01/2023,GRA,ST003,QAR,PRK.1127,Rock Shrimp,45,3510,3510,78
02/01/2023,GRA,ST003,QAR,PRK.1133,Lamb  Kabsa,45,6660,6606,148
02/01/2023,GRA,ST003,QAR,PRK.1140,Chicken Curry & Saffron r,43,4515,4506.4,105
02/01/2023,GRA,ST003,QAR,PRK.1141,CRAB BOWL,28,532,532,19
02/01/2023,GRA,ST003,QAR,PRK.1145,Yoghurt & Cucumber dip,12,204,204,17
02/01/2023,GRA,ST003,QAR,PRK.1146,Spicy Guacamole Pot,13,455,455,35
02/01/2023,GRA,ST003,QAR,PRK.1149,Edamame Pot,12,576,564,48
02/01/2023,GRA,ST003,QAR,PRK.1155,Classic hummus pot,18,126,126,7
02/01/2023,GRA,ST003,QAR,PRK.1159,Greek Tabbouleh,20,960,960,48
02/01/2023,GRA,ST003,QAR,PRK.1160,Egg pot,16,192,192,12
02/01/2023,GRA,ST003,QAR,PRK.1173,Choco Chia Energy Ball,30,1470,1470,49
02/01/2023,GRA,ST003,QAR,PRK.1175,Pecan Bars,14,406,406,29
02/01/2023,GRA,ST003,QAR,PRK.1177,Carrot Cake,15,810,810,54
02/01/2023,GRA,ST003,QAR,PRK.1181,Green Apple,2,20,20,10
02/01/2023,GRA,ST003,QAR,PRK.1182,Red Apple,2,30,30,15
02/01/2023,GRA,ST003,QAR,PRK.1183,Bannana,2,368,368,184
02/01/2023,GRA,ST003,QAR,PRK.1184,Watermelon,18,1206,1170,67
02/01/2023,GRA,ST003,QAR,PRK.1185,Pineapplemix,18,1314,1314,73
02/01/2023,GRA,ST003,QAR,PRK.1186,Mixed Berries,22,1870,1870,85
02/01/2023,GRA,ST003,QAR,PRK.1194,Lotus Cheesecake,15,990,990,66
02/01/2023,GRA,ST003,QAR,PRK.1196,Chia Blueberry Yodurt,24,792,792,33
02/01/2023,GRA,ST003,QAR,PRK.1201,Iced Flat White,18,144,144,8
02/01/2023,GRA,ST003,QAR,PRK.1203,Iced Spanish Latte,20,1620,1620,81
02/01/2023,GRA,ST003,QAR,PRK.1204,Iced Latte,18,756,756,42
02/01/2023,GRA,ST003,QAR,PRK.1205,Iced Americano,15,750,750,50
02/01/2023,GRA,ST003,QAR,PRK.1234,Pepperoni Pizza small,40,320,320,8
02/01/2023,GRA,ST003,QAR,PRK.1235,Margherita Pizza small,30,540,540,18
02/01/2023,GRA,ST003,QAR,PRK.1236,BBQ chicken Pizza small,35,805,798,23
02/01/2023,GRA,ST003,QAR,PRK.1262,Highland Still,5,1870,1865,374
02/01/2023,GRA,ST003,QAR,PRK.1265,Perrier Sparkling,9,495,495,55
02/01/2023,GRA,ST003,QAR,PRK.1291,Coke,5,545,535,109
02/01/2023,GRA,ST003,QAR,PRK.1292,Diet Coke,5,975,959,195
02/01/2023,GRA,ST003,QAR,PRK.1335,Cool Box,15,30,30,2
02/01/2023,GRA,ST003,QAR,PRK.1351,Espresso Single,12,732,708,61
02/01/2023,GRA,ST003,QAR,PRK.1353,Americano Hot,15,2280,2265,152
02/01/2023,GRA,ST003,QAR,PRK.1354,Flat White Hot,18,1548,1548,86
02/01/2023,GRA,ST003,QAR,PRK.1355,Cappucino,18,2790,2790,155
02/01/2023,GRA,ST003,QAR,PRK.1356,Cortado,18,1242,1242,69
02/01/2023,GRA,ST003,QAR,PRK.1358,Spanish Latte,20,2260,2220,113
02/01/2023,GRA,ST003,QAR,PRK.1359,Classic Mocha,25,625,625,25
02/01/2023,GRA,ST003,QAR,PRK.1360,Slated Caramel Mocha,25,275,275,11
02/01/2023,GRA,ST003,QAR,PRK.1362,Double Espresso,14,952,952,68
02/01/2023,GRA,ST003,QAR,PRK.1363,Latte Hot,18,1800,1800,100
02/01/2023,GRA,ST003,QAR,PRK.1364,English B/F,12,84,84,7
02/01/2023,GRA,ST003,QAR,PRK.1365,Green Tea,12,192,192,16
02/01/2023,GRA,ST003,QAR,PRK.1366,Earl Grey,12,24,24,2
02/01/2023,GRA,ST003,QAR,PRK.1368,Lemon Grass/ Ginger,12,84,72,7
02/01/2023,GRA,ST003,QAR,PRK.1372,Hot Cocoa,24,1008,1008,42
02/01/2023,GRA,ST003,QAR,PRK.1373,Hibiscus Iced tea,18,522,522,29
02/01/2023,GRA,ST003,QAR,PRK.1374,Peach Iced Tea,18,540,540,30
02/01/2023,GRA,ST003,QAR,PRK.1375,Matcha Latte,25,150,150,6
02/01/2023,GRA,ST003,QAR,PRK.1376,Cinnamon Latte,25,125,125,5
02/01/2023,GRA,ST003,QAR,PRK.1377,Fresh Milk,10,40,40,4
02/01/2023,GRA,ST003,QAR,PRK.1386,Orange Juice,22,4202,4202,191
02/01/2023,GRA,ST003,QAR,PRK.1387,Carrot Juice,22,440,440,20
02/01/2023,GRA,ST003,QAR,PRK.1390,Morning Boost,24,1704,1680,71
02/01/2023,GRA,ST003,QAR,PRK.1392,Immune Boost,22,1562,1553.2,71
02/01/2023,GRA,ST003,QAR,PRK.1396,Ginger Aid Shot,18,2880,2876.4,160
02/01/2023,GRA,ST003,QAR,PRK.1402,Laban Drink,18,1188,1188,66
02/01/2023,GRA,ST003,QAR,PRK.1404,Green Boost Juice,24,1344,1344,56
02/01/2023,GRA,ST003,QAR,PRK.1406,Beetroot & Apple Juice,20,1320,1316,66
02/01/2023,GRA,ST003,QAR,PRK.1409,Turmeric wellness shot,16,1392,1372.8,87
02/01/2023,GRA,ST003,QAR,PRK.1412, Mini Cup Yogurt,14,2254,2254,161
02/01/2023,GRA,ST003,QAR,PRK.1413,Regular Cup Yogurt,21,2814,2814,134
02/01/2023,GRA,ST003,QAR,PRK.1416,Large Cup Yogurt,23,1265,1265,55
02/01/2023,GRA,ST003,QAR,PRK.1418, Mini Cup Yogurt/Topping,18,2592,2592,144
02/01/2023,GRA,ST003,QAR,PRK.1419,Reg Cup Yogurt/Toping,26,3354,3354,129
02/01/2023,GRA,ST003,QAR,PRK.1422,Large Cup Yogurt/Topping,30,720,720,24
02/01/2023,GRA,ST003,QAR,PRK.1429,Mini Mango Ice Cream,14,4200,4200,300
02/01/2023,GRA,ST003,QAR,PRK.1430,Regular Mango Ice Cream,21,2814,2814,134
02/01/2023,GRA,ST003,QAR,PRK.1431,Large Mango Ice Cream,23,621,621,27
02/01/2023,GRA,ST003,QAR,PRK.1432,Mini Mango Ice Cream/Topp,18,3942,3942,219
02/01/2023,GRA,ST003,QAR,PRK.1433,Reg Mango Ice cream/Topp,26,5174,5174,199
02/01/2023,GRA,ST003,QAR,PRK.1434,Large Mango Ice Cream/Top,30,1200,1200,40
02/01/2023,GRA,ST003,QAR,PRK.1464,Fresh Pineapple,3,3,3,1
02/01/2023,GRA,ST003,QAR,PRK.1469,Kiwi Fruit,3,15,15,5
02/01/2023,GRA,ST003,QAR,PRK.1470,Lotus Biscuit,3,24,24,8
02/01/2023,GRA,ST003,QAR,PRK.1474,Spaghetti Bolognese,45,2295,2205,51
02/01/2023,GRA,ST003,QAR,PRK.1475,Salmon with Cilantro Rice,65,7475,7410,115
02/01/2023,GRA,ST003,QAR,PRK.1476,Chicken Noodle Bowl,40,1640,1640,41
02/01/2023,GRA,ST003,QAR,PRK.1477,BBQ Steak,45,2790,2745,62
02/01/2023,GRA,ST003,QAR,PRK.1478,Rib eye Steak with Vegeta,55,6050,5984,110
02/01/2023,GRA,ST003,QAR,PRK.1479,Lasagne Pasta,45,2205,2115,49
02/01/2023,GRA,ST003,QAR,PRK.1480,Steak cajun potato,50,5900,5710,118
02/01/2023,GRA,ST003,QAR,PRK.1501,pomegranate,3,129,129,43
02/01/2023,GRA,ST003,QAR,PRK.1502,Strawberry,3,69,69,23
02/01/2023,GRA,ST003,QAR,PRK.1505,Salted Caramel,3,9,9,3
02/01/2023,GRA,ST003,QAR,PRK.1506,Pretzel,3,3,3,1
02/01/2023,GRA,ST003,QAR,PRK.1507,Crispy Crepe,3,48,48,16
02/01/2023,GRA,ST003,QAR,PRK.1508,Granola,3,78,78,26
02/01/2023,GRA,ST003,QAR,PRK.1509,Coconut Flakes,3,48,48,16
02/01/2023,GRA,ST003,QAR,PRK.1510,Crushed Graham,3,15,15,5
02/01/2023,GRA,ST003,QAR,PRK.1514,Dulce de Leche,3,42,42,14
02/01/2023,GRA,ST003,QAR,PRK.1520,Mixed Berries Sauce,3,30,30,10
02/01/2023,GRA,ST003,QAR,PRK.1521,Mango Sauce,3,6,6,2
02/01/2023,GRA,ST003,QAR,PRK.1523,Peanut Butter Sauce,3,27,27,9
02/01/2023,GRA,ST003,QAR,PRK.1527,Mango,3,138,138,46
02/01/2023,GRA,ST003,QAR,PRK.1529,Raita,3,45,45,15
02/01/2023,GRA,ST003,QAR,PRK.1531,Power Shake,35,490,490,14
02/01/2023,GRA,ST003,QAR,PRK.1532,Peanut Power Shake,35,805,805,23
02/01/2023,GRA,ST003,QAR,PRK.1533,Pre-workout protein shak,45,135,135,3
02/01/2023,GRA,ST003,QAR,PRK.1536,Energizer protine Shakes,45,6750,6750,150
02/01/2023,GRA,ST003,QAR,PRK.1538,Pre-workout shake,35,70,70,2
02/01/2023,GRA,ST003,QAR,PRK.1540,Energizer shakes,35,2835,2835,81
02/01/2023,GRA,ST003,QAR,PRK.1542,14oz Pre-work out Protein,40,40,40,1
02/01/2023,GRA,ST003,QAR,PRK.1545,14oz Energizer protine,40,520,520,13
02/01/2023,GRA,ST003,QAR,PRK.1548,14oz Energizer shakes,30,60,60,2
02/01/2023,GRA,ST003,QAR,PRK.1550,Extra Protein,10,40,40,4
02/01/2023,GRA,ST003,QAR,PRK.1587,Supersize,45,450,450,10
02/01/2023,GRA,ST003,QAR,PRK.1588,Acai Small,35,4865,4865,139
02/01/2023,GRA,ST003,QAR,PRK.1589,Acai Large,40,2320,2320,58
02/01/2023,GRA,ST003,QAR,PRK.1590,Peanut Choco Ice Cream,30,990,990,33
02/01/2023,GRA,ST003,QAR,PRK.1592,Watermelon Coolex,24,408,360,17
02/01/2023,GRA,ST003,QAR,PRK.1593,Tropicana,24,576,504,24
02/01/2023,GRA,ST003,QAR,PRK.1621,Orange loaf,12,828,828,69
02/01/2023,GRA,ST003,QAR,PRK.1623,Brownie flavour cookies,10,980,980,98
02/01/2023,GRA,ST003,QAR,PRK.1628,Brownie bites,13,559,559,43
02/01/2023,GRA,ST003,QAR,PRK.1632,Turkey cheese roll,19,836,836,44
02/01/2023,GRA,ST003,QAR,PRK.1633,Spinach feta roll,18,378,378,21
02/01/2023,GRA,ST003,QAR,PRK.1634,Madeleine,12,660,660,55
02/01/2023,GRA,ST003,QAR,PRK.1635,Poppy Lemon seeds,12,444,444,37
02/01/2023,GRA,ST003,QAR,PRK.1651,■PB & Jam sourdough bread,18,612,612,34
02/01/2023,GRA,ST003,QAR,PRK.1652,■Italian Poached Eggs,32,32,32,1
02/01/2023,GRA,ST003,QAR,PRK.1681,Salted Caramel Mocha,24,216,216,9
02/01/2023,GRA,ST003,QAR,PRK.1682,■Matcha Frappe,26,338,338,13
02/01/2023,GRA,ST003,QAR,PRK.1711,Pomegranate Pot,18,432,432,24
02/01/2023,GRA,ST003,QAR,PRK.1712,Mango Peach Muesli Pot,24,456,432,19
02/01/2023,GRA,ST003,QAR,PRK.1713,Overnight oats PB&Jam,25,1125,1125,45
02/01/2023,GRA,ST003,QAR,PRK.1741,Spicy Tuna sandwich,26,1976,1976,76
02/01/2023,GRA,ST003,QAR,PRK.1742,Three cheese,22,880,880,40
02/01/2023,GRA,ST003,QAR,PRK.1743,Falafel and Labna,25,650,620,26
02/01/2023,GRA,ST003,QAR,PRK.1747,BEEF BURGER,35,1505,1505,43
02/01/2023,GRA,ST003,QAR,PRK.1748,Chicken Shawarma,18,2142,2138.4,119
02/01/2023,GRA,ST003,QAR,PRK.1749,Tenderloin Beef Shawarma,22,1474,1474,67
02/01/2023,GRA,ST003,QAR,PRK.1752,Club sandwich,30,3390,3360,113
02/01/2023,GRA,ST003,QAR,PRK.1771,Pistachio Arabeshi,5,1150,1150,230
02/01/2023,GRA,ST003,QAR,PRK.1772,Fresh Raspberry,5,750,750,150
02/01/2023,GRA,ST003,QAR,PRK.1773,Fresh blueberry,5,765,765,153
02/01/2023,GRA,ST003,QAR,PRK.1774,Chocolate Flakes,5,540,540,108
02/01/2023,GRA,ST003,QAR,PRK.1775,Honey Comb,5,190,185,38
02/01/2023,GRA,ST003,QAR,PRK.1776,Milk powder,3,3,3,1
02/01/2023,GRA,ST003,QAR,PRK.4501,Full Fat Milk,0,0,0,4
02/01/2023,GRA,ST003,QAR,PRK.4502,Low Fat Milk,0,0,0,15
02/01/2023,GRA,ST003,QAR,PRK.4503,Almond Milk,2,594,594,297
02/01/2023,GRA,ST003,QAR,PRK.4504,Soya Milk,2,46,46,23
02/01/2023,GRA,ST003,QAR,PRK.4505,Less Sweet,0,0,0,2
02/01/2023,GRA,ST003,QAR,PRK.4506,More Sweet,0,0,0,1
02/01/2023,GRA,ST003,QAR,PRK.4508,Single Shot,0,0,0,1
02/01/2023,GRA,ST003,QAR,PRK.4516,Decaf,0,0,0,5
02/01/2023,GRA,ST003,QAR,PRK.4517,Vanilla Flavor,0,0,0,3
02/01/2023,GRA,ST003,QAR,PRK.4519,caramel flavor,0,0,0,3
02/01/2023,GRA,ST003,QAR,PRK.4521,Oat Milk,2,60,60,30
02/01/2023,GRA,ST003,QAR,PRK.4523,Coconut Milk,2,30,30,15
02/01/2023,GRA,ST003,QAR,PRK.4531,w/ Granola,0,0,0,79
02/01/2023,GRA,ST003,QAR,PRK.4533,w/ Pretzel,0,0,0,2
02/01/2023,GRA,ST003,QAR,PRK.4534,w/ Coconut Flakes,0,0,0,14
02/01/2023,GRA,ST003,QAR,PRK.4535,w/ Crispy Crepe,0,0,0,52
02/01/2023,GRA,ST003,QAR,PRK.4537,w/ Mixed Berries Sauce,0,0,0,5
02/01/2023,GRA,ST003,QAR,PRK.4541,w/ Strawberry,0,0,0,147
02/01/2023,GRA,ST003,QAR,PRK.4543,w/ Salted Caramel,0,0,0,8
02/01/2023,GRA,ST003,QAR,PRK.4544,w/ Pomegranate,0,0,0,96
02/01/2023,GRA,ST003,QAR,PRK.4545,w/ Dulce de leche,0,0,0,13
02/01/2023,GRA,ST003,QAR,PRK.4549,w/ Mango Sauce,0,0,0,24
02/01/2023,GRA,ST003,QAR,PRK.4550,w/ Mango,0,0,0,194
02/01/2023,GRA,ST003,QAR,PRK.4551,w/ Peanut Butter Sauce,0,0,0,13
02/01/2023,GRA,ST003,QAR,PRK.4552,w/ Crushed Grahams,0,0,0,13
02/01/2023,GRA,ST003,QAR,PRK.4556,w/ Fresh Pineapple,0,0,0,4
02/01/2023,GRA,ST003,QAR,PRK.4557,w/ Kiwi Fruit,0,0,0,3
02/01/2023,GRA,ST003,QAR,PRK.4558,w/ Lotus Biscuit,0,0,0,29
02/01/2023,GRA,ST003,QAR,PRK.4561,MIXED FROZEN YOGURT,0,0,0,21
02/01/2023,GRA,ST003,QAR,PRK.4562,MIXED MANGO YOGURT,0,0,0,14
