DATE,BRANCHCODE,WAREHOUSECODE,CURRENCY,ERPCODE,ITEMNAME,RAWPRICE,GROSSAMT,NETVALUE,QTYSOLD
05/01/2023,GRA,ST003,QAR,PRK.902,Granola,55,1045,1045,19
05/01/2023,GRA,ST003,QAR,PRK.903,Graze Spicy  Mix,55,110,110,2
05/01/2023,GRA,ST003,QAR,PRK.904,Graze House Mix,55,385,385,7
05/01/2023,GRA,ST003,QAR,PRK.907,Zaatar Chips,6,294,292.8,49
05/01/2023,GRA,ST003,QAR,PRK.909,Spicy Pesto Chips,6,210,210,35
05/01/2023,GRA,ST003,QAR,PRK.910,Graze Spicy Mix Sml,25,425,425,17
05/01/2023,GRA,ST003,QAR,PRK.911,Graze House Mix Sml,25,450,450,18
05/01/2023,GRA,ST003,QAR,PRK.937,Baby Mozzarella Salad,45,1665,1620,37
05/01/2023,GRA,ST003,QAR,PRK.938,4 Grain Salad with Beetro,55,2365,2365,43
05/01/2023,GRA,ST003,QAR,PRK.939,Steak Salad with Green Sa,55,3300,3135,60
05/01/2023,GRA,ST003,QAR,PRK.961,Extra cheese,5,30,30,6
05/01/2023,GRA,ST003,QAR,PRK.962,Extra flavor,3,27,27,9
05/01/2023,GRA,ST003,QAR,PRK.994,Crsnt w Egg/Avaca/ SunTom,24,3600,3600,150
05/01/2023,GRA,ST003,QAR,PRK.995,Egg Burrito,20,2580,2580,129
05/01/2023,GRA,ST003,QAR,PRK.996,Blueberry Granola parfait,25,4325,4300,173
05/01/2023,GRA,ST003,QAR,PRK.997,Yog Dates Chia Pista Alm,22,2794,2789.6,127
05/01/2023,GRA,ST003,QAR,PRK.1003,Cheese Croissant,16,416,416,26
05/01/2023,GRA,ST003,QAR,PRK.1007,Zatar Croissant,16,208,208,13
05/01/2023,GRA,ST003,QAR,PRK.1010,Tomato Puff Pastry,16,736,736,46
05/01/2023,GRA,ST003,QAR,PRK.1012,Three Berry Yogurt & Date,25,1475,1475,59
05/01/2023,GRA,ST003,QAR,PRK.1015,Kiri Cheese Danish,14,910,910,65
05/01/2023,GRA,ST003,QAR,PRK.1016,Plain Croissant,10,360,360,36
05/01/2023,GRA,ST003,QAR,PRK.1021,Shirazi Salad,12,744,720,62
05/01/2023,GRA,ST003,QAR,PRK.1023,Falafel Salad,45,2880,2835,64
05/01/2023,GRA,ST003,QAR,PRK.1024,Quinoa Swt potato Salad,40,1000,1000,25
05/01/2023,GRA,ST003,QAR,PRK.1027,Mex Chkn Chilli Bean Sld,40,5280,5240,132
05/01/2023,GRA,ST003,QAR,PRK.1031,Teriyaki GRAZE Salmn,55,11165,11165,203
05/01/2023,GRA,ST003,QAR,PRK.1039,Keto Chicken Salad,40,3200,3200,80
05/01/2023,GRA,ST003,QAR,PRK.1046,Greek Salad,30,1860,1860,62
05/01/2023,GRA,ST003,QAR,PRK.1048,Mexican  Caesar Salad chk,39,7293,7293,187
05/01/2023,GRA,ST003,QAR,PRK.1049,ROCCA SALAD,22,1584,1584,72
05/01/2023,GRA,ST003,QAR,PRK.1052,Smoke Turkey Sandwich,34,6086,6052,179
05/01/2023,GRA,ST003,QAR,PRK.1054,lemon&Rosemary Chkn,36,7992,7948.8,222
05/01/2023,GRA,ST003,QAR,PRK.1057,Steak & Philly Chz SW,32,4096,4064,128
05/01/2023,GRA,ST003,QAR,PRK.1063,Egg Mayo with Rocket,20,1380,1380,69
05/01/2023,GRA,ST003,QAR,PRK.1068,Crispy Chicken Bun,24,2664,2640,111
05/01/2023,GRA,ST003,QAR,PRK.1075,Avocado Toast,40,1720,1720,43
05/01/2023,GRA,ST003,QAR,PRK.1077,Spicy Halloumi,38,1596,1596,42
05/01/2023,GRA,ST003,QAR,PRK.1080,Graze Breakfast (egg box),32,832,832,26
05/01/2023,GRA,ST003,QAR,PRK.1083,Chkn Soup,19,1805,1805,95
05/01/2023,GRA,ST003,QAR,PRK.1087,Lentil Soup,20,1620,1620,81
05/01/2023,GRA,ST003,QAR,PRK.1089,Vegetable soup,16,688,688,43
05/01/2023,GRA,ST003,QAR,PRK.1090,Tom kha soup,28,224,224,8
05/01/2023,GRA,ST003,QAR,PRK.1113,Chkn Katsu Curry,45,9945,9900,221
05/01/2023,GRA,ST003,QAR,PRK.1115,Mushroom Pasta,40,5600,5592,140
05/01/2023,GRA,ST003,QAR,PRK.1119,Chicken Biryani,45,13230,12879,294
05/01/2023,GRA,ST003,QAR,PRK.1121,Chinese Sesame Chicken,40,8760,8484,219
05/01/2023,GRA,ST003,QAR,PRK.1127,Rock Shrimp,45,6210,6210,138
05/01/2023,GRA,ST003,QAR,PRK.1133,Lamb  Kabsa,45,9765,9702,217
05/01/2023,GRA,ST003,QAR,PRK.1140,Chicken Curry & Saffron r,43,6923,6914.4,161
05/01/2023,GRA,ST003,QAR,PRK.1141,CRAB BOWL,28,532,532,19
05/01/2023,GRA,ST003,QAR,PRK.1145,Yoghurt & Cucumber dip,12,492,480,41
05/01/2023,GRA,ST003,QAR,PRK.1146,Spicy Guacamole Pot,13,741,738.4,57
05/01/2023,GRA,ST003,QAR,PRK.1149,Edamame Pot,12,744,744,62
05/01/2023,GRA,ST003,QAR,PRK.1155,Classic hummus pot,18,162,162,9
05/01/2023,GRA,ST003,QAR,PRK.1159,Greek Tabbouleh,20,1120,1120,56
05/01/2023,GRA,ST003,QAR,PRK.1160,Egg pot,16,112,112,7
05/01/2023,GRA,ST003,QAR,PRK.1173,Choco Chia Energy Ball,30,1080,1080,36
05/01/2023,GRA,ST003,QAR,PRK.1175,Pecan Bars,14,574,574,41
05/01/2023,GRA,ST003,QAR,PRK.1177,Carrot Cake,15,825,825,55
05/01/2023,GRA,ST003,QAR,PRK.1181,Green Apple,2,44,44,22
05/01/2023,GRA,ST003,QAR,PRK.1182,Red Apple,2,80,80,40
05/01/2023,GRA,ST003,QAR,PRK.1183,Bannana,2,454,454,227
05/01/2023,GRA,ST003,QAR,PRK.1184,Watermelon,18,1854,1854,103
05/01/2023,GRA,ST003,QAR,PRK.1185,Pineapplemix,18,1710,1710,95
05/01/2023,GRA,ST003,QAR,PRK.1186,Mixed Berries,22,2728,2728,124
05/01/2023,GRA,ST003,QAR,PRK.1194,Lotus Cheesecake,15,1455,1455,97
05/01/2023,GRA,ST003,QAR,PRK.1196,Chia Blueberry Yodurt,24,1104,1080,46
05/01/2023,GRA,ST003,QAR,PRK.1201,Iced Flat White,18,468,468,26
05/01/2023,GRA,ST003,QAR,PRK.1203,Iced Spanish Latte,20,1560,1560,78
05/01/2023,GRA,ST003,QAR,PRK.1204,Iced Latte,18,1422,1422,79
05/01/2023,GRA,ST003,QAR,PRK.1205,Iced Americano,15,1890,1890,126
05/01/2023,GRA,ST003,QAR,PRK.1234,Pepperoni Pizza small,40,920,912,23
05/01/2023,GRA,ST003,QAR,PRK.1235,Margherita Pizza small,30,690,690,23
05/01/2023,GRA,ST003,QAR,PRK.1236,BBQ chicken Pizza small,35,665,665,19
05/01/2023,GRA,ST003,QAR,PRK.1262,Highland Still,5,2900,2874,580
05/01/2023,GRA,ST003,QAR,PRK.1265,Perrier Sparkling,9,792,792,88
05/01/2023,GRA,ST003,QAR,PRK.1291,Coke,5,705,705,141
05/01/2023,GRA,ST003,QAR,PRK.1292,Diet Coke,5,1565,1560,313
05/01/2023,GRA,ST003,QAR,PRK.1321,Mini Cup /Pina Colada,14,2114,2114,151
05/01/2023,GRA,ST003,QAR,PRK.1322,Regular Cup / Pina Colada,21,1386,1386,66
05/01/2023,GRA,ST003,QAR,PRK.1323,Large cup /Pina Colada,23,529,529,23
05/01/2023,GRA,ST003,QAR,PRK.1324,Mini Pina Colada/Topping,18,2214,2214,123
05/01/2023,GRA,ST003,QAR,PRK.1325,Regular Pina Colada/Toppi,26,2756,2756,106
05/01/2023,GRA,ST003,QAR,PRK.1326,Large Pina Colada/Topping,30,450,450,15
05/01/2023,GRA,ST003,QAR,PRK.1332,Stay Home w/ Graze R 8 X1,240,240,240,1
05/01/2023,GRA,ST003,QAR,PRK.1333,Stay Home w/Graze M 6 X1,130,390,390,3
05/01/2023,GRA,ST003,QAR,PRK.1334,Stay Home w/Graze M12 X1,240,240,240,1
05/01/2023,GRA,ST003,QAR,PRK.1335,Cool Box,15,150,150,10
05/01/2023,GRA,ST003,QAR,PRK.1351,Espresso Single,12,624,624,52
05/01/2023,GRA,ST003,QAR,PRK.1353,Americano Hot,15,2475,2445,165
05/01/2023,GRA,ST003,QAR,PRK.1354,Flat White Hot,18,2232,2232,124
05/01/2023,GRA,ST003,QAR,PRK.1355,Cappucino,18,2322,2304,129
05/01/2023,GRA,ST003,QAR,PRK.1356,Cortado,18,1224,1224,68
05/01/2023,GRA,ST003,QAR,PRK.1358,Spanish Latte,20,2000,2000,100
05/01/2023,GRA,ST003,QAR,PRK.1359,Classic Mocha,25,200,200,8
05/01/2023,GRA,ST003,QAR,PRK.1360,Slated Caramel Mocha,25,300,300,12
05/01/2023,GRA,ST003,QAR,PRK.1362,Double Espresso,14,574,574,41
05/01/2023,GRA,ST003,QAR,PRK.1363,Latte Hot,18,1746,1746,97
05/01/2023,GRA,ST003,QAR,PRK.1364,English B/F,12,96,96,8
05/01/2023,GRA,ST003,QAR,PRK.1365,Green Tea,12,156,156,13
05/01/2023,GRA,ST003,QAR,PRK.1368,Lemon Grass/ Ginger,12,36,36,3
05/01/2023,GRA,ST003,QAR,PRK.1372,Hot Cocoa,24,168,168,7
05/01/2023,GRA,ST003,QAR,PRK.1374,Peach Iced Tea,18,774,774,43
05/01/2023,GRA,ST003,QAR,PRK.1375,Matcha Latte,25,275,275,11
05/01/2023,GRA,ST003,QAR,PRK.1376,Cinnamon Latte,25,100,100,4
05/01/2023,GRA,ST003,QAR,PRK.1377,Fresh Milk,10,20,20,2
05/01/2023,GRA,ST003,QAR,PRK.1386,Orange Juice,22,5434,5429.6,247
05/01/2023,GRA,ST003,QAR,PRK.1387,Carrot Juice,22,1320,1320,60
05/01/2023,GRA,ST003,QAR,PRK.1390,Morning Boost,24,1680,1680,70
05/01/2023,GRA,ST003,QAR,PRK.1392,Immune Boost,22,1716,1707.2,78
05/01/2023,GRA,ST003,QAR,PRK.1396,Ginger Aid Shot,18,3690,3686.4,205
05/01/2023,GRA,ST003,QAR,PRK.1402,Laban Drink,18,1584,1584,88
05/01/2023,GRA,ST003,QAR,PRK.1404,Green Boost Juice,24,1680,1680,70
05/01/2023,GRA,ST003,QAR,PRK.1406,Beetroot & Apple Juice,20,1940,1940,97
05/01/2023,GRA,ST003,QAR,PRK.1409,Turmeric wellness shot,16,1520,1516.8,95
05/01/2023,GRA,ST003,QAR,PRK.1412, Mini Cup Yogurt,14,3934,3931.2,281
05/01/2023,GRA,ST003,QAR,PRK.1413,Regular Cup Yogurt,21,3381,3376.8,161
05/01/2023,GRA,ST003,QAR,PRK.1416,Large Cup Yogurt,23,1702,1702,74
05/01/2023,GRA,ST003,QAR,PRK.1418, Mini Cup Yogurt/Topping,18,3870,3870,215
05/01/2023,GRA,ST003,QAR,PRK.1419,Reg Cup Yogurt/Toping,26,5382,5382,207
05/01/2023,GRA,ST003,QAR,PRK.1422,Large Cup Yogurt/Topping,30,1200,1200,40
05/01/2023,GRA,ST003,QAR,PRK.1429,Mini Mango Ice Cream,14,9884,9881.2,706
05/01/2023,GRA,ST003,QAR,PRK.1430,Regular Mango Ice Cream,21,6720,6720,320
05/01/2023,GRA,ST003,QAR,PRK.1431,Large Mango Ice Cream,23,1265,1265,55
05/01/2023,GRA,ST003,QAR,PRK.1432,Mini Mango Ice Cream/Topp,18,8802,8802,489
05/01/2023,GRA,ST003,QAR,PRK.1433,Reg Mango Ice cream/Topp,26,11102,11102,427
05/01/2023,GRA,ST003,QAR,PRK.1434,Large Mango Ice Cream/Top,30,1770,1770,59
05/01/2023,GRA,ST003,QAR,PRK.1464,Fresh Pineapple,3,15,15,5
05/01/2023,GRA,ST003,QAR,PRK.1469,Kiwi Fruit,3,9,9,3
05/01/2023,GRA,ST003,QAR,PRK.1470,Lotus Biscuit,3,9,9,3
05/01/2023,GRA,ST003,QAR,PRK.1474,Spaghetti Bolognese,45,3240,3195,72
05/01/2023,GRA,ST003,QAR,PRK.1475,Salmon with Cilantro Rice,65,9685,9685,149
05/01/2023,GRA,ST003,QAR,PRK.1476,Chicken Noodle Bowl,40,2640,2600,66
05/01/2023,GRA,ST003,QAR,PRK.1477,BBQ Steak,45,4950,4932,110
05/01/2023,GRA,ST003,QAR,PRK.1478,Rib eye Steak with Vegeta,55,6820,6765,124
05/01/2023,GRA,ST003,QAR,PRK.1479,Lasagne Pasta,45,2430,2430,54
05/01/2023,GRA,ST003,QAR,PRK.1480,Steak cajun potato,50,7450,7450,149
05/01/2023,GRA,ST003,QAR,PRK.1501,pomegranate,3,96,96,32
05/01/2023,GRA,ST003,QAR,PRK.1502,Strawberry,3,189,189,63
05/01/2023,GRA,ST003,QAR,PRK.1505,Salted Caramel,3,51,51,17
05/01/2023,GRA,ST003,QAR,PRK.1507,Crispy Crepe,3,54,54,18
05/01/2023,GRA,ST003,QAR,PRK.1508,Granola,3,57,57,19
05/01/2023,GRA,ST003,QAR,PRK.1509,Coconut Flakes,3,54,54,18
05/01/2023,GRA,ST003,QAR,PRK.1510,Crushed Graham,3,21,21,7
05/01/2023,GRA,ST003,QAR,PRK.1514,Dulce de Leche,3,9,9,3
05/01/2023,GRA,ST003,QAR,PRK.1520,Mixed Berries Sauce,3,30,30,10
05/01/2023,GRA,ST003,QAR,PRK.1521,Mango Sauce,3,48,48,16
05/01/2023,GRA,ST003,QAR,PRK.1523,Peanut Butter Sauce,3,60,60,20
05/01/2023,GRA,ST003,QAR,PRK.1527,Mango,3,129,129,43
05/01/2023,GRA,ST003,QAR,PRK.1528,Spicy Mayo,3,15,15,5
05/01/2023,GRA,ST003,QAR,PRK.1529,Raita,3,42,42,14
05/01/2023,GRA,ST003,QAR,PRK.1531,Power Shake,35,1015,1015,29
05/01/2023,GRA,ST003,QAR,PRK.1532,Peanut Power Shake,35,980,980,28
05/01/2023,GRA,ST003,QAR,PRK.1533,Pre-workout protein shak,45,180,180,4
05/01/2023,GRA,ST003,QAR,PRK.1534,Choco Power Shake,35,490,490,14
05/01/2023,GRA,ST003,QAR,PRK.1536,Energizer protine Shakes,45,10890,10890,242
05/01/2023,GRA,ST003,QAR,PRK.1538,Pre-workout shake,35,420,385,12
05/01/2023,GRA,ST003,QAR,PRK.1540,Energizer shakes,35,3220,3185,92
05/01/2023,GRA,ST003,QAR,PRK.1542,14oz Pre-work out Protein,40,120,120,3
05/01/2023,GRA,ST003,QAR,PRK.1545,14oz Energizer protine,40,920,920,23
05/01/2023,GRA,ST003,QAR,PRK.1546,14oz Pre-workout shake,30,60,60,2
05/01/2023,GRA,ST003,QAR,PRK.1548,14oz Energizer shakes,30,90,90,3
05/01/2023,GRA,ST003,QAR,PRK.1550,Extra Protein,10,160,160,16
05/01/2023,GRA,ST003,QAR,PRK.1587,Supersize,45,540,472.5,12
05/01/2023,GRA,ST003,QAR,PRK.1588,Acai Small,35,5565,5565,159
05/01/2023,GRA,ST003,QAR,PRK.1589,Acai Large,40,3400,3400,85
05/01/2023,GRA,ST003,QAR,PRK.1592,Watermelon Coolex,24,1320,1320,55
05/01/2023,GRA,ST003,QAR,PRK.1593,Tropicana,24,1344,1344,56
05/01/2023,GRA,ST003,QAR,PRK.1621,Orange loaf,12,660,660,55
05/01/2023,GRA,ST003,QAR,PRK.1623,Brownie flavour cookies,10,1120,1120,112
05/01/2023,GRA,ST003,QAR,PRK.1628,Brownie bites,13,923,923,71
05/01/2023,GRA,ST003,QAR,PRK.1632,Turkey cheese roll,19,703,703,37
05/01/2023,GRA,ST003,QAR,PRK.1633,Spinach feta roll,18,342,342,19
05/01/2023,GRA,ST003,QAR,PRK.1634,Madeleine,12,804,804,67
05/01/2023,GRA,ST003,QAR,PRK.1651,■PB & Jam sourdough bread,18,630,630,35
05/01/2023,GRA,ST003,QAR,PRK.1681,Salted Caramel Mocha,24,528,528,22
05/01/2023,GRA,ST003,QAR,PRK.1682,■Matcha Frappe,26,858,858,33
05/01/2023,GRA,ST003,QAR,PRK.1711,Pomegranate Pot,18,972,972,54
05/01/2023,GRA,ST003,QAR,PRK.1712,Mango Peach Muesli Pot,24,888,864,37
05/01/2023,GRA,ST003,QAR,PRK.1713,Overnight oats PB&Jam,25,1975,1975,79
05/01/2023,GRA,ST003,QAR,PRK.1741,Spicy Tuna sandwich,26,2496,2496,96
05/01/2023,GRA,ST003,QAR,PRK.1742,Three cheese,22,1012,1012,46
05/01/2023,GRA,ST003,QAR,PRK.1743,Falafel and Labna,25,700,675,28
05/01/2023,GRA,ST003,QAR,PRK.1747,BEEF BURGER,35,1470,1463,42
05/01/2023,GRA,ST003,QAR,PRK.1748,Chicken Shawarma,18,2862,2862,159
05/01/2023,GRA,ST003,QAR,PRK.1749,Tenderloin Beef Shawarma,22,1738,1738,79
05/01/2023,GRA,ST003,QAR,PRK.1752,Club sandwich,30,3210,3210,107
05/01/2023,GRA,ST003,QAR,PRK.1771,Pistachio Arabeshi,5,2560,2559,512
05/01/2023,GRA,ST003,QAR,PRK.1772,Fresh Raspberry,5,1390,1390,278
05/01/2023,GRA,ST003,QAR,PRK.1773,Fresh blueberry,5,1330,1330,266
05/01/2023,GRA,ST003,QAR,PRK.1774,Chocolate Flakes,5,780,780,156
05/01/2023,GRA,ST003,QAR,PRK.1775,Honey Comb,5,260,260,52
05/01/2023,GRA,ST003,QAR,PRK.1776,Milk powder,3,3,3,1
05/01/2023,GRA,ST003,QAR,PRK.4501,Full Fat Milk,0,0,0,7
05/01/2023,GRA,ST003,QAR,PRK.4502,Low Fat Milk,0,0,0,19
05/01/2023,GRA,ST003,QAR,PRK.4503,Almond Milk,2,728,728,364
05/01/2023,GRA,ST003,QAR,PRK.4504,Soya Milk,2,80,80,40
05/01/2023,GRA,ST003,QAR,PRK.4509,Double Shot,0,0,0,1
05/01/2023,GRA,ST003,QAR,PRK.4511,More Hot,0,0,0,1
05/01/2023,GRA,ST003,QAR,PRK.4514,Less Ice,0,0,0,1
05/01/2023,GRA,ST003,QAR,PRK.4516,Decaf,0,0,0,7
05/01/2023,GRA,ST003,QAR,PRK.4517,Vanilla Flavor,0,0,0,3
05/01/2023,GRA,ST003,QAR,PRK.4518,Chocolate Flavor,0,0,0,5
05/01/2023,GRA,ST003,QAR,PRK.4519,caramel flavor,0,0,0,5
05/01/2023,GRA,ST003,QAR,PRK.4520,hazelnut flavor,0,0,0,2
05/01/2023,GRA,ST003,QAR,PRK.4521,Oat Milk,2,52,52,26
05/01/2023,GRA,ST003,QAR,PRK.4522,Skimmed Milk,2,4,4,2
05/01/2023,GRA,ST003,QAR,PRK.4523,Coconut Milk,2,52,52,26
05/01/2023,GRA,ST003,QAR,PRK.4531,w/ Granola,0,0,0,141
05/01/2023,GRA,ST003,QAR,PRK.4533,w/ Pretzel,0,0,0,6
05/01/2023,GRA,ST003,QAR,PRK.4534,w/ Coconut Flakes,0,0,0,82
05/01/2023,GRA,ST003,QAR,PRK.4535,w/ Crispy Crepe,0,0,0,159
05/01/2023,GRA,ST003,QAR,PRK.4537,w/ Mixed Berries Sauce,0,0,0,52
05/01/2023,GRA,ST003,QAR,PRK.4541,w/ Strawberry,0,0,0,481
05/01/2023,GRA,ST003,QAR,PRK.4543,w/ Salted Caramel,0,0,0,32
05/01/2023,GRA,ST003,QAR,PRK.4544,w/ Pomegranate,0,0,0,359
05/01/2023,GRA,ST003,QAR,PRK.4545,w/ Dulce de leche,0,0,0,12
05/01/2023,GRA,ST003,QAR,PRK.4549,w/ Mango Sauce,0,0,0,88
05/01/2023,GRA,ST003,QAR,PRK.4550,w/ Mango,0,0,0,694
05/01/2023,GRA,ST003,QAR,PRK.4551,w/ Peanut Butter Sauce,0,0,0,27
05/01/2023,GRA,ST003,QAR,PRK.4552,w/ Crushed Grahams,0,0,0,11
05/01/2023,GRA,ST003,QAR,PRK.4556,w/ Fresh Pineapple,0,0,0,45
05/01/2023,GRA,ST003,QAR,PRK.4557,w/ Kiwi Fruit,0,0,0,17
05/01/2023,GRA,ST003,QAR,PRK.4558,w/ Lotus Biscuit,0,0,0,41
05/01/2023,GRA,ST003,QAR,PRK.4561,MIXED FROZEN YOGURT,0,0,0,138
05/01/2023,GRA,ST003,QAR,PRK.4562,MIXED MANGO YOGURT,0,0,0,46
