DATE,BRANCHCODE,WAREHOUSECODE,CURRENCY,ERPCODE,ITEMNAME,RAWPRICE,GROSSAMT,NETVALUE,QTYSOLD
06/01/2023,GRA,ST003,QAR,PRK.902,Granola,55,1540,1529,28
06/01/2023,GRA,ST003,QAR,PRK.904,Graze House Mix,55,440,440,8
06/01/2023,GRA,ST003,QAR,PRK.907,Zaatar Chips,6,288,277.2,48
06/01/2023,GRA,ST003,QAR,PRK.909,Spicy Pesto Chips,6,204,200.4,34
06/01/2023,GRA,ST003,QAR,PRK.910,Graze Spicy Mix Sml,25,350,345,14
06/01/2023,GRA,ST003,QAR,PRK.911,Graze House Mix Sml,25,500,490,20
06/01/2023,GRA,ST003,QAR,PRK.937,Baby Mozzarella Salad,45,1620,1575,36
06/01/2023,GRA,ST003,QAR,PRK.938,4 Grain Salad with Beetro,55,2750,2618,50
06/01/2023,GRA,ST003,QAR,PRK.939,Steak Salad with Green Sa,55,3190,3091,58
06/01/2023,GRA,ST003,QAR,PRK.961,Extra cheese,5,5,5,1
06/01/2023,GRA,ST003,QAR,PRK.962,Extra flavor,3,6,5.4,2
06/01/2023,GRA,ST003,QAR,PRK.994,Crsnt w Egg/Avaca/ SunTom,24,2688,2664,112
06/01/2023,GRA,ST003,QAR,PRK.995,Egg Burrito,20,1760,1740,88
06/01/2023,GRA,ST003,QAR,PRK.996,Blueberry Granola parfait,25,3175,3130,127
06/01/2023,GRA,ST003,QAR,PRK.997,Yog Dates Chia Pista Alm,22,2156,2112,98
06/01/2023,GRA,ST003,QAR,PRK.1003,Cheese Croissant,16,432,428.8,27
06/01/2023,GRA,ST003,QAR,PRK.1007,Zatar Croissant,16,336,332.8,21
06/01/2023,GRA,ST003,QAR,PRK.1010,Tomato Puff Pastry,16,544,540.8,34
06/01/2023,GRA,ST003,QAR,PRK.1012,Three Berry Yogurt & Date,25,1000,975,40
06/01/2023,GRA,ST003,QAR,PRK.1015,Kiri Cheese Danish,14,1078,1050,77
06/01/2023,GRA,ST003,QAR,PRK.1016,Plain Croissant,10,360,360,36
06/01/2023,GRA,ST003,QAR,PRK.1021,Shirazi Salad,12,816,796.8,68
06/01/2023,GRA,ST003,QAR,PRK.1023,Falafel Salad,45,2385,2385,53
06/01/2023,GRA,ST003,QAR,PRK.1024,Quinoa Swt potato Salad,40,880,864,22
06/01/2023,GRA,ST003,QAR,PRK.1027,Mex Chkn Chilli Bean Sld,40,5040,4944,126
06/01/2023,GRA,ST003,QAR,PRK.1031,Teriyaki GRAZE Salmn,55,8030,7931,146
06/01/2023,GRA,ST003,QAR,PRK.1039,Keto Chicken Salad,40,3400,3320,85
06/01/2023,GRA,ST003,QAR,PRK.1046,Greek Salad,30,1710,1656,57
06/01/2023,GRA,ST003,QAR,PRK.1048,Mexican  Caesar Salad chk,39,6357,6224.4,163
06/01/2023,GRA,ST003,QAR,PRK.1049,ROCCA SALAD,22,1276,1258.4,58
06/01/2023,GRA,ST003,QAR,PRK.1052,Smoke Turkey Sandwich,34,5950,5848,175
06/01/2023,GRA,ST003,QAR,PRK.1054,lemon&Rosemary Chkn,36,7992,7891.2,222
06/01/2023,GRA,ST003,QAR,PRK.1057,Steak & Philly Chz SW,32,3776,3724.8,118
06/01/2023,GRA,ST003,QAR,PRK.1063,Egg Mayo with Rocket,20,1440,1396,72
06/01/2023,GRA,ST003,QAR,PRK.1068,Crispy Chicken Bun,24,864,849.6,36
06/01/2023,GRA,ST003,QAR,PRK.1075,Avocado Toast,40,960,952,24
06/01/2023,GRA,ST003,QAR,PRK.1077,Spicy Halloumi,38,1482,1474.4,39
06/01/2023,GRA,ST003,QAR,PRK.1080,Graze Breakfast (egg box),32,1024,1024,32
06/01/2023,GRA,ST003,QAR,PRK.1083,Chkn Soup,19,1482,1482,78
06/01/2023,GRA,ST003,QAR,PRK.1087,Lentil Soup,20,1460,1428,73
06/01/2023,GRA,ST003,QAR,PRK.1089,Vegetable soup,16,784,768,49
06/01/2023,GRA,ST003,QAR,PRK.1113,Chkn Katsu Curry,45,10620,10332,236
06/01/2023,GRA,ST003,QAR,PRK.1115,Mushroom Pasta,40,4320,4224,108
06/01/2023,GRA,ST003,QAR,PRK.1119,Chicken Biryani,45,13140,12703.5,292
06/01/2023,GRA,ST003,QAR,PRK.1121,Chinese Sesame Chicken,40,6560,6348,164
06/01/2023,GRA,ST003,QAR,PRK.1127,Rock Shrimp,45,6075,5976,135
06/01/2023,GRA,ST003,QAR,PRK.1133,Lamb  Kabsa,45,10440,10233,232
06/01/2023,GRA,ST003,QAR,PRK.1140,Chicken Curry & Saffron r,43,6020,5830.8,140
06/01/2023,GRA,ST003,QAR,PRK.1141,CRAB BOWL,28,756,728,27
06/01/2023,GRA,ST003,QAR,PRK.1145,Yoghurt & Cucumber dip,12,492,487.2,41
06/01/2023,GRA,ST003,QAR,PRK.1146,Spicy Guacamole Pot,13,624,621.4,48
06/01/2023,GRA,ST003,QAR,PRK.1149,Edamame Pot,12,744,722.4,62
06/01/2023,GRA,ST003,QAR,PRK.1155,Classic hummus pot,18,144,140.4,8
06/01/2023,GRA,ST003,QAR,PRK.1159,Greek Tabbouleh,20,820,804,41
06/01/2023,GRA,ST003,QAR,PRK.1160,Egg pot,16,192,192,12
06/01/2023,GRA,ST003,QAR,PRK.1173,Choco Chia Energy Ball,30,2070,1998,69
06/01/2023,GRA,ST003,QAR,PRK.1175,Pecan Bars,14,616,613.2,44
06/01/2023,GRA,ST003,QAR,PRK.1177,Carrot Cake,15,780,765,52
06/01/2023,GRA,ST003,QAR,PRK.1181,Green Apple,2,40,38.4,20
06/01/2023,GRA,ST003,QAR,PRK.1182,Red Apple,2,50,48.4,25
06/01/2023,GRA,ST003,QAR,PRK.1183,Bannana,2,392,384,196
06/01/2023,GRA,ST003,QAR,PRK.1184,Watermelon,18,1908,1875.6,106
06/01/2023,GRA,ST003,QAR,PRK.1185,Pineapplemix,18,1350,1350,75
06/01/2023,GRA,ST003,QAR,PRK.1186,Mixed Berries,22,2024,1988.8,92
06/01/2023,GRA,ST003,QAR,PRK.1194,Lotus Cheesecake,15,1275,1251,85
06/01/2023,GRA,ST003,QAR,PRK.1196,Chia Blueberry Yodurt,24,1032,1022.4,43
06/01/2023,GRA,ST003,QAR,PRK.1201,Iced Flat White,18,414,414,23
06/01/2023,GRA,ST003,QAR,PRK.1203,Iced Spanish Latte,20,2080,2044,104
06/01/2023,GRA,ST003,QAR,PRK.1204,Iced Latte,18,1008,1004.4,56
06/01/2023,GRA,ST003,QAR,PRK.1205,Iced Americano,15,1875,1848,125
06/01/2023,GRA,ST003,QAR,PRK.1234,Pepperoni Pizza small,40,760,736,19
06/01/2023,GRA,ST003,QAR,PRK.1235,Margherita Pizza small,30,570,564,19
06/01/2023,GRA,ST003,QAR,PRK.1236,BBQ chicken Pizza small,35,770,756,22
06/01/2023,GRA,ST003,QAR,PRK.1262,Highland Still,5,2720,2570,544
06/01/2023,GRA,ST003,QAR,PRK.1265,Perrier Sparkling,9,756,734.4,84
06/01/2023,GRA,ST003,QAR,PRK.1291,Coke,5,640,617,128
06/01/2023,GRA,ST003,QAR,PRK.1292,Diet Coke,5,1660,1624,332
06/01/2023,GRA,ST003,QAR,PRK.1321,Mini Cup /Pina Colada,14,2730,2676.8,195
06/01/2023,GRA,ST003,QAR,PRK.1322,Regular Cup / Pina Colada,21,1659,1562.4,79
06/01/2023,GRA,ST003,QAR,PRK.1323,Large cup /Pina Colada,23,391,349.6,17
06/01/2023,GRA,ST003,QAR,PRK.1324,Mini Pina Colada/Topping,18,1800,1706.4,100
06/01/2023,GRA,ST003,QAR,PRK.1325,Regular Pina Colada/Toppi,26,2652,2485.6,102
06/01/2023,GRA,ST003,QAR,PRK.1326,Large Pina Colada/Topping,30,660,654,22
06/01/2023,GRA,ST003,QAR,PRK.1327,Stay Home w/ Graze L 4X1,140,140,140,1
06/01/2023,GRA,ST003,QAR,PRK.1331,Stay Home w/ Graze R 6 X1,185,185,185,1
06/01/2023,GRA,ST003,QAR,PRK.1332,Stay Home w/ Graze R 8 X1,240,240,240,1
06/01/2023,GRA,ST003,QAR,PRK.1333,Stay Home w/Graze M 6 X1,130,260,260,2
06/01/2023,GRA,ST003,QAR,PRK.1334,Stay Home w/Graze M12 X1,240,480,480,2
06/01/2023,GRA,ST003,QAR,PRK.1335,Cool Box,15,75,75,5
06/01/2023,GRA,ST003,QAR,PRK.1351,Espresso Single,12,360,319.2,30
06/01/2023,GRA,ST003,QAR,PRK.1353,Americano Hot,15,1695,1635,113
06/01/2023,GRA,ST003,QAR,PRK.1354,Flat White Hot,18,1908,1882.8,106
06/01/2023,GRA,ST003,QAR,PRK.1355,Cappucino,18,2502,2494.8,139
06/01/2023,GRA,ST003,QAR,PRK.1356,Cortado,18,990,982.8,55
06/01/2023,GRA,ST003,QAR,PRK.1358,Spanish Latte,20,1540,1512,77
06/01/2023,GRA,ST003,QAR,PRK.1359,Classic Mocha,25,150,150,6
06/01/2023,GRA,ST003,QAR,PRK.1360,Slated Caramel Mocha,25,200,200,8
06/01/2023,GRA,ST003,QAR,PRK.1362,Double Espresso,14,686,652.4,49
06/01/2023,GRA,ST003,QAR,PRK.1363,Latte Hot,18,1026,1000.8,57
06/01/2023,GRA,ST003,QAR,PRK.1364,English B/F,12,36,36,3
06/01/2023,GRA,ST003,QAR,PRK.1365,Green Tea,12,96,91.2,8
06/01/2023,GRA,ST003,QAR,PRK.1372,Hot Cocoa,24,192,192,8
06/01/2023,GRA,ST003,QAR,PRK.1374,Peach Iced Tea,18,936,918,52
06/01/2023,GRA,ST003,QAR,PRK.1375,Matcha Latte,25,275,265,11
06/01/2023,GRA,ST003,QAR,PRK.1376,Cinnamon Latte,25,150,145,6
06/01/2023,GRA,ST003,QAR,PRK.1386,Orange Juice,22,5324,5258,242
06/01/2023,GRA,ST003,QAR,PRK.1387,Carrot Juice,22,1056,1038.4,48
06/01/2023,GRA,ST003,QAR,PRK.1390,Morning Boost,24,1824,1795.2,76
06/01/2023,GRA,ST003,QAR,PRK.1392,Immune Boost,22,1694,1680.8,77
06/01/2023,GRA,ST003,QAR,PRK.1396,Ginger Aid Shot,18,2988,2955.6,166
06/01/2023,GRA,ST003,QAR,PRK.1402,Laban Drink,18,1152,1112.4,64
06/01/2023,GRA,ST003,QAR,PRK.1404,Green Boost Juice,24,2160,2136,90
06/01/2023,GRA,ST003,QAR,PRK.1406,Beetroot & Apple Juice,20,1940,1916,97
06/01/2023,GRA,ST003,QAR,PRK.1409,Turmeric wellness shot,16,912,902.4,57
06/01/2023,GRA,ST003,QAR,PRK.1412, Mini Cup Yogurt,14,5264,5093.2,376
06/01/2023,GRA,ST003,QAR,PRK.1413,Regular Cup Yogurt,21,3213,2994.6,153
06/01/2023,GRA,ST003,QAR,PRK.1416,Large Cup Yogurt,23,1794,1761.8,78
06/01/2023,GRA,ST003,QAR,PRK.1418, Mini Cup Yogurt/Topping,18,4230,4089.6,235
06/01/2023,GRA,ST003,QAR,PRK.1419,Reg Cup Yogurt/Toping,26,5590,5350.8,215
06/01/2023,GRA,ST003,QAR,PRK.1422,Large Cup Yogurt/Topping,30,1290,1242,43
06/01/2023,GRA,ST003,QAR,PRK.1429,Mini Mango Ice Cream,14,11046,10701.6,789
06/01/2023,GRA,ST003,QAR,PRK.1430,Regular Mango Ice Cream,21,8589,8223.60000000001,409
06/01/2023,GRA,ST003,QAR,PRK.1431,Large Mango Ice Cream,23,1771,1725,77
06/01/2023,GRA,ST003,QAR,PRK.1432,Mini Mango Ice Cream/Topp,18,10602,10188,589
06/01/2023,GRA,ST003,QAR,PRK.1433,Reg Mango Ice cream/Topp,26,12298,11819.6,473
06/01/2023,GRA,ST003,QAR,PRK.1434,Large Mango Ice Cream/Top,30,2220,2166,74
06/01/2023,GRA,ST003,QAR,PRK.1464,Fresh Pineapple,3,27,25.8,9
06/01/2023,GRA,ST003,QAR,PRK.1469,Kiwi Fruit,3,9,9,3
06/01/2023,GRA,ST003,QAR,PRK.1470,Lotus Biscuit,3,18,18,6
06/01/2023,GRA,ST003,QAR,PRK.1474,Spaghetti Bolognese,45,2700,2664,60
06/01/2023,GRA,ST003,QAR,PRK.1475,Salmon with Cilantro Rice,65,7410,7371,114
06/01/2023,GRA,ST003,QAR,PRK.1476,Chicken Noodle Bowl,40,2200,2152,55
06/01/2023,GRA,ST003,QAR,PRK.1477,BBQ Steak,45,4500,4401,100
06/01/2023,GRA,ST003,QAR,PRK.1478,Rib eye Steak with Vegeta,55,4950,4873,90
06/01/2023,GRA,ST003,QAR,PRK.1479,Lasagne Pasta,45,2385,2331,53
06/01/2023,GRA,ST003,QAR,PRK.1480,Steak cajun potato,50,5550,5360,111
06/01/2023,GRA,ST003,QAR,PRK.1501,pomegranate,3,57,55.2,19
06/01/2023,GRA,ST003,QAR,PRK.1502,Strawberry,3,177,174.6,59
06/01/2023,GRA,ST003,QAR,PRK.1505,Salted Caramel,3,48,47.4,16
06/01/2023,GRA,ST003,QAR,PRK.1506,Pretzel,3,6,6,2
06/01/2023,GRA,ST003,QAR,PRK.1507,Crispy Crepe,3,96,94.8,32
06/01/2023,GRA,ST003,QAR,PRK.1508,Granola,3,72,69.6,24
06/01/2023,GRA,ST003,QAR,PRK.1509,Coconut Flakes,3,63,60.6,21
06/01/2023,GRA,ST003,QAR,PRK.1510,Crushed Graham,3,33,33,11
06/01/2023,GRA,ST003,QAR,PRK.1514,Dulce de Leche,3,54,54,18
06/01/2023,GRA,ST003,QAR,PRK.1520,Mixed Berries Sauce,3,66,65.4,22
06/01/2023,GRA,ST003,QAR,PRK.1521,Mango Sauce,3,66,66,22
06/01/2023,GRA,ST003,QAR,PRK.1523,Peanut Butter Sauce,3,9,9,3
06/01/2023,GRA,ST003,QAR,PRK.1527,Mango,3,144,143.4,48
06/01/2023,GRA,ST003,QAR,PRK.1529,Raita,3,96,94.8,32
06/01/2023,GRA,ST003,QAR,PRK.1531,Power Shake,35,1400,1393,40
06/01/2023,GRA,ST003,QAR,PRK.1532,Peanut Power Shake,35,1050,1015,30
06/01/2023,GRA,ST003,QAR,PRK.1533,Pre-workout protein shak,45,585,558,13
06/01/2023,GRA,ST003,QAR,PRK.1534,Choco Power Shake,35,1330,1316,38
06/01/2023,GRA,ST003,QAR,PRK.1536,Energizer protine Shakes,45,6570,6462,146
06/01/2023,GRA,ST003,QAR,PRK.1538,Pre-workout shake,35,315,315,9
06/01/2023,GRA,ST003,QAR,PRK.1540,Energizer shakes,35,6230,6202,178
06/01/2023,GRA,ST003,QAR,PRK.1542,14oz Pre-work out Protein,40,120,120,3
06/01/2023,GRA,ST003,QAR,PRK.1545,14oz Energizer protine,40,440,424,11
06/01/2023,GRA,ST003,QAR,PRK.1548,14oz Energizer shakes,30,60,60,2
06/01/2023,GRA,ST003,QAR,PRK.1550,Extra Protein,10,130,128,13
06/01/2023,GRA,ST003,QAR,PRK.1587,Supersize,45,90,90,2
06/01/2023,GRA,ST003,QAR,PRK.1588,Acai Small,35,5495,5348,157
06/01/2023,GRA,ST003,QAR,PRK.1589,Acai Large,40,2360,2312,59
06/01/2023,GRA,ST003,QAR,PRK.1592,Watermelon Coolex,24,1464,1435.2,61
06/01/2023,GRA,ST003,QAR,PRK.1593,Tropicana,24,960,940.8,40
06/01/2023,GRA,ST003,QAR,PRK.1621,Orange loaf,12,696,684,58
06/01/2023,GRA,ST003,QAR,PRK.1623,Brownie flavour cookies,10,1270,1248.4,127
06/01/2023,GRA,ST003,QAR,PRK.1628,Brownie bites,13,936,928.2,72
06/01/2023,GRA,ST003,QAR,PRK.1632,Turkey cheese roll,19,722,699.2,38
06/01/2023,GRA,ST003,QAR,PRK.1633,Spinach feta roll,18,414,392.4,23
06/01/2023,GRA,ST003,QAR,PRK.1634,Madeleine,12,852,844.8,71
06/01/2023,GRA,ST003,QAR,PRK.1651,■PB & Jam sourdough bread,18,396,388.8,22
06/01/2023,GRA,ST003,QAR,PRK.1681,Salted Caramel Mocha,24,456,446.4,19
06/01/2023,GRA,ST003,QAR,PRK.1682,■Matcha Frappe,26,1274,1253.2,49
06/01/2023,GRA,ST003,QAR,PRK.1711,Pomegranate Pot,18,756,723.6,42
06/01/2023,GRA,ST003,QAR,PRK.1712,Mango Peach Muesli Pot,24,720,715.2,30
06/01/2023,GRA,ST003,QAR,PRK.1713,Overnight oats PB&Jam,25,1800,1780,72
06/01/2023,GRA,ST003,QAR,PRK.1741,Spicy Tuna sandwich,26,1898,1856.4,73
06/01/2023,GRA,ST003,QAR,PRK.1742,Three cheese,22,1452,1416.8,66
06/01/2023,GRA,ST003,QAR,PRK.1743,Falafel and Labna,25,725,710,29
06/01/2023,GRA,ST003,QAR,PRK.1747,BEEF BURGER,35,945,904.4,27
06/01/2023,GRA,ST003,QAR,PRK.1748,Chicken Shawarma,18,2448,2415.6,136
06/01/2023,GRA,ST003,QAR,PRK.1749,Tenderloin Beef Shawarma,22,1870,1821.6,85
06/01/2023,GRA,ST003,QAR,PRK.1752,Club sandwich,30,3630,3600,121
06/01/2023,GRA,ST003,QAR,PRK.1753,Slider Chicken Burger,38,2850,2713.2,75
06/01/2023,GRA,ST003,QAR,PRK.1754,Slider Beef Burger,39,1248,1224.6,32
06/01/2023,GRA,ST003,QAR,PRK.1771,Pistachio Arabeshi,5,2960,2806,592
06/01/2023,GRA,ST003,QAR,PRK.1772,Fresh Raspberry,5,1435,1361,287
06/01/2023,GRA,ST003,QAR,PRK.1773,Fresh blueberry,5,1555,1493,311
06/01/2023,GRA,ST003,QAR,PRK.1774,Chocolate Flakes,5,770,742,154
06/01/2023,GRA,ST003,QAR,PRK.1775,Honey Comb,5,280,260,56
06/01/2023,GRA,ST003,QAR,PRK.1776,Milk powder,3,6,6,2
06/01/2023,GRA,ST003,QAR,PRK.4501,Full Fat Milk,0,0,0,9
06/01/2023,GRA,ST003,QAR,PRK.4502,Low Fat Milk,0,0,0,9
06/01/2023,GRA,ST003,QAR,PRK.4503,Almond Milk,2,722,718.8,361
06/01/2023,GRA,ST003,QAR,PRK.4504,Soya Milk,2,42,41.6,21
06/01/2023,GRA,ST003,QAR,PRK.4505,Less Sweet,0,0,0,1
06/01/2023,GRA,ST003,QAR,PRK.4509,Double Shot,0,0,0,1
06/01/2023,GRA,ST003,QAR,PRK.4511,More Hot,0,0,0,1
06/01/2023,GRA,ST003,QAR,PRK.4514,Less Ice,0,0,0,1
06/01/2023,GRA,ST003,QAR,PRK.4516,Decaf,0,0,0,1
06/01/2023,GRA,ST003,QAR,PRK.4517,Vanilla Flavor,0,0,0,1
06/01/2023,GRA,ST003,QAR,PRK.4518,Chocolate Flavor,0,0,0,8
06/01/2023,GRA,ST003,QAR,PRK.4521,Oat Milk,2,80,80,40
06/01/2023,GRA,ST003,QAR,PRK.4523,Coconut Milk,2,32,32,16
06/01/2023,GRA,ST003,QAR,PRK.4531,w/ Granola,0,0,0,168
06/01/2023,GRA,ST003,QAR,PRK.4533,w/ Pretzel,0,0,0,4
06/01/2023,GRA,ST003,QAR,PRK.4534,w/ Coconut Flakes,0,0,0,82
06/01/2023,GRA,ST003,QAR,PRK.4535,w/ Crispy Crepe,0,0,0,168
06/01/2023,GRA,ST003,QAR,PRK.4537,w/ Mixed Berries Sauce,0,0,0,33
06/01/2023,GRA,ST003,QAR,PRK.4541,w/ Strawberry,0,0,0,593
06/01/2023,GRA,ST003,QAR,PRK.4543,w/ Salted Caramel,0,0,0,23
06/01/2023,GRA,ST003,QAR,PRK.4544,w/ Pomegranate,0,0,0,408
06/01/2023,GRA,ST003,QAR,PRK.4545,w/ Dulce de leche,0,0,0,19
06/01/2023,GRA,ST003,QAR,PRK.4549,w/ Mango Sauce,0,0,0,108
06/01/2023,GRA,ST003,QAR,PRK.4550,w/ Mango,0,0,0,809
06/01/2023,GRA,ST003,QAR,PRK.4551,w/ Peanut Butter Sauce,0,0,0,35
06/01/2023,GRA,ST003,QAR,PRK.4552,w/ Crushed Grahams,0,0,0,18
06/01/2023,GRA,ST003,QAR,PRK.4556,w/ Fresh Pineapple,0,0,0,72
06/01/2023,GRA,ST003,QAR,PRK.4557,w/ Kiwi Fruit,0,0,0,16
06/01/2023,GRA,ST003,QAR,PRK.4558,w/ Lotus Biscuit,0,0,0,65
06/01/2023,GRA,ST003,QAR,PRK.4561,MIXED FROZEN YOGURT,0,0,0,113
06/01/2023,GRA,ST003,QAR,PRK.4562,MIXED MANGO YOGURT,0,0,0,61
