DATE,BRANCHCODE,WAREHOUSECODE,CURRENCY,ERPCODE,ITEMNAME,RAWPRICE,GROSSAMT,NETVALUE,QTYSOLD
07/01/2023,GRA,ST007,QAR,PRK.902,Granola,55,1320,1320,24
07/01/2023,GRA,ST007,QAR,PRK.907,Zaatar Chips,6,186,186,31
07/01/2023,GRA,ST007,QAR,PRK.909,Spicy Pesto Chips,6,174,174,29
07/01/2023,GRA,ST007,QAR,PRK.910,Graze Spicy Mix Sml,25,450,450,18
07/01/2023,GRA,ST007,QAR,PRK.911,Graze House Mix Sml,25,425,425,17
07/01/2023,GRA,ST007,QAR,PRK.937,Baby Mozzarella Salad,45,720,675,16
07/01/2023,GRA,ST007,QAR,PRK.938,4 Grain Salad with Beetro,55,1705,1650,31
07/01/2023,GRA,ST007,QAR,PRK.939,Steak Salad with Green Sa,55,2585,2585,47
07/01/2023,GRA,ST007,QAR,PRK.940,Burrata Salad,50,350,350,7
07/01/2023,GRA,ST007,QAR,PRK.961,Extra cheese,5,5,5,1
07/01/2023,GRA,ST007,QAR,PRK.962,Extra flavor,3,21,21,7
07/01/2023,GRA,ST007,QAR,PRK.994,Crsnt w Egg/Avaca/ SunTom,24,1800,1800,75
07/01/2023,GRA,ST007,QAR,PRK.995,Egg Burrito,20,1400,1400,70
07/01/2023,GRA,ST007,QAR,PRK.996,Blueberry Granola parfait,25,1425,1425,57
07/01/2023,GRA,ST007,QAR,PRK.997,Yog Dates Chia Pista Alm,22,968,946,44
07/01/2023,GRA,ST007,QAR,PRK.1003,Cheese Croissant,16,336,336,21
07/01/2023,GRA,ST007,QAR,PRK.1007,Zatar Croissant,16,304,304,19
07/01/2023,GRA,ST007,QAR,PRK.1010,Tomato Puff Pastry,16,656,656,41
07/01/2023,GRA,ST007,QAR,PRK.1012,Three Berry Yogurt & Date,25,900,900,36
07/01/2023,GRA,ST007,QAR,PRK.1015,Kiri Cheese Danish,14,784,784,56
07/01/2023,GRA,ST007,QAR,PRK.1016,Plain Croissant,10,310,310,31
07/01/2023,GRA,ST007,QAR,PRK.1021,Shirazi Salad,12,600,600,50
07/01/2023,GRA,ST007,QAR,PRK.1023,Falafel Salad,45,1980,1935,44
07/01/2023,GRA,ST007,QAR,PRK.1024,Quinoa Swt potato Salad,40,640,640,16
07/01/2023,GRA,ST007,QAR,PRK.1027,Mex Chkn Chilli Bean Sld,40,2800,2800,70
07/01/2023,GRA,ST007,QAR,PRK.1031,Teriyaki GRAZE Salmn,55,5500,5500,100
07/01/2023,GRA,ST007,QAR,PRK.1039,Keto Chicken Salad,40,2040,2040,51
07/01/2023,GRA,ST007,QAR,PRK.1046,Greek Salad,30,1050,1050,35
07/01/2023,GRA,ST007,QAR,PRK.1048,Mexican  Caesar Salad chk,39,4914,4914,126
07/01/2023,GRA,ST007,QAR,PRK.1049,ROCCA SALAD,22,770,770,35
07/01/2023,GRA,ST007,QAR,PRK.1052,Smoke Turkey Sandwich,34,4012,4012,118
07/01/2023,GRA,ST007,QAR,PRK.1054,lemon&Rosemary Chkn,36,4068,4068,113
07/01/2023,GRA,ST007,QAR,PRK.1057,Steak & Philly Chz SW,32,2752,2752,86
07/01/2023,GRA,ST007,QAR,PRK.1063,Egg Mayo with Rocket,20,920,920,46
07/01/2023,GRA,ST007,QAR,PRK.1075,Avocado Toast,40,920,920,23
07/01/2023,GRA,ST007,QAR,PRK.1077,Spicy Halloumi,38,1368,1368,36
07/01/2023,GRA,ST007,QAR,PRK.1078,Graze Breakfast (egg box),32,640,640,20
07/01/2023,GRA,ST007,QAR,PRK.1083,Chkn Soup,19,836,836,44
07/01/2023,GRA,ST007,QAR,PRK.1087,Lentil Soup,20,1060,1040,53
07/01/2023,GRA,ST007,QAR,PRK.1089,Vegetable soup,16,464,464,29
07/01/2023,GRA,ST007,QAR,PRK.1113,Chkn Katsu Curry,45,4635,4635,103
07/01/2023,GRA,ST007,QAR,PRK.1115,Mushroom Pasta,40,2440,2440,61
07/01/2023,GRA,ST007,QAR,PRK.1119,Chicken Biryani,45,8325,8325,185
07/01/2023,GRA,ST007,QAR,PRK.1121,Chinese Sesame Chicken,40,5760,5760,144
07/01/2023,GRA,ST007,QAR,PRK.1127,Rock Shrimp,45,3690,3690,82
07/01/2023,GRA,ST007,QAR,PRK.1133,Lamb  Kabsa,45,5310,5310,118
07/01/2023,GRA,ST007,QAR,PRK.1140,Chicken Curry & Saffron r,43,3569,3569,83
07/01/2023,GRA,ST007,QAR,PRK.1141,CRAB BOWL,28,420,420,15
07/01/2023,GRA,ST007,QAR,PRK.1145,Yoghurt & Cucumber dip,12,372,372,31
07/01/2023,GRA,ST007,QAR,PRK.1146,Spicy Guacamole Pot,13,494,494,38
07/01/2023,GRA,ST007,QAR,PRK.1149,Edamame Pot,12,540,540,45
07/01/2023,GRA,ST007,QAR,PRK.1159,Greek Tabbouleh,20,1180,1180,59
07/01/2023,GRA,ST007,QAR,PRK.1173,Choco Chia Energy Ball,30,1560,1560,52
07/01/2023,GRA,ST007,QAR,PRK.1175,Pecan Bars,14,378,378,27
07/01/2023,GRA,ST007,QAR,PRK.1177,Carrot Cake,15,555,555,37
07/01/2023,GRA,ST007,QAR,PRK.1181,Green Apple,2,50,50,25
07/01/2023,GRA,ST007,QAR,PRK.1182,Red Apple,2,46,46,23
07/01/2023,GRA,ST007,QAR,PRK.1183,Bannana,2,362,362,181
07/01/2023,GRA,ST007,QAR,PRK.1184,Watermelon,18,1566,1566,87
07/01/2023,GRA,ST007,QAR,PRK.1185,Pineapplemix,18,1062,1044,59
07/01/2023,GRA,ST007,QAR,PRK.1186,Mixed Berries,22,1364,1342,62
07/01/2023,GRA,ST007,QAR,PRK.1194,Lotus Cheesecake,15,675,660,45
07/01/2023,GRA,ST007,QAR,PRK.1196,Chia Blueberry Yodurt,24,504,504,21
07/01/2023,GRA,ST007,QAR,PRK.1201,Iced Flat White,18,162,162,9
07/01/2023,GRA,ST007,QAR,PRK.1203,Iced Spanish Latte,20,1760,1760,88
07/01/2023,GRA,ST007,QAR,PRK.1204,Iced Latte,18,738,738,41
07/01/2023,GRA,ST007,QAR,PRK.1205,Iced Americano,15,1170,1170,78
07/01/2023,GRA,ST007,QAR,PRK.1234,Pepperoni Pizza small,40,440,440,11
07/01/2023,GRA,ST007,QAR,PRK.1235,Margherita Pizza small,30,660,660,22
07/01/2023,GRA,ST007,QAR,PRK.1236,BBQ chicken Pizza small,35,525,525,15
07/01/2023,GRA,ST007,QAR,PRK.1262,Highland Still,5,1060,1060,212
07/01/2023,GRA,ST007,QAR,PRK.1265,Perrier Sparkling,9,531,531,59
07/01/2023,GRA,ST007,QAR,PRK.1291,Coke,5,275,275,55
07/01/2023,GRA,ST007,QAR,PRK.1292,Diet Coke,5,630,630,126
07/01/2023,GRA,ST007,QAR,PRK.1321,Mini Cup /Pina Colada,14,784,784,56
07/01/2023,GRA,ST007,QAR,PRK.1322,Regular Cup / Pina Colada,21,630,630,30
07/01/2023,GRA,ST007,QAR,PRK.1323,Large cup /Pina Colada,23,299,299,13
07/01/2023,GRA,ST007,QAR,PRK.1324,Mini Pina Colada/Topping,18,450,450,25
07/01/2023,GRA,ST007,QAR,PRK.1325,Regular Pina Colada/Toppi,26,884,806,34
07/01/2023,GRA,ST007,QAR,PRK.1326,Large Pina Colada/Topping,30,120,120,4
07/01/2023,GRA,ST007,QAR,PRK.1351,Espresso Single,12,240,240,20
07/01/2023,GRA,ST007,QAR,PRK.1353,Americano Hot,15,1365,1350,91
07/01/2023,GRA,ST007,QAR,PRK.1354,Flat White Hot,18,1458,1458,81
07/01/2023,GRA,ST007,QAR,PRK.1355,Cappucino,18,1566,1566,87
07/01/2023,GRA,ST007,QAR,PRK.1356,Cortado,18,486,486,27
07/01/2023,GRA,ST007,QAR,PRK.1358,Spanish Latte,20,1000,1000,50
07/01/2023,GRA,ST007,QAR,PRK.1359,Classic Mocha,25,150,150,6
07/01/2023,GRA,ST007,QAR,PRK.1360,Slated Caramel Mocha,25,300,300,12
07/01/2023,GRA,ST007,QAR,PRK.1361,Extra Shot,0,0,0,1
07/01/2023,GRA,ST007,QAR,PRK.1362,Double Espresso,14,168,168,12
07/01/2023,GRA,ST007,QAR,PRK.1363,Latte Hot,18,828,828,46
07/01/2023,GRA,ST007,QAR,PRK.1364,English B/F,12,96,96,8
07/01/2023,GRA,ST007,QAR,PRK.1368,Lemon Grass/ Ginger,12,12,12,1
07/01/2023,GRA,ST007,QAR,PRK.1369,Jasmine,12,12,12,1
07/01/2023,GRA,ST007,QAR,PRK.1372,Hot Cocoa,24,240,240,10
07/01/2023,GRA,ST007,QAR,PRK.1373,Hibiscus Iced tea,18,432,432,24
07/01/2023,GRA,ST007,QAR,PRK.1374,Peach Iced Tea,18,378,378,21
07/01/2023,GRA,ST007,QAR,PRK.1375,Matcha Latte,25,125,125,5
07/01/2023,GRA,ST007,QAR,PRK.1376,Cinnamon Latte,25,25,25,1
07/01/2023,GRA,ST007,QAR,PRK.1386,Orange Juice,22,3278,3278,149
07/01/2023,GRA,ST007,QAR,PRK.1387,Carrot Juice,22,594,594,27
07/01/2023,GRA,ST007,QAR,PRK.1390,Morning Boost,24,720,720,30
07/01/2023,GRA,ST007,QAR,PRK.1392,Immune Boost,22,1100,1100,50
07/01/2023,GRA,ST007,QAR,PRK.1396,Ginger Aid Shot,18,1692,1692,94
07/01/2023,GRA,ST007,QAR,PRK.1402,Laban Drink,18,918,918,51
07/01/2023,GRA,ST007,QAR,PRK.1404,Green Boost Juice,24,936,936,39
07/01/2023,GRA,ST007,QAR,PRK.1406,Beetroot & Apple Juice,20,1320,1320,66
07/01/2023,GRA,ST007,QAR,PRK.1409,Turmeric wellness shot,16,608,608,38
07/01/2023,GRA,ST007,QAR,PRK.1412, Mini Cup Yogurt,14,2800,2800,200
07/01/2023,GRA,ST007,QAR,PRK.1413,Regular Cup Yogurt,21,2268,2268,108
07/01/2023,GRA,ST007,QAR,PRK.1416,Large Cup Yogurt,23,1587,1587,69
07/01/2023,GRA,ST007,QAR,PRK.1418, Mini Cup Yogurt/Topping,18,1620,1620,90
07/01/2023,GRA,ST007,QAR,PRK.1419,Reg Cup Yogurt/Toping,26,2158,2158,83
07/01/2023,GRA,ST007,QAR,PRK.1422,Large Cup Yogurt/Topping,30,480,480,16
07/01/2023,GRA,ST007,QAR,PRK.1429,Mini Mango Ice Cream,14,6146,6146,439
07/01/2023,GRA,ST007,QAR,PRK.1430,Regular Mango Ice Cream,21,5103,5103,243
07/01/2023,GRA,ST007,QAR,PRK.1431,Large Mango Ice Cream,23,2760,2760,120
07/01/2023,GRA,ST007,QAR,PRK.1432,Mini Mango Ice Cream/Topp,18,3348,3348,186
07/01/2023,GRA,ST007,QAR,PRK.1433,Reg Mango Ice cream/Topp,26,3770,3718,145
07/01/2023,GRA,ST007,QAR,PRK.1434,Large Mango Ice Cream/Top,30,840,840,28
07/01/2023,GRA,ST007,QAR,PRK.1464,Fresh Pineapple,3,15,15,5
07/01/2023,GRA,ST007,QAR,PRK.1469,Kiwi Fruit,3,12,12,4
07/01/2023,GRA,ST007,QAR,PRK.1470,Lotus Biscuit,3,33,33,11
07/01/2023,GRA,ST007,QAR,PRK.1474,Spaghetti Bolognese,45,1800,1800,40
07/01/2023,GRA,ST007,QAR,PRK.1475,Salmon with Cilantro Rice,65,3250,3250,50
07/01/2023,GRA,ST007,QAR,PRK.1476,Chicken Noodle Bowl,40,920,920,23
07/01/2023,GRA,ST007,QAR,PRK.1477,BBQ Steak,45,1710,1665,38
07/01/2023,GRA,ST007,QAR,PRK.1478,Rib eye Steak with Vegeta,55,3025,2970,55
07/01/2023,GRA,ST007,QAR,PRK.1479,Lasagne Pasta,45,1215,1215,27
07/01/2023,GRA,ST007,QAR,PRK.1480,Steak cajun potato,50,3450,3450,69
07/01/2023,GRA,ST007,QAR,PRK.1501,pomegranate,3,258,258,86
07/01/2023,GRA,ST007,QAR,PRK.1502,Strawberry,3,144,144,48
07/01/2023,GRA,ST007,QAR,PRK.1505,Salted Caramel,3,30,30,10
07/01/2023,GRA,ST007,QAR,PRK.1506,Pretzel,3,9,9,3
07/01/2023,GRA,ST007,QAR,PRK.1507,Crispy Crepe,3,78,78,26
07/01/2023,GRA,ST007,QAR,PRK.1508,Granola,3,153,153,51
07/01/2023,GRA,ST007,QAR,PRK.1509,Coconut Flakes,3,135,135,45
07/01/2023,GRA,ST007,QAR,PRK.1510,Crushed Graham,3,30,30,10
07/01/2023,GRA,ST007,QAR,PRK.1514,Dulce de Leche,3,6,6,2
07/01/2023,GRA,ST007,QAR,PRK.1520,Mixed Berries Sauce,3,45,45,15
07/01/2023,GRA,ST007,QAR,PRK.1521,Mango Sauce,3,12,12,4
07/01/2023,GRA,ST007,QAR,PRK.1523,Peanut Butter Sauce,3,57,57,19
07/01/2023,GRA,ST007,QAR,PRK.1527,Mango,3,294,294,98
07/01/2023,GRA,ST007,QAR,PRK.1529,Raita,3,6,6,2
07/01/2023,GRA,ST007,QAR,PRK.1531,Power Shake,35,700,700,20
07/01/2023,GRA,ST007,QAR,PRK.1532,Peanut Power Shake,35,805,805,23
07/01/2023,GRA,ST007,QAR,PRK.1534,Choco Power Shake,35,245,245,7
07/01/2023,GRA,ST007,QAR,PRK.1536,Energizer protine Shakes,45,2025,1980,45
07/01/2023,GRA,ST007,QAR,PRK.1540,Energizer shakes,35,1400,1400,40
07/01/2023,GRA,ST007,QAR,PRK.1545,14oz Energizer protine,40,320,320,8
07/01/2023,GRA,ST007,QAR,PRK.1548,14oz Energizer shakes,30,90,90,3
07/01/2023,GRA,ST007,QAR,PRK.1550,Extra Protein,10,100,100,10
07/01/2023,GRA,ST007,QAR,PRK.1587,Supersize,45,855,855,19
07/01/2023,GRA,ST007,QAR,PRK.1588,Acai Small,35,5530,5530,158
07/01/2023,GRA,ST007,QAR,PRK.1589,Acai Large,40,2080,2080,52
07/01/2023,GRA,ST007,QAR,PRK.1592,Watermelon Coolex,24,840,840,35
07/01/2023,GRA,ST007,QAR,PRK.1593,Tropicana,24,720,696,30
07/01/2023,GRA,ST007,QAR,PRK.1621,Orange loaf,12,552,552,46
07/01/2023,GRA,ST007,QAR,PRK.1623,Brownie flavour cookies,10,650,650,65
07/01/2023,GRA,ST007,QAR,PRK.1628,Brownie bites,13,546,546,42
07/01/2023,GRA,ST007,QAR,PRK.1632,Turkey cheese roll,19,285,266,15
07/01/2023,GRA,ST007,QAR,PRK.1633,Spinach feta roll,18,360,360,20
07/01/2023,GRA,ST007,QAR,PRK.1634,Madeleine,12,744,744,62
07/01/2023,GRA,ST007,QAR,PRK.1651,■PB & Jam sourdough bread,18,576,576,32
07/01/2023,GRA,ST007,QAR,PRK.1681,Salted Caramel Mocha,24,216,216,9
07/01/2023,GRA,ST007,QAR,PRK.1682,■Matcha Frappe,26,1196,1196,46
07/01/2023,GRA,ST007,QAR,PRK.1711,Pomegranate Pot,18,486,486,27
07/01/2023,GRA,ST007,QAR,PRK.1712,Mango Peach Muesli Pot,24,456,432,19
07/01/2023,GRA,ST007,QAR,PRK.1713,Overnight oats PB&Jam,25,700,700,28
07/01/2023,GRA,ST007,QAR,PRK.1741,Spicy Tuna sandwich,26,1638,1638,63
07/01/2023,GRA,ST007,QAR,PRK.1742,Three cheese,22,1056,1056,48
07/01/2023,GRA,ST007,QAR,PRK.1743,Falafel and Labna,25,675,675,27
07/01/2023,GRA,ST007,QAR,PRK.1748,Chicken Shawarma,18,1350,1350,75
07/01/2023,GRA,ST007,QAR,PRK.1749,Tenderloin Beef Shawarma,22,902,880,41
07/01/2023,GRA,ST007,QAR,PRK.1752,Club sandwich,30,2250,2250,75
07/01/2023,GRA,ST007,QAR,PRK.1753,Slider Chicken Burger,38,2166,2166,57
07/01/2023,GRA,ST007,QAR,PRK.1754,Slider Beef Burger,39,2457,2418,63
07/01/2023,GRA,ST007,QAR,PRK.1771,Pistachio Arabeshi,5,965,955,193
07/01/2023,GRA,ST007,QAR,PRK.1772,Fresh Raspberry,5,440,425,88
07/01/2023,GRA,ST007,QAR,PRK.1773,Fresh blueberry,5,460,460,92
07/01/2023,GRA,ST007,QAR,PRK.1774,Chocolate Flakes,5,250,250,50
07/01/2023,GRA,ST007,QAR,PRK.1775,Honey Comb,5,90,90,18
07/01/2023,GRA,ST007,QAR,PRK.1776,Milk Powder,3,27,27,9
07/01/2023,GRA,ST007,QAR,PRK.4501,Full Fat Milk,0,0,0,2
07/01/2023,GRA,ST007,QAR,PRK.4502,Low Fat Milk,0,0,0,11
07/01/2023,GRA,ST007,QAR,PRK.4503,Almond Milk,2,110,110,55
07/01/2023,GRA,ST007,QAR,PRK.4504,Soya Milk,2,18,18,9
07/01/2023,GRA,ST007,QAR,PRK.4509,Double Shot,0,0,0,3
07/01/2023,GRA,ST007,QAR,PRK.4511,More Hot,0,0,0,1
07/01/2023,GRA,ST007,QAR,PRK.4516,Decaf,0,0,0,4
07/01/2023,GRA,ST007,QAR,PRK.4517,Vanilla Flavor,0,0,0,5
07/01/2023,GRA,ST007,QAR,PRK.4519,caramel flavor,0,0,0,2
07/01/2023,GRA,ST007,QAR,PRK.4520,hazelnut flavor,0,0,0,1
07/01/2023,GRA,ST007,QAR,PRK.4521,Oat Milk,2,30,30,15
07/01/2023,GRA,ST007,QAR,PRK.4523,Coconut Milk,2,12,12,6
07/01/2023,GRA,ST007,QAR,PRK.4531,w/ Granola,0,0,0,31
07/01/2023,GRA,ST007,QAR,PRK.4533,w/ Pretzel,0,0,0,3
07/01/2023,GRA,ST007,QAR,PRK.4534,w/ Coconut Flakes,0,0,0,23
07/01/2023,GRA,ST007,QAR,PRK.4535,w/ Crispy Crepe,0,0,0,29
07/01/2023,GRA,ST007,QAR,PRK.4537,w/ Mixed Berries Sauce,0,0,0,31
07/01/2023,GRA,ST007,QAR,PRK.4541,w/ Strawberry,0,0,0,116
07/01/2023,GRA,ST007,QAR,PRK.4543,w/ Salted Caramel,0,0,0,9
07/01/2023,GRA,ST007,QAR,PRK.4544,w/ Pomegranate,0,0,0,91
07/01/2023,GRA,ST007,QAR,PRK.4545,w/ Dulce de leche,0,0,0,3
07/01/2023,GRA,ST007,QAR,PRK.4549,w/ Mango Sauce,0,0,0,22
07/01/2023,GRA,ST007,QAR,PRK.4550,w/ Mango,0,0,0,168
07/01/2023,GRA,ST007,QAR,PRK.4551,w/ Peanut Butter Sauce,0,0,0,7
07/01/2023,GRA,ST007,QAR,PRK.4552,w/ Crushed Grahams,0,0,0,11
07/01/2023,GRA,ST007,QAR,PRK.4556,w/ Fresh Pineapple,0,0,0,4
07/01/2023,GRA,ST007,QAR,PRK.4557,w/ Kiwi Fruit,0,0,0,1
07/01/2023,GRA,ST007,QAR,PRK.4558,w/ Lotus Biscuit,0,0,0,18
07/01/2023,GRA,ST007,QAR,PRK.4561,MIXED FROZEN YOGURT,0,0,0,26
07/01/2023,GRA,ST007,QAR,PRK.4562,MIXED MANGO YOGURT,0,0,0,25
