DATE,BRANCHCODE,WAREHOUSECODE,CURRENCY,ERPCODE,ITEMNAME,RAWPRICE,GROSSAMT,NETVALUE,QTYSOLD
08/01/2023,GRA,ST007,QAR,PRK.902,Granola,55,990,990,18
08/01/2023,GRA,ST007,QAR,PRK.903,Graze Spicy  Mix,55,220,220,4
08/01/2023,GRA,ST007,QAR,PRK.904,Graze House Mix,55,165,165,3
08/01/2023,GRA,ST007,QAR,PRK.907,Zaatar Chips,6,186,186,31
08/01/2023,GRA,ST007,QAR,PRK.909,Spicy Pesto Chips,6,180,180,30
08/01/2023,GRA,ST007,QAR,PRK.910,Graze Spicy Mix Sml,25,475,475,19
08/01/2023,GRA,ST007,QAR,PRK.911,Graze House Mix Sml,25,600,600,24
08/01/2023,GRA,ST007,QAR,PRK.938,4 Grain Salad with Beetro,55,1320,1320,24
08/01/2023,GRA,ST007,QAR,PRK.939,Steak Salad with Green Sa,55,2640,2640,48
08/01/2023,GRA,ST007,QAR,PRK.940,Burrata Salad,50,1300,1300,26
08/01/2023,GRA,ST007,QAR,PRK.962,Extra flavor,3,3,3,1
08/01/2023,GRA,ST007,QAR,PRK.994,Crsnt w Egg/Avaca/ SunTom,24,1488,1488,62
08/01/2023,GRA,ST007,QAR,PRK.995,Egg Burrito,20,1100,1100,55
08/01/2023,GRA,ST007,QAR,PRK.996,Blueberry Granola parfait,25,1250,1250,50
08/01/2023,GRA,ST007,QAR,PRK.997,Yog Dates Chia Pista Alm,22,946,946,43
08/01/2023,GRA,ST007,QAR,PRK.1003,Cheese Croissant,16,192,192,12
08/01/2023,GRA,ST007,QAR,PRK.1007,Zatar Croissant,16,288,288,18
08/01/2023,GRA,ST007,QAR,PRK.1010,Tomato Puff Pastry,16,448,448,28
08/01/2023,GRA,ST007,QAR,PRK.1012,Three Berry Yogurt & Date,25,1000,1000,40
08/01/2023,GRA,ST007,QAR,PRK.1015,Kiri Cheese Danish,14,868,868,62
08/01/2023,GRA,ST007,QAR,PRK.1016,Plain Croissant,10,310,310,31
08/01/2023,GRA,ST007,QAR,PRK.1021,Shirazi Salad,12,636,636,53
08/01/2023,GRA,ST007,QAR,PRK.1023,Falafel Salad,45,2025,2025,45
08/01/2023,GRA,ST007,QAR,PRK.1024,Quinoa Swt potato Salad,40,720,720,18
08/01/2023,GRA,ST007,QAR,PRK.1027,Mex Chkn Chilli Bean Sld,40,2240,2240,56
08/01/2023,GRA,ST007,QAR,PRK.1031,Teriyaki GRAZE Salmn,55,6215,6215,113
08/01/2023,GRA,ST007,QAR,PRK.1039,Keto Chicken Salad,40,2120,2120,53
08/01/2023,GRA,ST007,QAR,PRK.1046,Greek Salad,30,1050,1050,35
08/01/2023,GRA,ST007,QAR,PRK.1048,Mexican  Caesar Salad chk,39,4212,4212,108
08/01/2023,GRA,ST007,QAR,PRK.1049,ROCCA SALAD,22,748,748,34
08/01/2023,GRA,ST007,QAR,PRK.1052,Smoke Turkey Sandwich,34,4318,4318,127
08/01/2023,GRA,ST007,QAR,PRK.1054,lemon&Rosemary Chkn,36,4104,4104,114
08/01/2023,GRA,ST007,QAR,PRK.1057,Steak & Philly Chz SW,32,2784,2784,87
08/01/2023,GRA,ST007,QAR,PRK.1063,Egg Mayo with Rocket,20,980,980,49
08/01/2023,GRA,ST007,QAR,PRK.1075,Avocado Toast,40,520,520,13
08/01/2023,GRA,ST007,QAR,PRK.1077,Spicy Halloumi,38,1444,1444,38
08/01/2023,GRA,ST007,QAR,PRK.1078,Graze Breakfast (egg box),32,800,800,25
08/01/2023,GRA,ST007,QAR,PRK.1083,Chkn Soup,19,969,969,51
08/01/2023,GRA,ST007,QAR,PRK.1087,Lentil Soup,20,1200,1200,60
08/01/2023,GRA,ST007,QAR,PRK.1089,Vegetable soup,16,496,496,31
08/01/2023,GRA,ST007,QAR,PRK.1113,Chkn Katsu Curry,45,5490,5490,122
08/01/2023,GRA,ST007,QAR,PRK.1115,Mushroom Pasta,40,2360,2360,59
08/01/2023,GRA,ST007,QAR,PRK.1119,Chicken Biryani,45,7920,7920,176
08/01/2023,GRA,ST007,QAR,PRK.1121,Chinese Sesame Chicken,40,5080,5080,127
08/01/2023,GRA,ST007,QAR,PRK.1127,Rock Shrimp,45,2970,2970,66
08/01/2023,GRA,ST007,QAR,PRK.1133,Lamb  Kabsa,45,4860,4860,108
08/01/2023,GRA,ST007,QAR,PRK.1140,Chicken Curry & Saffron r,43,2881,2881,67
08/01/2023,GRA,ST007,QAR,PRK.1141,CRAB BOWL,28,336,336,12
08/01/2023,GRA,ST007,QAR,PRK.1145,Yoghurt & Cucumber dip,12,396,396,33
08/01/2023,GRA,ST007,QAR,PRK.1146,Spicy Guacamole Pot,13,403,403,31
08/01/2023,GRA,ST007,QAR,PRK.1149,Edamame Pot,12,708,708,59
08/01/2023,GRA,ST007,QAR,PRK.1159,Greek Tabbouleh,20,1140,1140,57
08/01/2023,GRA,ST007,QAR,PRK.1173,Choco Chia Energy Ball,30,1320,1320,44
08/01/2023,GRA,ST007,QAR,PRK.1175,Pecan Bars,14,378,378,27
08/01/2023,GRA,ST007,QAR,PRK.1177,Carrot Cake,15,450,450,30
08/01/2023,GRA,ST007,QAR,PRK.1178,Sweet Potatoe Choco Cake,15,180,180,12
08/01/2023,GRA,ST007,QAR,PRK.1181,Green Apple,2,72,72,36
08/01/2023,GRA,ST007,QAR,PRK.1182,Red Apple,2,118,118,59
08/01/2023,GRA,ST007,QAR,PRK.1183,Bannana,2,352,352,176
08/01/2023,GRA,ST007,QAR,PRK.1184,Watermelon,18,1548,1548,86
08/01/2023,GRA,ST007,QAR,PRK.1185,Pineapplemix,18,1044,1044,58
08/01/2023,GRA,ST007,QAR,PRK.1186,Mixed Berries,22,1738,1738,79
08/01/2023,GRA,ST007,QAR,PRK.1194,Lotus Cheesecake,15,450,450,30
08/01/2023,GRA,ST007,QAR,PRK.1196,Chia Blueberry Yodurt,24,600,600,25
08/01/2023,GRA,ST007,QAR,PRK.1201,Iced Flat White,18,180,180,10
08/01/2023,GRA,ST007,QAR,PRK.1203,Iced Spanish Latte,20,1740,1740,87
08/01/2023,GRA,ST007,QAR,PRK.1204,Iced Latte,18,648,648,36
08/01/2023,GRA,ST007,QAR,PRK.1205,Iced Americano,15,1410,1410,94
08/01/2023,GRA,ST007,QAR,PRK.1234,Pepperoni Pizza small,40,800,800,20
08/01/2023,GRA,ST007,QAR,PRK.1235,Margherita Pizza small,30,600,600,20
08/01/2023,GRA,ST007,QAR,PRK.1236,BBQ chicken Pizza small,35,525,525,15
08/01/2023,GRA,ST007,QAR,PRK.1262,Highland Still,5,1425,1425,285
08/01/2023,GRA,ST007,QAR,PRK.1265,Perrier Sparkling,9,459,459,51
08/01/2023,GRA,ST007,QAR,PRK.1291,Coke,5,335,335,67
08/01/2023,GRA,ST007,QAR,PRK.1292,Diet Coke,5,805,805,161
08/01/2023,GRA,ST007,QAR,PRK.1351,Espresso Single,12,300,300,25
08/01/2023,GRA,ST007,QAR,PRK.1352,Macchiato,18,36,36,2
08/01/2023,GRA,ST007,QAR,PRK.1353,Americano Hot,15,1590,1590,106
08/01/2023,GRA,ST007,QAR,PRK.1354,Flat White Hot,18,1044,1044,58
08/01/2023,GRA,ST007,QAR,PRK.1355,Cappucino,18,1728,1728,96
08/01/2023,GRA,ST007,QAR,PRK.1356,Cortado,18,612,612,34
08/01/2023,GRA,ST007,QAR,PRK.1358,Spanish Latte,20,860,860,43
08/01/2023,GRA,ST007,QAR,PRK.1359,Classic Mocha,25,100,100,4
08/01/2023,GRA,ST007,QAR,PRK.1360,Slated Caramel Mocha,25,200,200,8
08/01/2023,GRA,ST007,QAR,PRK.1362,Double Espresso,14,364,364,26
08/01/2023,GRA,ST007,QAR,PRK.1363,Latte Hot,18,1206,1206,67
08/01/2023,GRA,ST007,QAR,PRK.1364,English B/F,12,84,84,7
08/01/2023,GRA,ST007,QAR,PRK.1365,Green Tea,12,36,36,3
08/01/2023,GRA,ST007,QAR,PRK.1366,Earl Grey,12,12,12,1
08/01/2023,GRA,ST007,QAR,PRK.1368,Lemon Grass/ Ginger,12,60,60,5
08/01/2023,GRA,ST007,QAR,PRK.1369,Jasmine,12,24,24,2
08/01/2023,GRA,ST007,QAR,PRK.1372,Hot Cocoa,24,168,168,7
08/01/2023,GRA,ST007,QAR,PRK.1373,Hibiscus Iced tea,18,612,612,34
08/01/2023,GRA,ST007,QAR,PRK.1374,Peach Iced Tea,18,216,216,12
08/01/2023,GRA,ST007,QAR,PRK.1375,Matcha Latte,25,400,400,16
08/01/2023,GRA,ST007,QAR,PRK.1386,Orange Juice,22,3608,3608,164
08/01/2023,GRA,ST007,QAR,PRK.1387,Carrot Juice,22,814,814,37
08/01/2023,GRA,ST007,QAR,PRK.1390,Morning Boost,24,1056,1056,44
08/01/2023,GRA,ST007,QAR,PRK.1392,Immune Boost,22,946,946,43
08/01/2023,GRA,ST007,QAR,PRK.1396,Ginger Aid Shot,18,1764,1764,98
08/01/2023,GRA,ST007,QAR,PRK.1402,Laban Drink,18,684,684,38
08/01/2023,GRA,ST007,QAR,PRK.1404,Green Boost Juice,24,816,816,34
08/01/2023,GRA,ST007,QAR,PRK.1406,Beetroot & Apple Juice,20,1060,1060,53
08/01/2023,GRA,ST007,QAR,PRK.1409,Turmeric wellness shot,16,720,720,45
08/01/2023,GRA,ST007,QAR,PRK.1429,Mini Mango Ice Cream,14,6790,6790,485
08/01/2023,GRA,ST007,QAR,PRK.1430,Regular Mango Ice Cream,21,6006,6006,286
08/01/2023,GRA,ST007,QAR,PRK.1431,Large Mango Ice Cream,23,3473,3473,151
08/01/2023,GRA,ST007,QAR,PRK.1432,Mini Mango Ice Cream/Topp,18,3996,3996,222
08/01/2023,GRA,ST007,QAR,PRK.1433,Reg Mango Ice cream/Topp,26,4420,4420,170
08/01/2023,GRA,ST007,QAR,PRK.1434,Large Mango Ice Cream/Top,30,1320,1320,44
08/01/2023,GRA,ST007,QAR,PRK.1435,Mini Cup Milky Ice Cream,14,1554,1554,111
08/01/2023,GRA,ST007,QAR,PRK.1436,Reg Cup Milky Ice Cream,21,840,840,40
08/01/2023,GRA,ST007,QAR,PRK.1437,Lrge Cup Milky Ice Cream,23,575,575,25
08/01/2023,GRA,ST007,QAR,PRK.1438,Mini Cup Milky Ice C/Top,18,684,684,38
08/01/2023,GRA,ST007,QAR,PRK.1439,Reg Cup Milky Ice Cre/Top,26,1066,1066,41
08/01/2023,GRA,ST007,QAR,PRK.1440,Lrge Cup Milky Ice Cr/Top,30,270,270,9
08/01/2023,GRA,ST007,QAR,PRK.1464,Fresh Pineapple,3,27,27,9
08/01/2023,GRA,ST007,QAR,PRK.1469,Kiwi Fruit,3,18,18,6
08/01/2023,GRA,ST007,QAR,PRK.1470,Lotus Biscuit,3,18,18,6
08/01/2023,GRA,ST007,QAR,PRK.1474,Spaghetti Bolognese,45,1755,1755,39
08/01/2023,GRA,ST007,QAR,PRK.1475,Salmon with Cilantro Rice,65,3575,3575,55
08/01/2023,GRA,ST007,QAR,PRK.1476,Chicken Noodle Bowl,40,880,880,22
08/01/2023,GRA,ST007,QAR,PRK.1477,BBQ Steak,45,2340,2340,52
08/01/2023,GRA,ST007,QAR,PRK.1478,Rib eye Steak with Vegeta,55,2970,2970,54
08/01/2023,GRA,ST007,QAR,PRK.1479,Lasagne Pasta,45,1485,1485,33
08/01/2023,GRA,ST007,QAR,PRK.1480,Steak cajun potato,50,3100,3100,62
08/01/2023,GRA,ST007,QAR,PRK.1501,pomegranate,3,219,219,73
08/01/2023,GRA,ST007,QAR,PRK.1502,Strawberry,3,132,132,44
08/01/2023,GRA,ST007,QAR,PRK.1505,Salted Caramel,3,24,24,8
08/01/2023,GRA,ST007,QAR,PRK.1506,Pretzel,3,6,6,2
08/01/2023,GRA,ST007,QAR,PRK.1507,Crispy Crepe,3,105,105,35
08/01/2023,GRA,ST007,QAR,PRK.1508,Granola,3,138,138,46
08/01/2023,GRA,ST007,QAR,PRK.1509,Coconut Flakes,3,12,12,4
08/01/2023,GRA,ST007,QAR,PRK.1510,Crushed Graham,3,21,21,7
08/01/2023,GRA,ST007,QAR,PRK.1514,Dulce de Leche,3,12,12,4
08/01/2023,GRA,ST007,QAR,PRK.1520,Mixed Berries Sauce,3,24,24,8
08/01/2023,GRA,ST007,QAR,PRK.1521,Mango Sauce,3,24,24,8
08/01/2023,GRA,ST007,QAR,PRK.1523,Peanut Butter Sauce,3,33,33,11
08/01/2023,GRA,ST007,QAR,PRK.1527,Mango,3,66,66,22
08/01/2023,GRA,ST007,QAR,PRK.1531,Power Shake,35,910,910,26
08/01/2023,GRA,ST007,QAR,PRK.1532,Peanut Power Shake,35,630,630,18
08/01/2023,GRA,ST007,QAR,PRK.1534,Choco Power Shake,35,140,140,4
08/01/2023,GRA,ST007,QAR,PRK.1536,Energizer protine Shakes,45,2250,2250,50
08/01/2023,GRA,ST007,QAR,PRK.1540,Energizer shakes,35,805,805,23
08/01/2023,GRA,ST007,QAR,PRK.1545,14oz Energizer protine,40,80,80,2
08/01/2023,GRA,ST007,QAR,PRK.1548,14oz Energizer shakes,30,180,180,6
08/01/2023,GRA,ST007,QAR,PRK.1550,Extra Protein,10,70,70,7
08/01/2023,GRA,ST007,QAR,PRK.1581,Mini coconut frz yog I/C,14,1554,1554,111
08/01/2023,GRA,ST007,QAR,PRK.1582,Regular coconut frz yog I,21,1113,1113,53
08/01/2023,GRA,ST007,QAR,PRK.1583,Large coconut frz yog I/C,23,598,598,26
08/01/2023,GRA,ST007,QAR,PRK.1584,Mini coconut frz yog  Top,18,720,720,40
08/01/2023,GRA,ST007,QAR,PRK.1585,Reg- coconut frz yog Top,26,1326,1326,51
08/01/2023,GRA,ST007,QAR,PRK.1586,Large coconut frz yog  To,30,1050,1050,35
08/01/2023,GRA,ST007,QAR,PRK.1587,Supersize,45,585,585,13
08/01/2023,GRA,ST007,QAR,PRK.1588,Acai Small,35,5565,5565,159
08/01/2023,GRA,ST007,QAR,PRK.1589,Acai Large,40,2880,2880,72
08/01/2023,GRA,ST007,QAR,PRK.1592,Watermelon Coolex,24,888,888,37
08/01/2023,GRA,ST007,QAR,PRK.1593,Tropicana,24,720,720,30
08/01/2023,GRA,ST007,QAR,PRK.1621,Orange loaf,12,492,492,41
08/01/2023,GRA,ST007,QAR,PRK.1623,Brownie flavour cookies,10,470,470,47
08/01/2023,GRA,ST007,QAR,PRK.1628,Brownie bites,13,325,325,25
08/01/2023,GRA,ST007,QAR,PRK.1632,Turkey cheese roll,19,399,399,21
08/01/2023,GRA,ST007,QAR,PRK.1633,Spinach feta roll,18,342,342,19
08/01/2023,GRA,ST007,QAR,PRK.1634,Madeleine,12,756,756,63
08/01/2023,GRA,ST007,QAR,PRK.1636,Sweet Potato Choco Cake,15,30,30,2
08/01/2023,GRA,ST007,QAR,PRK.1651,■PB & Jam sourdough bread,18,702,702,39
08/01/2023,GRA,ST007,QAR,PRK.1681,Salted Caramel Mocha,24,336,336,14
08/01/2023,GRA,ST007,QAR,PRK.1682,■Matcha Frappe,26,1248,1248,48
08/01/2023,GRA,ST007,QAR,PRK.1711,Pomegranate Pot,18,540,540,30
08/01/2023,GRA,ST007,QAR,PRK.1712,Mango Peach Muesli Pot,24,576,576,24
08/01/2023,GRA,ST007,QAR,PRK.1713,Overnight oats PB&Jam,25,850,850,34
08/01/2023,GRA,ST007,QAR,PRK.1741,Spicy Tuna sandwich,26,1768,1768,68
08/01/2023,GRA,ST007,QAR,PRK.1742,Three cheese,22,1298,1298,59
08/01/2023,GRA,ST007,QAR,PRK.1743,Falafel and Labna,25,575,575,23
08/01/2023,GRA,ST007,QAR,PRK.1748,Chicken Shawarma,18,1764,1764,98
08/01/2023,GRA,ST007,QAR,PRK.1749,Tenderloin Beef Shawarma,22,1408,1408,64
08/01/2023,GRA,ST007,QAR,PRK.1752,Club sandwich,30,2040,2040,68
08/01/2023,GRA,ST007,QAR,PRK.1753,Slider Chicken Burger,38,1976,1976,52
08/01/2023,GRA,ST007,QAR,PRK.1754,Slider Beef Burger,39,2574,2574,66
08/01/2023,GRA,ST007,QAR,PRK.1771,Pistachio Arabeshi,5,780,780,156
08/01/2023,GRA,ST007,QAR,PRK.1772,Fresh Raspberry,5,335,335,67
08/01/2023,GRA,ST007,QAR,PRK.1773,Fresh blueberry,5,350,350,70
08/01/2023,GRA,ST007,QAR,PRK.1774,Chocolate Flakes,5,205,205,41
08/01/2023,GRA,ST007,QAR,PRK.1775,Honey Comb,5,85,85,17
08/01/2023,GRA,ST007,QAR,PRK.1776,Milk Powder,3,24,24,8
08/01/2023,GRA,ST007,QAR,PRK.4501,Full Fat Milk,0,0,0,1
08/01/2023,GRA,ST007,QAR,PRK.4502,Low Fat Milk,0,0,0,9
08/01/2023,GRA,ST007,QAR,PRK.4503,Almond Milk,2,112,112,56
08/01/2023,GRA,ST007,QAR,PRK.4504,Soya Milk,2,12,12,6
08/01/2023,GRA,ST007,QAR,PRK.4505,Less Sweet,0,0,0,1
08/01/2023,GRA,ST007,QAR,PRK.4506,More Sweet,0,0,0,1
08/01/2023,GRA,ST007,QAR,PRK.4508,Single Shot,0,0,0,1
08/01/2023,GRA,ST007,QAR,PRK.4509,Double Shot,0,0,0,2
08/01/2023,GRA,ST007,QAR,PRK.4516,Decaf,0,0,0,5
08/01/2023,GRA,ST007,QAR,PRK.4517,Vanilla Flavor,0,0,0,2
08/01/2023,GRA,ST007,QAR,PRK.4519,caramel flavor,0,0,0,1
08/01/2023,GRA,ST007,QAR,PRK.4521,Oat Milk,2,18,18,9
08/01/2023,GRA,ST007,QAR,PRK.4522,Skimmed Milk,2,2,2,1
08/01/2023,GRA,ST007,QAR,PRK.4523,Coconut Milk,2,6,6,3
08/01/2023,GRA,ST007,QAR,PRK.4531,w/ Granola,0,0,0,9
08/01/2023,GRA,ST007,QAR,PRK.4533,w/ Pretzel,0,0,0,7
08/01/2023,GRA,ST007,QAR,PRK.4534,w/ Coconut Flakes,0,0,0,10
08/01/2023,GRA,ST007,QAR,PRK.4535,w/ Crispy Crepe,0,0,0,20
08/01/2023,GRA,ST007,QAR,PRK.4537,w/ Mixed Berries Sauce,0,0,0,18
08/01/2023,GRA,ST007,QAR,PRK.4541,w/ Strawberry,0,0,0,44
08/01/2023,GRA,ST007,QAR,PRK.4543,w/ Salted Caramel,0,0,0,1
08/01/2023,GRA,ST007,QAR,PRK.4544,w/ Pomegranate,0,0,0,47
08/01/2023,GRA,ST007,QAR,PRK.4545,w/ Dulce de leche,0,0,0,19
08/01/2023,GRA,ST007,QAR,PRK.4549,w/ Mango Sauce,0,0,0,19
08/01/2023,GRA,ST007,QAR,PRK.4550,w/ Mango,0,0,0,60
08/01/2023,GRA,ST007,QAR,PRK.4551,w/ Peanut Butter Sauce,0,0,0,4
08/01/2023,GRA,ST007,QAR,PRK.4552,w/ Crushed Grahams,0,0,0,16
08/01/2023,GRA,ST007,QAR,PRK.4556,w/ Fresh Pineapple,0,0,0,1
08/01/2023,GRA,ST007,QAR,PRK.4557,w/ Kiwi Fruit,0,0,0,1
08/01/2023,GRA,ST007,QAR,PRK.4558,w/ Lotus Biscuit,0,0,0,3
08/01/2023,GRA,ST007,QAR,PRK.4562,MIXED MANGO YOGURT,0,0,0,10
08/01/2023,GRA,ST007,QAR,PRK.4564,MIXED MILKY ICE CREAM,0,0,0,10
