DATE,BRANCHCODE,WAREHOUSECODE,CURRENCY,ERPCODE,ITEMNAME,RAWPRICE,GROSSAMT,NETVALUE,QTYSOLD
03/01/2023,GRA,ST007,QAR,PRK.902,Granola,55,935,935,17
03/01/2023,GRA,ST007,QAR,PRK.903,Graze Spicy  Mix,55,55,55,1
03/01/2023,GRA,ST007,QAR,PRK.907,Zaatar Chips,6,138,138,23
03/01/2023,GRA,ST007,QAR,PRK.909,Spicy Pesto Chips,6,162,162,27
03/01/2023,GRA,ST007,QAR,PRK.910,Graze Spicy Mix Sml,25,175,175,7
03/01/2023,GRA,ST007,QAR,PRK.911,Graze House Mix Sml,25,350,350,14
03/01/2023,GRA,ST007,QAR,PRK.937,Baby Mozzarella Salad,45,1755,1755,39
03/01/2023,GRA,ST007,QAR,PRK.938,4 Grain Salad with Beetro,55,1210,1210,22
03/01/2023,GRA,ST007,QAR,PRK.939,Steak Salad with Green Sa,55,1870,1870,34
03/01/2023,GRA,ST007,QAR,PRK.961,Extra cheese,5,40,40,8
03/01/2023,GRA,ST007,QAR,PRK.962,Extra flavor,3,6,6,2
03/01/2023,GRA,ST007,QAR,PRK.994,Crsnt w Egg/Avaca/ SunTom,24,1728,1728,72
03/01/2023,GRA,ST007,QAR,PRK.995,Egg Burrito,20,1380,1380,69
03/01/2023,GRA,ST007,QAR,PRK.996,Blueberry Granola parfait,25,1175,1175,47
03/01/2023,GRA,ST007,QAR,PRK.997,Yog Dates Chia Pista Alm,22,946,946,43
03/01/2023,GRA,ST007,QAR,PRK.1003,Cheese Croissant,16,96,96,6
03/01/2023,GRA,ST007,QAR,PRK.1007,Zatar Croissant,16,320,320,20
03/01/2023,GRA,ST007,QAR,PRK.1010,Tomato Puff Pastry,16,816,816,51
03/01/2023,GRA,ST007,QAR,PRK.1012,Three Berry Yogurt & Date,25,375,375,15
03/01/2023,GRA,ST007,QAR,PRK.1015,Kiri Cheese Danish,14,658,658,47
03/01/2023,GRA,ST007,QAR,PRK.1016,Plain Croissant,10,440,440,44
03/01/2023,GRA,ST007,QAR,PRK.1021,Shirazi Salad,12,480,480,40
03/01/2023,GRA,ST007,QAR,PRK.1023,Falafel Salad,45,2340,2340,52
03/01/2023,GRA,ST007,QAR,PRK.1024,Quinoa Swt potato Salad,40,720,720,18
03/01/2023,GRA,ST007,QAR,PRK.1027,Mex Chkn Chilli Bean Sld,40,2000,2000,50
03/01/2023,GRA,ST007,QAR,PRK.1031,Teriyaki GRAZE Salmn,55,5335,5335,97
03/01/2023,GRA,ST007,QAR,PRK.1039,Keto Chicken Salad,40,1800,1800,45
03/01/2023,GRA,ST007,QAR,PRK.1046,Greek Salad,30,960,960,32
03/01/2023,GRA,ST007,QAR,PRK.1048,Mexican  Caesar Salad chk,39,4875,4875,125
03/01/2023,GRA,ST007,QAR,PRK.1049,ROCCA SALAD,22,704,704,32
03/01/2023,GRA,ST007,QAR,PRK.1052,Smoke Turkey Sandwich,34,2516,2516,74
03/01/2023,GRA,ST007,QAR,PRK.1054,lemon&Rosemary Chkn,36,3816,3816,106
03/01/2023,GRA,ST007,QAR,PRK.1057,Steak & Philly Chz SW,32,1632,1632,51
03/01/2023,GRA,ST007,QAR,PRK.1063,Egg Mayo with Rocket,20,640,640,32
03/01/2023,GRA,ST007,QAR,PRK.1068,Crispy Chicken Bun,24,1056,1056,44
03/01/2023,GRA,ST007,QAR,PRK.1075,Avocado Toast,40,680,680,17
03/01/2023,GRA,ST007,QAR,PRK.1077,Spicy Halloumi,38,1368,1368,36
03/01/2023,GRA,ST007,QAR,PRK.1078,Graze Breakfast (egg box),32,736,736,23
03/01/2023,GRA,ST007,QAR,PRK.1083,Chkn Soup,19,836,836,44
03/01/2023,GRA,ST007,QAR,PRK.1086,Lamb Soup,35,140,140,4
03/01/2023,GRA,ST007,QAR,PRK.1087,Lentil Soup,20,1060,1060,53
03/01/2023,GRA,ST007,QAR,PRK.1089,Vegetable soup,16,432,432,27
03/01/2023,GRA,ST007,QAR,PRK.1090,Tom kha soup,28,84,84,3
03/01/2023,GRA,ST007,QAR,PRK.1113,Chkn Katsu Curry,45,5265,5265,117
03/01/2023,GRA,ST007,QAR,PRK.1115,Mushroom Pasta,40,3000,3000,75
03/01/2023,GRA,ST007,QAR,PRK.1119,Chicken Biryani,45,7515,7515,167
03/01/2023,GRA,ST007,QAR,PRK.1121,Chinese Sesame Chicken,40,5040,5040,126
03/01/2023,GRA,ST007,QAR,PRK.1127,Rock Shrimp,45,2475,2475,55
03/01/2023,GRA,ST007,QAR,PRK.1133,Lamb  Kabsa,45,4815,4815,107
03/01/2023,GRA,ST007,QAR,PRK.1140,Chicken Curry & Saffron r,43,3827,3827,89
03/01/2023,GRA,ST007,QAR,PRK.1141,CRAB BOWL,28,364,364,13
03/01/2023,GRA,ST007,QAR,PRK.1145,Yoghurt & Cucumber dip,12,252,252,21
03/01/2023,GRA,ST007,QAR,PRK.1146,Spicy Guacamole Pot,13,468,468,36
03/01/2023,GRA,ST007,QAR,PRK.1149,Edamame Pot,12,504,504,42
03/01/2023,GRA,ST007,QAR,PRK.1155,Classic hummus pot,18,72,72,4
03/01/2023,GRA,ST007,QAR,PRK.1159,Greek Tabbouleh,20,980,980,49
03/01/2023,GRA,ST007,QAR,PRK.1173,Choco Chia Energy Ball,30,1740,1740,58
03/01/2023,GRA,ST007,QAR,PRK.1175,Pecan Bars,14,448,448,32
03/01/2023,GRA,ST007,QAR,PRK.1177,Carrot Cake,15,690,690,46
03/01/2023,GRA,ST007,QAR,PRK.1181,Green Apple,2,28,28,14
03/01/2023,GRA,ST007,QAR,PRK.1182,Red Apple,2,66,66,33
03/01/2023,GRA,ST007,QAR,PRK.1183,Bannana,2,256,256,128
03/01/2023,GRA,ST007,QAR,PRK.1184,Watermelon,18,1386,1386,77
03/01/2023,GRA,ST007,QAR,PRK.1185,Pineapplemix,18,756,756,42
03/01/2023,GRA,ST007,QAR,PRK.1186,Mixed Berries,22,1892,1892,86
03/01/2023,GRA,ST007,QAR,PRK.1194,Lotus Cheesecake,15,570,570,38
03/01/2023,GRA,ST007,QAR,PRK.1196,Chia Blueberry Yodurt,24,456,456,19
03/01/2023,GRA,ST007,QAR,PRK.1201,Iced Flat White,18,90,90,5
03/01/2023,GRA,ST007,QAR,PRK.1203,Iced Spanish Latte,20,920,920,46
03/01/2023,GRA,ST007,QAR,PRK.1204,Iced Latte,18,288,288,16
03/01/2023,GRA,ST007,QAR,PRK.1205,Iced Americano,15,1140,1140,76
03/01/2023,GRA,ST007,QAR,PRK.1234,Pepperoni Pizza small,40,400,400,10
03/01/2023,GRA,ST007,QAR,PRK.1235,Margherita Pizza small,30,330,330,11
03/01/2023,GRA,ST007,QAR,PRK.1236,BBQ chicken Pizza small,35,385,385,11
03/01/2023,GRA,ST007,QAR,PRK.1262,Highland Still,5,1075,1070,215
03/01/2023,GRA,ST007,QAR,PRK.1265,Perrier Sparkling,9,333,333,37
03/01/2023,GRA,ST007,QAR,PRK.1291,Coke,5,140,140,28
03/01/2023,GRA,ST007,QAR,PRK.1292,Diet Coke,5,525,525,105
03/01/2023,GRA,ST007,QAR,PRK.1335,Cool Box,15,30,30,2
03/01/2023,GRA,ST007,QAR,PRK.1351,Espresso Single,12,168,168,14
03/01/2023,GRA,ST007,QAR,PRK.1353,Americano Hot,15,1410,1410,94
03/01/2023,GRA,ST007,QAR,PRK.1354,Flat White Hot,18,1476,1476,82
03/01/2023,GRA,ST007,QAR,PRK.1355,Cappucino,18,1314,1314,73
03/01/2023,GRA,ST007,QAR,PRK.1356,Cortado,18,666,666,37
03/01/2023,GRA,ST007,QAR,PRK.1358,Spanish Latte,20,1060,1060,53
03/01/2023,GRA,ST007,QAR,PRK.1359,Classic Mocha,25,200,200,8
03/01/2023,GRA,ST007,QAR,PRK.1360,Slated Caramel Mocha,25,225,225,9
03/01/2023,GRA,ST007,QAR,PRK.1362,Double Espresso,14,252,238,18
03/01/2023,GRA,ST007,QAR,PRK.1363,Latte Hot,18,1080,1080,60
03/01/2023,GRA,ST007,QAR,PRK.1364,English B/F,12,168,168,14
03/01/2023,GRA,ST007,QAR,PRK.1365,Green Tea,12,72,72,6
03/01/2023,GRA,ST007,QAR,PRK.1366,Earl Grey,12,36,36,3
03/01/2023,GRA,ST007,QAR,PRK.1368,Lemon Grass/ Ginger,12,48,48,4
03/01/2023,GRA,ST007,QAR,PRK.1369,Jasmine,12,48,48,4
03/01/2023,GRA,ST007,QAR,PRK.1372,Hot Cocoa,24,336,336,14
03/01/2023,GRA,ST007,QAR,PRK.1373,Hibiscus Iced tea,18,414,414,23
03/01/2023,GRA,ST007,QAR,PRK.1374,Peach Iced Tea,18,306,306,17
03/01/2023,GRA,ST007,QAR,PRK.1375,Matcha Latte,25,200,200,8
03/01/2023,GRA,ST007,QAR,PRK.1386,Orange Juice,22,2816,2816,128
03/01/2023,GRA,ST007,QAR,PRK.1387,Carrot Juice,22,506,506,23
03/01/2023,GRA,ST007,QAR,PRK.1390,Morning Boost,24,888,888,37
03/01/2023,GRA,ST007,QAR,PRK.1392,Immune Boost,22,1056,1056,48
03/01/2023,GRA,ST007,QAR,PRK.1396,Ginger Aid Shot,18,1998,1998,111
03/01/2023,GRA,ST007,QAR,PRK.1402,Laban Drink,18,432,432,24
03/01/2023,GRA,ST007,QAR,PRK.1403,Vimto Juice,18,90,90,5
03/01/2023,GRA,ST007,QAR,PRK.1404,Green Boost Juice,24,816,816,34
03/01/2023,GRA,ST007,QAR,PRK.1406,Beetroot & Apple Juice,20,1420,1420,71
03/01/2023,GRA,ST007,QAR,PRK.1409,Turmeric wellness shot,16,592,592,37
03/01/2023,GRA,ST007,QAR,PRK.1412, Mini Cup Yogurt,14,2226,2226,159
03/01/2023,GRA,ST007,QAR,PRK.1413,Regular Cup Yogurt,21,1575,1575,75
03/01/2023,GRA,ST007,QAR,PRK.1416,Large Cup Yogurt,23,805,805,35
03/01/2023,GRA,ST007,QAR,PRK.1418, Mini Cup Yogurt/Topping,18,1404,1404,78
03/01/2023,GRA,ST007,QAR,PRK.1419,Reg Cup Yogurt/Toping,26,2236,2236,86
03/01/2023,GRA,ST007,QAR,PRK.1422,Large Cup Yogurt/Topping,30,420,420,14
03/01/2023,GRA,ST007,QAR,PRK.1429,Mini Mango Ice Cream,14,4424,4424,316
03/01/2023,GRA,ST007,QAR,PRK.1430,Regular Mango Ice Cream,21,4473,4473,213
03/01/2023,GRA,ST007,QAR,PRK.1431,Large Mango Ice Cream,23,1955,1955,85
03/01/2023,GRA,ST007,QAR,PRK.1432,Mini Mango Ice Cream/Topp,18,2790,2790,155
03/01/2023,GRA,ST007,QAR,PRK.1433,Reg Mango Ice cream/Topp,26,4056,4056,156
03/01/2023,GRA,ST007,QAR,PRK.1434,Large Mango Ice Cream/Top,30,1200,1200,40
03/01/2023,GRA,ST007,QAR,PRK.1464,Fresh Pineapple,3,33,33,11
03/01/2023,GRA,ST007,QAR,PRK.1469,Kiwi Fruit,3,27,27,9
03/01/2023,GRA,ST007,QAR,PRK.1470,Lotus Biscuit,3,12,12,4
03/01/2023,GRA,ST007,QAR,PRK.1474,Spaghetti Bolognese,45,2925,2925,65
03/01/2023,GRA,ST007,QAR,PRK.1475,Salmon with Cilantro Rice,65,3900,3900,60
03/01/2023,GRA,ST007,QAR,PRK.1476,Chicken Noodle Bowl,40,1680,1680,42
03/01/2023,GRA,ST007,QAR,PRK.1477,BBQ Steak,45,1350,1350,30
03/01/2023,GRA,ST007,QAR,PRK.1478,Rib eye Steak with Vegeta,55,3410,3410,62
03/01/2023,GRA,ST007,QAR,PRK.1479,Lasagne Pasta,45,1575,1575,35
03/01/2023,GRA,ST007,QAR,PRK.1480,Steak cajun potato,50,3550,3550,71
03/01/2023,GRA,ST007,QAR,PRK.1501,pomegranate,3,117,117,39
03/01/2023,GRA,ST007,QAR,PRK.1502,Strawberry,3,210,210,70
03/01/2023,GRA,ST007,QAR,PRK.1505,Salted Caramel,3,12,12,4
03/01/2023,GRA,ST007,QAR,PRK.1507,Crispy Crepe,3,57,57,19
03/01/2023,GRA,ST007,QAR,PRK.1508,Granola,3,138,138,46
03/01/2023,GRA,ST007,QAR,PRK.1509,Coconut Flakes,3,84,84,28
03/01/2023,GRA,ST007,QAR,PRK.1510,Crushed Graham,3,15,15,5
03/01/2023,GRA,ST007,QAR,PRK.1514,Dulce de Leche,3,45,45,15
03/01/2023,GRA,ST007,QAR,PRK.1520,Mixed Berries Sauce,3,15,15,5
03/01/2023,GRA,ST007,QAR,PRK.1521,Mango Sauce,3,57,57,19
03/01/2023,GRA,ST007,QAR,PRK.1523,Peanut Butter Sauce,3,54,54,18
03/01/2023,GRA,ST007,QAR,PRK.1527,Mango,3,267,267,89
03/01/2023,GRA,ST007,QAR,PRK.1531,Power Shake,35,665,665,19
03/01/2023,GRA,ST007,QAR,PRK.1532,Peanut Power Shake,35,525,525,15
03/01/2023,GRA,ST007,QAR,PRK.1534,Choco Power Shake,35,140,140,4
03/01/2023,GRA,ST007,QAR,PRK.1536,Energizer protine Shakes,45,900,900,20
03/01/2023,GRA,ST007,QAR,PRK.1538,Pre-workout shake,35,35,35,1
03/01/2023,GRA,ST007,QAR,PRK.1540,Energizer shakes,35,490,490,14
03/01/2023,GRA,ST007,QAR,PRK.1545,14oz Energizer protine,40,120,120,3
03/01/2023,GRA,ST007,QAR,PRK.1550,Extra Protein,10,80,80,8
03/01/2023,GRA,ST007,QAR,PRK.1580,Ogaily cardamom ice cream,30,4050,4050,135
03/01/2023,GRA,ST007,QAR,PRK.1587,Supersize,45,315,315,7
03/01/2023,GRA,ST007,QAR,PRK.1588,Acai Small,35,7070,7070,202
03/01/2023,GRA,ST007,QAR,PRK.1589,Acai Large,40,3640,3640,91
03/01/2023,GRA,ST007,QAR,PRK.1590,Peanut Choco Ice Cream,30,390,390,13
03/01/2023,GRA,ST007,QAR,PRK.1592,Watermelon Coolex,24,504,504,21
03/01/2023,GRA,ST007,QAR,PRK.1593,Tropicana,24,672,672,28
03/01/2023,GRA,ST007,QAR,PRK.1621,Orange loaf,12,492,492,41
03/01/2023,GRA,ST007,QAR,PRK.1623,Brownie flavour cookies,10,1150,1150,115
03/01/2023,GRA,ST007,QAR,PRK.1628,Brownie bites,13,481,481,37
03/01/2023,GRA,ST007,QAR,PRK.1632,Turkey cheese roll,19,703,703,37
03/01/2023,GRA,ST007,QAR,PRK.1633,Spinach feta roll,18,486,486,27
03/01/2023,GRA,ST007,QAR,PRK.1634,Madeleine,12,540,540,45
03/01/2023,GRA,ST007,QAR,PRK.1635,Poppy Lemon seeds,12,120,120,10
03/01/2023,GRA,ST007,QAR,PRK.1651,■PB & Jam sourdough bread,18,738,738,41
03/01/2023,GRA,ST007,QAR,PRK.1681,Salted Caramel Mocha,24,216,216,9
03/01/2023,GRA,ST007,QAR,PRK.1682,■Matcha Frappe,26,728,728,28
03/01/2023,GRA,ST007,QAR,PRK.1711,Pomegranate Pot,18,684,684,38
03/01/2023,GRA,ST007,QAR,PRK.1712,Mango Peach Muesli Pot,24,312,312,13
03/01/2023,GRA,ST007,QAR,PRK.1713,Overnight oats PB&Jam,25,850,850,34
03/01/2023,GRA,ST007,QAR,PRK.1741,Spicy Tuna sandwich,26,2236,2236,86
03/01/2023,GRA,ST007,QAR,PRK.1742,Three cheese,22,792,792,36
03/01/2023,GRA,ST007,QAR,PRK.1743,Falafel and Labna,25,575,575,23
03/01/2023,GRA,ST007,QAR,PRK.1747,BEEF BURGER,35,140,140,4
03/01/2023,GRA,ST007,QAR,PRK.1748,Chicken Shawarma,18,1350,1350,75
03/01/2023,GRA,ST007,QAR,PRK.1749,Tenderloin Beef Shawarma,22,660,660,30
03/01/2023,GRA,ST007,QAR,PRK.1752,Club sandwich,30,2400,2400,80
03/01/2023,GRA,ST007,QAR,PRK.1771,Pistachio Arabeshi,5,825,825,165
03/01/2023,GRA,ST007,QAR,PRK.1772,Fresh Raspberry,5,425,425,85
03/01/2023,GRA,ST007,QAR,PRK.1773,Fresh blueberry,5,425,425,85
03/01/2023,GRA,ST007,QAR,PRK.1774,Chocolate Flakes,5,290,290,58
03/01/2023,GRA,ST007,QAR,PRK.1775,Honey Comb,5,160,160,32
03/01/2023,GRA,ST007,QAR,PRK.1776,Milk Powder,3,6,6,2
03/01/2023,GRA,ST007,QAR,PRK.4503,Almond Milk,2,74,74,37
03/01/2023,GRA,ST007,QAR,PRK.4504,Soya Milk,2,14,14,7
03/01/2023,GRA,ST007,QAR,PRK.4516,Decaf,0,0,0,2
03/01/2023,GRA,ST007,QAR,PRK.4517,Vanilla Flavor,0,0,0,1
03/01/2023,GRA,ST007,QAR,PRK.4519,caramel flavor,0,0,0,1
03/01/2023,GRA,ST007,QAR,PRK.4521,Oat Milk,2,18,18,9
03/01/2023,GRA,ST007,QAR,PRK.4523,Coconut Milk,2,2,2,1
03/01/2023,GRA,ST007,QAR,PRK.4531,w/ Granola,0,0,0,70
03/01/2023,GRA,ST007,QAR,PRK.4533,w/ Pretzel,0,0,0,9
03/01/2023,GRA,ST007,QAR,PRK.4534,w/ Coconut Flakes,0,0,0,29
03/01/2023,GRA,ST007,QAR,PRK.4535,w/ Crispy Crepe,0,0,0,43
03/01/2023,GRA,ST007,QAR,PRK.4537,w/ Mixed Berries Sauce,0,0,0,15
03/01/2023,GRA,ST007,QAR,PRK.4541,w/ Strawberry,0,0,0,200
03/01/2023,GRA,ST007,QAR,PRK.4543,w/ Salted Caramel,0,0,0,13
03/01/2023,GRA,ST007,QAR,PRK.4544,w/ Pomegranate,0,0,0,133
03/01/2023,GRA,ST007,QAR,PRK.4545,w/ Dulce de leche,0,0,0,11
03/01/2023,GRA,ST007,QAR,PRK.4549,w/ Mango Sauce,0,0,0,27
03/01/2023,GRA,ST007,QAR,PRK.4550,w/ Mango,0,0,0,212
03/01/2023,GRA,ST007,QAR,PRK.4551,w/ Peanut Butter Sauce,0,0,0,4
03/01/2023,GRA,ST007,QAR,PRK.4552,w/ Crushed Grahams,0,0,0,13
03/01/2023,GRA,ST007,QAR,PRK.4556,w/ Fresh Pineapple,0,0,0,22
03/01/2023,GRA,ST007,QAR,PRK.4557,w/ Kiwi Fruit,0,0,0,8
03/01/2023,GRA,ST007,QAR,PRK.4558,w/ Lotus Biscuit,0,0,0,14
03/01/2023,GRA,ST007,QAR,PRK.4561,MIXED FROZEN YOGURT,0,0,0,63
03/01/2023,GRA,ST007,QAR,PRK.4562,MIXED MANGO YOGURT,0,0,0,6
