DATE,BRANCHCODE,WAREHOUSECODE,CURRENCY,ERPCODE,ITEMNAME,RAWPRICE,GROSSAMT,NETVALUE,QTYSOLD
06/01/2023,GRA,ST007,QAR,PRK.902,Granola,55,990,990,18
06/01/2023,GRA,ST007,QAR,PRK.903,Graze Spicy  Mix,55,110,110,2
06/01/2023,GRA,ST007,QAR,PRK.904,Graze House Mix,55,55,55,1
06/01/2023,GRA,ST007,QAR,PRK.907,Zaatar Chips,6,216,214.8,36
06/01/2023,GRA,ST007,QAR,PRK.909,Spicy Pesto Chips,6,222,222,37
06/01/2023,GRA,ST007,QAR,PRK.910,Graze Spicy Mix Sml,25,275,275,11
06/01/2023,GRA,ST007,QAR,PRK.911,Graze House Mix Sml,25,550,545,22
06/01/2023,GRA,ST007,QAR,PRK.937,Baby Mozzarella Salad,45,1485,1476,33
06/01/2023,GRA,ST007,QAR,PRK.938,4 Grain Salad with Beetro,55,1595,1584,29
06/01/2023,GRA,ST007,QAR,PRK.939,Steak Salad with Green Sa,55,3135,3036,57
06/01/2023,GRA,ST007,QAR,PRK.961,Extra cheese,5,10,10,2
06/01/2023,GRA,ST007,QAR,PRK.962,Extra flavor,3,6,5.4,2
06/01/2023,GRA,ST007,QAR,PRK.994,Crsnt w Egg/Avaca/ SunTom,24,1800,1795.2,75
06/01/2023,GRA,ST007,QAR,PRK.995,Egg Burrito,20,1500,1500,75
06/01/2023,GRA,ST007,QAR,PRK.996,Blueberry Granola parfait,25,1975,1970,79
06/01/2023,GRA,ST007,QAR,PRK.997,Yog Dates Chia Pista Alm,22,1034,1034,47
06/01/2023,GRA,ST007,QAR,PRK.1003,Cheese Croissant,16,304,304,19
06/01/2023,GRA,ST007,QAR,PRK.1007,Zatar Croissant,16,336,336,21
06/01/2023,GRA,ST007,QAR,PRK.1010,Tomato Puff Pastry,16,672,668.8,42
06/01/2023,GRA,ST007,QAR,PRK.1012,Three Berry Yogurt & Date,25,1100,1080,44
06/01/2023,GRA,ST007,QAR,PRK.1015,Kiri Cheese Danish,14,994,994,71
06/01/2023,GRA,ST007,QAR,PRK.1016,Plain Croissant,10,330,330,33
06/01/2023,GRA,ST007,QAR,PRK.1021,Shirazi Salad,12,504,501.6,42
06/01/2023,GRA,ST007,QAR,PRK.1023,Falafel Salad,45,2475,2466,55
06/01/2023,GRA,ST007,QAR,PRK.1024,Quinoa Swt potato Salad,40,1280,1280,32
06/01/2023,GRA,ST007,QAR,PRK.1027,Mex Chkn Chilli Bean Sld,40,2360,2312,59
06/01/2023,GRA,ST007,QAR,PRK.1031,Teriyaki GRAZE Salmn,55,5555,5555,101
06/01/2023,GRA,ST007,QAR,PRK.1039,Keto Chicken Salad,40,2240,2232,56
06/01/2023,GRA,ST007,QAR,PRK.1046,Greek Salad,30,1200,1182,40
06/01/2023,GRA,ST007,QAR,PRK.1048,Mexican  Caesar Salad chk,39,5031,5015.4,129
06/01/2023,GRA,ST007,QAR,PRK.1049,ROCCA SALAD,22,682,682,31
06/01/2023,GRA,ST007,QAR,PRK.1052,Smoke Turkey Sandwich,34,4182,4168.4,123
06/01/2023,GRA,ST007,QAR,PRK.1054,lemon&Rosemary Chkn,36,4824,4780.8,134
06/01/2023,GRA,ST007,QAR,PRK.1057,Steak & Philly Chz SW,32,2464,2435.2,77
06/01/2023,GRA,ST007,QAR,PRK.1063,Egg Mayo with Rocket,20,600,596,30
06/01/2023,GRA,ST007,QAR,PRK.1068,Crispy Chicken Bun,24,408,398.4,17
06/01/2023,GRA,ST007,QAR,PRK.1075,Avocado Toast,40,960,952,24
06/01/2023,GRA,ST007,QAR,PRK.1077,Spicy Halloumi,38,1786,1770.8,47
06/01/2023,GRA,ST007,QAR,PRK.1078,Graze Breakfast (egg box),32,1024,1024,32
06/01/2023,GRA,ST007,QAR,PRK.1083,Chkn Soup,19,1064,1064,56
06/01/2023,GRA,ST007,QAR,PRK.1087,Lentil Soup,20,1320,1296,66
06/01/2023,GRA,ST007,QAR,PRK.1089,Vegetable soup,16,544,544,34
06/01/2023,GRA,ST007,QAR,PRK.1113,Chkn Katsu Curry,45,4545,4518,101
06/01/2023,GRA,ST007,QAR,PRK.1115,Mushroom Pasta,40,2960,2960,74
06/01/2023,GRA,ST007,QAR,PRK.1119,Chicken Biryani,45,8550,8311.5,190
06/01/2023,GRA,ST007,QAR,PRK.1121,Chinese Sesame Chicken,40,6200,5948,155
06/01/2023,GRA,ST007,QAR,PRK.1127,Rock Shrimp,45,3735,3681,83
06/01/2023,GRA,ST007,QAR,PRK.1133,Lamb  Kabsa,45,5085,5040,113
06/01/2023,GRA,ST007,QAR,PRK.1140,Chicken Curry & Saffron r,43,4386,4334.4,102
06/01/2023,GRA,ST007,QAR,PRK.1141,CRAB BOWL,28,280,280,10
06/01/2023,GRA,ST007,QAR,PRK.1145,Yoghurt & Cucumber dip,12,420,420,35
06/01/2023,GRA,ST007,QAR,PRK.1146,Spicy Guacamole Pot,13,650,647.4,50
06/01/2023,GRA,ST007,QAR,PRK.1149,Edamame Pot,12,744,741.6,62
06/01/2023,GRA,ST007,QAR,PRK.1159,Greek Tabbouleh,20,1100,1080,55
06/01/2023,GRA,ST007,QAR,PRK.1160,Egg pot,16,64,64,4
06/01/2023,GRA,ST007,QAR,PRK.1173,Choco Chia Energy Ball,30,1350,1350,45
06/01/2023,GRA,ST007,QAR,PRK.1175,Pecan Bars,14,350,350,25
06/01/2023,GRA,ST007,QAR,PRK.1177,Carrot Cake,15,390,387,26
06/01/2023,GRA,ST007,QAR,PRK.1181,Green Apple,2,58,57,29
06/01/2023,GRA,ST007,QAR,PRK.1182,Red Apple,2,64,64,32
06/01/2023,GRA,ST007,QAR,PRK.1183,Bannana,2,328,326.8,164
06/01/2023,GRA,ST007,QAR,PRK.1184,Watermelon,18,1584,1573.2,88
06/01/2023,GRA,ST007,QAR,PRK.1185,Pineapplemix,18,1026,1022.4,57
06/01/2023,GRA,ST007,QAR,PRK.1186,Mixed Berries,22,2244,2226.4,102
06/01/2023,GRA,ST007,QAR,PRK.1194,Lotus Cheesecake,15,660,660,44
06/01/2023,GRA,ST007,QAR,PRK.1196,Chia Blueberry Yodurt,24,696,686.4,29
06/01/2023,GRA,ST007,QAR,PRK.1201,Iced Flat White,18,414,414,23
06/01/2023,GRA,ST007,QAR,PRK.1203,Iced Spanish Latte,20,1540,1536,77
06/01/2023,GRA,ST007,QAR,PRK.1204,Iced Latte,18,630,630,35
06/01/2023,GRA,ST007,QAR,PRK.1205,Iced Americano,15,1140,1137,76
06/01/2023,GRA,ST007,QAR,PRK.1234,Pepperoni Pizza small,40,560,552,14
06/01/2023,GRA,ST007,QAR,PRK.1235,Margherita Pizza small,30,390,390,13
06/01/2023,GRA,ST007,QAR,PRK.1236,BBQ chicken Pizza small,35,770,770,22
06/01/2023,GRA,ST007,QAR,PRK.1262,Highland Still,5,1185,1163,237
06/01/2023,GRA,ST007,QAR,PRK.1265,Perrier Sparkling,9,522,520.2,58
06/01/2023,GRA,ST007,QAR,PRK.1291,Coke,5,300,297,60
06/01/2023,GRA,ST007,QAR,PRK.1292,Diet Coke,5,635,632,127
06/01/2023,GRA,ST007,QAR,PRK.1321,Mini Cup /Pina Colada,14,1512,1475.6,108
06/01/2023,GRA,ST007,QAR,PRK.1322,Regular Cup / Pina Colada,21,546,541.8,26
06/01/2023,GRA,ST007,QAR,PRK.1323,Large cup /Pina Colada,23,322,317.4,14
06/01/2023,GRA,ST007,QAR,PRK.1324,Mini Pina Colada/Topping,18,612,612,34
06/01/2023,GRA,ST007,QAR,PRK.1325,Regular Pina Colada/Toppi,26,1196,1196,46
06/01/2023,GRA,ST007,QAR,PRK.1326,Large Pina Colada/Topping,30,120,120,4
06/01/2023,GRA,ST007,QAR,PRK.1333,Stay Home w/Graze M 6 X1,130,130,130,1
06/01/2023,GRA,ST007,QAR,PRK.1334,Stay Home w/Graze M12 X1,240,240,240,1
06/01/2023,GRA,ST007,QAR,PRK.1335,Cool Box,15,30,30,2
06/01/2023,GRA,ST007,QAR,PRK.1351,Espresso Single,12,276,252,23
06/01/2023,GRA,ST007,QAR,PRK.1352,Macchiato,18,54,54,3
06/01/2023,GRA,ST007,QAR,PRK.1353,Americano Hot,15,1155,1155,77
06/01/2023,GRA,ST007,QAR,PRK.1354,Flat White Hot,18,990,979.2,55
06/01/2023,GRA,ST007,QAR,PRK.1355,Cappucino,18,1836,1832.4,102
06/01/2023,GRA,ST007,QAR,PRK.1356,Cortado,18,522,522,29
06/01/2023,GRA,ST007,QAR,PRK.1358,Spanish Latte,20,1600,1596,80
06/01/2023,GRA,ST007,QAR,PRK.1359,Classic Mocha,25,150,150,6
06/01/2023,GRA,ST007,QAR,PRK.1360,Slated Caramel Mocha,25,75,75,3
06/01/2023,GRA,ST007,QAR,PRK.1362,Double Espresso,14,168,165.2,12
06/01/2023,GRA,ST007,QAR,PRK.1363,Latte Hot,18,1044,1040.4,58
06/01/2023,GRA,ST007,QAR,PRK.1366,Earl Grey,12,24,24,2
06/01/2023,GRA,ST007,QAR,PRK.1368,Lemon Grass/ Ginger,12,24,24,2
06/01/2023,GRA,ST007,QAR,PRK.1369,Jasmine,12,24,24,2
06/01/2023,GRA,ST007,QAR,PRK.1372,Hot Cocoa,24,144,144,6
06/01/2023,GRA,ST007,QAR,PRK.1374,Peach Iced Tea,18,414,410.4,23
06/01/2023,GRA,ST007,QAR,PRK.1375,Matcha Latte,25,525,525,21
06/01/2023,GRA,ST007,QAR,PRK.1376,Cinnamon Latte,25,150,150,6
06/01/2023,GRA,ST007,QAR,PRK.1386,Orange Juice,22,3036,3009.6,138
06/01/2023,GRA,ST007,QAR,PRK.1387,Carrot Juice,22,594,594,27
06/01/2023,GRA,ST007,QAR,PRK.1390,Morning Boost,24,1344,1344,56
06/01/2023,GRA,ST007,QAR,PRK.1392,Immune Boost,22,1386,1386,63
06/01/2023,GRA,ST007,QAR,PRK.1396,Ginger Aid Shot,18,2394,2383.2,133
06/01/2023,GRA,ST007,QAR,PRK.1402,Laban Drink,18,558,550.8,31
06/01/2023,GRA,ST007,QAR,PRK.1404,Green Boost Juice,24,1176,1171.2,49
06/01/2023,GRA,ST007,QAR,PRK.1406,Beetroot & Apple Juice,20,1340,1336,67
06/01/2023,GRA,ST007,QAR,PRK.1409,Turmeric wellness shot,16,1024,1017.6,64
06/01/2023,GRA,ST007,QAR,PRK.1412, Mini Cup Yogurt,14,3220,3180.8,230
06/01/2023,GRA,ST007,QAR,PRK.1413,Regular Cup Yogurt,21,2226,2217.6,106
06/01/2023,GRA,ST007,QAR,PRK.1416,Large Cup Yogurt,23,1058,1053.4,46
06/01/2023,GRA,ST007,QAR,PRK.1418, Mini Cup Yogurt/Topping,18,2952,2847.6,164
06/01/2023,GRA,ST007,QAR,PRK.1419,Reg Cup Yogurt/Toping,26,3120,3042,120
06/01/2023,GRA,ST007,QAR,PRK.1422,Large Cup Yogurt/Topping,30,1050,1038,35
06/01/2023,GRA,ST007,QAR,PRK.1429,Mini Mango Ice Cream,14,6818,6767.6,487
06/01/2023,GRA,ST007,QAR,PRK.1430,Regular Mango Ice Cream,21,5754,5728.8,274
06/01/2023,GRA,ST007,QAR,PRK.1431,Large Mango Ice Cream,23,3036,3026.8,132
06/01/2023,GRA,ST007,QAR,PRK.1432,Mini Mango Ice Cream/Topp,18,5382,5328,299
06/01/2023,GRA,ST007,QAR,PRK.1433,Reg Mango Ice cream/Topp,26,5824,5740.8,224
06/01/2023,GRA,ST007,QAR,PRK.1434,Large Mango Ice Cream/Top,30,2220,2196,74
06/01/2023,GRA,ST007,QAR,PRK.1464,Fresh Pineapple,3,24,24,8
06/01/2023,GRA,ST007,QAR,PRK.1469,Kiwi Fruit,3,45,44.4,15
06/01/2023,GRA,ST007,QAR,PRK.1470,Lotus Biscuit,3,18,18,6
06/01/2023,GRA,ST007,QAR,PRK.1474,Spaghetti Bolognese,45,2430,2412,54
06/01/2023,GRA,ST007,QAR,PRK.1475,Salmon with Cilantro Rice,65,3315,3250,51
06/01/2023,GRA,ST007,QAR,PRK.1476,Chicken Noodle Bowl,40,1480,1464,37
06/01/2023,GRA,ST007,QAR,PRK.1477,BBQ Steak,45,2070,2034,46
06/01/2023,GRA,ST007,QAR,PRK.1478,Rib eye Steak with Vegeta,55,3080,3080,56
06/01/2023,GRA,ST007,QAR,PRK.1479,Lasagne Pasta,45,1980,1935,44
06/01/2023,GRA,ST007,QAR,PRK.1480,Steak cajun potato,50,4050,4020,81
06/01/2023,GRA,ST007,QAR,PRK.1501,pomegranate,3,231,229.2,77
06/01/2023,GRA,ST007,QAR,PRK.1502,Strawberry,3,171,169.8,57
06/01/2023,GRA,ST007,QAR,PRK.1505,Salted Caramel,3,24,23.4,8
06/01/2023,GRA,ST007,QAR,PRK.1506,Pretzel,3,12,12,4
06/01/2023,GRA,ST007,QAR,PRK.1507,Crispy Crepe,3,84,84,28
06/01/2023,GRA,ST007,QAR,PRK.1508,Granola,3,144,143.4,48
06/01/2023,GRA,ST007,QAR,PRK.1509,Coconut Flakes,3,120,118.8,40
06/01/2023,GRA,ST007,QAR,PRK.1510,Crushed Graham,3,36,36,12
06/01/2023,GRA,ST007,QAR,PRK.1514,Dulce de Leche,3,12,12,4
06/01/2023,GRA,ST007,QAR,PRK.1520,Mixed Berries Sauce,3,42,42,14
06/01/2023,GRA,ST007,QAR,PRK.1521,Mango Sauce,3,30,30,10
06/01/2023,GRA,ST007,QAR,PRK.1523,Peanut Butter Sauce,3,24,24,8
06/01/2023,GRA,ST007,QAR,PRK.1527,Mango,3,237,237,79
06/01/2023,GRA,ST007,QAR,PRK.1531,Power Shake,35,1680,1680,48
06/01/2023,GRA,ST007,QAR,PRK.1532,Peanut Power Shake,35,1190,1190,34
06/01/2023,GRA,ST007,QAR,PRK.1534,Choco Power Shake,35,350,350,10
06/01/2023,GRA,ST007,QAR,PRK.1536,Energizer protine Shakes,45,1890,1890,42
06/01/2023,GRA,ST007,QAR,PRK.1540,Energizer shakes,35,770,770,22
06/01/2023,GRA,ST007,QAR,PRK.1545,14oz Energizer protine,40,840,832,21
06/01/2023,GRA,ST007,QAR,PRK.1548,14oz Energizer shakes,30,90,90,3
06/01/2023,GRA,ST007,QAR,PRK.1550,Extra Protein,10,190,190,19
06/01/2023,GRA,ST007,QAR,PRK.1587,Supersize,45,495,481.5,11
06/01/2023,GRA,ST007,QAR,PRK.1588,Acai Small,35,6825,6797,195
06/01/2023,GRA,ST007,QAR,PRK.1589,Acai Large,40,3320,3304,83
06/01/2023,GRA,ST007,QAR,PRK.1592,Watermelon Coolex,24,960,950.4,40
06/01/2023,GRA,ST007,QAR,PRK.1593,Tropicana,24,744,720,31
06/01/2023,GRA,ST007,QAR,PRK.1621,Orange loaf,12,564,561.6,47
06/01/2023,GRA,ST007,QAR,PRK.1623,Brownie flavour cookies,10,710,710,71
06/01/2023,GRA,ST007,QAR,PRK.1628,Brownie bites,13,663,663,51
06/01/2023,GRA,ST007,QAR,PRK.1632,Turkey cheese roll,19,703,703,37
06/01/2023,GRA,ST007,QAR,PRK.1633,Spinach feta roll,18,504,504,28
06/01/2023,GRA,ST007,QAR,PRK.1634,Madeleine,12,912,907.2,76
06/01/2023,GRA,ST007,QAR,PRK.1651,■PB & Jam sourdough bread,18,702,702,39
06/01/2023,GRA,ST007,QAR,PRK.1681,Salted Caramel Mocha,24,216,216,9
06/01/2023,GRA,ST007,QAR,PRK.1682,■Matcha Frappe,26,1456,1450.8,56
06/01/2023,GRA,ST007,QAR,PRK.1711,Pomegranate Pot,18,720,720,40
06/01/2023,GRA,ST007,QAR,PRK.1712,Mango Peach Muesli Pot,24,384,384,16
06/01/2023,GRA,ST007,QAR,PRK.1713,Overnight oats PB&Jam,25,700,700,28
06/01/2023,GRA,ST007,QAR,PRK.1741,Spicy Tuna sandwich,26,2288,2277.6,88
06/01/2023,GRA,ST007,QAR,PRK.1742,Three cheese,22,990,981.2,45
06/01/2023,GRA,ST007,QAR,PRK.1743,Falafel and Labna,25,750,740,30
06/01/2023,GRA,ST007,QAR,PRK.1747,BEEF BURGER,35,490,483,14
06/01/2023,GRA,ST007,QAR,PRK.1748,Chicken Shawarma,18,1638,1638,91
06/01/2023,GRA,ST007,QAR,PRK.1749,Tenderloin Beef Shawarma,22,902,902,41
06/01/2023,GRA,ST007,QAR,PRK.1752,Club sandwich,30,2460,2442,82
06/01/2023,GRA,ST007,QAR,PRK.1753,Slider Chicken Burger,38,2090,2067.2,55
06/01/2023,GRA,ST007,QAR,PRK.1754,Slider Beef Burger,39,546,538.2,14
06/01/2023,GRA,ST007,QAR,PRK.1771,Pistachio Arabeshi,5,1150,1134,230
06/01/2023,GRA,ST007,QAR,PRK.1772,Fresh Raspberry,5,705,692,141
06/01/2023,GRA,ST007,QAR,PRK.1773,Fresh blueberry,5,560,547,112
06/01/2023,GRA,ST007,QAR,PRK.1774,Chocolate Flakes,5,425,406,85
06/01/2023,GRA,ST007,QAR,PRK.1775,Honey Comb,5,250,249,50
06/01/2023,GRA,ST007,QAR,PRK.1776,Milk Powder,3,9,9,3
06/01/2023,GRA,ST007,QAR,PRK.4501,Full Fat Milk,0,0,0,1
06/01/2023,GRA,ST007,QAR,PRK.4502,Low Fat Milk,0,0,0,1
06/01/2023,GRA,ST007,QAR,PRK.4503,Almond Milk,2,152,151.6,76
06/01/2023,GRA,ST007,QAR,PRK.4504,Soya Milk,2,24,24,12
06/01/2023,GRA,ST007,QAR,PRK.4516,Decaf,0,0,0,2
06/01/2023,GRA,ST007,QAR,PRK.4519,caramel flavor,0,0,0,1
06/01/2023,GRA,ST007,QAR,PRK.4521,Oat Milk,2,6,6,3
06/01/2023,GRA,ST007,QAR,PRK.4523,Coconut Milk,2,12,12,6
06/01/2023,GRA,ST007,QAR,PRK.4531,w/ Granola,0,0,0,51
06/01/2023,GRA,ST007,QAR,PRK.4533,w/ Pretzel,0,0,0,7
06/01/2023,GRA,ST007,QAR,PRK.4534,w/ Coconut Flakes,0,0,0,36
06/01/2023,GRA,ST007,QAR,PRK.4535,w/ Crispy Crepe,0,0,0,76
06/01/2023,GRA,ST007,QAR,PRK.4537,w/ Mixed Berries Sauce,0,0,0,67
06/01/2023,GRA,ST007,QAR,PRK.4541,w/ Strawberry,0,0,0,191
06/01/2023,GRA,ST007,QAR,PRK.4543,w/ Salted Caramel,0,0,0,17
06/01/2023,GRA,ST007,QAR,PRK.4544,w/ Pomegranate,0,0,0,167
06/01/2023,GRA,ST007,QAR,PRK.4545,w/ Dulce de leche,0,0,0,8
06/01/2023,GRA,ST007,QAR,PRK.4549,w/ Mango Sauce,0,0,0,41
06/01/2023,GRA,ST007,QAR,PRK.4550,w/ Mango,0,0,0,262
06/01/2023,GRA,ST007,QAR,PRK.4551,w/ Peanut Butter Sauce,0,0,0,17
06/01/2023,GRA,ST007,QAR,PRK.4552,w/ Crushed Grahams,0,0,0,16
06/01/2023,GRA,ST007,QAR,PRK.4556,w/ Fresh Pineapple,0,0,0,19
06/01/2023,GRA,ST007,QAR,PRK.4557,w/ Kiwi Fruit,0,0,0,6
06/01/2023,GRA,ST007,QAR,PRK.4558,w/ Lotus Biscuit,0,0,0,25
06/01/2023,GRA,ST007,QAR,PRK.4561,MIXED FROZEN YOGURT,0,0,0,30
06/01/2023,GRA,ST007,QAR,PRK.4562,MIXED MANGO YOGURT,0,0,0,28
