DATE,BRANCHCODE,WAREHOUSECODE,CURRENCY,ERPCODE,ITEMNAME,RAWPRICE,GROSSAMT,NETVALUE,QTYSOLD
05/01/2023,GRA,ST007,QAR,PRK.902,Granola,55,2640,2640,48
05/01/2023,GRA,ST007,QAR,PRK.903,Graze Spicy  Mix,55,55,55,1
05/01/2023,GRA,ST007,QAR,PRK.904,Graze House Mix,55,55,55,1
05/01/2023,GRA,ST007,QAR,PRK.907,Zaatar Chips,6,180,180,30
05/01/2023,GRA,ST007,QAR,PRK.909,Spicy Pesto Chips,6,174,174,29
05/01/2023,GRA,ST007,QAR,PRK.910,Graze Spicy Mix Sml,25,350,350,14
05/01/2023,GRA,ST007,QAR,PRK.911,Graze House Mix Sml,25,475,475,19
05/01/2023,GRA,ST007,QAR,PRK.937,Baby Mozzarella Salad,45,1485,1485,33
05/01/2023,GRA,ST007,QAR,PRK.938,4 Grain Salad with Beetro,55,1540,1540,28
05/01/2023,GRA,ST007,QAR,PRK.939,Steak Salad with Green Sa,55,2750,2750,50
05/01/2023,GRA,ST007,QAR,PRK.961,Extra cheese,5,15,15,3
05/01/2023,GRA,ST007,QAR,PRK.962,Extra flavor,3,6,6,2
05/01/2023,GRA,ST007,QAR,PRK.994,Crsnt w Egg/Avaca/ SunTom,24,2016,2016,84
05/01/2023,GRA,ST007,QAR,PRK.995,Egg Burrito,20,1440,1440,72
05/01/2023,GRA,ST007,QAR,PRK.996,Blueberry Granola parfait,25,2150,2150,86
05/01/2023,GRA,ST007,QAR,PRK.997,Yog Dates Chia Pista Alm,22,1408,1408,64
05/01/2023,GRA,ST007,QAR,PRK.1003,Cheese Croissant,16,128,128,8
05/01/2023,GRA,ST007,QAR,PRK.1007,Zatar Croissant,16,336,336,21
05/01/2023,GRA,ST007,QAR,PRK.1010,Tomato Puff Pastry,16,608,608,38
05/01/2023,GRA,ST007,QAR,PRK.1012,Three Berry Yogurt & Date,25,1000,1000,40
05/01/2023,GRA,ST007,QAR,PRK.1015,Kiri Cheese Danish,14,742,742,53
05/01/2023,GRA,ST007,QAR,PRK.1016,Plain Croissant,10,480,480,48
05/01/2023,GRA,ST007,QAR,PRK.1021,Shirazi Salad,12,708,708,59
05/01/2023,GRA,ST007,QAR,PRK.1023,Falafel Salad,45,1935,1935,43
05/01/2023,GRA,ST007,QAR,PRK.1024,Quinoa Swt potato Salad,40,1200,1200,30
05/01/2023,GRA,ST007,QAR,PRK.1027,Mex Chkn Chilli Bean Sld,40,3080,3080,77
05/01/2023,GRA,ST007,QAR,PRK.1031,Teriyaki GRAZE Salmn,55,5335,5335,97
05/01/2023,GRA,ST007,QAR,PRK.1039,Keto Chicken Salad,40,2160,2160,54
05/01/2023,GRA,ST007,QAR,PRK.1046,Greek Salad,30,1170,1170,39
05/01/2023,GRA,ST007,QAR,PRK.1048,Mexican  Caesar Salad chk,39,5811,5811,149
05/01/2023,GRA,ST007,QAR,PRK.1049,ROCCA SALAD,22,792,792,36
05/01/2023,GRA,ST007,QAR,PRK.1052,Smoke Turkey Sandwich,34,3196,3196,94
05/01/2023,GRA,ST007,QAR,PRK.1054,lemon&Rosemary Chkn,36,5112,5112,142
05/01/2023,GRA,ST007,QAR,PRK.1057,Steak & Philly Chz SW,32,2144,2144,67
05/01/2023,GRA,ST007,QAR,PRK.1063,Egg Mayo with Rocket,20,700,700,35
05/01/2023,GRA,ST007,QAR,PRK.1068,Crispy Chicken Bun,24,1368,1368,57
05/01/2023,GRA,ST007,QAR,PRK.1075,Avocado Toast,40,720,720,18
05/01/2023,GRA,ST007,QAR,PRK.1077,Spicy Halloumi,38,1444,1444,38
05/01/2023,GRA,ST007,QAR,PRK.1078,Graze Breakfast (egg box),32,864,864,27
05/01/2023,GRA,ST007,QAR,PRK.1083,Chkn Soup,19,1273,1273,67
05/01/2023,GRA,ST007,QAR,PRK.1087,Lentil Soup,20,1220,1220,61
05/01/2023,GRA,ST007,QAR,PRK.1089,Vegetable soup,16,416,416,26
05/01/2023,GRA,ST007,QAR,PRK.1090,Tom kha soup,28,112,112,4
05/01/2023,GRA,ST007,QAR,PRK.1113,Chkn Katsu Curry,45,4950,4950,110
05/01/2023,GRA,ST007,QAR,PRK.1115,Mushroom Pasta,40,2840,2840,71
05/01/2023,GRA,ST007,QAR,PRK.1119,Chicken Biryani,45,9540,8851.5,212
05/01/2023,GRA,ST007,QAR,PRK.1121,Chinese Sesame Chicken,40,7080,6408,177
05/01/2023,GRA,ST007,QAR,PRK.1127,Rock Shrimp,45,3600,3600,80
05/01/2023,GRA,ST007,QAR,PRK.1133,Lamb  Kabsa,45,4635,4635,103
05/01/2023,GRA,ST007,QAR,PRK.1140,Chicken Curry & Saffron r,43,4171,4171,97
05/01/2023,GRA,ST007,QAR,PRK.1141,CRAB BOWL,28,308,308,11
05/01/2023,GRA,ST007,QAR,PRK.1145,Yoghurt & Cucumber dip,12,360,360,30
05/01/2023,GRA,ST007,QAR,PRK.1146,Spicy Guacamole Pot,13,494,494,38
05/01/2023,GRA,ST007,QAR,PRK.1149,Edamame Pot,12,720,720,60
05/01/2023,GRA,ST007,QAR,PRK.1159,Greek Tabbouleh,20,1420,1420,71
05/01/2023,GRA,ST007,QAR,PRK.1160,Egg pot,16,96,96,6
05/01/2023,GRA,ST007,QAR,PRK.1173,Choco Chia Energy Ball,30,1710,1710,57
05/01/2023,GRA,ST007,QAR,PRK.1175,Pecan Bars,14,490,490,35
05/01/2023,GRA,ST007,QAR,PRK.1177,Carrot Cake,15,615,615,41
05/01/2023,GRA,ST007,QAR,PRK.1181,Green Apple,2,48,48,24
05/01/2023,GRA,ST007,QAR,PRK.1182,Red Apple,2,38,38,19
05/01/2023,GRA,ST007,QAR,PRK.1183,Bannana,2,354,354,177
05/01/2023,GRA,ST007,QAR,PRK.1184,Watermelon,18,1260,1260,70
05/01/2023,GRA,ST007,QAR,PRK.1185,Pineapplemix,18,972,972,54
05/01/2023,GRA,ST007,QAR,PRK.1186,Mixed Berries,22,1980,1980,90
05/01/2023,GRA,ST007,QAR,PRK.1194,Lotus Cheesecake,15,750,750,50
05/01/2023,GRA,ST007,QAR,PRK.1196,Chia Blueberry Yodurt,24,672,672,28
05/01/2023,GRA,ST007,QAR,PRK.1201,Iced Flat White,18,270,270,15
05/01/2023,GRA,ST007,QAR,PRK.1203,Iced Spanish Latte,20,1620,1620,81
05/01/2023,GRA,ST007,QAR,PRK.1204,Iced Latte,18,702,702,39
05/01/2023,GRA,ST007,QAR,PRK.1205,Iced Americano,15,1260,1260,84
05/01/2023,GRA,ST007,QAR,PRK.1234,Pepperoni Pizza small,40,480,480,12
05/01/2023,GRA,ST007,QAR,PRK.1235,Margherita Pizza small,30,360,360,12
05/01/2023,GRA,ST007,QAR,PRK.1236,BBQ chicken Pizza small,35,560,560,16
05/01/2023,GRA,ST007,QAR,PRK.1262,Highland Still,5,1080,1080,216
05/01/2023,GRA,ST007,QAR,PRK.1265,Perrier Sparkling,9,270,270,30
05/01/2023,GRA,ST007,QAR,PRK.1291,Coke,5,320,320,64
05/01/2023,GRA,ST007,QAR,PRK.1292,Diet Coke,5,615,615,123
05/01/2023,GRA,ST007,QAR,PRK.1321,Mini Cup /Pina Colada,14,686,686,49
05/01/2023,GRA,ST007,QAR,PRK.1322,Regular Cup / Pina Colada,21,672,672,32
05/01/2023,GRA,ST007,QAR,PRK.1323,Large cup /Pina Colada,23,138,138,6
05/01/2023,GRA,ST007,QAR,PRK.1324,Mini Pina Colada/Topping,18,360,360,20
05/01/2023,GRA,ST007,QAR,PRK.1325,Regular Pina Colada/Toppi,26,442,442,17
05/01/2023,GRA,ST007,QAR,PRK.1326,Large Pina Colada/Topping,30,90,90,3
05/01/2023,GRA,ST007,QAR,PRK.1329,Stay Home w/ Graze L 8 X1,250,250,250,1
05/01/2023,GRA,ST007,QAR,PRK.1333,Stay Home w/Graze M 6 X1,130,260,260,2
05/01/2023,GRA,ST007,QAR,PRK.1334,Stay Home w/Graze M12 X1,240,240,240,1
05/01/2023,GRA,ST007,QAR,PRK.1335,Cool Box,15,30,30,2
05/01/2023,GRA,ST007,QAR,PRK.1351,Espresso Single,12,276,276,23
05/01/2023,GRA,ST007,QAR,PRK.1353,Americano Hot,15,1635,1635,109
05/01/2023,GRA,ST007,QAR,PRK.1354,Flat White Hot,18,1674,1674,93
05/01/2023,GRA,ST007,QAR,PRK.1355,Cappucino,18,2394,2394,133
05/01/2023,GRA,ST007,QAR,PRK.1356,Cortado,18,522,522,29
05/01/2023,GRA,ST007,QAR,PRK.1358,Spanish Latte,20,1900,1900,95
05/01/2023,GRA,ST007,QAR,PRK.1359,Classic Mocha,25,150,150,6
05/01/2023,GRA,ST007,QAR,PRK.1360,Slated Caramel Mocha,25,325,325,13
05/01/2023,GRA,ST007,QAR,PRK.1362,Double Espresso,14,266,266,19
05/01/2023,GRA,ST007,QAR,PRK.1363,Latte Hot,18,1134,1134,63
05/01/2023,GRA,ST007,QAR,PRK.1364,English B/F,12,288,288,24
05/01/2023,GRA,ST007,QAR,PRK.1365,Green Tea,12,84,84,7
05/01/2023,GRA,ST007,QAR,PRK.1366,Earl Grey,12,12,12,1
05/01/2023,GRA,ST007,QAR,PRK.1368,Lemon Grass/ Ginger,12,72,72,6
05/01/2023,GRA,ST007,QAR,PRK.1369,Jasmine,12,36,36,3
05/01/2023,GRA,ST007,QAR,PRK.1372,Hot Cocoa,24,144,144,6
05/01/2023,GRA,ST007,QAR,PRK.1374,Peach Iced Tea,18,450,450,25
05/01/2023,GRA,ST007,QAR,PRK.1375,Matcha Latte,25,600,600,24
05/01/2023,GRA,ST007,QAR,PRK.1386,Orange Juice,22,2926,2926,133
05/01/2023,GRA,ST007,QAR,PRK.1387,Carrot Juice,22,418,418,19
05/01/2023,GRA,ST007,QAR,PRK.1390,Morning Boost,24,1104,1104,46
05/01/2023,GRA,ST007,QAR,PRK.1392,Immune Boost,22,1166,1166,53
05/01/2023,GRA,ST007,QAR,PRK.1396,Ginger Aid Shot,18,1674,1674,93
05/01/2023,GRA,ST007,QAR,PRK.1402,Laban Drink,18,486,486,27
05/01/2023,GRA,ST007,QAR,PRK.1404,Green Boost Juice,24,1176,1176,49
05/01/2023,GRA,ST007,QAR,PRK.1406,Beetroot & Apple Juice,20,1300,1300,65
05/01/2023,GRA,ST007,QAR,PRK.1409,Turmeric wellness shot,16,864,864,54
05/01/2023,GRA,ST007,QAR,PRK.1412, Mini Cup Yogurt,14,3458,3458,247
05/01/2023,GRA,ST007,QAR,PRK.1413,Regular Cup Yogurt,21,2415,2415,115
05/01/2023,GRA,ST007,QAR,PRK.1416,Large Cup Yogurt,23,529,529,23
05/01/2023,GRA,ST007,QAR,PRK.1418, Mini Cup Yogurt/Topping,18,1890,1890,105
05/01/2023,GRA,ST007,QAR,PRK.1419,Reg Cup Yogurt/Toping,26,3068,3068,118
05/01/2023,GRA,ST007,QAR,PRK.1422,Large Cup Yogurt/Topping,30,750,750,25
05/01/2023,GRA,ST007,QAR,PRK.1429,Mini Mango Ice Cream,14,6272,6272,448
05/01/2023,GRA,ST007,QAR,PRK.1430,Regular Mango Ice Cream,21,5124,5124,244
05/01/2023,GRA,ST007,QAR,PRK.1431,Large Mango Ice Cream,23,2806,2806,122
05/01/2023,GRA,ST007,QAR,PRK.1432,Mini Mango Ice Cream/Topp,18,3978,3978,221
05/01/2023,GRA,ST007,QAR,PRK.1433,Reg Mango Ice cream/Topp,26,4368,4368,168
05/01/2023,GRA,ST007,QAR,PRK.1434,Large Mango Ice Cream/Top,30,1170,1170,39
05/01/2023,GRA,ST007,QAR,PRK.1469,Kiwi Fruit,3,33,33,11
05/01/2023,GRA,ST007,QAR,PRK.1470,Lotus Biscuit,3,21,21,7
05/01/2023,GRA,ST007,QAR,PRK.1474,Spaghetti Bolognese,45,2745,2745,61
05/01/2023,GRA,ST007,QAR,PRK.1475,Salmon with Cilantro Rice,65,4420,4420,68
05/01/2023,GRA,ST007,QAR,PRK.1476,Chicken Noodle Bowl,40,1080,1080,27
05/01/2023,GRA,ST007,QAR,PRK.1477,BBQ Steak,45,2430,2430,54
05/01/2023,GRA,ST007,QAR,PRK.1478,Rib eye Steak with Vegeta,55,3245,3245,59
05/01/2023,GRA,ST007,QAR,PRK.1479,Lasagne Pasta,45,1620,1620,36
05/01/2023,GRA,ST007,QAR,PRK.1480,Steak cajun potato,50,3650,3650,73
05/01/2023,GRA,ST007,QAR,PRK.1501,pomegranate,3,300,300,100
05/01/2023,GRA,ST007,QAR,PRK.1502,Strawberry,3,228,228,76
05/01/2023,GRA,ST007,QAR,PRK.1505,Salted Caramel,3,45,45,15
05/01/2023,GRA,ST007,QAR,PRK.1506,Pretzel,3,57,57,19
05/01/2023,GRA,ST007,QAR,PRK.1507,Crispy Crepe,3,129,129,43
05/01/2023,GRA,ST007,QAR,PRK.1508,Granola,3,162,162,54
05/01/2023,GRA,ST007,QAR,PRK.1509,Coconut Flakes,3,129,129,43
05/01/2023,GRA,ST007,QAR,PRK.1510,Crushed Graham,3,21,21,7
05/01/2023,GRA,ST007,QAR,PRK.1514,Dulce de Leche,3,6,6,2
05/01/2023,GRA,ST007,QAR,PRK.1520,Mixed Berries Sauce,3,24,24,8
05/01/2023,GRA,ST007,QAR,PRK.1521,Mango Sauce,3,12,12,4
05/01/2023,GRA,ST007,QAR,PRK.1523,Peanut Butter Sauce,3,24,24,8
05/01/2023,GRA,ST007,QAR,PRK.1527,Mango,3,297,297,99
05/01/2023,GRA,ST007,QAR,PRK.1531,Power Shake,35,910,910,26
05/01/2023,GRA,ST007,QAR,PRK.1532,Peanut Power Shake,35,980,980,28
05/01/2023,GRA,ST007,QAR,PRK.1534,Choco Power Shake,35,175,175,5
05/01/2023,GRA,ST007,QAR,PRK.1536,Energizer protine Shakes,45,1035,1035,23
05/01/2023,GRA,ST007,QAR,PRK.1540,Energizer shakes,35,805,805,23
05/01/2023,GRA,ST007,QAR,PRK.1545,14oz Energizer protine,40,520,520,13
05/01/2023,GRA,ST007,QAR,PRK.1548,14oz Energizer shakes,30,180,180,6
05/01/2023,GRA,ST007,QAR,PRK.1550,Extra Protein,10,70,70,7
05/01/2023,GRA,ST007,QAR,PRK.1587,Supersize,45,585,544.5,13
05/01/2023,GRA,ST007,QAR,PRK.1588,Acai Small,35,6755,6755,193
05/01/2023,GRA,ST007,QAR,PRK.1589,Acai Large,40,2440,2440,61
05/01/2023,GRA,ST007,QAR,PRK.1592,Watermelon Coolex,24,432,432,18
05/01/2023,GRA,ST007,QAR,PRK.1593,Tropicana,24,480,480,20
05/01/2023,GRA,ST007,QAR,PRK.1621,Orange loaf,12,492,492,41
05/01/2023,GRA,ST007,QAR,PRK.1623,Brownie flavour cookies,10,700,700,70
05/01/2023,GRA,ST007,QAR,PRK.1628,Brownie bites,13,598,598,46
05/01/2023,GRA,ST007,QAR,PRK.1632,Turkey cheese roll,19,589,589,31
05/01/2023,GRA,ST007,QAR,PRK.1633,Spinach feta roll,18,378,378,21
05/01/2023,GRA,ST007,QAR,PRK.1634,Madeleine,12,744,744,62
05/01/2023,GRA,ST007,QAR,PRK.1651,■PB & Jam sourdough bread,18,864,864,48
05/01/2023,GRA,ST007,QAR,PRK.1681,Salted Caramel Mocha,24,216,216,9
05/01/2023,GRA,ST007,QAR,PRK.1682,■Matcha Frappe,26,1508,1508,58
05/01/2023,GRA,ST007,QAR,PRK.1711,Pomegranate Pot,18,774,774,43
05/01/2023,GRA,ST007,QAR,PRK.1712,Mango Peach Muesli Pot,24,480,480,20
05/01/2023,GRA,ST007,QAR,PRK.1713,Overnight oats PB&Jam,25,875,875,35
05/01/2023,GRA,ST007,QAR,PRK.1741,Spicy Tuna sandwich,26,2340,2340,90
05/01/2023,GRA,ST007,QAR,PRK.1742,Three cheese,22,1034,1034,47
05/01/2023,GRA,ST007,QAR,PRK.1743,Falafel and Labna,25,825,825,33
05/01/2023,GRA,ST007,QAR,PRK.1747,BEEF BURGER,35,315,315,9
05/01/2023,GRA,ST007,QAR,PRK.1748,Chicken Shawarma,18,1728,1728,96
05/01/2023,GRA,ST007,QAR,PRK.1749,Tenderloin Beef Shawarma,22,792,792,36
05/01/2023,GRA,ST007,QAR,PRK.1752,Club sandwich,30,2400,2400,80
05/01/2023,GRA,ST007,QAR,PRK.1771,Pistachio Arabeshi,5,900,900,180
05/01/2023,GRA,ST007,QAR,PRK.1772,Fresh Raspberry,5,550,550,110
05/01/2023,GRA,ST007,QAR,PRK.1773,Fresh blueberry,5,495,495,99
05/01/2023,GRA,ST007,QAR,PRK.1774,Chocolate Flakes,5,280,280,56
05/01/2023,GRA,ST007,QAR,PRK.1775,Honey Comb,5,140,140,28
05/01/2023,GRA,ST007,QAR,PRK.1776,Milk Powder,3,12,12,4
05/01/2023,GRA,ST007,QAR,PRK.4501,Full Fat Milk,0,0,0,2
05/01/2023,GRA,ST007,QAR,PRK.4502,Low Fat Milk,0,0,0,4
05/01/2023,GRA,ST007,QAR,PRK.4503,Almond Milk,2,134,134,67
05/01/2023,GRA,ST007,QAR,PRK.4504,Soya Milk,2,30,30,15
05/01/2023,GRA,ST007,QAR,PRK.4505,Less Sweet,0,0,0,3
05/01/2023,GRA,ST007,QAR,PRK.4506,More Sweet,0,0,0,1
05/01/2023,GRA,ST007,QAR,PRK.4516,Decaf,0,0,0,7
05/01/2023,GRA,ST007,QAR,PRK.4517,Vanilla Flavor,0,0,0,1
05/01/2023,GRA,ST007,QAR,PRK.4519,caramel flavor,0,0,0,1
05/01/2023,GRA,ST007,QAR,PRK.4521,Oat Milk,2,14,14,7
05/01/2023,GRA,ST007,QAR,PRK.4523,Coconut Milk,2,12,12,6
05/01/2023,GRA,ST007,QAR,PRK.4531,w/ Granola,0,0,0,66
05/01/2023,GRA,ST007,QAR,PRK.4533,w/ Pretzel,0,0,0,1
05/01/2023,GRA,ST007,QAR,PRK.4534,w/ Coconut Flakes,0,0,0,35
05/01/2023,GRA,ST007,QAR,PRK.4535,w/ Crispy Crepe,0,0,0,40
05/01/2023,GRA,ST007,QAR,PRK.4537,w/ Mixed Berries Sauce,0,0,0,33
05/01/2023,GRA,ST007,QAR,PRK.4541,w/ Strawberry,0,0,0,238
05/01/2023,GRA,ST007,QAR,PRK.4543,w/ Salted Caramel,0,0,0,18
05/01/2023,GRA,ST007,QAR,PRK.4544,w/ Pomegranate,0,0,0,158
05/01/2023,GRA,ST007,QAR,PRK.4545,w/ Dulce de leche,0,0,0,9
05/01/2023,GRA,ST007,QAR,PRK.4549,w/ Mango Sauce,0,0,0,34
05/01/2023,GRA,ST007,QAR,PRK.4550,w/ Mango,0,0,0,272
05/01/2023,GRA,ST007,QAR,PRK.4551,w/ Peanut Butter Sauce,0,0,0,32
05/01/2023,GRA,ST007,QAR,PRK.4552,w/ Crushed Grahams,0,0,0,5
05/01/2023,GRA,ST007,QAR,PRK.4556,w/ Fresh Pineapple,0,0,0,31
05/01/2023,GRA,ST007,QAR,PRK.4557,w/ Kiwi Fruit,0,0,0,23
05/01/2023,GRA,ST007,QAR,PRK.4558,w/ Lotus Biscuit,0,0,0,24
05/01/2023,GRA,ST007,QAR,PRK.4561,MIXED FROZEN YOGURT,0,0,0,31
05/01/2023,GRA,ST007,QAR,PRK.4562,MIXED MANGO YOGURT,0,0,0,21
