DATE,BRANCHCODE,WAREHOUSECODE,CURRENCY,ERPCODE,ITEMNAME,RAWPRICE,GROSSAMT,NETVALUE,QTYSOLD
01/01/2023,GRA,ST007,QAR,PRK.902,Granola,55,660,660,12
01/01/2023,GRA,ST007,QAR,PRK.903,Graze Spicy  Mix,55,110,110,2
01/01/2023,GRA,ST007,QAR,PRK.904,Graze House Mix,55,110,110,2
01/01/2023,GRA,ST007,QAR,PRK.907,Zaatar Chips,6,222,222,37
01/01/2023,GRA,ST007,QAR,PRK.909,Spicy Pesto Chips,6,174,174,29
01/01/2023,GRA,ST007,QAR,PRK.910,Graze Spicy Mix Sml,25,100,100,4
01/01/2023,GRA,ST007,QAR,PRK.911,Graze House Mix Sml,25,275,275,11
01/01/2023,GRA,ST007,QAR,PRK.937,Baby Mozzarella Salad,45,1395,1395,31
01/01/2023,GRA,ST007,QAR,PRK.938,4 Grain Salad with Beetro,55,1320,1320,24
01/01/2023,GRA,ST007,QAR,PRK.939,Steak Salad with Green Sa,55,1705,1705,31
01/01/2023,GRA,ST007,QAR,PRK.962,Extra flavor,3,12,12,4
01/01/2023,GRA,ST007,QAR,PRK.994,Crsnt w Egg/Avaca/ SunTom,24,1152,1152,48
01/01/2023,GRA,ST007,QAR,PRK.995,Egg Burrito,20,940,940,47
01/01/2023,GRA,ST007,QAR,PRK.996,Blueberry Granola parfait,25,850,850,34
01/01/2023,GRA,ST007,QAR,PRK.997,Yog Dates Chia Pista Alm,22,638,638,29
01/01/2023,GRA,ST007,QAR,PRK.1003,Cheese Croissant,16,352,352,22
01/01/2023,GRA,ST007,QAR,PRK.1007,Zatar Croissant,16,288,288,18
01/01/2023,GRA,ST007,QAR,PRK.1010,Tomato Puff Pastry,16,800,800,50
01/01/2023,GRA,ST007,QAR,PRK.1012,Three Berry Yogurt & Date,25,325,325,13
01/01/2023,GRA,ST007,QAR,PRK.1015,Kiri Cheese Danish,14,630,630,45
01/01/2023,GRA,ST007,QAR,PRK.1016,Plain Croissant,10,340,340,34
01/01/2023,GRA,ST007,QAR,PRK.1021,Shirazi Salad,12,468,468,39
01/01/2023,GRA,ST007,QAR,PRK.1023,Falafel Salad,45,1395,1395,31
01/01/2023,GRA,ST007,QAR,PRK.1024,Quinoa Swt potato Salad,40,920,920,23
01/01/2023,GRA,ST007,QAR,PRK.1027,Mex Chkn Chilli Bean Sld,40,2120,2120,53
01/01/2023,GRA,ST007,QAR,PRK.1029,Burrata Salad,50,100,100,2
01/01/2023,GRA,ST007,QAR,PRK.1031,Teriyaki GRAZE Salmn,55,4235,4235,77
01/01/2023,GRA,ST007,QAR,PRK.1039,Keto Chicken Salad,40,1240,1240,31
01/01/2023,GRA,ST007,QAR,PRK.1046,Greek Salad,30,840,840,28
01/01/2023,GRA,ST007,QAR,PRK.1048,Mexican  Caesar Salad chk,39,2886,2886,74
01/01/2023,GRA,ST007,QAR,PRK.1049,ROCCA SALAD,22,704,704,32
01/01/2023,GRA,ST007,QAR,PRK.1052,Smoke Turkey Sandwich,34,2346,2346,69
01/01/2023,GRA,ST007,QAR,PRK.1054,lemon&Rosemary Chkn,36,3276,3276,91
01/01/2023,GRA,ST007,QAR,PRK.1057,Steak & Philly Chz SW,32,1408,1408,44
01/01/2023,GRA,ST007,QAR,PRK.1063,Egg Mayo with Rocket,20,840,840,42
01/01/2023,GRA,ST007,QAR,PRK.1068,Crispy Chicken Bun,24,1032,1032,43
01/01/2023,GRA,ST007,QAR,PRK.1070,Chicken Pesto & Mozzarell,32,1376,1376,43
01/01/2023,GRA,ST007,QAR,PRK.1075,Avocado Toast,40,920,920,23
01/01/2023,GRA,ST007,QAR,PRK.1077,Spicy Halloumi,38,532,532,14
01/01/2023,GRA,ST007,QAR,PRK.1078,Graze Breakfast (egg box),32,960,960,30
01/01/2023,GRA,ST007,QAR,PRK.1083,Chkn Soup,19,931,931,49
01/01/2023,GRA,ST007,QAR,PRK.1087,Lentil Soup,20,820,820,41
01/01/2023,GRA,ST007,QAR,PRK.1089,Vegetable soup,16,368,368,23
01/01/2023,GRA,ST007,QAR,PRK.1090,Tom kha soup,28,84,84,3
01/01/2023,GRA,ST007,QAR,PRK.1113,Chkn Katsu Curry,45,5445,5445,121
01/01/2023,GRA,ST007,QAR,PRK.1115,Mushroom Pasta,40,1560,1560,39
01/01/2023,GRA,ST007,QAR,PRK.1118,Steak With Mushroom Sauce,45,1710,1710,38
01/01/2023,GRA,ST007,QAR,PRK.1119,Chicken Biryani,45,6255,6255,139
01/01/2023,GRA,ST007,QAR,PRK.1121,Chinese Sesame Chicken,40,4760,4760,119
01/01/2023,GRA,ST007,QAR,PRK.1127,Rock Shrimp,45,2520,2520,56
01/01/2023,GRA,ST007,QAR,PRK.1133,Lamb  Kabsa,45,3150,3150,70
01/01/2023,GRA,ST007,QAR,PRK.1140,Chicken Curry & Saffron r,43,2881,2881,67
01/01/2023,GRA,ST007,QAR,PRK.1141,CRAB BOWL,28,392,392,14
01/01/2023,GRA,ST007,QAR,PRK.1145,Yoghurt & Cucumber dip,12,96,96,8
01/01/2023,GRA,ST007,QAR,PRK.1146,Spicy Guacamole Pot,13,325,325,25
01/01/2023,GRA,ST007,QAR,PRK.1149,Edamame Pot,12,444,444,37
01/01/2023,GRA,ST007,QAR,PRK.1159,Greek Tabbouleh,20,900,900,45
01/01/2023,GRA,ST007,QAR,PRK.1173,Choco Chia Energy Ball,30,750,750,25
01/01/2023,GRA,ST007,QAR,PRK.1175,Pecan Bars,14,364,364,26
01/01/2023,GRA,ST007,QAR,PRK.1177,Carrot Cake,15,570,570,38
01/01/2023,GRA,ST007,QAR,PRK.1181,Green Apple,2,54,54,27
01/01/2023,GRA,ST007,QAR,PRK.1182,Red Apple,2,30,30,15
01/01/2023,GRA,ST007,QAR,PRK.1183,Bannana,2,220,220,110
01/01/2023,GRA,ST007,QAR,PRK.1184,Watermelon,18,954,954,53
01/01/2023,GRA,ST007,QAR,PRK.1185,Pineapplemix,18,846,846,47
01/01/2023,GRA,ST007,QAR,PRK.1186,Mixed Berries,22,1166,1166,53
01/01/2023,GRA,ST007,QAR,PRK.1194,Lotus Cheesecake,15,390,390,26
01/01/2023,GRA,ST007,QAR,PRK.1196,Chia Blueberry Yodurt,24,288,288,12
01/01/2023,GRA,ST007,QAR,PRK.1201,Iced Flat White,18,36,36,2
01/01/2023,GRA,ST007,QAR,PRK.1203,Iced Spanish Latte,20,760,760,38
01/01/2023,GRA,ST007,QAR,PRK.1204,Iced Latte,18,216,216,12
01/01/2023,GRA,ST007,QAR,PRK.1205,Iced Americano,15,675,675,45
01/01/2023,GRA,ST007,QAR,PRK.1234,Pepperoni Pizza small,40,560,560,14
01/01/2023,GRA,ST007,QAR,PRK.1235,Margherita Pizza small,30,390,390,13
01/01/2023,GRA,ST007,QAR,PRK.1236,BBQ chicken Pizza small,35,315,315,9
01/01/2023,GRA,ST007,QAR,PRK.1262,Highland Still,5,760,760,152
01/01/2023,GRA,ST007,QAR,PRK.1265,Perrier Sparkling,9,297,297,33
01/01/2023,GRA,ST007,QAR,PRK.1291,Coke,5,180,180,36
01/01/2023,GRA,ST007,QAR,PRK.1292,Diet Coke,5,335,335,67
01/01/2023,GRA,ST007,QAR,PRK.1333,Stay Home w/Graze M 6 X1,130,130,130,1
01/01/2023,GRA,ST007,QAR,PRK.1335,Cool Box,15,30,30,2
01/01/2023,GRA,ST007,QAR,PRK.1351,Espresso Single,12,192,192,16
01/01/2023,GRA,ST007,QAR,PRK.1352,Macchiato,18,36,36,2
01/01/2023,GRA,ST007,QAR,PRK.1353,Americano Hot,15,1650,1650,110
01/01/2023,GRA,ST007,QAR,PRK.1354,Flat White Hot,18,1026,1026,57
01/01/2023,GRA,ST007,QAR,PRK.1355,Cappucino,18,1944,1944,108
01/01/2023,GRA,ST007,QAR,PRK.1356,Cortado,18,774,774,43
01/01/2023,GRA,ST007,QAR,PRK.1358,Spanish Latte,20,1540,1540,77
01/01/2023,GRA,ST007,QAR,PRK.1359,Classic Mocha,25,275,275,11
01/01/2023,GRA,ST007,QAR,PRK.1360,Slated Caramel Mocha,25,375,375,15
01/01/2023,GRA,ST007,QAR,PRK.1362,Double Espresso,14,224,224,16
01/01/2023,GRA,ST007,QAR,PRK.1363,Latte Hot,18,1332,1332,74
01/01/2023,GRA,ST007,QAR,PRK.1364,English B/F,12,180,180,15
01/01/2023,GRA,ST007,QAR,PRK.1365,Green Tea,12,204,204,17
01/01/2023,GRA,ST007,QAR,PRK.1366,Earl Grey,12,48,48,4
01/01/2023,GRA,ST007,QAR,PRK.1368,Lemon Grass/ Ginger,12,252,252,21
01/01/2023,GRA,ST007,QAR,PRK.1369,Jasmine,12,12,12,1
01/01/2023,GRA,ST007,QAR,PRK.1372,Hot Cocoa,24,888,888,37
01/01/2023,GRA,ST007,QAR,PRK.1373,Hibiscus Iced tea,18,270,270,15
01/01/2023,GRA,ST007,QAR,PRK.1374,Peach Iced Tea,18,270,270,15
01/01/2023,GRA,ST007,QAR,PRK.1375,Matcha Latte,25,125,125,5
01/01/2023,GRA,ST007,QAR,PRK.1386,Orange Juice,22,2684,2684,122
01/01/2023,GRA,ST007,QAR,PRK.1387,Carrot Juice,22,264,264,12
01/01/2023,GRA,ST007,QAR,PRK.1390,Morning Boost,24,912,912,38
01/01/2023,GRA,ST007,QAR,PRK.1392,Immune Boost,22,1012,1012,46
01/01/2023,GRA,ST007,QAR,PRK.1396,Ginger Aid Shot,18,2574,2574,143
01/01/2023,GRA,ST007,QAR,PRK.1402,Laban Drink,18,342,342,19
01/01/2023,GRA,ST007,QAR,PRK.1404,Green Boost Juice,24,336,336,14
01/01/2023,GRA,ST007,QAR,PRK.1406,Beetroot & Apple Juice,20,940,940,47
01/01/2023,GRA,ST007,QAR,PRK.1409,Turmeric wellness shot,16,848,848,53
01/01/2023,GRA,ST007,QAR,PRK.1412, Mini Cup Yogurt,14,1414,1414,101
01/01/2023,GRA,ST007,QAR,PRK.1413,Regular Cup Yogurt,21,1554,1554,74
01/01/2023,GRA,ST007,QAR,PRK.1416,Large Cup Yogurt,23,621,621,27
01/01/2023,GRA,ST007,QAR,PRK.1418, Mini Cup Yogurt/Topping,18,1098,1098,61
01/01/2023,GRA,ST007,QAR,PRK.1419,Reg Cup Yogurt/Toping,26,1638,1638,63
01/01/2023,GRA,ST007,QAR,PRK.1422,Large Cup Yogurt/Topping,30,120,120,4
01/01/2023,GRA,ST007,QAR,PRK.1429,Mini Mango Ice Cream,14,3052,3052,218
01/01/2023,GRA,ST007,QAR,PRK.1430,Regular Mango Ice Cream,21,2625,2625,125
01/01/2023,GRA,ST007,QAR,PRK.1431,Large Mango Ice Cream,23,1748,1748,76
01/01/2023,GRA,ST007,QAR,PRK.1432,Mini Mango Ice Cream/Topp,18,3024,3024,168
01/01/2023,GRA,ST007,QAR,PRK.1433,Reg Mango Ice cream/Topp,26,3172,3172,122
01/01/2023,GRA,ST007,QAR,PRK.1434,Large Mango Ice Cream/Top,30,540,540,18
01/01/2023,GRA,ST007,QAR,PRK.1464,Fresh Pineapple,3,24,24,8
01/01/2023,GRA,ST007,QAR,PRK.1469,Kiwi Fruit,3,12,12,4
01/01/2023,GRA,ST007,QAR,PRK.1470,Lotus Biscuit,3,33,33,11
01/01/2023,GRA,ST007,QAR,PRK.1474,Spaghetti Bolognese,45,1620,1620,36
01/01/2023,GRA,ST007,QAR,PRK.1475,Salmon with Cilantro Rice,65,2210,2210,34
01/01/2023,GRA,ST007,QAR,PRK.1476,Chicken Noodle Bowl,40,840,840,21
01/01/2023,GRA,ST007,QAR,PRK.1477,BBQ Steak,45,1575,1575,35
01/01/2023,GRA,ST007,QAR,PRK.1478,Rib eye Steak with Vegeta,55,2805,2805,51
01/01/2023,GRA,ST007,QAR,PRK.1479,Lasagne Pasta,45,1935,1935,43
01/01/2023,GRA,ST007,QAR,PRK.1480,Steak cajun potato,50,2000,2000,40
01/01/2023,GRA,ST007,QAR,PRK.1501,pomegranate,3,63,63,21
01/01/2023,GRA,ST007,QAR,PRK.1502,Strawberry,3,177,177,59
01/01/2023,GRA,ST007,QAR,PRK.1505,Salted Caramel,3,6,6,2
01/01/2023,GRA,ST007,QAR,PRK.1507,Crispy Crepe,3,39,39,13
01/01/2023,GRA,ST007,QAR,PRK.1508,Granola,3,45,45,15
01/01/2023,GRA,ST007,QAR,PRK.1509,Coconut Flakes,3,36,36,12
01/01/2023,GRA,ST007,QAR,PRK.1510,Crushed Graham,3,18,18,6
01/01/2023,GRA,ST007,QAR,PRK.1514,Dulce de Leche,3,30,30,10
01/01/2023,GRA,ST007,QAR,PRK.1520,Mixed Berries Sauce,3,9,9,3
01/01/2023,GRA,ST007,QAR,PRK.1521,Mango Sauce,3,39,39,13
01/01/2023,GRA,ST007,QAR,PRK.1523,Peanut Butter Sauce,3,9,9,3
01/01/2023,GRA,ST007,QAR,PRK.1527,Mango,3,270,270,90
01/01/2023,GRA,ST007,QAR,PRK.1531,Power Shake,35,350,350,10
01/01/2023,GRA,ST007,QAR,PRK.1532,Peanut Power Shake,35,350,350,10
01/01/2023,GRA,ST007,QAR,PRK.1533,Pre-workout protein shak,45,45,45,1
01/01/2023,GRA,ST007,QAR,PRK.1534,Choco Power Shake,35,385,385,11
01/01/2023,GRA,ST007,QAR,PRK.1536,Energizer protine Shakes,45,1440,1440,32
01/01/2023,GRA,ST007,QAR,PRK.1540,Energizer shakes,35,315,315,9
01/01/2023,GRA,ST007,QAR,PRK.1545,14oz Energizer protine,40,320,320,8
01/01/2023,GRA,ST007,QAR,PRK.1548,14oz Energizer shakes,30,150,150,5
01/01/2023,GRA,ST007,QAR,PRK.1550,Extra Protein,10,90,90,9
01/01/2023,GRA,ST007,QAR,PRK.1587,Supersize,45,225,225,5
01/01/2023,GRA,ST007,QAR,PRK.1588,Acai Small,35,4550,4550,130
01/01/2023,GRA,ST007,QAR,PRK.1589,Acai Large,40,2600,2600,65
01/01/2023,GRA,ST007,QAR,PRK.1590,Peanut Choco Ice Cream,30,1530,1530,51
01/01/2023,GRA,ST007,QAR,PRK.1621,Orange loaf,12,540,540,45
01/01/2023,GRA,ST007,QAR,PRK.1623,Brownie flavour cookies,10,880,880,88
01/01/2023,GRA,ST007,QAR,PRK.1628,Brownie bites,13,533,533,41
01/01/2023,GRA,ST007,QAR,PRK.1632,Turkey cheese roll,19,418,418,22
01/01/2023,GRA,ST007,QAR,PRK.1633,Spinach feta roll,18,324,324,18
01/01/2023,GRA,ST007,QAR,PRK.1634,Madeleine,12,540,540,45
01/01/2023,GRA,ST007,QAR,PRK.1635,Poppy Lemon seeds,12,420,420,35
01/01/2023,GRA,ST007,QAR,PRK.1651,■PB & Jam sourdough bread,18,684,684,38
01/01/2023,GRA,ST007,QAR,PRK.1681,Salted Caramel Mocha,24,96,96,4
01/01/2023,GRA,ST007,QAR,PRK.1682,■Matcha Frappe,26,832,832,32
01/01/2023,GRA,ST007,QAR,PRK.1711,Pomegranate Pot,18,432,432,24
01/01/2023,GRA,ST007,QAR,PRK.1712,Mango Peach Muesli Pot,24,288,288,12
01/01/2023,GRA,ST007,QAR,PRK.1713,Overnight oats PB&Jam,25,450,450,18
01/01/2023,GRA,ST007,QAR,PRK.1741,Spicy Tuna sandwich,26,1638,1638,63
01/01/2023,GRA,ST007,QAR,PRK.1742,Three cheese,22,594,594,27
01/01/2023,GRA,ST007,QAR,PRK.1743,Falafel and Labna,25,375,375,15
01/01/2023,GRA,ST007,QAR,PRK.1747,BEEF BURGER,35,245,245,7
01/01/2023,GRA,ST007,QAR,PRK.1748,Chicken Shawarma,18,1044,1044,58
01/01/2023,GRA,ST007,QAR,PRK.1749,Tenderloin Beef Shawarma,22,770,770,35
01/01/2023,GRA,ST007,QAR,PRK.1752,Club sandwich,30,810,810,27
01/01/2023,GRA,ST007,QAR,PRK.1771,Pistachio Arabeshi,5,740,740,148
01/01/2023,GRA,ST007,QAR,PRK.1772,Fresh Raspberry,5,470,470,94
01/01/2023,GRA,ST007,QAR,PRK.1773,Fresh blueberry,5,190,190,38
01/01/2023,GRA,ST007,QAR,PRK.1774,Chocolate Flakes,5,260,260,52
01/01/2023,GRA,ST007,QAR,PRK.1775,Honey Comb,5,115,115,23
01/01/2023,GRA,ST007,QAR,PRK.1776,Milk Powder,3,12,12,4
01/01/2023,GRA,ST007,QAR,PRK.4502,Low Fat Milk,0,0,0,1
01/01/2023,GRA,ST007,QAR,PRK.4503,Almond Milk,2,66,66,33
01/01/2023,GRA,ST007,QAR,PRK.4504,Soya Milk,2,8,8,4
01/01/2023,GRA,ST007,QAR,PRK.4516,Decaf,0,0,0,6
01/01/2023,GRA,ST007,QAR,PRK.4517,Vanilla Flavor,0,0,0,1
01/01/2023,GRA,ST007,QAR,PRK.4519,caramel flavor,0,0,0,1
01/01/2023,GRA,ST007,QAR,PRK.4520,hazelnut flavor,0,0,0,2
01/01/2023,GRA,ST007,QAR,PRK.4521,Oat Milk,2,6,6,3
01/01/2023,GRA,ST007,QAR,PRK.4523,Coconut Milk,2,4,4,2
01/01/2023,GRA,ST007,QAR,PRK.4531,w/ Granola,0,0,0,21
01/01/2023,GRA,ST007,QAR,PRK.4533,w/ Pretzel,0,0,0,4
01/01/2023,GRA,ST007,QAR,PRK.4534,w/ Coconut Flakes,0,0,0,25
01/01/2023,GRA,ST007,QAR,PRK.4535,w/ Crispy Crepe,0,0,0,52
01/01/2023,GRA,ST007,QAR,PRK.4537,w/ Mixed Berries Sauce,0,0,0,7
01/01/2023,GRA,ST007,QAR,PRK.4541,w/ Strawberry,0,0,0,124
01/01/2023,GRA,ST007,QAR,PRK.4543,w/ Salted Caramel,0,0,0,9
01/01/2023,GRA,ST007,QAR,PRK.4544,w/ Pomegranate,0,0,0,95
01/01/2023,GRA,ST007,QAR,PRK.4545,w/ Dulce de leche,0,0,0,18
01/01/2023,GRA,ST007,QAR,PRK.4549,w/ Mango Sauce,0,0,0,16
01/01/2023,GRA,ST007,QAR,PRK.4550,w/ Mango,0,0,0,154
01/01/2023,GRA,ST007,QAR,PRK.4551,w/ Peanut Butter Sauce,0,0,0,2
01/01/2023,GRA,ST007,QAR,PRK.4552,w/ Crushed Grahams,0,0,0,7
01/01/2023,GRA,ST007,QAR,PRK.4556,w/ Fresh Pineapple,0,0,0,4
01/01/2023,GRA,ST007,QAR,PRK.4557,w/ Kiwi Fruit,0,0,0,2
01/01/2023,GRA,ST007,QAR,PRK.4558,w/ Lotus Biscuit,0,0,0,3
01/01/2023,GRA,ST007,QAR,PRK.4561,MIXED FROZEN YOGURT,0,0,0,59
01/01/2023,GRA,ST007,QAR,PRK.4562,MIXED MANGO YOGURT,0,0,0,8
