DATE,BRANCHCODE,WAREHOUSECODE,CURRENCY,ERPCODE,ITEMNAME,RAWPRICE,GROSSAMT,NETVALUE,QTYSOLD
04/01/2023,GRA,ST007,QAR,PRK.902,Granola,55,880,880,16
04/01/2023,GRA,ST007,QAR,PRK.903,Graze Spicy  Mix,55,55,0,1
04/01/2023,GRA,ST007,QAR,PRK.907,Zaatar Chips,6,102,102,17
04/01/2023,GRA,ST007,QAR,PRK.909,Spicy Pesto Chips,6,132,132,22
04/01/2023,GRA,ST007,QAR,PRK.910,Graze Spicy Mix Sml,25,150,150,6
04/01/2023,GRA,ST007,QAR,PRK.911,Graze House Mix Sml,25,175,175,7
04/01/2023,GRA,ST007,QAR,PRK.937,Baby Mozzarella Salad,45,900,900,20
04/01/2023,GRA,ST007,QAR,PRK.938,4 Grain Salad with Beetro,55,495,495,9
04/01/2023,GRA,ST007,QAR,PRK.939,Steak Salad with Green Sa,55,1485,1485,27
04/01/2023,GRA,ST007,QAR,PRK.961,Extra cheese,5,15,15,3
04/01/2023,GRA,ST007,QAR,PRK.962,Extra flavor,3,3,3,1
04/01/2023,GRA,ST007,QAR,PRK.994,Crsnt w Egg/Avaca/ SunTom,24,1056,1056,44
04/01/2023,GRA,ST007,QAR,PRK.995,Egg Burrito,20,660,660,33
04/01/2023,GRA,ST007,QAR,PRK.996,Blueberry Granola parfait,25,800,800,32
04/01/2023,GRA,ST007,QAR,PRK.997,Yog Dates Chia Pista Alm,22,418,418,19
04/01/2023,GRA,ST007,QAR,PRK.1003,Cheese Croissant,16,48,48,3
04/01/2023,GRA,ST007,QAR,PRK.1007,Zatar Croissant,16,112,112,7
04/01/2023,GRA,ST007,QAR,PRK.1010,Tomato Puff Pastry,16,496,496,31
04/01/2023,GRA,ST007,QAR,PRK.1012,Three Berry Yogurt & Date,25,325,325,13
04/01/2023,GRA,ST007,QAR,PRK.1015,Kiri Cheese Danish,14,644,644,46
04/01/2023,GRA,ST007,QAR,PRK.1016,Plain Croissant,10,190,190,19
04/01/2023,GRA,ST007,QAR,PRK.1021,Shirazi Salad,12,480,480,40
04/01/2023,GRA,ST007,QAR,PRK.1023,Falafel Salad,45,1530,1530,34
04/01/2023,GRA,ST007,QAR,PRK.1024,Quinoa Swt potato Salad,40,720,720,18
04/01/2023,GRA,ST007,QAR,PRK.1027,Mex Chkn Chilli Bean Sld,40,1560,1560,39
04/01/2023,GRA,ST007,QAR,PRK.1031,Teriyaki GRAZE Salmn,55,4015,3960,73
04/01/2023,GRA,ST007,QAR,PRK.1039,Keto Chicken Salad,40,1560,1560,39
04/01/2023,GRA,ST007,QAR,PRK.1046,Greek Salad,30,840,840,28
04/01/2023,GRA,ST007,QAR,PRK.1048,Mexican  Caesar Salad chk,39,3705,3705,95
04/01/2023,GRA,ST007,QAR,PRK.1049,ROCCA SALAD,22,682,682,31
04/01/2023,GRA,ST007,QAR,PRK.1052,Smoke Turkey Sandwich,34,2244,2244,66
04/01/2023,GRA,ST007,QAR,PRK.1054,lemon&Rosemary Chkn,36,2808,2808,78
04/01/2023,GRA,ST007,QAR,PRK.1057,Steak & Philly Chz SW,32,1600,1600,50
04/01/2023,GRA,ST007,QAR,PRK.1063,Egg Mayo with Rocket,20,520,520,26
04/01/2023,GRA,ST007,QAR,PRK.1068,Crispy Chicken Bun,24,912,912,38
04/01/2023,GRA,ST007,QAR,PRK.1075,Avocado Toast,40,360,360,9
04/01/2023,GRA,ST007,QAR,PRK.1077,Spicy Halloumi,38,646,646,17
04/01/2023,GRA,ST007,QAR,PRK.1078,Graze Breakfast (egg box),32,64,64,2
04/01/2023,GRA,ST007,QAR,PRK.1083,Chkn Soup,19,722,722,38
04/01/2023,GRA,ST007,QAR,PRK.1086,Lamb Soup,35,385,385,11
04/01/2023,GRA,ST007,QAR,PRK.1087,Lentil Soup,20,720,720,36
04/01/2023,GRA,ST007,QAR,PRK.1089,Vegetable soup,16,304,304,19
04/01/2023,GRA,ST007,QAR,PRK.1090,Tom kha soup,28,84,84,3
04/01/2023,GRA,ST007,QAR,PRK.1113,Chkn Katsu Curry,45,4050,4050,90
04/01/2023,GRA,ST007,QAR,PRK.1115,Mushroom Pasta,40,2200,2200,55
04/01/2023,GRA,ST007,QAR,PRK.1119,Chicken Biryani,45,4950,4950,110
04/01/2023,GRA,ST007,QAR,PRK.1121,Chinese Sesame Chicken,40,4200,4200,105
04/01/2023,GRA,ST007,QAR,PRK.1127,Rock Shrimp,45,2565,2565,57
04/01/2023,GRA,ST007,QAR,PRK.1133,Lamb  Kabsa,45,3510,3510,78
04/01/2023,GRA,ST007,QAR,PRK.1140,Chicken Curry & Saffron r,43,3010,3010,70
04/01/2023,GRA,ST007,QAR,PRK.1141,CRAB BOWL,28,56,56,2
04/01/2023,GRA,ST007,QAR,PRK.1145,Yoghurt & Cucumber dip,12,192,192,16
04/01/2023,GRA,ST007,QAR,PRK.1146,Spicy Guacamole Pot,13,351,351,27
04/01/2023,GRA,ST007,QAR,PRK.1149,Edamame Pot,12,336,336,28
04/01/2023,GRA,ST007,QAR,PRK.1159,Greek Tabbouleh,20,820,820,41
04/01/2023,GRA,ST007,QAR,PRK.1173,Choco Chia Energy Ball,30,2070,2040,69
04/01/2023,GRA,ST007,QAR,PRK.1175,Pecan Bars,14,182,182,13
04/01/2023,GRA,ST007,QAR,PRK.1177,Carrot Cake,15,435,420,29
04/01/2023,GRA,ST007,QAR,PRK.1181,Green Apple,2,20,20,10
04/01/2023,GRA,ST007,QAR,PRK.1182,Red Apple,2,22,22,11
04/01/2023,GRA,ST007,QAR,PRK.1183,Bannana,2,184,184,92
04/01/2023,GRA,ST007,QAR,PRK.1184,Watermelon,18,1116,1116,62
04/01/2023,GRA,ST007,QAR,PRK.1185,Pineapplemix,18,576,576,32
04/01/2023,GRA,ST007,QAR,PRK.1186,Mixed Berries,22,1122,1122,51
04/01/2023,GRA,ST007,QAR,PRK.1194,Lotus Cheesecake,15,510,510,34
04/01/2023,GRA,ST007,QAR,PRK.1196,Chia Blueberry Yodurt,24,288,288,12
04/01/2023,GRA,ST007,QAR,PRK.1201,Iced Flat White,18,252,252,14
04/01/2023,GRA,ST007,QAR,PRK.1203,Iced Spanish Latte,20,1020,1020,51
04/01/2023,GRA,ST007,QAR,PRK.1204,Iced Latte,18,72,72,4
04/01/2023,GRA,ST007,QAR,PRK.1205,Iced Americano,15,1050,1050,70
04/01/2023,GRA,ST007,QAR,PRK.1234,Pepperoni Pizza small,40,280,280,7
04/01/2023,GRA,ST007,QAR,PRK.1235,Margherita Pizza small,30,390,390,13
04/01/2023,GRA,ST007,QAR,PRK.1236,BBQ chicken Pizza small,35,525,525,15
04/01/2023,GRA,ST007,QAR,PRK.1262,Highland Still,5,610,610,122
04/01/2023,GRA,ST007,QAR,PRK.1265,Perrier Sparkling,9,162,162,18
04/01/2023,GRA,ST007,QAR,PRK.1291,Coke,5,100,100,20
04/01/2023,GRA,ST007,QAR,PRK.1292,Diet Coke,5,420,420,84
04/01/2023,GRA,ST007,QAR,PRK.1332,Stay Home w/ Graze R 8 X1,240,240,240,1
04/01/2023,GRA,ST007,QAR,PRK.1333,Stay Home w/Graze M 6 X1,130,130,130,1
04/01/2023,GRA,ST007,QAR,PRK.1334,Stay Home w/Graze M12 X1,240,240,240,1
04/01/2023,GRA,ST007,QAR,PRK.1335,Cool Box,15,45,45,3
04/01/2023,GRA,ST007,QAR,PRK.1351,Espresso Single,12,276,276,23
04/01/2023,GRA,ST007,QAR,PRK.1353,Americano Hot,15,1080,1080,72
04/01/2023,GRA,ST007,QAR,PRK.1354,Flat White Hot,18,1044,1044,58
04/01/2023,GRA,ST007,QAR,PRK.1355,Cappucino,18,1584,1584,88
04/01/2023,GRA,ST007,QAR,PRK.1356,Cortado,18,252,252,14
04/01/2023,GRA,ST007,QAR,PRK.1358,Spanish Latte,20,1040,1040,52
04/01/2023,GRA,ST007,QAR,PRK.1359,Classic Mocha,25,25,25,1
04/01/2023,GRA,ST007,QAR,PRK.1360,Slated Caramel Mocha,25,225,225,9
04/01/2023,GRA,ST007,QAR,PRK.1361,Extra Shot,0,0,0,1
04/01/2023,GRA,ST007,QAR,PRK.1362,Double Espresso,14,196,196,14
04/01/2023,GRA,ST007,QAR,PRK.1363,Latte Hot,18,630,630,35
04/01/2023,GRA,ST007,QAR,PRK.1364,English B/F,12,168,168,14
04/01/2023,GRA,ST007,QAR,PRK.1365,Green Tea,12,48,48,4
04/01/2023,GRA,ST007,QAR,PRK.1366,Earl Grey,12,60,60,5
04/01/2023,GRA,ST007,QAR,PRK.1368,Lemon Grass/ Ginger,12,84,84,7
04/01/2023,GRA,ST007,QAR,PRK.1369,Jasmine,12,48,48,4
04/01/2023,GRA,ST007,QAR,PRK.1372,Hot Cocoa,24,288,288,12
04/01/2023,GRA,ST007,QAR,PRK.1373,Hibiscus Iced tea,18,162,162,9
04/01/2023,GRA,ST007,QAR,PRK.1374,Peach Iced Tea,18,90,90,5
04/01/2023,GRA,ST007,QAR,PRK.1375,Matcha Latte,25,225,225,9
04/01/2023,GRA,ST007,QAR,PRK.1386,Orange Juice,22,1892,1892,86
04/01/2023,GRA,ST007,QAR,PRK.1387,Carrot Juice,22,550,550,25
04/01/2023,GRA,ST007,QAR,PRK.1390,Morning Boost,24,552,552,23
04/01/2023,GRA,ST007,QAR,PRK.1392,Immune Boost,22,1056,1056,48
04/01/2023,GRA,ST007,QAR,PRK.1396,Ginger Aid Shot,18,1404,1404,78
04/01/2023,GRA,ST007,QAR,PRK.1402,Laban Drink,18,468,468,26
04/01/2023,GRA,ST007,QAR,PRK.1403,Vimto Juice,18,306,306,17
04/01/2023,GRA,ST007,QAR,PRK.1404,Green Boost Juice,24,912,912,38
04/01/2023,GRA,ST007,QAR,PRK.1406,Beetroot & Apple Juice,20,1140,1140,57
04/01/2023,GRA,ST007,QAR,PRK.1409,Turmeric wellness shot,16,384,384,24
04/01/2023,GRA,ST007,QAR,PRK.1412, Mini Cup Yogurt,14,2744,2744,196
04/01/2023,GRA,ST007,QAR,PRK.1413,Regular Cup Yogurt,21,2058,2058,98
04/01/2023,GRA,ST007,QAR,PRK.1416,Large Cup Yogurt,23,874,874,38
04/01/2023,GRA,ST007,QAR,PRK.1418, Mini Cup Yogurt/Topping,18,1224,1224,68
04/01/2023,GRA,ST007,QAR,PRK.1419,Reg Cup Yogurt/Toping,26,1586,1586,61
04/01/2023,GRA,ST007,QAR,PRK.1422,Large Cup Yogurt/Topping,30,720,720,24
04/01/2023,GRA,ST007,QAR,PRK.1429,Mini Mango Ice Cream,14,5026,5026,359
04/01/2023,GRA,ST007,QAR,PRK.1430,Regular Mango Ice Cream,21,3381,3381,161
04/01/2023,GRA,ST007,QAR,PRK.1431,Large Mango Ice Cream,23,2668,2668,116
04/01/2023,GRA,ST007,QAR,PRK.1432,Mini Mango Ice Cream/Topp,18,2358,2358,131
04/01/2023,GRA,ST007,QAR,PRK.1433,Reg Mango Ice cream/Topp,26,2626,2626,101
04/01/2023,GRA,ST007,QAR,PRK.1434,Large Mango Ice Cream/Top,30,930,930,31
04/01/2023,GRA,ST007,QAR,PRK.1464,Fresh Pineapple,3,12,12,4
04/01/2023,GRA,ST007,QAR,PRK.1469,Kiwi Fruit,3,12,12,4
04/01/2023,GRA,ST007,QAR,PRK.1470,Lotus Biscuit,3,12,12,4
04/01/2023,GRA,ST007,QAR,PRK.1474,Spaghetti Bolognese,45,2340,2340,52
04/01/2023,GRA,ST007,QAR,PRK.1475,Salmon with Cilantro Rice,65,2145,2145,33
04/01/2023,GRA,ST007,QAR,PRK.1476,Chicken Noodle Bowl,40,840,840,21
04/01/2023,GRA,ST007,QAR,PRK.1477,BBQ Steak,45,1260,1260,28
04/01/2023,GRA,ST007,QAR,PRK.1478,Rib eye Steak with Vegeta,55,1595,1595,29
04/01/2023,GRA,ST007,QAR,PRK.1479,Lasagne Pasta,45,990,990,22
04/01/2023,GRA,ST007,QAR,PRK.1480,Steak cajun potato,50,2500,2500,50
04/01/2023,GRA,ST007,QAR,PRK.1501,pomegranate,3,135,135,45
04/01/2023,GRA,ST007,QAR,PRK.1502,Strawberry,3,216,216,72
04/01/2023,GRA,ST007,QAR,PRK.1505,Salted Caramel,3,18,18,6
04/01/2023,GRA,ST007,QAR,PRK.1507,Crispy Crepe,3,96,96,32
04/01/2023,GRA,ST007,QAR,PRK.1508,Granola,3,129,129,43
04/01/2023,GRA,ST007,QAR,PRK.1509,Coconut Flakes,3,90,90,30
04/01/2023,GRA,ST007,QAR,PRK.1510,Crushed Graham,3,30,30,10
04/01/2023,GRA,ST007,QAR,PRK.1514,Dulce de Leche,3,45,45,15
04/01/2023,GRA,ST007,QAR,PRK.1520,Mixed Berries Sauce,3,42,42,14
04/01/2023,GRA,ST007,QAR,PRK.1521,Mango Sauce,3,36,36,12
04/01/2023,GRA,ST007,QAR,PRK.1523,Peanut Butter Sauce,3,54,54,18
04/01/2023,GRA,ST007,QAR,PRK.1527,Mango,3,261,261,87
04/01/2023,GRA,ST007,QAR,PRK.1531,Power Shake,35,385,385,11
04/01/2023,GRA,ST007,QAR,PRK.1532,Peanut Power Shake,35,385,385,11
04/01/2023,GRA,ST007,QAR,PRK.1534,Choco Power Shake,35,105,105,3
04/01/2023,GRA,ST007,QAR,PRK.1536,Energizer protine Shakes,45,1215,1215,27
04/01/2023,GRA,ST007,QAR,PRK.1538,Pre-workout shake,35,35,35,1
04/01/2023,GRA,ST007,QAR,PRK.1540,Energizer shakes,35,350,350,10
04/01/2023,GRA,ST007,QAR,PRK.1545,14oz Energizer protine,40,160,160,4
04/01/2023,GRA,ST007,QAR,PRK.1548,14oz Energizer shakes,30,60,60,2
04/01/2023,GRA,ST007,QAR,PRK.1550,Extra Protein,10,90,90,9
04/01/2023,GRA,ST007,QAR,PRK.1580,Ogaily cardamom ice cream,30,5490,5490,183
04/01/2023,GRA,ST007,QAR,PRK.1587,Supersize,45,405,405,9
04/01/2023,GRA,ST007,QAR,PRK.1588,Acai Small,35,5390,5390,154
04/01/2023,GRA,ST007,QAR,PRK.1589,Acai Large,40,2640,2640,66
04/01/2023,GRA,ST007,QAR,PRK.1592,Watermelon Coolex,24,192,192,8
04/01/2023,GRA,ST007,QAR,PRK.1593,Tropicana,24,384,384,16
04/01/2023,GRA,ST007,QAR,PRK.1621,Orange loaf,12,264,264,22
04/01/2023,GRA,ST007,QAR,PRK.1623,Brownie flavour cookies,10,630,630,63
04/01/2023,GRA,ST007,QAR,PRK.1628,Brownie bites,13,416,390,32
04/01/2023,GRA,ST007,QAR,PRK.1632,Turkey cheese roll,19,361,361,19
04/01/2023,GRA,ST007,QAR,PRK.1633,Spinach feta roll,18,162,162,9
04/01/2023,GRA,ST007,QAR,PRK.1634,Madeleine,12,336,336,28
04/01/2023,GRA,ST007,QAR,PRK.1651,■PB & Jam sourdough bread,18,486,486,27
04/01/2023,GRA,ST007,QAR,PRK.1681,Salted Caramel Mocha,24,144,144,6
04/01/2023,GRA,ST007,QAR,PRK.1682,■Matcha Frappe,26,520,520,20
04/01/2023,GRA,ST007,QAR,PRK.1711,Pomegranate Pot,18,540,540,30
04/01/2023,GRA,ST007,QAR,PRK.1712,Mango Peach Muesli Pot,24,408,408,17
04/01/2023,GRA,ST007,QAR,PRK.1713,Overnight oats PB&Jam,25,500,500,20
04/01/2023,GRA,ST007,QAR,PRK.1741,Spicy Tuna sandwich,26,1378,1378,53
04/01/2023,GRA,ST007,QAR,PRK.1742,Three cheese,22,792,792,36
04/01/2023,GRA,ST007,QAR,PRK.1743,Falafel and Labna,25,125,125,5
04/01/2023,GRA,ST007,QAR,PRK.1748,Chicken Shawarma,18,1458,1458,81
04/01/2023,GRA,ST007,QAR,PRK.1749,Tenderloin Beef Shawarma,22,792,792,36
04/01/2023,GRA,ST007,QAR,PRK.1752,Club sandwich,30,990,990,33
04/01/2023,GRA,ST007,QAR,PRK.1771,Pistachio Arabeshi,5,830,830,166
04/01/2023,GRA,ST007,QAR,PRK.1772,Fresh Raspberry,5,425,425,85
04/01/2023,GRA,ST007,QAR,PRK.1773,Fresh blueberry,5,355,355,71
04/01/2023,GRA,ST007,QAR,PRK.1774,Chocolate Flakes,5,245,245,49
04/01/2023,GRA,ST007,QAR,PRK.1775,Honey Comb,5,100,100,20
04/01/2023,GRA,ST007,QAR,PRK.1776,Milk Powder,3,9,9,3
04/01/2023,GRA,ST007,QAR,PRK.4502,Low Fat Milk,0,0,0,1
04/01/2023,GRA,ST007,QAR,PRK.4503,Almond Milk,2,70,70,35
04/01/2023,GRA,ST007,QAR,PRK.4504,Soya Milk,2,14,14,7
04/01/2023,GRA,ST007,QAR,PRK.4509,Double Shot,0,0,0,1
04/01/2023,GRA,ST007,QAR,PRK.4516,Decaf,0,0,0,5
04/01/2023,GRA,ST007,QAR,PRK.4517,Vanilla Flavor,0,0,0,1
04/01/2023,GRA,ST007,QAR,PRK.4521,Oat Milk,2,10,10,5
04/01/2023,GRA,ST007,QAR,PRK.4523,Coconut Milk,2,6,6,3
04/01/2023,GRA,ST007,QAR,PRK.4531,w/ Granola,0,0,0,32
04/01/2023,GRA,ST007,QAR,PRK.4533,w/ Pretzel,0,0,0,4
04/01/2023,GRA,ST007,QAR,PRK.4534,w/ Coconut Flakes,0,0,0,30
04/01/2023,GRA,ST007,QAR,PRK.4535,w/ Crispy Crepe,0,0,0,29
04/01/2023,GRA,ST007,QAR,PRK.4537,w/ Mixed Berries Sauce,0,0,0,23
04/01/2023,GRA,ST007,QAR,PRK.4541,w/ Strawberry,0,0,0,159
04/01/2023,GRA,ST007,QAR,PRK.4543,w/ Salted Caramel,0,0,0,11
04/01/2023,GRA,ST007,QAR,PRK.4544,w/ Pomegranate,0,0,0,108
04/01/2023,GRA,ST007,QAR,PRK.4545,w/ Dulce de leche,0,0,0,6
04/01/2023,GRA,ST007,QAR,PRK.4549,w/ Mango Sauce,0,0,0,18
04/01/2023,GRA,ST007,QAR,PRK.4550,w/ Mango,0,0,0,179
04/01/2023,GRA,ST007,QAR,PRK.4551,w/ Peanut Butter Sauce,0,0,0,6
04/01/2023,GRA,ST007,QAR,PRK.4552,w/ Crushed Grahams,0,0,0,9
04/01/2023,GRA,ST007,QAR,PRK.4556,w/ Fresh Pineapple,0,0,0,10
04/01/2023,GRA,ST007,QAR,PRK.4557,w/ Kiwi Fruit,0,0,0,3
04/01/2023,GRA,ST007,QAR,PRK.4558,w/ Lotus Biscuit,0,0,0,18
04/01/2023,GRA,ST007,QAR,PRK.4561,MIXED FROZEN YOGURT,0,0,0,57
04/01/2023,GRA,ST007,QAR,PRK.4562,MIXED MANGO YOGURT,0,0,0,6
