DATE,BRANCHCODE,WAREHOUSECODE,CURRENCY,ERPCODE,ITEMNAME,RAWPRICE,GROSSAMT,NETVALUE,QTYSOLD
02/01/2023,GRA,ST007,QAR,PRK.902,Granola,55,880,880,16
02/01/2023,GRA,ST007,QAR,PRK.903,Graze Spicy  Mix,55,110,110,2
02/01/2023,GRA,ST007,QAR,PRK.907,Zaatar Chips,6,162,162,27
02/01/2023,GRA,ST007,QAR,PRK.909,Spicy Pesto Chips,6,102,102,17
02/01/2023,GRA,ST007,QAR,PRK.910,Graze Spicy Mix Sml,25,275,275,11
02/01/2023,GRA,ST007,QAR,PRK.911,Graze House Mix Sml,25,400,400,16
02/01/2023,GRA,ST007,QAR,PRK.937,Baby Mozzarella Salad,45,1665,1665,37
02/01/2023,GRA,ST007,QAR,PRK.938,4 Grain Salad with Beetro,55,1540,1540,28
02/01/2023,GRA,ST007,QAR,PRK.939,Steak Salad with Green Sa,55,1980,1980,36
02/01/2023,GRA,ST007,QAR,PRK.961,Extra cheese,5,70,70,14
02/01/2023,GRA,ST007,QAR,PRK.962,Extra flavor,3,9,9,3
02/01/2023,GRA,ST007,QAR,PRK.994,Crsnt w Egg/Avaca/ SunTom,24,1080,1080,45
02/01/2023,GRA,ST007,QAR,PRK.995,Egg Burrito,20,540,540,27
02/01/2023,GRA,ST007,QAR,PRK.996,Blueberry Granola parfait,25,1050,1050,42
02/01/2023,GRA,ST007,QAR,PRK.997,Yog Dates Chia Pista Alm,22,836,836,38
02/01/2023,GRA,ST007,QAR,PRK.1003,Cheese Croissant,16,48,48,3
02/01/2023,GRA,ST007,QAR,PRK.1007,Zatar Croissant,16,256,256,16
02/01/2023,GRA,ST007,QAR,PRK.1010,Tomato Puff Pastry,16,688,688,43
02/01/2023,GRA,ST007,QAR,PRK.1012,Three Berry Yogurt & Date,25,475,475,19
02/01/2023,GRA,ST007,QAR,PRK.1015,Kiri Cheese Danish,14,770,770,55
02/01/2023,GRA,ST007,QAR,PRK.1016,Plain Croissant,10,320,320,32
02/01/2023,GRA,ST007,QAR,PRK.1021,Shirazi Salad,12,420,420,35
02/01/2023,GRA,ST007,QAR,PRK.1023,Falafel Salad,45,1980,1935,44
02/01/2023,GRA,ST007,QAR,PRK.1024,Quinoa Swt potato Salad,40,760,760,19
02/01/2023,GRA,ST007,QAR,PRK.1027,Mex Chkn Chilli Bean Sld,40,1360,1360,34
02/01/2023,GRA,ST007,QAR,PRK.1031,Teriyaki GRAZE Salmn,55,4290,4290,78
02/01/2023,GRA,ST007,QAR,PRK.1039,Keto Chicken Salad,40,1600,1600,40
02/01/2023,GRA,ST007,QAR,PRK.1046,Greek Salad,30,780,780,26
02/01/2023,GRA,ST007,QAR,PRK.1048,Mexican  Caesar Salad chk,39,3549,3549,91
02/01/2023,GRA,ST007,QAR,PRK.1049,ROCCA SALAD,22,396,396,18
02/01/2023,GRA,ST007,QAR,PRK.1052,Smoke Turkey Sandwich,34,2108,2108,62
02/01/2023,GRA,ST007,QAR,PRK.1054,lemon&Rosemary Chkn,36,3420,3420,95
02/01/2023,GRA,ST007,QAR,PRK.1057,Steak & Philly Chz SW,32,1312,1312,41
02/01/2023,GRA,ST007,QAR,PRK.1063,Egg Mayo with Rocket,20,540,540,27
02/01/2023,GRA,ST007,QAR,PRK.1068,Crispy Chicken Bun,24,936,936,39
02/01/2023,GRA,ST007,QAR,PRK.1075,Avocado Toast,40,1080,1080,27
02/01/2023,GRA,ST007,QAR,PRK.1077,Spicy Halloumi,38,798,798,21
02/01/2023,GRA,ST007,QAR,PRK.1078,Graze Breakfast (egg box),32,800,800,25
02/01/2023,GRA,ST007,QAR,PRK.1083,Chkn Soup,19,817,817,43
02/01/2023,GRA,ST007,QAR,PRK.1087,Lentil Soup,20,1060,1060,53
02/01/2023,GRA,ST007,QAR,PRK.1089,Vegetable soup,16,528,528,33
02/01/2023,GRA,ST007,QAR,PRK.1090,Tom kha soup,28,392,392,14
02/01/2023,GRA,ST007,QAR,PRK.1113,Chkn Katsu Curry,45,4230,4230,94
02/01/2023,GRA,ST007,QAR,PRK.1115,Mushroom Pasta,40,2000,2000,50
02/01/2023,GRA,ST007,QAR,PRK.1119,Chicken Biryani,45,5220,5220,116
02/01/2023,GRA,ST007,QAR,PRK.1121,Chinese Sesame Chicken,40,4200,4200,105
02/01/2023,GRA,ST007,QAR,PRK.1127,Rock Shrimp,45,2430,2430,54
02/01/2023,GRA,ST007,QAR,PRK.1133,Lamb  Kabsa,45,3510,3510,78
02/01/2023,GRA,ST007,QAR,PRK.1140,Chicken Curry & Saffron r,43,3440,3397,80
02/01/2023,GRA,ST007,QAR,PRK.1141,CRAB BOWL,28,420,420,15
02/01/2023,GRA,ST007,QAR,PRK.1145,Yoghurt & Cucumber dip,12,216,216,18
02/01/2023,GRA,ST007,QAR,PRK.1146,Spicy Guacamole Pot,13,351,351,27
02/01/2023,GRA,ST007,QAR,PRK.1149,Edamame Pot,12,408,408,34
02/01/2023,GRA,ST007,QAR,PRK.1159,Greek Tabbouleh,20,900,900,45
02/01/2023,GRA,ST007,QAR,PRK.1173,Choco Chia Energy Ball,30,780,780,26
02/01/2023,GRA,ST007,QAR,PRK.1175,Pecan Bars,14,364,364,26
02/01/2023,GRA,ST007,QAR,PRK.1177,Carrot Cake,15,555,555,37
02/01/2023,GRA,ST007,QAR,PRK.1181,Green Apple,2,26,26,13
02/01/2023,GRA,ST007,QAR,PRK.1182,Red Apple,2,34,34,17
02/01/2023,GRA,ST007,QAR,PRK.1183,Bannana,2,212,212,106
02/01/2023,GRA,ST007,QAR,PRK.1184,Watermelon,18,936,936,52
02/01/2023,GRA,ST007,QAR,PRK.1185,Pineapplemix,18,684,684,38
02/01/2023,GRA,ST007,QAR,PRK.1186,Mixed Berries,22,1518,1518,69
02/01/2023,GRA,ST007,QAR,PRK.1194,Lotus Cheesecake,15,450,450,30
02/01/2023,GRA,ST007,QAR,PRK.1196,Chia Blueberry Yodurt,24,288,288,12
02/01/2023,GRA,ST007,QAR,PRK.1201,Iced Flat White,18,90,90,5
02/01/2023,GRA,ST007,QAR,PRK.1203,Iced Spanish Latte,20,460,460,23
02/01/2023,GRA,ST007,QAR,PRK.1204,Iced Latte,18,450,450,25
02/01/2023,GRA,ST007,QAR,PRK.1205,Iced Americano,15,660,660,44
02/01/2023,GRA,ST007,QAR,PRK.1234,Pepperoni Pizza small,40,400,400,10
02/01/2023,GRA,ST007,QAR,PRK.1235,Margherita Pizza small,30,390,390,13
02/01/2023,GRA,ST007,QAR,PRK.1236,BBQ chicken Pizza small,35,245,245,7
02/01/2023,GRA,ST007,QAR,PRK.1262,Highland Still,5,840,830,168
02/01/2023,GRA,ST007,QAR,PRK.1265,Perrier Sparkling,9,189,189,21
02/01/2023,GRA,ST007,QAR,PRK.1291,Coke,5,240,235,48
02/01/2023,GRA,ST007,QAR,PRK.1292,Diet Coke,5,305,305,61
02/01/2023,GRA,ST007,QAR,PRK.1351,Espresso Single,12,192,168,16
02/01/2023,GRA,ST007,QAR,PRK.1353,Americano Hot,15,1065,1065,71
02/01/2023,GRA,ST007,QAR,PRK.1354,Flat White Hot,18,1080,1080,60
02/01/2023,GRA,ST007,QAR,PRK.1355,Cappucino,18,1566,1566,87
02/01/2023,GRA,ST007,QAR,PRK.1356,Cortado,18,450,450,25
02/01/2023,GRA,ST007,QAR,PRK.1358,Spanish Latte,20,1520,1520,76
02/01/2023,GRA,ST007,QAR,PRK.1359,Classic Mocha,25,200,200,8
02/01/2023,GRA,ST007,QAR,PRK.1360,Slated Caramel Mocha,25,350,350,14
02/01/2023,GRA,ST007,QAR,PRK.1362,Double Espresso,14,238,238,17
02/01/2023,GRA,ST007,QAR,PRK.1363,Latte Hot,18,1080,1080,60
02/01/2023,GRA,ST007,QAR,PRK.1364,English B/F,12,108,108,9
02/01/2023,GRA,ST007,QAR,PRK.1365,Green Tea,12,84,84,7
02/01/2023,GRA,ST007,QAR,PRK.1366,Earl Grey,12,36,36,3
02/01/2023,GRA,ST007,QAR,PRK.1368,Lemon Grass/ Ginger,12,228,228,19
02/01/2023,GRA,ST007,QAR,PRK.1369,Jasmine,12,72,72,6
02/01/2023,GRA,ST007,QAR,PRK.1372,Hot Cocoa,24,504,504,21
02/01/2023,GRA,ST007,QAR,PRK.1373,Hibiscus Iced tea,18,360,360,20
02/01/2023,GRA,ST007,QAR,PRK.1374,Peach Iced Tea,18,234,234,13
02/01/2023,GRA,ST007,QAR,PRK.1375,Matcha Latte,25,150,150,6
02/01/2023,GRA,ST007,QAR,PRK.1386,Orange Juice,22,2244,2244,102
02/01/2023,GRA,ST007,QAR,PRK.1387,Carrot Juice,22,352,352,16
02/01/2023,GRA,ST007,QAR,PRK.1390,Morning Boost,24,768,768,32
02/01/2023,GRA,ST007,QAR,PRK.1392,Immune Boost,22,1078,1078,49
02/01/2023,GRA,ST007,QAR,PRK.1396,Ginger Aid Shot,18,2016,2016,112
02/01/2023,GRA,ST007,QAR,PRK.1402,Laban Drink,18,378,378,21
02/01/2023,GRA,ST007,QAR,PRK.1404,Green Boost Juice,24,528,528,22
02/01/2023,GRA,ST007,QAR,PRK.1406,Beetroot & Apple Juice,20,720,720,36
02/01/2023,GRA,ST007,QAR,PRK.1409,Turmeric wellness shot,16,720,720,45
02/01/2023,GRA,ST007,QAR,PRK.1412, Mini Cup Yogurt,14,1568,1568,112
02/01/2023,GRA,ST007,QAR,PRK.1413,Regular Cup Yogurt,21,1575,1575,75
02/01/2023,GRA,ST007,QAR,PRK.1416,Large Cup Yogurt,23,598,598,26
02/01/2023,GRA,ST007,QAR,PRK.1418, Mini Cup Yogurt/Topping,18,1440,1440,80
02/01/2023,GRA,ST007,QAR,PRK.1419,Reg Cup Yogurt/Toping,26,1820,1820,70
02/01/2023,GRA,ST007,QAR,PRK.1422,Large Cup Yogurt/Topping,30,390,390,13
02/01/2023,GRA,ST007,QAR,PRK.1429,Mini Mango Ice Cream,14,3640,3626,260
02/01/2023,GRA,ST007,QAR,PRK.1430,Regular Mango Ice Cream,21,2499,2499,119
02/01/2023,GRA,ST007,QAR,PRK.1431,Large Mango Ice Cream,23,1794,1794,78
02/01/2023,GRA,ST007,QAR,PRK.1432,Mini Mango Ice Cream/Topp,18,2286,2286,127
02/01/2023,GRA,ST007,QAR,PRK.1433,Reg Mango Ice cream/Topp,26,3510,3510,135
02/01/2023,GRA,ST007,QAR,PRK.1434,Large Mango Ice Cream/Top,30,840,840,28
02/01/2023,GRA,ST007,QAR,PRK.1464,Fresh Pineapple,3,24,24,8
02/01/2023,GRA,ST007,QAR,PRK.1469,Kiwi Fruit,3,33,33,11
02/01/2023,GRA,ST007,QAR,PRK.1470,Lotus Biscuit,3,24,24,8
02/01/2023,GRA,ST007,QAR,PRK.1474,Spaghetti Bolognese,45,2520,2520,56
02/01/2023,GRA,ST007,QAR,PRK.1475,Salmon with Cilantro Rice,65,2340,2340,36
02/01/2023,GRA,ST007,QAR,PRK.1476,Chicken Noodle Bowl,40,1040,1040,26
02/01/2023,GRA,ST007,QAR,PRK.1477,BBQ Steak,45,1215,1215,27
02/01/2023,GRA,ST007,QAR,PRK.1478,Rib eye Steak with Vegeta,55,2420,2420,44
02/01/2023,GRA,ST007,QAR,PRK.1479,Lasagne Pasta,45,1485,1485,33
02/01/2023,GRA,ST007,QAR,PRK.1480,Steak cajun potato,50,3500,3500,70
02/01/2023,GRA,ST007,QAR,PRK.1501,pomegranate,3,93,93,31
02/01/2023,GRA,ST007,QAR,PRK.1502,Strawberry,3,231,231,77
02/01/2023,GRA,ST007,QAR,PRK.1505,Salted Caramel,3,21,21,7
02/01/2023,GRA,ST007,QAR,PRK.1507,Crispy Crepe,3,48,48,16
02/01/2023,GRA,ST007,QAR,PRK.1508,Granola,3,69,69,23
02/01/2023,GRA,ST007,QAR,PRK.1509,Coconut Flakes,3,18,18,6
02/01/2023,GRA,ST007,QAR,PRK.1514,Dulce de Leche,3,12,12,4
02/01/2023,GRA,ST007,QAR,PRK.1520,Mixed Berries Sauce,3,6,6,2
02/01/2023,GRA,ST007,QAR,PRK.1521,Mango Sauce,3,18,18,6
02/01/2023,GRA,ST007,QAR,PRK.1523,Peanut Butter Sauce,3,30,30,10
02/01/2023,GRA,ST007,QAR,PRK.1527,Mango,3,222,219,74
02/01/2023,GRA,ST007,QAR,PRK.1531,Power Shake,35,210,210,6
02/01/2023,GRA,ST007,QAR,PRK.1532,Peanut Power Shake,35,315,315,9
02/01/2023,GRA,ST007,QAR,PRK.1534,Choco Power Shake,35,70,70,2
02/01/2023,GRA,ST007,QAR,PRK.1536,Energizer protine Shakes,45,180,180,4
02/01/2023,GRA,ST007,QAR,PRK.1540,Energizer shakes,35,280,280,8
02/01/2023,GRA,ST007,QAR,PRK.1545,14oz Energizer protine,40,40,40,1
02/01/2023,GRA,ST007,QAR,PRK.1548,14oz Energizer shakes,30,30,30,1
02/01/2023,GRA,ST007,QAR,PRK.1550,Extra Protein,10,20,20,2
02/01/2023,GRA,ST007,QAR,PRK.1587,Supersize,45,180,180,4
02/01/2023,GRA,ST007,QAR,PRK.1588,Acai Small,35,5810,5810,166
02/01/2023,GRA,ST007,QAR,PRK.1589,Acai Large,40,3320,3320,83
02/01/2023,GRA,ST007,QAR,PRK.1590,Peanut Choco Ice Cream,30,870,870,29
02/01/2023,GRA,ST007,QAR,PRK.1592,Watermelon Coolex,24,192,192,8
02/01/2023,GRA,ST007,QAR,PRK.1593,Tropicana,24,168,168,7
02/01/2023,GRA,ST007,QAR,PRK.1621,Orange loaf,12,540,540,45
02/01/2023,GRA,ST007,QAR,PRK.1623,Brownie flavour cookies,10,680,680,68
02/01/2023,GRA,ST007,QAR,PRK.1628,Brownie bites,13,429,429,33
02/01/2023,GRA,ST007,QAR,PRK.1632,Turkey cheese roll,19,323,323,17
02/01/2023,GRA,ST007,QAR,PRK.1633,Spinach feta roll,18,234,234,13
02/01/2023,GRA,ST007,QAR,PRK.1634,Madeleine,12,372,360,31
02/01/2023,GRA,ST007,QAR,PRK.1635,Poppy Lemon seeds,12,228,228,19
02/01/2023,GRA,ST007,QAR,PRK.1651,■PB & Jam sourdough bread,18,648,648,36
02/01/2023,GRA,ST007,QAR,PRK.1681,Salted Caramel Mocha,24,72,72,3
02/01/2023,GRA,ST007,QAR,PRK.1682,■Matcha Frappe,26,858,858,33
02/01/2023,GRA,ST007,QAR,PRK.1711,Pomegranate Pot,18,360,360,20
02/01/2023,GRA,ST007,QAR,PRK.1712,Mango Peach Muesli Pot,24,408,408,17
02/01/2023,GRA,ST007,QAR,PRK.1713,Overnight oats PB&Jam,25,625,625,25
02/01/2023,GRA,ST007,QAR,PRK.1741,Spicy Tuna sandwich,26,1586,1586,61
02/01/2023,GRA,ST007,QAR,PRK.1742,Three cheese,22,660,660,30
02/01/2023,GRA,ST007,QAR,PRK.1743,Falafel and Labna,25,300,300,12
02/01/2023,GRA,ST007,QAR,PRK.1747,BEEF BURGER,35,315,315,9
02/01/2023,GRA,ST007,QAR,PRK.1748,Chicken Shawarma,18,1008,1008,56
02/01/2023,GRA,ST007,QAR,PRK.1749,Tenderloin Beef Shawarma,22,682,682,31
02/01/2023,GRA,ST007,QAR,PRK.1752,Club sandwich,30,1920,1890,64
02/01/2023,GRA,ST007,QAR,PRK.1771,Pistachio Arabeshi,5,890,885,178
02/01/2023,GRA,ST007,QAR,PRK.1772,Fresh Raspberry,5,435,435,87
02/01/2023,GRA,ST007,QAR,PRK.1773,Fresh blueberry,5,335,335,67
02/01/2023,GRA,ST007,QAR,PRK.1774,Chocolate Flakes,5,180,180,36
02/01/2023,GRA,ST007,QAR,PRK.1775,Honey Comb,5,120,115,24
02/01/2023,GRA,ST007,QAR,PRK.1776,Milk Powder,3,48,48,16
02/01/2023,GRA,ST007,QAR,PRK.4502,Low Fat Milk,0,0,0,1
02/01/2023,GRA,ST007,QAR,PRK.4503,Almond Milk,2,28,28,14
02/01/2023,GRA,ST007,QAR,PRK.4504,Soya Milk,2,8,8,4
02/01/2023,GRA,ST007,QAR,PRK.4506,More Sweet,0,0,0,2
02/01/2023,GRA,ST007,QAR,PRK.4511,More Hot,0,0,0,1
02/01/2023,GRA,ST007,QAR,PRK.4516,Decaf,0,0,0,9
02/01/2023,GRA,ST007,QAR,PRK.4517,Vanilla Flavor,0,0,0,2
02/01/2023,GRA,ST007,QAR,PRK.4519,caramel flavor,0,0,0,1
02/01/2023,GRA,ST007,QAR,PRK.4521,Oat Milk,2,4,4,2
02/01/2023,GRA,ST007,QAR,PRK.4522,Skimmed Milk,2,6,6,3
02/01/2023,GRA,ST007,QAR,PRK.4531,w/ Granola,0,0,0,48
02/01/2023,GRA,ST007,QAR,PRK.4533,w/ Pretzel,0,0,0,3
02/01/2023,GRA,ST007,QAR,PRK.4534,w/ Coconut Flakes,0,0,0,28
02/01/2023,GRA,ST007,QAR,PRK.4535,w/ Crispy Crepe,0,0,0,77
02/01/2023,GRA,ST007,QAR,PRK.4537,w/ Mixed Berries Sauce,0,0,0,28
02/01/2023,GRA,ST007,QAR,PRK.4541,w/ Strawberry,0,0,0,142
02/01/2023,GRA,ST007,QAR,PRK.4543,w/ Salted Caramel,0,0,0,15
02/01/2023,GRA,ST007,QAR,PRK.4544,w/ Pomegranate,0,0,0,110
02/01/2023,GRA,ST007,QAR,PRK.4545,w/ Dulce de leche,0,0,0,36
02/01/2023,GRA,ST007,QAR,PRK.4549,w/ Mango Sauce,0,0,0,16
02/01/2023,GRA,ST007,QAR,PRK.4550,w/ Mango,0,0,0,200
02/01/2023,GRA,ST007,QAR,PRK.4551,w/ Peanut Butter Sauce,0,0,0,15
02/01/2023,GRA,ST007,QAR,PRK.4552,w/ Crushed Grahams,0,0,0,12
02/01/2023,GRA,ST007,QAR,PRK.4556,w/ Fresh Pineapple,0,0,0,21
02/01/2023,GRA,ST007,QAR,PRK.4557,w/ Kiwi Fruit,0,0,0,6
02/01/2023,GRA,ST007,QAR,PRK.4558,w/ Lotus Biscuit,0,0,0,10
02/01/2023,GRA,ST007,QAR,PRK.4561,MIXED FROZEN YOGURT,0,0,0,42
02/01/2023,GRA,ST007,QAR,PRK.4562,MIXED MANGO YOGURT,0,0,0,8
