DATE,BRANCHCODE,WAREHOUSECODE,CURRENCY,ERPCODE,ITEMNAME,RAWPRICE,GROSSAMT,NETVALUE,QTYSOLD
06/01/2023,GRA,ST019,QAR,PRK.902,Granola,55,825,742.5,15
06/01/2023,GRA,ST019,QAR,PRK.903,Graze Spicy  Mix,55,55,49.5,1
06/01/2023,GRA,ST019,QAR,PRK.904,Graze House Mix,55,165,148.5,3
06/01/2023,GRA,ST019,QAR,PRK.907,Zaatar Chips,6,144,130.2,24
06/01/2023,GRA,ST019,QAR,PRK.909,Spicy Pesto Chips,6,126,113.4,21
06/01/2023,GRA,ST019,QAR,PRK.910,Graze Spicy Mix Sml,25,475,427.5,19
06/01/2023,GRA,ST019,QAR,PRK.911,Graze House Mix Sml,25,375,337.5,15
06/01/2023,GRA,ST019,QAR,PRK.937,Baby Mozzarella Salad,45,1395,1255.5,31
06/01/2023,GRA,ST019,QAR,PRK.938,4 Grain Salad with Beetro,55,1925,1732.5,35
06/01/2023,GRA,ST019,QAR,PRK.939,Steak Salad with Green Sa,55,3905,3514.5,71
06/01/2023,GRA,ST019,QAR,PRK.961,Extra cheese,5,5,4.5,1
06/01/2023,GRA,ST019,QAR,PRK.962,Extra flavor,3,75,67.5,25
06/01/2023,GRA,ST019,QAR,PRK.994,Crsnt w Egg/Avaca/ SunTom,24,3888,3499.19999999999,162
06/01/2023,GRA,ST019,QAR,PRK.995,Egg Burrito,20,2760,2484,138
06/01/2023,GRA,ST019,QAR,PRK.996,Blueberry Granola parfait,25,2750,2475,110
06/01/2023,GRA,ST019,QAR,PRK.997,Yog Dates Chia Pista Alm,22,2552,2296.8,116
06/01/2023,GRA,ST019,QAR,PRK.1003,Cheese Croissant,16,240,216,15
06/01/2023,GRA,ST019,QAR,PRK.1007,Zatar Croissant,16,352,316.8,22
06/01/2023,GRA,ST019,QAR,PRK.1010,Tomato Puff Pastry,16,704,633.599999999999,44
06/01/2023,GRA,ST019,QAR,PRK.1012,Three Berry Yogurt & Date,25,675,607.5,27
06/01/2023,GRA,ST019,QAR,PRK.1015,Kiri Cheese Danish,14,896,806.400000000001,64
06/01/2023,GRA,ST019,QAR,PRK.1016,Plain Croissant,10,300,270,30
06/01/2023,GRA,ST019,QAR,PRK.1021,Shirazi Salad,12,780,702,65
06/01/2023,GRA,ST019,QAR,PRK.1023,Falafel Salad,45,3735,3361.5,83
06/01/2023,GRA,ST019,QAR,PRK.1024,Quinoa Swt potato Salad,40,1080,972,27
06/01/2023,GRA,ST019,QAR,PRK.1027,Mex Chkn Chilli Bean Sld,40,2880,2592,72
06/01/2023,GRA,ST019,QAR,PRK.1031,Teriyaki GRAZE Salmn,55,7810,7029,142
06/01/2023,GRA,ST019,QAR,PRK.1039,Keto Chicken Salad,40,3760,3384,94
06/01/2023,GRA,ST019,QAR,PRK.1046,Greek Salad,30,960,864,32
06/01/2023,GRA,ST019,QAR,PRK.1048,Mexican  Caesar Salad chk,39,4251,3825.89999999999,109
06/01/2023,GRA,ST019,QAR,PRK.1049,ROCCA SALAD,22,814,732.6,37
06/01/2023,GRA,ST019,QAR,PRK.1052,Smoke Turkey Sandwich,34,5100,4590,150
06/01/2023,GRA,ST019,QAR,PRK.1054,lemon&Rosemary Chkn,36,9864,8877.59999999996,274
06/01/2023,GRA,ST019,QAR,PRK.1057,Steak & Philly Chz SW,32,3904,3513.60000000001,122
06/01/2023,GRA,ST019,QAR,PRK.1063,Egg Mayo with Rocket,20,1440,1296,72
06/01/2023,GRA,ST019,QAR,PRK.1068,Crispy Chicken Bun,24,480,432,20
06/01/2023,GRA,ST019,QAR,PRK.1075,Avocado Toast,40,680,612,17
06/01/2023,GRA,ST019,QAR,PRK.1077,Spicy Halloumi,38,3572,3214.8,94
06/01/2023,GRA,ST019,QAR,PRK.1078,Graze Breakfast (egg box),32,1728,1555.2,54
06/01/2023,GRA,ST019,QAR,PRK.1083,Chkn Soup,19,988,889.200000000001,52
06/01/2023,GRA,ST019,QAR,PRK.1087,Lentil Soup,20,1360,1224,68
06/01/2023,GRA,ST019,QAR,PRK.1089,Vegetable soup,16,336,302.4,21
06/01/2023,GRA,ST019,QAR,PRK.1113,Chkn Katsu Curry,45,3870,3483,86
06/01/2023,GRA,ST019,QAR,PRK.1115,Mushroom Pasta,40,1400,1260,35
06/01/2023,GRA,ST019,QAR,PRK.1119,Chicken Biryani,45,5625,5062.5,125
06/01/2023,GRA,ST019,QAR,PRK.1121,Chinese Sesame Chicken,40,3320,2988,83
06/01/2023,GRA,ST019,QAR,PRK.1127,Rock Shrimp,45,2565,2308.5,57
06/01/2023,GRA,ST019,QAR,PRK.1133,Lamb  Kabsa,45,4995,4495.5,111
06/01/2023,GRA,ST019,QAR,PRK.1140,Chicken Curry & Saffron r,43,2838,2554.2,66
06/01/2023,GRA,ST019,QAR,PRK.1141,CRAB BOWL,28,308,277.2,11
06/01/2023,GRA,ST019,QAR,PRK.1145,Yoghurt & Cucumber dip,12,324,291.6,27
06/01/2023,GRA,ST019,QAR,PRK.1146,Spicy Guacamole Pot,13,403,364,31
06/01/2023,GRA,ST019,QAR,PRK.1149,Edamame Pot,12,168,151.2,14
06/01/2023,GRA,ST019,QAR,PRK.1155,Classic hummus pot,18,432,388.8,24
06/01/2023,GRA,ST019,QAR,PRK.1159,Greek Tabbouleh,20,1180,1062,59
06/01/2023,GRA,ST019,QAR,PRK.1160,Egg pot,16,832,748.799999999999,52
06/01/2023,GRA,ST019,QAR,PRK.1173,Choco Chia Energy Ball,30,1530,1377,51
06/01/2023,GRA,ST019,QAR,PRK.1175,Pecan Bars,14,336,302.4,24
06/01/2023,GRA,ST019,QAR,PRK.1177,Carrot Cake,15,420,378,28
06/01/2023,GRA,ST019,QAR,PRK.1181,Green Apple,2,48,43.2,24
06/01/2023,GRA,ST019,QAR,PRK.1182,Red Apple,2,50,45,25
06/01/2023,GRA,ST019,QAR,PRK.1183,Bannana,2,332,298.800000000001,166
06/01/2023,GRA,ST019,QAR,PRK.1184,Watermelon,18,1728,1555.2,96
06/01/2023,GRA,ST019,QAR,PRK.1185,Pineapplemix,18,1296,1166.4,72
06/01/2023,GRA,ST019,QAR,PRK.1186,Mixed Berries,22,2530,2277,115
06/01/2023,GRA,ST019,QAR,PRK.1194,Lotus Cheesecake,15,465,418.5,31
06/01/2023,GRA,ST019,QAR,PRK.1196,Chia Blueberry Yodurt,24,792,712.8,33
06/01/2023,GRA,ST019,QAR,PRK.1201,Iced Flat White,18,72,64.8,4
06/01/2023,GRA,ST019,QAR,PRK.1203,Iced Spanish Latte,20,260,234,13
06/01/2023,GRA,ST019,QAR,PRK.1204,Iced Latte,18,144,129.6,8
06/01/2023,GRA,ST019,QAR,PRK.1205,Iced Americano,15,120,108,8
06/01/2023,GRA,ST019,QAR,PRK.1234,Pepperoni Pizza small,40,280,252,7
06/01/2023,GRA,ST019,QAR,PRK.1235,Margherita Pizza small,30,120,108,4
06/01/2023,GRA,ST019,QAR,PRK.1236,BBQ chicken Pizza small,35,210,189,6
06/01/2023,GRA,ST019,QAR,PRK.1262,Highland Still,5,395,355.5,79
06/01/2023,GRA,ST019,QAR,PRK.1265,Perrier Sparkling,9,1521,1368.9,169
06/01/2023,GRA,ST019,QAR,PRK.1291,Coke,5,325,292.5,65
06/01/2023,GRA,ST019,QAR,PRK.1292,Diet Coke,5,765,688.5,153
06/01/2023,GRA,ST019,QAR,PRK.1321,Mini Cup /Pina Colada,14,504,456.4,36
06/01/2023,GRA,ST019,QAR,PRK.1322,Regular Cup / Pina Colada,21,294,264.6,14
06/01/2023,GRA,ST019,QAR,PRK.1323,Large cup /Pina Colada,23,92,82.8,4
06/01/2023,GRA,ST019,QAR,PRK.1324,Mini Pina Colada/Topping,18,216,194.4,12
06/01/2023,GRA,ST019,QAR,PRK.1325,Regular Pina Colada/Toppi,26,156,140.4,6
06/01/2023,GRA,ST019,QAR,PRK.1351,Espresso Single,12,540,486,45
06/01/2023,GRA,ST019,QAR,PRK.1352,Macchiato,18,162,145.8,9
06/01/2023,GRA,ST019,QAR,PRK.1353,Americano Hot,15,4140,3726,276
06/01/2023,GRA,ST019,QAR,PRK.1354,Flat White Hot,18,4410,3968.99999999999,245
06/01/2023,GRA,ST019,QAR,PRK.1355,Cappucino,18,2916,2624.4,162
06/01/2023,GRA,ST019,QAR,PRK.1356,Cortado,18,2322,2089.8,129
06/01/2023,GRA,ST019,QAR,PRK.1358,Spanish Latte,20,840,756,42
06/01/2023,GRA,ST019,QAR,PRK.1359,Classic Mocha,25,325,292.5,13
06/01/2023,GRA,ST019,QAR,PRK.1360,Slated Caramel Mocha,25,200,180,8
06/01/2023,GRA,ST019,QAR,PRK.1362,Double Espresso,14,1876,1689.8,134
06/01/2023,GRA,ST019,QAR,PRK.1363,Latte Hot,18,4950,4454.99999999998,275
06/01/2023,GRA,ST019,QAR,PRK.1364,English B/F,12,60,54,5
06/01/2023,GRA,ST019,QAR,PRK.1365,Green Tea,12,120,108,10
06/01/2023,GRA,ST019,QAR,PRK.1366,Earl Grey,12,108,97.2,9
06/01/2023,GRA,ST019,QAR,PRK.1367,Pepper Mint,12,60,54,5
06/01/2023,GRA,ST019,QAR,PRK.1368,Lemon Grass/ Ginger,12,276,248.4,23
06/01/2023,GRA,ST019,QAR,PRK.1369,Jasmine,12,108,97.2,9
06/01/2023,GRA,ST019,QAR,PRK.1371,Chamomile,12,84,75.6,7
06/01/2023,GRA,ST019,QAR,PRK.1372,Hot Cocoa,24,216,194.4,9
06/01/2023,GRA,ST019,QAR,PRK.1374,Peach Iced Tea,18,396,356.4,22
06/01/2023,GRA,ST019,QAR,PRK.1375,Matcha Latte,25,650,585,26
06/01/2023,GRA,ST019,QAR,PRK.1386,Orange Juice,22,2310,2079,105
06/01/2023,GRA,ST019,QAR,PRK.1387,Carrot Juice,22,1496,1346.4,68
06/01/2023,GRA,ST019,QAR,PRK.1390,Morning Boost,24,1632,1468.8,68
06/01/2023,GRA,ST019,QAR,PRK.1392,Immune Boost,22,638,574.2,29
06/01/2023,GRA,ST019,QAR,PRK.1396,Ginger Aid Shot,18,2682,2413.8,149
06/01/2023,GRA,ST019,QAR,PRK.1402,Laban Drink,18,648,583.2,36
06/01/2023,GRA,ST019,QAR,PRK.1404,Green Boost Juice,24,1440,1296,60
06/01/2023,GRA,ST019,QAR,PRK.1406,Beetroot & Apple Juice,20,1120,1008,56
06/01/2023,GRA,ST019,QAR,PRK.1409,Turmeric wellness shot,16,1504,1353.6,94
06/01/2023,GRA,ST019,QAR,PRK.1412, Mini Cup Yogurt,14,224,201.6,16
06/01/2023,GRA,ST019,QAR,PRK.1413,Regular Cup Yogurt,21,42,37.8,2
06/01/2023,GRA,ST019,QAR,PRK.1416,Large Cup Yogurt,23,23,20.7,1
06/01/2023,GRA,ST019,QAR,PRK.1418, Mini Cup Yogurt/Topping,18,144,129.6,8
06/01/2023,GRA,ST019,QAR,PRK.1419,Reg Cup Yogurt/Toping,26,52,46.8,2
06/01/2023,GRA,ST019,QAR,PRK.1429,Mini Mango Ice Cream,14,434,390.6,31
06/01/2023,GRA,ST019,QAR,PRK.1430,Regular Mango Ice Cream,21,210,189,10
06/01/2023,GRA,ST019,QAR,PRK.1431,Large Mango Ice Cream,23,115,103.5,5
06/01/2023,GRA,ST019,QAR,PRK.1432,Mini Mango Ice Cream/Topp,18,162,145.8,9
06/01/2023,GRA,ST019,QAR,PRK.1433,Reg Mango Ice cream/Topp,26,130,117,5
06/01/2023,GRA,ST019,QAR,PRK.1434,Large Mango Ice Cream/Top,30,30,27,1
06/01/2023,GRA,ST019,QAR,PRK.1474,Spaghetti Bolognese,45,1350,1215,30
06/01/2023,GRA,ST019,QAR,PRK.1475,Salmon with Cilantro Rice,65,4225,3802.5,65
06/01/2023,GRA,ST019,QAR,PRK.1476,Chicken Noodle Bowl,40,1200,1080,30
06/01/2023,GRA,ST019,QAR,PRK.1477,BBQ Steak,45,3645,3280.5,81
06/01/2023,GRA,ST019,QAR,PRK.1478,Rib eye Steak with Vegeta,55,4565,4108.5,83
06/01/2023,GRA,ST019,QAR,PRK.1479,Lasagne Pasta,45,855,769.5,19
06/01/2023,GRA,ST019,QAR,PRK.1480,Steak cajun potato,50,3700,3330,74
06/01/2023,GRA,ST019,QAR,PRK.1501,pomegranate,3,9,8.1,3
06/01/2023,GRA,ST019,QAR,PRK.1502,Strawberry,3,51,45.9,17
06/01/2023,GRA,ST019,QAR,PRK.1505,Salted Caramel,3,3,2.7,1
06/01/2023,GRA,ST019,QAR,PRK.1507,Crispy Crepe,3,57,51.3,19
06/01/2023,GRA,ST019,QAR,PRK.1508,Granola,3,39,35.1,13
06/01/2023,GRA,ST019,QAR,PRK.1509,Coconut Flakes,3,6,5.4,2
06/01/2023,GRA,ST019,QAR,PRK.1523,Peanut Butter Sauce,3,45,40.5,15
06/01/2023,GRA,ST019,QAR,PRK.1527,Mango,3,9,8.1,3
06/01/2023,GRA,ST019,QAR,PRK.1531,Power Shake,35,595,535.5,17
06/01/2023,GRA,ST019,QAR,PRK.1532,Peanut Power Shake,35,875,787.5,25
06/01/2023,GRA,ST019,QAR,PRK.1536,Energizer protine Shakes,45,720,648,16
06/01/2023,GRA,ST019,QAR,PRK.1540,Energizer shakes,35,175,157.5,5
06/01/2023,GRA,ST019,QAR,PRK.1545,14oz Energizer protine,40,40,36,1
06/01/2023,GRA,ST019,QAR,PRK.1550,Extra Protein,10,30,27,3
06/01/2023,GRA,ST019,QAR,PRK.1588,Acai Small,35,2415,2173.5,69
06/01/2023,GRA,ST019,QAR,PRK.1589,Acai Large,40,1320,1188,33
06/01/2023,GRA,ST019,QAR,PRK.1592,Watermelon Coolex,24,960,864.000000000001,40
06/01/2023,GRA,ST019,QAR,PRK.1593,Tropicana,24,1008,907.200000000001,42
06/01/2023,GRA,ST019,QAR,PRK.1621,Orange loaf,12,816,734.399999999999,68
06/01/2023,GRA,ST019,QAR,PRK.1623,Brownie flavour cookies,10,860,774,86
06/01/2023,GRA,ST019,QAR,PRK.1628,Brownie bites,13,858,772.200000000001,66
06/01/2023,GRA,ST019,QAR,PRK.1632,Turkey cheese roll,19,551,495.9,29
06/01/2023,GRA,ST019,QAR,PRK.1633,Spinach feta roll,18,504,453.6,28
06/01/2023,GRA,ST019,QAR,PRK.1634,Madeleine,12,1284,1155.6,107
06/01/2023,GRA,ST019,QAR,PRK.1651,■PB & Jam sourdough bread,18,396,356.4,22
06/01/2023,GRA,ST019,QAR,PRK.1655,Graze Oatmeal,30,6690,6021,223
06/01/2023,GRA,ST019,QAR,PRK.1681,Salted Caramel Mocha,24,48,43.2,2
06/01/2023,GRA,ST019,QAR,PRK.1682,■Matcha Frappe,26,546,491.4,21
06/01/2023,GRA,ST019,QAR,PRK.1711,Pomegranate Pot,18,396,356.4,22
06/01/2023,GRA,ST019,QAR,PRK.1712,Mango Peach Muesli Pot,24,624,561.6,26
06/01/2023,GRA,ST019,QAR,PRK.1713,Overnight oats PB&Jam,25,1550,1395,62
06/01/2023,GRA,ST019,QAR,PRK.1741,Spicy Tuna sandwich,26,2080,1872,80
06/01/2023,GRA,ST019,QAR,PRK.1742,Three cheese,22,1298,1168.2,59
06/01/2023,GRA,ST019,QAR,PRK.1743,Falafel and Labna,25,650,585,26
06/01/2023,GRA,ST019,QAR,PRK.1747,BEEF BURGER,35,665,598.5,19
06/01/2023,GRA,ST019,QAR,PRK.1748,Chicken Shawarma,18,2610,2349,145
06/01/2023,GRA,ST019,QAR,PRK.1749,Tenderloin Beef Shawarma,22,1738,1564.2,79
06/01/2023,GRA,ST019,QAR,PRK.1750,Cream Cheese Roll,9,2007,1808.1,223
06/01/2023,GRA,ST019,QAR,PRK.1751,Egg Mayo Roll,9,2898,2608.19999999999,322
06/01/2023,GRA,ST019,QAR,PRK.1752,Club sandwich,30,4440,3996,148
06/01/2023,GRA,ST019,QAR,PRK.1753,Slider Chicken Burger,38,2280,2017.8,60
06/01/2023,GRA,ST019,QAR,PRK.1754,Slider Beef Burger,39,624,561.6,16
06/01/2023,GRA,ST019,QAR,PRK.1771,Pistachio Arabeshi,5,135,121.5,27
06/01/2023,GRA,ST019,QAR,PRK.1772,Fresh Raspberry,5,50,46,10
06/01/2023,GRA,ST019,QAR,PRK.1773,Fresh blueberry,5,80,72,16
06/01/2023,GRA,ST019,QAR,PRK.1774,Chocolate Flakes,5,5,4.5,1
06/01/2023,GRA,ST019,QAR,PRK.1775,Honey Comb,5,50,45,10
06/01/2023,GRA,ST019,QAR,PRK.4501,Full Fat Milk,0,0,0,1
06/01/2023,GRA,ST019,QAR,PRK.4502,Low Fat Milk,0,0,0,41
06/01/2023,GRA,ST019,QAR,PRK.4503,Almond Milk,2,186,167.4,93
06/01/2023,GRA,ST019,QAR,PRK.4504,Soya Milk,2,20,18,10
06/01/2023,GRA,ST019,QAR,PRK.4505,Less Sweet,0,0,0,1
06/01/2023,GRA,ST019,QAR,PRK.4507,Half Shot,0,0,0,1
06/01/2023,GRA,ST019,QAR,PRK.4508,Single Shot,0,0,0,3
06/01/2023,GRA,ST019,QAR,PRK.4509,Double Shot,0,0,0,13
06/01/2023,GRA,ST019,QAR,PRK.4511,More Hot,0,0,0,1
06/01/2023,GRA,ST019,QAR,PRK.4516,Decaf,0,0,0,18
06/01/2023,GRA,ST019,QAR,PRK.4517,Vanilla Flavor,0,0,0,3
06/01/2023,GRA,ST019,QAR,PRK.4519,caramel flavor,0,0,0,5
06/01/2023,GRA,ST019,QAR,PRK.4520,hazelnut flavor,0,0,0,1
06/01/2023,GRA,ST019,QAR,PRK.4521,Oat Milk,2,110,98.9999999999999,55
06/01/2023,GRA,ST019,QAR,PRK.4522,Skimmed Milk,2,4,3.6,2
06/01/2023,GRA,ST019,QAR,PRK.4523,Coconut Milk,2,32,28.8,16
06/01/2023,GRA,ST019,QAR,PRK.4531,w/ Granola,0,0,0,3
06/01/2023,GRA,ST019,QAR,PRK.4534,w/ Coconut Flakes,0,0,0,4
06/01/2023,GRA,ST019,QAR,PRK.4535,w/ Crispy Crepe,0,0,0,2
06/01/2023,GRA,ST019,QAR,PRK.4541,w/ Strawberry,0,0,0,11
06/01/2023,GRA,ST019,QAR,PRK.4543,w/ Salted Caramel,0,0,0,1
06/01/2023,GRA,ST019,QAR,PRK.4544,w/ Pomegranate,0,0,0,10
06/01/2023,GRA,ST019,QAR,PRK.4545,w/ Dulce de leche,0,0,0,2
06/01/2023,GRA,ST019,QAR,PRK.4550,w/ Mango,0,0,0,12
06/01/2023,GRA,ST019,QAR,PRK.4552,w/ Crushed Grahams,0,0,0,1
06/01/2023,GRA,ST019,QAR,PRK.4557,w/Lotus Biscut,0,0,0,2
06/01/2023,GRA,ST019,QAR,PRK.4561,MIXED FROZEN YOGURT,0,0,0,1
06/01/2023,GRA,ST019,QAR,PRK.4562,MIXED MANGO YOGURT,0,0,0,1
