DATE,BRANCHCODE,WAREHOUSECODE,CURRENCY,ERPCODE,ITEMNAME,RAWPRICE,GROSSAMT,NETVALUE,QTYSOLD
01/01/2023,GRA,ST019,QAR,PRK.902,Granola,55,825,742.5,15
01/01/2023,GRA,ST019,QAR,PRK.903,Graze Spicy  Mix,55,165,148.5,3
01/01/2023,GRA,ST019,QAR,PRK.904,Graze House Mix,55,495,445.5,9
01/01/2023,GRA,ST019,QAR,PRK.907,Zaatar Chips,6,162,145.8,27
01/01/2023,GRA,ST019,QAR,PRK.909,Spicy Pesto Chips,6,132,118.8,22
01/01/2023,GRA,ST019,QAR,PRK.910,Graze Spicy Mix Sml,25,350,315,14
01/01/2023,GRA,ST019,QAR,PRK.911,Graze House Mix Sml,25,475,427.5,19
01/01/2023,GRA,ST019,QAR,PRK.937,Baby Mozzarella Salad,45,2250,2025,50
01/01/2023,GRA,ST019,QAR,PRK.938,4 Grain Salad with Beetro,55,2475,2227.5,45
01/01/2023,GRA,ST019,QAR,PRK.939,Steak Salad with Green Sa,55,3575,3217.5,65
01/01/2023,GRA,ST019,QAR,PRK.961,Extra cheese,5,10,9,2
01/01/2023,GRA,ST019,QAR,PRK.962,Extra flavor,3,141,126.9,47
01/01/2023,GRA,ST019,QAR,PRK.994,Crsnt w Egg/Avaca/ SunTom,24,5808,5227.20000000001,242
01/01/2023,GRA,ST019,QAR,PRK.995,Egg Burrito,20,3400,3060,170
01/01/2023,GRA,ST019,QAR,PRK.996,Blueberry Granola parfait,25,2900,2610,116
01/01/2023,GRA,ST019,QAR,PRK.997,Yog Dates Chia Pista Alm,22,2552,2296.8,116
01/01/2023,GRA,ST019,QAR,PRK.1003,Cheese Croissant,16,160,144,10
01/01/2023,GRA,ST019,QAR,PRK.1007,Zatar Croissant,16,608,547.2,38
01/01/2023,GRA,ST019,QAR,PRK.1010,Tomato Puff Pastry,16,752,676.799999999999,47
01/01/2023,GRA,ST019,QAR,PRK.1012,Three Berry Yogurt & Date,25,775,697.5,31
01/01/2023,GRA,ST019,QAR,PRK.1015,Kiri Cheese Danish,14,812,730.800000000001,58
01/01/2023,GRA,ST019,QAR,PRK.1016,Plain Croissant,10,550,495,55
01/01/2023,GRA,ST019,QAR,PRK.1021,Shirazi Salad,12,528,475.2,44
01/01/2023,GRA,ST019,QAR,PRK.1023,Falafel Salad,45,5490,4941,122
01/01/2023,GRA,ST019,QAR,PRK.1024,Quinoa Swt potato Salad,40,1760,1584,44
01/01/2023,GRA,ST019,QAR,PRK.1027,Mex Chkn Chilli Bean Sld,40,3000,2700,75
01/01/2023,GRA,ST019,QAR,PRK.1029,Burrata Salad,50,100,90,2
01/01/2023,GRA,ST019,QAR,PRK.1031,Teriyaki GRAZE Salmn,55,7535,6781.5,137
01/01/2023,GRA,ST019,QAR,PRK.1039,Keto Chicken Salad,40,4320,3888,108
01/01/2023,GRA,ST019,QAR,PRK.1046,Greek Salad,30,1860,1674,62
01/01/2023,GRA,ST019,QAR,PRK.1048,Mexican  Caesar Salad chk,39,4914,4422.6,126
01/01/2023,GRA,ST019,QAR,PRK.1049,ROCCA SALAD,22,748,673.2,34
01/01/2023,GRA,ST019,QAR,PRK.1052,Smoke Turkey Sandwich,34,5882,5293.80000000001,173
01/01/2023,GRA,ST019,QAR,PRK.1054,lemon&Rosemary Chkn,36,7236,6512.39999999998,201
01/01/2023,GRA,ST019,QAR,PRK.1057,Steak & Philly Chz SW,32,3456,3110.4,108
01/01/2023,GRA,ST019,QAR,PRK.1063,Egg Mayo with Rocket,20,1660,1494,83
01/01/2023,GRA,ST019,QAR,PRK.1068,Crispy Chicken Bun,24,1560,1404,65
01/01/2023,GRA,ST019,QAR,PRK.1070,Chicken Pesto & Mozzarell,32,1248,1123.2,39
01/01/2023,GRA,ST019,QAR,PRK.1075,Avocado Toast,40,1960,1764,49
01/01/2023,GRA,ST019,QAR,PRK.1077,Spicy Halloumi,38,3306,2975.4,87
01/01/2023,GRA,ST019,QAR,PRK.1078,Graze Breakfast (egg box),32,2144,1929.6,67
01/01/2023,GRA,ST019,QAR,PRK.1083,Chkn Soup,19,988,889.200000000001,52
01/01/2023,GRA,ST019,QAR,PRK.1087,Lentil Soup,20,1260,1134,63
01/01/2023,GRA,ST019,QAR,PRK.1089,Vegetable soup,16,672,604.8,42
01/01/2023,GRA,ST019,QAR,PRK.1090,Tom kha soup,28,280,252,10
01/01/2023,GRA,ST019,QAR,PRK.1113,Chkn Katsu Curry,45,2700,2430,60
01/01/2023,GRA,ST019,QAR,PRK.1115,Mushroom Pasta,40,2120,1912,53
01/01/2023,GRA,ST019,QAR,PRK.1118,Steak With Mushroom Sauce,45,900,810,20
01/01/2023,GRA,ST019,QAR,PRK.1119,Chicken Biryani,45,6210,5589,138
01/01/2023,GRA,ST019,QAR,PRK.1121,Chinese Sesame Chicken,40,3720,3348,93
01/01/2023,GRA,ST019,QAR,PRK.1127,Rock Shrimp,45,2115,1903.5,47
01/01/2023,GRA,ST019,QAR,PRK.1133,Lamb  Kabsa,45,4500,4050,100
01/01/2023,GRA,ST019,QAR,PRK.1140,Chicken Curry & Saffron r,43,1892,1702.8,44
01/01/2023,GRA,ST019,QAR,PRK.1141,CRAB BOWL,28,476,428.4,17
01/01/2023,GRA,ST019,QAR,PRK.1145,Yoghurt & Cucumber dip,12,312,280.8,26
01/01/2023,GRA,ST019,QAR,PRK.1146,Spicy Guacamole Pot,13,234,210.6,18
01/01/2023,GRA,ST019,QAR,PRK.1149,Edamame Pot,12,180,162,15
01/01/2023,GRA,ST019,QAR,PRK.1155,Classic hummus pot,18,126,113.4,7
01/01/2023,GRA,ST019,QAR,PRK.1159,Greek Tabbouleh,20,760,684,38
01/01/2023,GRA,ST019,QAR,PRK.1160,Egg pot,16,1216,1094.4,76
01/01/2023,GRA,ST019,QAR,PRK.1173,Choco Chia Energy Ball,30,810,729,27
01/01/2023,GRA,ST019,QAR,PRK.1175,Pecan Bars,14,518,466.2,37
01/01/2023,GRA,ST019,QAR,PRK.1177,Carrot Cake,15,585,526.5,39
01/01/2023,GRA,ST019,QAR,PRK.1181,Green Apple,2,68,61.2,34
01/01/2023,GRA,ST019,QAR,PRK.1182,Red Apple,2,84,75.6,42
01/01/2023,GRA,ST019,QAR,PRK.1183,Bannana,2,438,394.200000000001,219
01/01/2023,GRA,ST019,QAR,PRK.1184,Watermelon,18,1152,1036.8,64
01/01/2023,GRA,ST019,QAR,PRK.1185,Pineapplemix,18,1170,1053,65
01/01/2023,GRA,ST019,QAR,PRK.1186,Mixed Berries,22,2596,2336.4,118
01/01/2023,GRA,ST019,QAR,PRK.1194,Lotus Cheesecake,15,630,567,42
01/01/2023,GRA,ST019,QAR,PRK.1196,Chia Blueberry Yodurt,24,1272,1144.8,53
01/01/2023,GRA,ST019,QAR,PRK.1203,Iced Spanish Latte,20,100,90,5
01/01/2023,GRA,ST019,QAR,PRK.1204,Iced Latte,18,198,178.2,11
01/01/2023,GRA,ST019,QAR,PRK.1205,Iced Americano,15,285,256.5,19
01/01/2023,GRA,ST019,QAR,PRK.1234,Pepperoni Pizza small,40,80,72,2
01/01/2023,GRA,ST019,QAR,PRK.1235,Margherita Pizza small,30,30,27,1
01/01/2023,GRA,ST019,QAR,PRK.1262,Highland Still,5,405,364.5,81
01/01/2023,GRA,ST019,QAR,PRK.1265,Perrier Sparkling,9,1035,931.500000000002,115
01/01/2023,GRA,ST019,QAR,PRK.1291,Coke,5,475,423,95
01/01/2023,GRA,ST019,QAR,PRK.1292,Diet Coke,5,785,706.5,157
01/01/2023,GRA,ST019,QAR,PRK.1351,Espresso Single,12,708,637.2,59
01/01/2023,GRA,ST019,QAR,PRK.1352,Macchiato,18,324,291.6,18
01/01/2023,GRA,ST019,QAR,PRK.1353,Americano Hot,15,6090,5481,406
01/01/2023,GRA,ST019,QAR,PRK.1354,Flat White Hot,18,4896,4406.39999999998,272
01/01/2023,GRA,ST019,QAR,PRK.1355,Cappucino,18,4104,3693.59999999999,228
01/01/2023,GRA,ST019,QAR,PRK.1356,Cortado,18,4140,3725.99999999999,230
01/01/2023,GRA,ST019,QAR,PRK.1358,Spanish Latte,20,2360,2124,118
01/01/2023,GRA,ST019,QAR,PRK.1359,Classic Mocha,25,225,202.5,9
01/01/2023,GRA,ST019,QAR,PRK.1360,Slated Caramel Mocha,25,225,202.5,9
01/01/2023,GRA,ST019,QAR,PRK.1362,Double Espresso,14,2576,2318.39999999999,184
01/01/2023,GRA,ST019,QAR,PRK.1363,Latte Hot,18,6948,6253.19999999996,386
01/01/2023,GRA,ST019,QAR,PRK.1364,English B/F,12,216,194.4,18
01/01/2023,GRA,ST019,QAR,PRK.1365,Green Tea,12,24,21.6,2
01/01/2023,GRA,ST019,QAR,PRK.1366,Earl Grey,12,60,54,5
01/01/2023,GRA,ST019,QAR,PRK.1367,Pepper Mint,12,48,43.2,4
01/01/2023,GRA,ST019,QAR,PRK.1368,Lemon Grass/ Ginger,12,612,550.8,51
01/01/2023,GRA,ST019,QAR,PRK.1369,Jasmine,12,36,32.4,3
01/01/2023,GRA,ST019,QAR,PRK.1371,Chamomile,12,84,75.6,7
01/01/2023,GRA,ST019,QAR,PRK.1372,Hot Cocoa,24,1248,1123.2,52
01/01/2023,GRA,ST019,QAR,PRK.1373,Hibiscus Iced tea,18,522,469.8,29
01/01/2023,GRA,ST019,QAR,PRK.1374,Peach Iced Tea,18,540,486,30
01/01/2023,GRA,ST019,QAR,PRK.1375,Matcha Latte,25,200,180,8
01/01/2023,GRA,ST019,QAR,PRK.1376,Cinnamon Latte,25,25,22.5,1
01/01/2023,GRA,ST019,QAR,PRK.1386,Orange Juice,22,5764,5187.60000000002,262
01/01/2023,GRA,ST019,QAR,PRK.1387,Carrot Juice,22,1848,1663.2,84
01/01/2023,GRA,ST019,QAR,PRK.1390,Morning Boost,24,1656,1490.4,69
01/01/2023,GRA,ST019,QAR,PRK.1392,Immune Boost,22,1210,1089,55
01/01/2023,GRA,ST019,QAR,PRK.1396,Ginger Aid Shot,18,3024,2705.4,168
01/01/2023,GRA,ST019,QAR,PRK.1402,Laban Drink,18,1278,1150.2,71
01/01/2023,GRA,ST019,QAR,PRK.1404,Green Boost Juice,24,1320,1188,55
01/01/2023,GRA,ST019,QAR,PRK.1406,Beetroot & Apple Juice,20,1400,1260,70
01/01/2023,GRA,ST019,QAR,PRK.1409,Turmeric wellness shot,16,1408,1267.2,88
01/01/2023,GRA,ST019,QAR,PRK.1412, Mini Cup Yogurt,14,126,113.4,9
01/01/2023,GRA,ST019,QAR,PRK.1413,Regular Cup Yogurt,21,252,226.8,12
01/01/2023,GRA,ST019,QAR,PRK.1418, Mini Cup Yogurt/Topping,18,54,48.6,3
01/01/2023,GRA,ST019,QAR,PRK.1419,Reg Cup Yogurt/Toping,26,104,93.6,4
01/01/2023,GRA,ST019,QAR,PRK.1422,Large Cup Yogurt/Topping,30,30,27,1
01/01/2023,GRA,ST019,QAR,PRK.1429,Mini Mango Ice Cream,14,406,365.4,29
01/01/2023,GRA,ST019,QAR,PRK.1430,Regular Mango Ice Cream,21,378,340.2,18
01/01/2023,GRA,ST019,QAR,PRK.1432,Mini Mango Ice Cream/Topp,18,144,129.6,8
01/01/2023,GRA,ST019,QAR,PRK.1433,Reg Mango Ice cream/Topp,26,26,23.4,1
01/01/2023,GRA,ST019,QAR,PRK.1434,Large Mango Ice Cream/Top,30,90,81,3
01/01/2023,GRA,ST019,QAR,PRK.1474,Spaghetti Bolognese,45,1035,931.5,23
01/01/2023,GRA,ST019,QAR,PRK.1475,Salmon with Cilantro Rice,65,6240,5616,96
01/01/2023,GRA,ST019,QAR,PRK.1476,Chicken Noodle Bowl,40,2760,2484,69
01/01/2023,GRA,ST019,QAR,PRK.1477,BBQ Steak,45,3645,3280.5,81
01/01/2023,GRA,ST019,QAR,PRK.1478,Rib eye Steak with Vegeta,55,4180,3762,76
01/01/2023,GRA,ST019,QAR,PRK.1479,Lasagne Pasta,45,1980,1782,44
01/01/2023,GRA,ST019,QAR,PRK.1480,Steak cajun potato,50,2300,2070,46
01/01/2023,GRA,ST019,QAR,PRK.1501,pomegranate,3,15,13.5,5
01/01/2023,GRA,ST019,QAR,PRK.1502,Strawberry,3,36,32.4,12
01/01/2023,GRA,ST019,QAR,PRK.1505,Salted Caramel,3,3,2.7,1
01/01/2023,GRA,ST019,QAR,PRK.1508,Granola,3,63,56.7,21
01/01/2023,GRA,ST019,QAR,PRK.1509,Coconut Flakes,3,9,8.1,3
01/01/2023,GRA,ST019,QAR,PRK.1523,Peanut Butter Sauce,3,90,81,30
01/01/2023,GRA,ST019,QAR,PRK.1527,Mango,3,3,2.7,1
01/01/2023,GRA,ST019,QAR,PRK.1532,Peanut Power Shake,35,175,157.5,5
01/01/2023,GRA,ST019,QAR,PRK.1536,Energizer protine Shakes,45,585,526.5,13
01/01/2023,GRA,ST019,QAR,PRK.1540,Energizer shakes,35,210,189,6
01/01/2023,GRA,ST019,QAR,PRK.1545,14oz Energizer protine,40,160,144,4
01/01/2023,GRA,ST019,QAR,PRK.1548,14oz Energizer shakes,30,90,81,3
01/01/2023,GRA,ST019,QAR,PRK.1587,Supersize,45,90,81,2
01/01/2023,GRA,ST019,QAR,PRK.1588,Acai Small,35,1330,1197,38
01/01/2023,GRA,ST019,QAR,PRK.1589,Acai Large,40,920,828,23
01/01/2023,GRA,ST019,QAR,PRK.1590,Peanut Choco Ice Cream,30,660,594,22
01/01/2023,GRA,ST019,QAR,PRK.1621,Orange loaf,12,984,885.599999999999,82
01/01/2023,GRA,ST019,QAR,PRK.1623,Brownie flavour cookies,10,870,783,87
01/01/2023,GRA,ST019,QAR,PRK.1628,Brownie bites,13,884,795.600000000001,68
01/01/2023,GRA,ST019,QAR,PRK.1632,Turkey cheese roll,19,589,530.1,31
01/01/2023,GRA,ST019,QAR,PRK.1633,Spinach feta roll,18,684,615.6,38
01/01/2023,GRA,ST019,QAR,PRK.1634,Madeleine,12,1620,1458,135
01/01/2023,GRA,ST019,QAR,PRK.1635,Poppy Lemon seeds,12,444,399.6,37
01/01/2023,GRA,ST019,QAR,PRK.1651,■PB & Jam sourdough bread,18,360,324,20
01/01/2023,GRA,ST019,QAR,PRK.1655,Graze Oatmeal,30,6510,5859,217
01/01/2023,GRA,ST019,QAR,PRK.1681,Salted Caramel Mocha,24,48,43.2,2
01/01/2023,GRA,ST019,QAR,PRK.1682,■Matcha Frappe,26,806,725.4,31
01/01/2023,GRA,ST019,QAR,PRK.1711,Pomegranate Pot,18,828,745.2,46
01/01/2023,GRA,ST019,QAR,PRK.1712,Mango Peach Muesli Pot,24,672,604.8,28
01/01/2023,GRA,ST019,QAR,PRK.1713,Overnight oats PB&Jam,25,2650,2385,106
01/01/2023,GRA,ST019,QAR,PRK.1741,Spicy Tuna sandwich,26,2808,2527.2,108
01/01/2023,GRA,ST019,QAR,PRK.1742,Three cheese,22,1936,1742.4,88
01/01/2023,GRA,ST019,QAR,PRK.1743,Falafel and Labna,25,800,720,32
01/01/2023,GRA,ST019,QAR,PRK.1747,BEEF BURGER,35,420,378,12
01/01/2023,GRA,ST019,QAR,PRK.1748,Chicken Shawarma,18,3240,2915.99999999999,180
01/01/2023,GRA,ST019,QAR,PRK.1749,Tenderloin Beef Shawarma,22,2420,2138.4,110
01/01/2023,GRA,ST019,QAR,PRK.1750,Cream Cheese Roll,9,1872,1676.7,208
01/01/2023,GRA,ST019,QAR,PRK.1751,Egg Mayo Roll,9,1854,1668.6,206
01/01/2023,GRA,ST019,QAR,PRK.1752,Club sandwich,30,3210,2889,107
01/01/2023,GRA,ST019,QAR,PRK.1771,Pistachio Arabeshi,5,310,279,62
01/01/2023,GRA,ST019,QAR,PRK.1772,Fresh Raspberry,5,85,76.5,17
01/01/2023,GRA,ST019,QAR,PRK.1773,Fresh blueberry,5,60,54,12
01/01/2023,GRA,ST019,QAR,PRK.1774,Chocolate Flakes,5,120,108,24
01/01/2023,GRA,ST019,QAR,PRK.1775,Honey Comb,5,30,27,6
01/01/2023,GRA,ST019,QAR,PRK.4501,Full Fat Milk,0,0,0,4
01/01/2023,GRA,ST019,QAR,PRK.4502,Low Fat Milk,0,0,0,79
01/01/2023,GRA,ST019,QAR,PRK.4503,Almond Milk,2,246,221.4,123
01/01/2023,GRA,ST019,QAR,PRK.4504,Soya Milk,2,84,75.5999999999999,42
01/01/2023,GRA,ST019,QAR,PRK.4505,Less Sweet,0,0,0,4
01/01/2023,GRA,ST019,QAR,PRK.4506,More Sweet,0,0,0,2
01/01/2023,GRA,ST019,QAR,PRK.4508,Single Shot,0,0,0,2
01/01/2023,GRA,ST019,QAR,PRK.4509,Double Shot,0,0,0,21
01/01/2023,GRA,ST019,QAR,PRK.4511,More Hot,0,0,0,6
01/01/2023,GRA,ST019,QAR,PRK.4516,Decaf,0,0,0,52
01/01/2023,GRA,ST019,QAR,PRK.4517,Vanilla Flavor,0,0,0,27
01/01/2023,GRA,ST019,QAR,PRK.4519,caramel flavor,0,0,0,6
01/01/2023,GRA,ST019,QAR,PRK.4520,hazelnut flavor,0,0,0,2
01/01/2023,GRA,ST019,QAR,PRK.4521,Oat Milk,2,100,89.9999999999999,50
01/01/2023,GRA,ST019,QAR,PRK.4523,Coconut Milk,2,10,9,5
01/01/2023,GRA,ST019,QAR,PRK.4543,w/ Salted Caramel,0,0,0,2
01/01/2023,GRA,ST019,QAR,PRK.4544,w/ Pomegranate,0,0,0,5
01/01/2023,GRA,ST019,QAR,PRK.4550,w/ Mango,0,0,0,5
01/01/2023,GRA,ST019,QAR,PRK.4557,w/Lotus Biscut,0,0,0,1
01/01/2023,GRA,ST019,QAR,PRK.4561,MIXED FROZEN YOGURT,0,0,0,2
01/01/2023,GRA,ST019,QAR,PRK.4562,MIXED MANGO YOGURT,0,0,0,3
