DATE,BRANCHCODE,WAREHOUSECODE,CURRENCY,ERPCODE,ITEMNAME,RAWPRICE,GROSSAMT,NETVALUE,QTYSOLD
05/01/2023,GRA,ST019,QAR,PRK.902,Granola,55,1320,1188,24
05/01/2023,GRA,ST019,QAR,PRK.907,Zaatar Chips,6,204,183.6,34
05/01/2023,GRA,ST019,QAR,PRK.909,Spicy Pesto Chips,6,144,129.6,24
05/01/2023,GRA,ST019,QAR,PRK.910,Graze Spicy Mix Sml,25,500,450,20
05/01/2023,GRA,ST019,QAR,PRK.911,Graze House Mix Sml,25,900,810,36
05/01/2023,GRA,ST019,QAR,PRK.937,Baby Mozzarella Salad,45,1980,1782,44
05/01/2023,GRA,ST019,QAR,PRK.938,4 Grain Salad with Beetro,55,2585,2326.5,47
05/01/2023,GRA,ST019,QAR,PRK.939,Steak Salad with Green Sa,55,6490,5846.5,118
05/01/2023,GRA,ST019,QAR,PRK.961,Extra cheese,5,10,9,2
05/01/2023,GRA,ST019,QAR,PRK.962,Extra flavor,3,153,137.7,51
05/01/2023,GRA,ST019,QAR,PRK.994,Crsnt w Egg/Avaca/ SunTom,24,5016,4514.4,209
05/01/2023,GRA,ST019,QAR,PRK.995,Egg Burrito,20,3080,2774,154
05/01/2023,GRA,ST019,QAR,PRK.996,Blueberry Granola parfait,25,3650,3285,146
05/01/2023,GRA,ST019,QAR,PRK.997,Yog Dates Chia Pista Alm,22,3542,3187.80000000001,161
05/01/2023,GRA,ST019,QAR,PRK.1003,Cheese Croissant,16,336,302.4,21
05/01/2023,GRA,ST019,QAR,PRK.1007,Zatar Croissant,16,480,432,30
05/01/2023,GRA,ST019,QAR,PRK.1010,Tomato Puff Pastry,16,800,719.999999999999,50
05/01/2023,GRA,ST019,QAR,PRK.1012,Three Berry Yogurt & Date,25,1600,1442.5,64
05/01/2023,GRA,ST019,QAR,PRK.1015,Kiri Cheese Danish,14,1134,1022,81
05/01/2023,GRA,ST019,QAR,PRK.1016,Plain Croissant,10,300,270,30
05/01/2023,GRA,ST019,QAR,PRK.1021,Shirazi Salad,12,900,809.999999999999,75
05/01/2023,GRA,ST019,QAR,PRK.1023,Falafel Salad,45,5130,4617,114
05/01/2023,GRA,ST019,QAR,PRK.1024,Quinoa Swt potato Salad,40,1680,1512,42
05/01/2023,GRA,ST019,QAR,PRK.1027,Mex Chkn Chilli Bean Sld,40,3880,3492,97
05/01/2023,GRA,ST019,QAR,PRK.1031,Teriyaki GRAZE Salmn,55,10725,9652.5,195
05/01/2023,GRA,ST019,QAR,PRK.1039,Keto Chicken Salad,40,4240,3816,106
05/01/2023,GRA,ST019,QAR,PRK.1046,Greek Salad,30,1830,1647,61
05/01/2023,GRA,ST019,QAR,PRK.1047,Chicken Noodle Salad,40,40,36,1
05/01/2023,GRA,ST019,QAR,PRK.1048,Mexican  Caesar Salad chk,39,5538,4984.2,142
05/01/2023,GRA,ST019,QAR,PRK.1049,ROCCA SALAD,22,1166,1049.4,53
05/01/2023,GRA,ST019,QAR,PRK.1052,Smoke Turkey Sandwich,34,6528,5875.20000000001,192
05/01/2023,GRA,ST019,QAR,PRK.1054,lemon&Rosemary Chkn,36,13248,11923.1999999999,368
05/01/2023,GRA,ST019,QAR,PRK.1057,Steak & Philly Chz SW,32,5792,5212.80000000002,181
05/01/2023,GRA,ST019,QAR,PRK.1063,Egg Mayo with Rocket,20,1280,1152,64
05/01/2023,GRA,ST019,QAR,PRK.1068,Crispy Chicken Bun,24,1728,1555.2,72
05/01/2023,GRA,ST019,QAR,PRK.1075,Avocado Toast,40,1120,1008,28
05/01/2023,GRA,ST019,QAR,PRK.1077,Spicy Halloumi,38,4066,3659.39999999999,107
05/01/2023,GRA,ST019,QAR,PRK.1078,Graze Breakfast (egg box),32,2496,2246.4,78
05/01/2023,GRA,ST019,QAR,PRK.1083,Chkn Soup,19,1045,940.500000000001,55
05/01/2023,GRA,ST019,QAR,PRK.1087,Lentil Soup,20,1260,1134,63
05/01/2023,GRA,ST019,QAR,PRK.1089,Vegetable soup,16,288,259.2,18
05/01/2023,GRA,ST019,QAR,PRK.1090,Tom kha soup,28,84,75.6,3
05/01/2023,GRA,ST019,QAR,PRK.1113,Chkn Katsu Curry,45,3645,3280.5,81
05/01/2023,GRA,ST019,QAR,PRK.1115,Mushroom Pasta,40,2200,1980,55
05/01/2023,GRA,ST019,QAR,PRK.1119,Chicken Biryani,45,5850,5265,130
05/01/2023,GRA,ST019,QAR,PRK.1121,Chinese Sesame Chicken,40,3720,3348,93
05/01/2023,GRA,ST019,QAR,PRK.1127,Rock Shrimp,45,2880,2592,64
05/01/2023,GRA,ST019,QAR,PRK.1133,Lamb  Kabsa,45,5310,4738.5,118
05/01/2023,GRA,ST019,QAR,PRK.1140,Chicken Curry & Saffron r,43,3139,2786.4,73
05/01/2023,GRA,ST019,QAR,PRK.1141,CRAB BOWL,28,308,277.2,11
05/01/2023,GRA,ST019,QAR,PRK.1145,Yoghurt & Cucumber dip,12,576,518.4,48
05/01/2023,GRA,ST019,QAR,PRK.1146,Spicy Guacamole Pot,13,455,409.5,35
05/01/2023,GRA,ST019,QAR,PRK.1149,Edamame Pot,12,288,259.2,24
05/01/2023,GRA,ST019,QAR,PRK.1155,Classic hummus pot,18,594,534.6,33
05/01/2023,GRA,ST019,QAR,PRK.1159,Greek Tabbouleh,20,1220,1098,61
05/01/2023,GRA,ST019,QAR,PRK.1160,Egg pot,16,880,791.999999999999,55
05/01/2023,GRA,ST019,QAR,PRK.1173,Choco Chia Energy Ball,30,1620,1458,54
05/01/2023,GRA,ST019,QAR,PRK.1175,Pecan Bars,14,672,604.800000000001,48
05/01/2023,GRA,ST019,QAR,PRK.1177,Carrot Cake,15,555,499.5,37
05/01/2023,GRA,ST019,QAR,PRK.1181,Green Apple,2,48,43.2,24
05/01/2023,GRA,ST019,QAR,PRK.1182,Red Apple,2,74,66.6,37
05/01/2023,GRA,ST019,QAR,PRK.1183,Bannana,2,430,387.200000000001,215
05/01/2023,GRA,ST019,QAR,PRK.1184,Watermelon,18,2034,1830.6,113
05/01/2023,GRA,ST019,QAR,PRK.1185,Pineapplemix,18,1566,1409.4,87
05/01/2023,GRA,ST019,QAR,PRK.1186,Mixed Berries,22,3476,3130.60000000001,158
05/01/2023,GRA,ST019,QAR,PRK.1194,Lotus Cheesecake,15,735,661.5,49
05/01/2023,GRA,ST019,QAR,PRK.1196,Chia Blueberry Yodurt,24,984,885.600000000001,41
05/01/2023,GRA,ST019,QAR,PRK.1201,Iced Flat White,18,90,81,5
05/01/2023,GRA,ST019,QAR,PRK.1203,Iced Spanish Latte,20,220,198,11
05/01/2023,GRA,ST019,QAR,PRK.1204,Iced Latte,18,360,324,20
05/01/2023,GRA,ST019,QAR,PRK.1205,Iced Americano,15,255,229.5,17
05/01/2023,GRA,ST019,QAR,PRK.1234,Pepperoni Pizza small,40,200,180,5
05/01/2023,GRA,ST019,QAR,PRK.1235,Margherita Pizza small,30,120,108,4
05/01/2023,GRA,ST019,QAR,PRK.1236,BBQ chicken Pizza small,35,105,94.5,3
05/01/2023,GRA,ST019,QAR,PRK.1262,Highland Still,5,735,661.5,147
05/01/2023,GRA,ST019,QAR,PRK.1265,Perrier Sparkling,9,1359,1223.1,151
05/01/2023,GRA,ST019,QAR,PRK.1291,Coke,5,495,445.5,99
05/01/2023,GRA,ST019,QAR,PRK.1292,Diet Coke,5,1105,994.5,221
05/01/2023,GRA,ST019,QAR,PRK.1321,Mini Cup /Pina Colada,14,196,176.4,14
05/01/2023,GRA,ST019,QAR,PRK.1322,Regular Cup / Pina Colada,21,147,132.3,7
05/01/2023,GRA,ST019,QAR,PRK.1323,Large cup /Pina Colada,23,23,20.7,1
05/01/2023,GRA,ST019,QAR,PRK.1324,Mini Pina Colada/Topping,18,162,145.8,9
05/01/2023,GRA,ST019,QAR,PRK.1325,Regular Pina Colada/Toppi,26,52,46.8,2
05/01/2023,GRA,ST019,QAR,PRK.1326,Large Pina Colada/Topping,30,30,27,1
05/01/2023,GRA,ST019,QAR,PRK.1351,Espresso Single,12,480,432,40
05/01/2023,GRA,ST019,QAR,PRK.1352,Macchiato,18,540,487.8,30
05/01/2023,GRA,ST019,QAR,PRK.1353,Americano Hot,15,5055,4549.5,337
05/01/2023,GRA,ST019,QAR,PRK.1354,Flat White Hot,18,5310,4780.79999999998,295
05/01/2023,GRA,ST019,QAR,PRK.1355,Cappucino,18,4068,3664.79999999999,226
05/01/2023,GRA,ST019,QAR,PRK.1356,Cortado,18,2898,2608.2,161
05/01/2023,GRA,ST019,QAR,PRK.1358,Spanish Latte,20,1180,1062,59
05/01/2023,GRA,ST019,QAR,PRK.1359,Classic Mocha,25,200,180,8
05/01/2023,GRA,ST019,QAR,PRK.1360,Slated Caramel Mocha,25,525,472.5,21
05/01/2023,GRA,ST019,QAR,PRK.1362,Double Espresso,14,1918,1726.2,137
05/01/2023,GRA,ST019,QAR,PRK.1363,Latte Hot,18,5796,5218.19999999997,322
05/01/2023,GRA,ST019,QAR,PRK.1364,English B/F,12,96,86.4,8
05/01/2023,GRA,ST019,QAR,PRK.1365,Green Tea,12,48,43.2,4
05/01/2023,GRA,ST019,QAR,PRK.1366,Earl Grey,12,84,75.6,7
05/01/2023,GRA,ST019,QAR,PRK.1367,Pepper Mint,12,84,75.6,7
05/01/2023,GRA,ST019,QAR,PRK.1368,Lemon Grass/ Ginger,12,696,626.4,58
05/01/2023,GRA,ST019,QAR,PRK.1369,Jasmine,12,96,86.4,8
05/01/2023,GRA,ST019,QAR,PRK.1370,Habiscuss & Black Currant,12,36,32.4,3
05/01/2023,GRA,ST019,QAR,PRK.1371,Chamomile,12,48,43.2,4
05/01/2023,GRA,ST019,QAR,PRK.1372,Hot Cocoa,24,168,151.2,7
05/01/2023,GRA,ST019,QAR,PRK.1373,Hibiscus Iced tea,18,18,16.2,1
05/01/2023,GRA,ST019,QAR,PRK.1374,Peach Iced Tea,18,666,599.4,37
05/01/2023,GRA,ST019,QAR,PRK.1375,Matcha Latte,25,475,427.5,19
05/01/2023,GRA,ST019,QAR,PRK.1376,Cinnamon Latte,25,25,22.5,1
05/01/2023,GRA,ST019,QAR,PRK.1377,Fresh Milk,10,20,18,2
05/01/2023,GRA,ST019,QAR,PRK.1386,Orange Juice,22,6336,5682.60000000003,288
05/01/2023,GRA,ST019,QAR,PRK.1387,Carrot Juice,22,2222,1999.8,101
05/01/2023,GRA,ST019,QAR,PRK.1390,Morning Boost,24,1752,1576.8,73
05/01/2023,GRA,ST019,QAR,PRK.1392,Immune Boost,22,814,732.6,37
05/01/2023,GRA,ST019,QAR,PRK.1396,Ginger Aid Shot,18,3510,3158.99999999999,195
05/01/2023,GRA,ST019,QAR,PRK.1402,Laban Drink,18,828,745.2,46
05/01/2023,GRA,ST019,QAR,PRK.1404,Green Boost Juice,24,1848,1663.2,77
05/01/2023,GRA,ST019,QAR,PRK.1406,Beetroot & Apple Juice,20,1660,1494,83
05/01/2023,GRA,ST019,QAR,PRK.1409,Turmeric wellness shot,16,1680,1512,105
05/01/2023,GRA,ST019,QAR,PRK.1412, Mini Cup Yogurt,14,168,151.2,12
05/01/2023,GRA,ST019,QAR,PRK.1413,Regular Cup Yogurt,21,63,56.7,3
05/01/2023,GRA,ST019,QAR,PRK.1418, Mini Cup Yogurt/Topping,18,216,194.4,12
05/01/2023,GRA,ST019,QAR,PRK.1419,Reg Cup Yogurt/Toping,26,208,187.2,8
05/01/2023,GRA,ST019,QAR,PRK.1422,Large Cup Yogurt/Topping,30,90,81,3
05/01/2023,GRA,ST019,QAR,PRK.1429,Mini Mango Ice Cream,14,546,491.4,39
05/01/2023,GRA,ST019,QAR,PRK.1430,Regular Mango Ice Cream,21,63,56.7,3
05/01/2023,GRA,ST019,QAR,PRK.1432,Mini Mango Ice Cream/Topp,18,342,307.8,19
05/01/2023,GRA,ST019,QAR,PRK.1433,Reg Mango Ice cream/Topp,26,390,353.6,15
05/01/2023,GRA,ST019,QAR,PRK.1434,Large Mango Ice Cream/Top,30,30,27,1
05/01/2023,GRA,ST019,QAR,PRK.1470,Lotus Biscuit,3,9,8.1,3
05/01/2023,GRA,ST019,QAR,PRK.1474,Spaghetti Bolognese,45,1710,1539,38
05/01/2023,GRA,ST019,QAR,PRK.1475,Salmon with Cilantro Rice,65,7215,6493.5,111
05/01/2023,GRA,ST019,QAR,PRK.1476,Chicken Noodle Bowl,40,1920,1728,48
05/01/2023,GRA,ST019,QAR,PRK.1477,BBQ Steak,45,3240,2916,72
05/01/2023,GRA,ST019,QAR,PRK.1478,Rib eye Steak with Vegeta,55,7150,6385.5,130
05/01/2023,GRA,ST019,QAR,PRK.1479,Lasagne Pasta,45,1395,1255.5,31
05/01/2023,GRA,ST019,QAR,PRK.1480,Steak cajun potato,50,4850,4365,97
05/01/2023,GRA,ST019,QAR,PRK.1501,pomegranate,3,24,21.6,8
05/01/2023,GRA,ST019,QAR,PRK.1502,Strawberry,3,75,67.5,25
05/01/2023,GRA,ST019,QAR,PRK.1505,Salted Caramel,3,12,10.8,4
05/01/2023,GRA,ST019,QAR,PRK.1507,Crispy Crepe,3,42,37.8,14
05/01/2023,GRA,ST019,QAR,PRK.1508,Granola,3,33,29.7,11
05/01/2023,GRA,ST019,QAR,PRK.1509,Coconut Flakes,3,6,5.4,2
05/01/2023,GRA,ST019,QAR,PRK.1523,Peanut Butter Sauce,3,33,29.7,11
05/01/2023,GRA,ST019,QAR,PRK.1527,Mango,3,12,10.8,4
05/01/2023,GRA,ST019,QAR,PRK.1531,Power Shake,35,385,346.5,11
05/01/2023,GRA,ST019,QAR,PRK.1532,Peanut Power Shake,35,735,665,21
05/01/2023,GRA,ST019,QAR,PRK.1536,Energizer protine Shakes,45,990,891,22
05/01/2023,GRA,ST019,QAR,PRK.1540,Energizer shakes,35,420,378,12
05/01/2023,GRA,ST019,QAR,PRK.1545,14oz Energizer protine,40,80,72,2
05/01/2023,GRA,ST019,QAR,PRK.1548,14oz Energizer shakes,30,30,27,1
05/01/2023,GRA,ST019,QAR,PRK.1550,Extra Protein,10,20,18,2
05/01/2023,GRA,ST019,QAR,PRK.1588,Acai Small,35,2555,2299.5,73
05/01/2023,GRA,ST019,QAR,PRK.1589,Acai Large,40,1320,1188,33
05/01/2023,GRA,ST019,QAR,PRK.1592,Watermelon Coolex,24,1200,1080,50
05/01/2023,GRA,ST019,QAR,PRK.1593,Tropicana,24,1008,907.200000000001,42
05/01/2023,GRA,ST019,QAR,PRK.1621,Orange loaf,12,1164,1047.6,97
05/01/2023,GRA,ST019,QAR,PRK.1623,Brownie flavour cookies,10,880,792,88
05/01/2023,GRA,ST019,QAR,PRK.1628,Brownie bites,13,1066,959.400000000001,82
05/01/2023,GRA,ST019,QAR,PRK.1632,Turkey cheese roll,19,513,461.7,27
05/01/2023,GRA,ST019,QAR,PRK.1633,Spinach feta roll,18,414,372.6,23
05/01/2023,GRA,ST019,QAR,PRK.1634,Madeleine,12,1044,939.599999999999,87
05/01/2023,GRA,ST019,QAR,PRK.1651,■PB & Jam sourdough bread,18,360,324,20
05/01/2023,GRA,ST019,QAR,PRK.1655,Graze Oatmeal,30,6690,6021,223
05/01/2023,GRA,ST019,QAR,PRK.1681,Salted Caramel Mocha,24,72,64.8,3
05/01/2023,GRA,ST019,QAR,PRK.1682,■Matcha Frappe,26,390,353.6,15
05/01/2023,GRA,ST019,QAR,PRK.1711,Pomegranate Pot,18,594,534.6,33
05/01/2023,GRA,ST019,QAR,PRK.1712,Mango Peach Muesli Pot,24,1104,993.600000000001,46
05/01/2023,GRA,ST019,QAR,PRK.1713,Overnight oats PB&Jam,25,2650,2387.5,106
05/01/2023,GRA,ST019,QAR,PRK.1741,Spicy Tuna sandwich,26,2990,2691.00000000001,115
05/01/2023,GRA,ST019,QAR,PRK.1742,Three cheese,22,1606,1445.4,73
05/01/2023,GRA,ST019,QAR,PRK.1743,Falafel and Labna,25,950,855,38
05/01/2023,GRA,ST019,QAR,PRK.1747,BEEF BURGER,35,770,693,22
05/01/2023,GRA,ST019,QAR,PRK.1748,Chicken Shawarma,18,3798,3419.99999999999,211
05/01/2023,GRA,ST019,QAR,PRK.1749,Tenderloin Beef Shawarma,22,2244,2019.6,102
05/01/2023,GRA,ST019,QAR,PRK.1750,Cream Cheese Roll,9,1683,1515.6,187
05/01/2023,GRA,ST019,QAR,PRK.1751,Egg Mayo Roll,9,2502,2252.69999999999,278
05/01/2023,GRA,ST019,QAR,PRK.1752,Club sandwich,30,6720,6021,224
05/01/2023,GRA,ST019,QAR,PRK.1771,Pistachio Arabeshi,5,165,148.5,33
05/01/2023,GRA,ST019,QAR,PRK.1772,Fresh Raspberry,5,60,54,12
05/01/2023,GRA,ST019,QAR,PRK.1773,Fresh blueberry,5,95,85.5,19
05/01/2023,GRA,ST019,QAR,PRK.1774,Chocolate Flakes,5,10,9.5,2
05/01/2023,GRA,ST019,QAR,PRK.1775,Honey Comb,5,20,18,4
05/01/2023,GRA,ST019,QAR,PRK.4501,Full Fat Milk,0,0,0,1
05/01/2023,GRA,ST019,QAR,PRK.4502,Low Fat Milk,0,0,0,82
05/01/2023,GRA,ST019,QAR,PRK.4503,Almond Milk,2,228,205.8,114
05/01/2023,GRA,ST019,QAR,PRK.4504,Soya Milk,2,68,61.2,34
05/01/2023,GRA,ST019,QAR,PRK.4505,Less Sweet,0,0,0,2
05/01/2023,GRA,ST019,QAR,PRK.4508,Single Shot,0,0,0,9
05/01/2023,GRA,ST019,QAR,PRK.4509,Double Shot,0,0,0,15
05/01/2023,GRA,ST019,QAR,PRK.4511,More Hot,0,0,0,4
05/01/2023,GRA,ST019,QAR,PRK.4516,Decaf,0,0,0,32
05/01/2023,GRA,ST019,QAR,PRK.4517,Vanilla Flavor,0,0,0,10
05/01/2023,GRA,ST019,QAR,PRK.4519,caramel flavor,0,0,0,3
05/01/2023,GRA,ST019,QAR,PRK.4520,hazelnut flavor,0,0,0,4
05/01/2023,GRA,ST019,QAR,PRK.4521,Oat Milk,2,88,79.1999999999999,44
05/01/2023,GRA,ST019,QAR,PRK.4522,Skimmed Milk,2,2,1.8,1
05/01/2023,GRA,ST019,QAR,PRK.4523,Coconut Milk,2,10,9,5
05/01/2023,GRA,ST019,QAR,PRK.4531,w/ Granola,0,0,0,5
05/01/2023,GRA,ST019,QAR,PRK.4534,w/ Coconut Flakes,0,0,0,1
05/01/2023,GRA,ST019,QAR,PRK.4535,w/ Crispy Crepe,0,0,0,17
05/01/2023,GRA,ST019,QAR,PRK.4537,w/ Mixed Berries Sauce,0,0,0,3
05/01/2023,GRA,ST019,QAR,PRK.4541,w/ Strawberry,0,0,0,18
05/01/2023,GRA,ST019,QAR,PRK.4543,w/ Salted Caramel,0,0,0,1
05/01/2023,GRA,ST019,QAR,PRK.4544,w/ Pomegranate,0,0,0,19
05/01/2023,GRA,ST019,QAR,PRK.4545,w/ Dulce de leche,0,0,0,1
05/01/2023,GRA,ST019,QAR,PRK.4550,w/ Mango,0,0,0,24
05/01/2023,GRA,ST019,QAR,PRK.4552,w/ Crushed Grahams,0,0,0,1
05/01/2023,GRA,ST019,QAR,PRK.4561,MIXED FROZEN YOGURT,0,0,0,4
