DATE,BRANCHCODE,WAREHOUSECODE,CURRENCY,ERPCODE,ITEMNAME,RAWPRICE,GROSSAMT,NETVALUE,QTYSOLD
08/01/2023,GRA,ST019,QAR,PRK.902,Granola,55,495,445.5,9
08/01/2023,GRA,ST019,QAR,PRK.903,Graze Spicy  Mix,55,165,148.5,3
08/01/2023,GRA,ST019,QAR,PRK.904,Graze House Mix,55,55,49.5,1
08/01/2023,GRA,ST019,QAR,PRK.907,Zaatar Chips,6,114,102.6,19
08/01/2023,GRA,ST019,QAR,PRK.909,Spicy Pesto Chips,6,72,64.8,12
08/01/2023,GRA,ST019,QAR,PRK.910,Graze Spicy Mix Sml,25,750,675,30
08/01/2023,GRA,ST019,QAR,PRK.911,Graze House Mix Sml,25,825,742.5,33
08/01/2023,GRA,ST019,QAR,PRK.938,4 Grain Salad with Beetro,55,2200,1980,40
08/01/2023,GRA,ST019,QAR,PRK.939,Steak Salad with Green Sa,55,5280,4752,96
08/01/2023,GRA,ST019,QAR,PRK.940,Burrata Salad,50,950,855,19
08/01/2023,GRA,ST019,QAR,PRK.962,Extra flavor,3,24,21.6,8
08/01/2023,GRA,ST019,QAR,PRK.994,Crsnt w Egg/Avaca/ SunTom,24,4992,4492.79999999999,208
08/01/2023,GRA,ST019,QAR,PRK.995,Egg Burrito,20,2420,2178,121
08/01/2023,GRA,ST019,QAR,PRK.996,Blueberry Granola parfait,25,3225,2902.5,129
08/01/2023,GRA,ST019,QAR,PRK.997,Yog Dates Chia Pista Alm,22,2662,2395.8,121
08/01/2023,GRA,ST019,QAR,PRK.1003,Cheese Croissant,16,176,158.4,11
08/01/2023,GRA,ST019,QAR,PRK.1007,Zatar Croissant,16,368,331.2,23
08/01/2023,GRA,ST019,QAR,PRK.1010,Tomato Puff Pastry,16,480,432,30
08/01/2023,GRA,ST019,QAR,PRK.1012,Three Berry Yogurt & Date,25,1000,900,40
08/01/2023,GRA,ST019,QAR,PRK.1015,Kiri Cheese Danish,14,1050,945.000000000001,75
08/01/2023,GRA,ST019,QAR,PRK.1016,Plain Croissant,10,440,396,44
08/01/2023,GRA,ST019,QAR,PRK.1021,Shirazi Salad,12,1068,961.199999999999,89
08/01/2023,GRA,ST019,QAR,PRK.1023,Falafel Salad,45,2835,2551.5,63
08/01/2023,GRA,ST019,QAR,PRK.1024,Quinoa Swt potato Salad,40,1120,1008,28
08/01/2023,GRA,ST019,QAR,PRK.1027,Mex Chkn Chilli Bean Sld,40,3000,2700,75
08/01/2023,GRA,ST019,QAR,PRK.1031,Teriyaki GRAZE Salmn,55,10945,9850.5,199
08/01/2023,GRA,ST019,QAR,PRK.1039,Keto Chicken Salad,40,3240,2916,81
08/01/2023,GRA,ST019,QAR,PRK.1046,Greek Salad,30,1410,1269,47
08/01/2023,GRA,ST019,QAR,PRK.1048,Mexican  Caesar Salad chk,39,5265,4738.5,135
08/01/2023,GRA,ST019,QAR,PRK.1049,ROCCA SALAD,22,1122,1009.8,51
08/01/2023,GRA,ST019,QAR,PRK.1052,Smoke Turkey Sandwich,34,5542,4987.8,163
08/01/2023,GRA,ST019,QAR,PRK.1054,lemon&Rosemary Chkn,36,12204,10983.5999999999,339
08/01/2023,GRA,ST019,QAR,PRK.1057,Steak & Philly Chz SW,32,3776,3398.40000000001,118
08/01/2023,GRA,ST019,QAR,PRK.1063,Egg Mayo with Rocket,20,2060,1854,103
08/01/2023,GRA,ST019,QAR,PRK.1075,Avocado Toast,40,400,360,10
08/01/2023,GRA,ST019,QAR,PRK.1077,Spicy Halloumi,38,3686,3317.4,97
08/01/2023,GRA,ST019,QAR,PRK.1078,Graze Breakfast (egg box),32,1984,1785.6,62
08/01/2023,GRA,ST019,QAR,PRK.1083,Chkn Soup,19,1178,1060.2,62
08/01/2023,GRA,ST019,QAR,PRK.1087,Lentil Soup,20,1100,990,55
08/01/2023,GRA,ST019,QAR,PRK.1089,Vegetable soup,16,624,561.6,39
08/01/2023,GRA,ST019,QAR,PRK.1113,Chkn Katsu Curry,45,3915,3523.5,87
08/01/2023,GRA,ST019,QAR,PRK.1115,Mushroom Pasta,40,1800,1620,45
08/01/2023,GRA,ST019,QAR,PRK.1119,Chicken Biryani,45,5175,4657.5,115
08/01/2023,GRA,ST019,QAR,PRK.1121,Chinese Sesame Chicken,40,3520,3168,88
08/01/2023,GRA,ST019,QAR,PRK.1127,Rock Shrimp,45,2565,2308.5,57
08/01/2023,GRA,ST019,QAR,PRK.1133,Lamb  Kabsa,45,5130,4576.5,114
08/01/2023,GRA,ST019,QAR,PRK.1140,Chicken Curry & Saffron r,43,2967,2670.3,69
08/01/2023,GRA,ST019,QAR,PRK.1141,CRAB BOWL,28,616,554.4,22
08/01/2023,GRA,ST019,QAR,PRK.1145,Yoghurt & Cucumber dip,12,240,216,20
08/01/2023,GRA,ST019,QAR,PRK.1146,Spicy Guacamole Pot,13,403,362.7,31
08/01/2023,GRA,ST019,QAR,PRK.1149,Edamame Pot,12,300,270,25
08/01/2023,GRA,ST019,QAR,PRK.1155,Classic hummus pot,18,162,145.8,9
08/01/2023,GRA,ST019,QAR,PRK.1159,Greek Tabbouleh,20,1500,1350,75
08/01/2023,GRA,ST019,QAR,PRK.1160,Egg pot,16,736,662.399999999999,46
08/01/2023,GRA,ST019,QAR,PRK.1173,Choco Chia Energy Ball,30,2400,2160,80
08/01/2023,GRA,ST019,QAR,PRK.1175,Pecan Bars,14,406,365.4,29
08/01/2023,GRA,ST019,QAR,PRK.1177,Carrot Cake,15,495,445.5,33
08/01/2023,GRA,ST019,QAR,PRK.1181,Green Apple,2,28,25.2,14
08/01/2023,GRA,ST019,QAR,PRK.1182,Red Apple,2,36,32.4,18
08/01/2023,GRA,ST019,QAR,PRK.1183,Bannana,2,402,361.800000000001,201
08/01/2023,GRA,ST019,QAR,PRK.1184,Watermelon,18,1908,1717.2,106
08/01/2023,GRA,ST019,QAR,PRK.1185,Pineapplemix,18,1530,1377,85
08/01/2023,GRA,ST019,QAR,PRK.1186,Mixed Berries,22,3344,3009.60000000001,152
08/01/2023,GRA,ST019,QAR,PRK.1194,Lotus Cheesecake,15,675,607.5,45
08/01/2023,GRA,ST019,QAR,PRK.1196,Chia Blueberry Yodurt,24,936,842.400000000001,39
08/01/2023,GRA,ST019,QAR,PRK.1201,Iced Flat White,18,90,81,5
08/01/2023,GRA,ST019,QAR,PRK.1203,Iced Spanish Latte,20,120,108,6
08/01/2023,GRA,ST019,QAR,PRK.1204,Iced Latte,18,72,64.8,4
08/01/2023,GRA,ST019,QAR,PRK.1205,Iced Americano,15,15,13.5,1
08/01/2023,GRA,ST019,QAR,PRK.1234,Pepperoni Pizza small,40,80,72,2
08/01/2023,GRA,ST019,QAR,PRK.1235,Margherita Pizza small,30,30,27,1
08/01/2023,GRA,ST019,QAR,PRK.1236,BBQ chicken Pizza small,35,70,63,2
08/01/2023,GRA,ST019,QAR,PRK.1262,Highland Still,5,540,486,108
08/01/2023,GRA,ST019,QAR,PRK.1265,Perrier Sparkling,9,2169,1952.09999999999,241
08/01/2023,GRA,ST019,QAR,PRK.1291,Coke,5,340,306,68
08/01/2023,GRA,ST019,QAR,PRK.1292,Diet Coke,5,755,679.5,151
08/01/2023,GRA,ST019,QAR,PRK.1351,Espresso Single,12,480,432,40
08/01/2023,GRA,ST019,QAR,PRK.1352,Macchiato,18,108,97.2,6
08/01/2023,GRA,ST019,QAR,PRK.1353,Americano Hot,15,5790,5217,386
08/01/2023,GRA,ST019,QAR,PRK.1354,Flat White Hot,18,6120,5509.79999999997,340
08/01/2023,GRA,ST019,QAR,PRK.1355,Cappucino,18,4014,3614.39999999999,223
08/01/2023,GRA,ST019,QAR,PRK.1356,Cortado,18,2592,2332.8,144
08/01/2023,GRA,ST019,QAR,PRK.1358,Spanish Latte,20,1280,1152,64
08/01/2023,GRA,ST019,QAR,PRK.1359,Classic Mocha,25,375,337.5,15
08/01/2023,GRA,ST019,QAR,PRK.1360,Slated Caramel Mocha,25,525,472.5,21
08/01/2023,GRA,ST019,QAR,PRK.1362,Double Espresso,14,1792,1612.8,128
08/01/2023,GRA,ST019,QAR,PRK.1363,Latte Hot,18,4428,3985.19999999998,246
08/01/2023,GRA,ST019,QAR,PRK.1364,English B/F,12,48,43.2,4
08/01/2023,GRA,ST019,QAR,PRK.1365,Green Tea,12,264,237.6,22
08/01/2023,GRA,ST019,QAR,PRK.1366,Earl Grey,12,192,172.8,16
08/01/2023,GRA,ST019,QAR,PRK.1367,Pepper Mint,12,168,151.2,14
08/01/2023,GRA,ST019,QAR,PRK.1368,Lemon Grass/ Ginger,12,432,388.8,36
08/01/2023,GRA,ST019,QAR,PRK.1369,Jasmine,12,36,32.4,3
08/01/2023,GRA,ST019,QAR,PRK.1371,Chamomile,12,144,129.6,12
08/01/2023,GRA,ST019,QAR,PRK.1372,Hot Cocoa,24,72,64.8,3
08/01/2023,GRA,ST019,QAR,PRK.1373,Hibiscus Iced tea,18,342,307.8,19
08/01/2023,GRA,ST019,QAR,PRK.1374,Peach Iced Tea,18,450,406.8,25
08/01/2023,GRA,ST019,QAR,PRK.1375,Matcha Latte,25,350,315,14
08/01/2023,GRA,ST019,QAR,PRK.1376,Cinnamon Latte,25,25,22.5,1
08/01/2023,GRA,ST019,QAR,PRK.1386,Orange Juice,22,4554,4098.60000000002,207
08/01/2023,GRA,ST019,QAR,PRK.1387,Carrot Juice,22,1298,1168.2,59
08/01/2023,GRA,ST019,QAR,PRK.1390,Morning Boost,24,1272,1144.8,53
08/01/2023,GRA,ST019,QAR,PRK.1392,Immune Boost,22,748,673.2,34
08/01/2023,GRA,ST019,QAR,PRK.1396,Ginger Aid Shot,18,2700,2430,150
08/01/2023,GRA,ST019,QAR,PRK.1402,Laban Drink,18,630,567,35
08/01/2023,GRA,ST019,QAR,PRK.1404,Green Boost Juice,24,1224,1101.6,51
08/01/2023,GRA,ST019,QAR,PRK.1406,Beetroot & Apple Juice,20,1640,1476,82
08/01/2023,GRA,ST019,QAR,PRK.1409,Turmeric wellness shot,16,1824,1641.6,114
08/01/2023,GRA,ST019,QAR,PRK.1429,Mini Mango Ice Cream,14,364,327.6,26
08/01/2023,GRA,ST019,QAR,PRK.1430,Regular Mango Ice Cream,21,147,132.3,7
08/01/2023,GRA,ST019,QAR,PRK.1431,Large Mango Ice Cream,23,23,20.7,1
08/01/2023,GRA,ST019,QAR,PRK.1432,Mini Mango Ice Cream/Topp,18,90,81,5
08/01/2023,GRA,ST019,QAR,PRK.1433,Reg Mango Ice cream/Topp,26,208,187.2,8
08/01/2023,GRA,ST019,QAR,PRK.1434,Large Mango Ice Cream/Top,30,180,162,6
08/01/2023,GRA,ST019,QAR,PRK.1435,Mini Cup Milky Ice Cream,14,84,75.6,6
08/01/2023,GRA,ST019,QAR,PRK.1436,Reg Cup Milky Ice Cream,21,21,18.9,1
08/01/2023,GRA,ST019,QAR,PRK.1438,Mini Cup Milky Ice C/Top,18,18,16.2,1
08/01/2023,GRA,ST019,QAR,PRK.1439,Reg Cup Milky Ice Cre/Top,26,156,140.4,6
08/01/2023,GRA,ST019,QAR,PRK.1470,Lotus Biscuit,3,6,5.4,2
08/01/2023,GRA,ST019,QAR,PRK.1474,Spaghetti Bolognese,45,1755,1579.5,39
08/01/2023,GRA,ST019,QAR,PRK.1475,Salmon with Cilantro Rice,65,5655,5089.5,87
08/01/2023,GRA,ST019,QAR,PRK.1476,Chicken Noodle Bowl,40,1680,1512,42
08/01/2023,GRA,ST019,QAR,PRK.1477,BBQ Steak,45,3240,2916,72
08/01/2023,GRA,ST019,QAR,PRK.1478,Rib eye Steak with Vegeta,55,10010,9009,182
08/01/2023,GRA,ST019,QAR,PRK.1479,Lasagne Pasta,45,855,769.5,19
08/01/2023,GRA,ST019,QAR,PRK.1480,Steak cajun potato,50,4000,3600,80
08/01/2023,GRA,ST019,QAR,PRK.1501,pomegranate,3,9,8.1,3
08/01/2023,GRA,ST019,QAR,PRK.1502,Strawberry,3,93,83.7,31
08/01/2023,GRA,ST019,QAR,PRK.1505,Salted Caramel,3,3,2.7,1
08/01/2023,GRA,ST019,QAR,PRK.1507,Crispy Crepe,3,21,18.9,7
08/01/2023,GRA,ST019,QAR,PRK.1508,Granola,3,39,35.1,13
08/01/2023,GRA,ST019,QAR,PRK.1509,Coconut Flakes,3,27,24.3,9
08/01/2023,GRA,ST019,QAR,PRK.1514,Dulce de Leche,3,3,2.7,1
08/01/2023,GRA,ST019,QAR,PRK.1523,Peanut Butter Sauce,3,27,24.3,9
08/01/2023,GRA,ST019,QAR,PRK.1527,Mango,3,9,8.1,3
08/01/2023,GRA,ST019,QAR,PRK.1531,Power Shake,35,210,189,6
08/01/2023,GRA,ST019,QAR,PRK.1532,Peanut Power Shake,35,1120,1008,32
08/01/2023,GRA,ST019,QAR,PRK.1536,Energizer protine Shakes,45,540,486,12
08/01/2023,GRA,ST019,QAR,PRK.1540,Energizer shakes,35,210,189,6
08/01/2023,GRA,ST019,QAR,PRK.1545,14oz Energizer protine,40,40,36,1
08/01/2023,GRA,ST019,QAR,PRK.1548,14oz Energizer shakes,30,60,54,2
08/01/2023,GRA,ST019,QAR,PRK.1550,Extra Protein,10,110,99,11
08/01/2023,GRA,ST019,QAR,PRK.1581,Mini coconut frz yog I/C,14,238,214.2,17
08/01/2023,GRA,ST019,QAR,PRK.1582,Regular coconut frz yog I,21,84,75.6,4
08/01/2023,GRA,ST019,QAR,PRK.1583,Large coconut frz yog I/C,23,23,20.7,1
08/01/2023,GRA,ST019,QAR,PRK.1584,Mini coconut frz yog top,18,108,97.2,6
08/01/2023,GRA,ST019,QAR,PRK.1585,Reg- coconut frz yog Topp,26,156,140.4,6
08/01/2023,GRA,ST019,QAR,PRK.1588,Acai Small,35,2030,1827,58
08/01/2023,GRA,ST019,QAR,PRK.1589,Acai Large,40,1040,936,26
08/01/2023,GRA,ST019,QAR,PRK.1592,Watermelon Coolex,24,1032,928.800000000001,43
08/01/2023,GRA,ST019,QAR,PRK.1593,Tropicana,24,1272,1144.8,53
08/01/2023,GRA,ST019,QAR,PRK.1621,Orange loaf,12,612,550.8,51
08/01/2023,GRA,ST019,QAR,PRK.1623,Brownie flavour cookies,10,1000,900,100
08/01/2023,GRA,ST019,QAR,PRK.1628,Brownie bites,13,1040,936.000000000001,80
08/01/2023,GRA,ST019,QAR,PRK.1632,Turkey cheese roll,19,779,701.1,41
08/01/2023,GRA,ST019,QAR,PRK.1633,Spinach feta roll,18,630,567,35
08/01/2023,GRA,ST019,QAR,PRK.1634,Madeleine,12,1080,971.999999999999,90
08/01/2023,GRA,ST019,QAR,PRK.1636,Sweet Potato Choco Cake,15,150,135,10
08/01/2023,GRA,ST019,QAR,PRK.1651,■PB & Jam sourdough bread,18,558,502.2,31
08/01/2023,GRA,ST019,QAR,PRK.1655,Graze Oatmeal,30,9330,8397,311
08/01/2023,GRA,ST019,QAR,PRK.1681,Salted Caramel Mocha,24,48,43.2,2
08/01/2023,GRA,ST019,QAR,PRK.1682,■Matcha Frappe,26,286,257.4,11
08/01/2023,GRA,ST019,QAR,PRK.1711,Pomegranate Pot,18,702,631.8,39
08/01/2023,GRA,ST019,QAR,PRK.1712,Mango Peach Muesli Pot,24,936,842.400000000001,39
08/01/2023,GRA,ST019,QAR,PRK.1713,Overnight oats PB&Jam,25,1775,1597.5,71
08/01/2023,GRA,ST019,QAR,PRK.1741,Spicy Tuna sandwich,26,2678,2410.2,103
08/01/2023,GRA,ST019,QAR,PRK.1742,Three cheese,22,1474,1326.6,67
08/01/2023,GRA,ST019,QAR,PRK.1743,Falafel and Labna,25,700,630,28
08/01/2023,GRA,ST019,QAR,PRK.1748,Chicken Shawarma,18,2520,2268,140
08/01/2023,GRA,ST019,QAR,PRK.1749,Tenderloin Beef Shawarma,22,1848,1663.2,84
08/01/2023,GRA,ST019,QAR,PRK.1750,Cream Cheese Roll,9,1710,1539,190
08/01/2023,GRA,ST019,QAR,PRK.1751,Egg Mayo Roll,9,2475,2227.49999999999,275
08/01/2023,GRA,ST019,QAR,PRK.1752,Club sandwich,30,5970,5373,199
08/01/2023,GRA,ST019,QAR,PRK.1753,Slider Chicken Burger,38,2508,2257.2,66
08/01/2023,GRA,ST019,QAR,PRK.1754,Slider Beef Burger,39,2535,2281.5,65
08/01/2023,GRA,ST019,QAR,PRK.1771,Pistachio Arabeshi,5,160,144,32
08/01/2023,GRA,ST019,QAR,PRK.1772,Fresh Raspberry,5,85,76.5,17
08/01/2023,GRA,ST019,QAR,PRK.1773,Fresh blueberry,5,170,153,34
08/01/2023,GRA,ST019,QAR,PRK.1774,Chocolate Flakes,5,45,40.5,9
08/01/2023,GRA,ST019,QAR,PRK.1775,Honey Comb,5,10,9,2
08/01/2023,GRA,ST019,QAR,PRK.1831,Filtered Coffee,10,950,855,95
08/01/2023,GRA,ST019,QAR,PRK.1832,Fltrd Coffee w Plain Croi,19,38,34.2,2
08/01/2023,GRA,ST019,QAR,PRK.1833,Filtrd Coffee w  Zatar Cr,19,95,85.5,5
08/01/2023,GRA,ST019,QAR,PRK.4502,Low Fat Milk,0,0,0,35
08/01/2023,GRA,ST019,QAR,PRK.4503,Almond Milk,2,202,181.8,101
08/01/2023,GRA,ST019,QAR,PRK.4504,Soya Milk,2,24,21.6,12
08/01/2023,GRA,ST019,QAR,PRK.4505,Less Sweet,0,0,0,1
08/01/2023,GRA,ST019,QAR,PRK.4509,Double Shot,0,0,0,3
08/01/2023,GRA,ST019,QAR,PRK.4516,Decaf,0,0,0,24
08/01/2023,GRA,ST019,QAR,PRK.4517,Vanilla Flavor,0,0,0,1
08/01/2023,GRA,ST019,QAR,PRK.4519,caramel flavor,0,0,0,7
08/01/2023,GRA,ST019,QAR,PRK.4520,hazelnut flavor,0,0,0,1
08/01/2023,GRA,ST019,QAR,PRK.4521,Oat Milk,2,116,104.4,58
08/01/2023,GRA,ST019,QAR,PRK.4522,Skimmed Milk,2,4,3.6,2
08/01/2023,GRA,ST019,QAR,PRK.4523,Coconut Milk,2,40,36,20
08/01/2023,GRA,ST019,QAR,PRK.4531,w/ Granola,0,0,0,5
08/01/2023,GRA,ST019,QAR,PRK.4533,w/ Pretzel,0,0,0,1
08/01/2023,GRA,ST019,QAR,PRK.4534,w/ Coconut Flakes,0,0,0,4
08/01/2023,GRA,ST019,QAR,PRK.4535,w/ Crispy Crepe,0,0,0,6
08/01/2023,GRA,ST019,QAR,PRK.4537,w/ Mixed Berries Sauce,0,0,0,1
08/01/2023,GRA,ST019,QAR,PRK.4541,w/ Strawberry,0,0,0,11
08/01/2023,GRA,ST019,QAR,PRK.4544,w/ Pomegranate,0,0,0,8
08/01/2023,GRA,ST019,QAR,PRK.4545,w/ Dulce de leche,0,0,0,6
08/01/2023,GRA,ST019,QAR,PRK.4550,w/ Mango,0,0,0,19
08/01/2023,GRA,ST019,QAR,PRK.4551,w/ Peanut Butter Sauce,0,0,0,8
08/01/2023,GRA,ST019,QAR,PRK.4557,w/Lotus Biscut,0,0,0,1
08/01/2023,GRA,ST019,QAR,PRK.4561,MIXED FROZEN YOGURT,0,0,0,1
08/01/2023,GRA,ST019,QAR,PRK.4562,MIXED MANGO YOGURT,0,0,0,10
