DATE,BRANCHCODE,WAREHOUSECODE,CURRENCY,ERPCODE,ITEMNAME,RAWPRICE,GROSSAMT,NETVALUE,QTYSOLD
03/01/2023,GRA,ST019,QAR,PRK.902,Granola,55,385,346.5,7
03/01/2023,GRA,ST019,QAR,PRK.903,Graze Spicy  Mix,55,110,99,2
03/01/2023,GRA,ST019,QAR,PRK.904,Graze House Mix,55,55,49.5,1
03/01/2023,GRA,ST019,QAR,PRK.907,Zaatar Chips,6,180,162,30
03/01/2023,GRA,ST019,QAR,PRK.909,Spicy Pesto Chips,6,168,151.2,28
03/01/2023,GRA,ST019,QAR,PRK.910,Graze Spicy Mix Sml,25,175,157.5,7
03/01/2023,GRA,ST019,QAR,PRK.911,Graze House Mix Sml,25,325,292.5,13
03/01/2023,GRA,ST019,QAR,PRK.937,Baby Mozzarella Salad,45,1890,1705.5,42
03/01/2023,GRA,ST019,QAR,PRK.938,4 Grain Salad with Beetro,55,1265,1138.5,23
03/01/2023,GRA,ST019,QAR,PRK.939,Steak Salad with Green Sa,55,5390,4851,98
03/01/2023,GRA,ST019,QAR,PRK.962,Extra flavor,3,87,78.3,29
03/01/2023,GRA,ST019,QAR,PRK.994,Crsnt w Egg/Avaca/ SunTom,24,3216,2894.39999999999,134
03/01/2023,GRA,ST019,QAR,PRK.995,Egg Burrito,20,2460,2214,123
03/01/2023,GRA,ST019,QAR,PRK.996,Blueberry Granola parfait,25,1925,1732.5,77
03/01/2023,GRA,ST019,QAR,PRK.997,Yog Dates Chia Pista Alm,22,2508,2257.2,114
03/01/2023,GRA,ST019,QAR,PRK.1003,Cheese Croissant,16,96,86.4,6
03/01/2023,GRA,ST019,QAR,PRK.1007,Zatar Croissant,16,640,576,40
03/01/2023,GRA,ST019,QAR,PRK.1010,Tomato Puff Pastry,16,512,460.8,32
03/01/2023,GRA,ST019,QAR,PRK.1012,Three Berry Yogurt & Date,25,550,495,22
03/01/2023,GRA,ST019,QAR,PRK.1015,Kiri Cheese Danish,14,742,667.800000000001,53
03/01/2023,GRA,ST019,QAR,PRK.1016,Plain Croissant,10,290,261,29
03/01/2023,GRA,ST019,QAR,PRK.1021,Shirazi Salad,12,396,356.4,33
03/01/2023,GRA,ST019,QAR,PRK.1023,Falafel Salad,45,3240,2916,72
03/01/2023,GRA,ST019,QAR,PRK.1024,Quinoa Swt potato Salad,40,1200,1044,30
03/01/2023,GRA,ST019,QAR,PRK.1027,Mex Chkn Chilli Bean Sld,40,2120,1908,53
03/01/2023,GRA,ST019,QAR,PRK.1031,Teriyaki GRAZE Salmn,55,8635,7771.5,157
03/01/2023,GRA,ST019,QAR,PRK.1039,Keto Chicken Salad,40,2720,2448,68
03/01/2023,GRA,ST019,QAR,PRK.1046,Greek Salad,30,1200,1080,40
03/01/2023,GRA,ST019,QAR,PRK.1048,Mexican  Caesar Salad chk,39,3666,3299.4,94
03/01/2023,GRA,ST019,QAR,PRK.1049,ROCCA SALAD,22,682,613.8,31
03/01/2023,GRA,ST019,QAR,PRK.1052,Smoke Turkey Sandwich,34,3808,3427.19999999999,112
03/01/2023,GRA,ST019,QAR,PRK.1054,lemon&Rosemary Chkn,36,9036,8132.39999999997,251
03/01/2023,GRA,ST019,QAR,PRK.1057,Steak & Philly Chz SW,32,3520,3171.2,110
03/01/2023,GRA,ST019,QAR,PRK.1063,Egg Mayo with Rocket,20,1000,900,50
03/01/2023,GRA,ST019,QAR,PRK.1068,Crispy Chicken Bun,24,1152,1036.8,48
03/01/2023,GRA,ST019,QAR,PRK.1075,Avocado Toast,40,1000,900,25
03/01/2023,GRA,ST019,QAR,PRK.1077,Spicy Halloumi,38,2394,2120.4,63
03/01/2023,GRA,ST019,QAR,PRK.1078,Graze Breakfast (egg box),32,1440,1296,45
03/01/2023,GRA,ST019,QAR,PRK.1083,Chkn Soup,19,779,701.1,41
03/01/2023,GRA,ST019,QAR,PRK.1087,Lentil Soup,20,960,864,48
03/01/2023,GRA,ST019,QAR,PRK.1089,Vegetable soup,16,336,302.4,21
03/01/2023,GRA,ST019,QAR,PRK.1090,Tom kha soup,28,476,428.4,17
03/01/2023,GRA,ST019,QAR,PRK.1113,Chkn Katsu Curry,45,1980,1782,44
03/01/2023,GRA,ST019,QAR,PRK.1115,Mushroom Pasta,40,2200,1980,55
03/01/2023,GRA,ST019,QAR,PRK.1119,Chicken Biryani,45,3690,3321,82
03/01/2023,GRA,ST019,QAR,PRK.1121,Chinese Sesame Chicken,40,2280,2052,57
03/01/2023,GRA,ST019,QAR,PRK.1127,Rock Shrimp,45,2070,1863,46
03/01/2023,GRA,ST019,QAR,PRK.1133,Lamb  Kabsa,45,3420,3078,76
03/01/2023,GRA,ST019,QAR,PRK.1140,Chicken Curry & Saffron r,43,1892,1702.8,44
03/01/2023,GRA,ST019,QAR,PRK.1141,CRAB BOWL,28,364,327.6,13
03/01/2023,GRA,ST019,QAR,PRK.1145,Yoghurt & Cucumber dip,12,312,280.8,26
03/01/2023,GRA,ST019,QAR,PRK.1146,Spicy Guacamole Pot,13,234,210.6,18
03/01/2023,GRA,ST019,QAR,PRK.1149,Edamame Pot,12,120,108,10
03/01/2023,GRA,ST019,QAR,PRK.1155,Classic hummus pot,18,234,210.6,13
03/01/2023,GRA,ST019,QAR,PRK.1159,Greek Tabbouleh,20,740,666,37
03/01/2023,GRA,ST019,QAR,PRK.1160,Egg pot,16,656,590.4,41
03/01/2023,GRA,ST019,QAR,PRK.1173,Choco Chia Energy Ball,30,1350,1215,45
03/01/2023,GRA,ST019,QAR,PRK.1175,Pecan Bars,14,532,478.8,38
03/01/2023,GRA,ST019,QAR,PRK.1177,Carrot Cake,15,480,433.5,32
03/01/2023,GRA,ST019,QAR,PRK.1181,Green Apple,2,38,34.2,19
03/01/2023,GRA,ST019,QAR,PRK.1182,Red Apple,2,26,23.4,13
03/01/2023,GRA,ST019,QAR,PRK.1183,Bannana,2,318,286.200000000001,159
03/01/2023,GRA,ST019,QAR,PRK.1184,Watermelon,18,882,793.800000000001,49
03/01/2023,GRA,ST019,QAR,PRK.1185,Pineapplemix,18,828,745.2,46
03/01/2023,GRA,ST019,QAR,PRK.1186,Mixed Berries,22,2244,2021.8,102
03/01/2023,GRA,ST019,QAR,PRK.1194,Lotus Cheesecake,15,570,514.5,38
03/01/2023,GRA,ST019,QAR,PRK.1196,Chia Blueberry Yodurt,24,648,583.2,27
03/01/2023,GRA,ST019,QAR,PRK.1201,Iced Flat White,18,54,48.6,3
03/01/2023,GRA,ST019,QAR,PRK.1203,Iced Spanish Latte,20,180,162,9
03/01/2023,GRA,ST019,QAR,PRK.1204,Iced Latte,18,252,226.8,14
03/01/2023,GRA,ST019,QAR,PRK.1205,Iced Americano,15,210,189,14
03/01/2023,GRA,ST019,QAR,PRK.1235,Margherita Pizza small,30,90,81,3
03/01/2023,GRA,ST019,QAR,PRK.1236,BBQ chicken Pizza small,35,70,63,2
03/01/2023,GRA,ST019,QAR,PRK.1262,Highland Still,5,405,364.5,81
03/01/2023,GRA,ST019,QAR,PRK.1265,Perrier Sparkling,9,810,729.000000000001,90
03/01/2023,GRA,ST019,QAR,PRK.1291,Coke,5,335,301.5,67
03/01/2023,GRA,ST019,QAR,PRK.1292,Diet Coke,5,535,481.5,107
03/01/2023,GRA,ST019,QAR,PRK.1351,Espresso Single,12,444,399.6,37
03/01/2023,GRA,ST019,QAR,PRK.1352,Macchiato,18,396,356.4,22
03/01/2023,GRA,ST019,QAR,PRK.1353,Americano Hot,15,4065,3658.5,271
03/01/2023,GRA,ST019,QAR,PRK.1354,Flat White Hot,18,4086,3677.39999999999,227
03/01/2023,GRA,ST019,QAR,PRK.1355,Cappucino,18,3150,2835,175
03/01/2023,GRA,ST019,QAR,PRK.1356,Cortado,18,2772,2494.8,154
03/01/2023,GRA,ST019,QAR,PRK.1358,Spanish Latte,20,1080,972,54
03/01/2023,GRA,ST019,QAR,PRK.1359,Classic Mocha,25,200,180,8
03/01/2023,GRA,ST019,QAR,PRK.1360,Slated Caramel Mocha,25,325,292.5,13
03/01/2023,GRA,ST019,QAR,PRK.1362,Double Espresso,14,2100,1890,150
03/01/2023,GRA,ST019,QAR,PRK.1363,Latte Hot,18,4788,4309.19999999998,266
03/01/2023,GRA,ST019,QAR,PRK.1364,English B/F,12,240,216,20
03/01/2023,GRA,ST019,QAR,PRK.1365,Green Tea,12,60,54,5
03/01/2023,GRA,ST019,QAR,PRK.1366,Earl Grey,12,60,54,5
03/01/2023,GRA,ST019,QAR,PRK.1367,Pepper Mint,12,24,21.6,2
03/01/2023,GRA,ST019,QAR,PRK.1368,Lemon Grass/ Ginger,12,336,302.4,28
03/01/2023,GRA,ST019,QAR,PRK.1369,Jasmine,12,48,43.2,4
03/01/2023,GRA,ST019,QAR,PRK.1370,Habiscuss & Black Currant,12,12,10.8,1
03/01/2023,GRA,ST019,QAR,PRK.1371,Chamomile,12,12,10.8,1
03/01/2023,GRA,ST019,QAR,PRK.1372,Hot Cocoa,24,600,540,25
03/01/2023,GRA,ST019,QAR,PRK.1373,Hibiscus Iced tea,18,756,680.4,42
03/01/2023,GRA,ST019,QAR,PRK.1374,Peach Iced Tea,18,378,340.2,21
03/01/2023,GRA,ST019,QAR,PRK.1375,Matcha Latte,25,100,90,4
03/01/2023,GRA,ST019,QAR,PRK.1376,Cinnamon Latte,25,25,22.5,1
03/01/2023,GRA,ST019,QAR,PRK.1377,Fresh Milk,10,60,54,6
03/01/2023,GRA,ST019,QAR,PRK.1386,Orange Juice,22,3850,3467.20000000001,175
03/01/2023,GRA,ST019,QAR,PRK.1387,Carrot Juice,22,1276,1148.4,58
03/01/2023,GRA,ST019,QAR,PRK.1390,Morning Boost,24,1512,1360.8,63
03/01/2023,GRA,ST019,QAR,PRK.1392,Immune Boost,22,858,774.4,39
03/01/2023,GRA,ST019,QAR,PRK.1396,Ginger Aid Shot,18,2520,2268,140
03/01/2023,GRA,ST019,QAR,PRK.1402,Laban Drink,18,684,615.6,38
03/01/2023,GRA,ST019,QAR,PRK.1404,Green Boost Juice,24,1080,972.000000000001,45
03/01/2023,GRA,ST019,QAR,PRK.1406,Beetroot & Apple Juice,20,1340,1188,67
03/01/2023,GRA,ST019,QAR,PRK.1409,Turmeric wellness shot,16,1088,979.199999999999,68
03/01/2023,GRA,ST019,QAR,PRK.1412, Mini Cup Yogurt,14,182,163.8,13
03/01/2023,GRA,ST019,QAR,PRK.1413,Regular Cup Yogurt,21,21,18.9,1
03/01/2023,GRA,ST019,QAR,PRK.1418, Mini Cup Yogurt/Topping,18,54,48.6,3
03/01/2023,GRA,ST019,QAR,PRK.1419,Reg Cup Yogurt/Toping,26,78,70.2,3
03/01/2023,GRA,ST019,QAR,PRK.1429,Mini Mango Ice Cream,14,224,201.6,16
03/01/2023,GRA,ST019,QAR,PRK.1430,Regular Mango Ice Cream,21,147,132.3,7
03/01/2023,GRA,ST019,QAR,PRK.1432,Mini Mango Ice Cream/Topp,18,378,340.2,21
03/01/2023,GRA,ST019,QAR,PRK.1433,Reg Mango Ice cream/Topp,26,260,234,10
03/01/2023,GRA,ST019,QAR,PRK.1434,Large Mango Ice Cream/Top,30,90,81,3
03/01/2023,GRA,ST019,QAR,PRK.1474,Spaghetti Bolognese,45,810,729,18
03/01/2023,GRA,ST019,QAR,PRK.1475,Salmon with Cilantro Rice,65,4940,4387.5,76
03/01/2023,GRA,ST019,QAR,PRK.1476,Chicken Noodle Bowl,40,1400,1260,35
03/01/2023,GRA,ST019,QAR,PRK.1477,BBQ Steak,45,1980,1782,44
03/01/2023,GRA,ST019,QAR,PRK.1478,Rib eye Steak with Vegeta,55,5830,5247,106
03/01/2023,GRA,ST019,QAR,PRK.1479,Lasagne Pasta,45,1260,1134,28
03/01/2023,GRA,ST019,QAR,PRK.1480,Steak cajun potato,50,3400,3065,68
03/01/2023,GRA,ST019,QAR,PRK.1501,pomegranate,3,12,10.8,4
03/01/2023,GRA,ST019,QAR,PRK.1502,Strawberry,3,30,27,10
03/01/2023,GRA,ST019,QAR,PRK.1507,Crispy Crepe,3,15,13.5,5
03/01/2023,GRA,ST019,QAR,PRK.1508,Granola,3,24,22.5,8
03/01/2023,GRA,ST019,QAR,PRK.1509,Coconut Flakes,3,3,2.7,1
03/01/2023,GRA,ST019,QAR,PRK.1510,Crushed Graham,3,12,10.8,4
03/01/2023,GRA,ST019,QAR,PRK.1521,Mango Sauce,3,3,2.7,1
03/01/2023,GRA,ST019,QAR,PRK.1523,Peanut Butter Sauce,3,54,49.5,18
03/01/2023,GRA,ST019,QAR,PRK.1527,Mango,3,3,2.7,1
03/01/2023,GRA,ST019,QAR,PRK.1532,Peanut Power Shake,35,210,189,6
03/01/2023,GRA,ST019,QAR,PRK.1533,Pre-workout protein shak,45,90,81,2
03/01/2023,GRA,ST019,QAR,PRK.1536,Energizer protine Shakes,45,405,364.5,9
03/01/2023,GRA,ST019,QAR,PRK.1538,Pre-workout shake,35,35,31.5,1
03/01/2023,GRA,ST019,QAR,PRK.1540,Energizer shakes,35,70,63,2
03/01/2023,GRA,ST019,QAR,PRK.1542,14oz Pre-work out Protein,40,80,72,2
03/01/2023,GRA,ST019,QAR,PRK.1545,14oz Energizer protine,40,120,108,3
03/01/2023,GRA,ST019,QAR,PRK.1546,14oz Pre-workout shake,30,30,27,1
03/01/2023,GRA,ST019,QAR,PRK.1550,Extra Protein,10,40,36,4
03/01/2023,GRA,ST019,QAR,PRK.1588,Acai Small,35,2660,2394,76
03/01/2023,GRA,ST019,QAR,PRK.1589,Acai Large,40,1440,1296,36
03/01/2023,GRA,ST019,QAR,PRK.1590,Peanut Choco Ice Cream,30,90,81,3
03/01/2023,GRA,ST019,QAR,PRK.1592,Watermelon Coolex,24,744,669.6,31
03/01/2023,GRA,ST019,QAR,PRK.1593,Tropicana,24,864,756,36
03/01/2023,GRA,ST019,QAR,PRK.1621,Orange loaf,12,744,669.6,62
03/01/2023,GRA,ST019,QAR,PRK.1623,Brownie flavour cookies,10,790,711,79
03/01/2023,GRA,ST019,QAR,PRK.1628,Brownie bites,13,728,655.2,56
03/01/2023,GRA,ST019,QAR,PRK.1632,Turkey cheese roll,19,570,513,30
03/01/2023,GRA,ST019,QAR,PRK.1633,Spinach feta roll,18,252,226.8,14
03/01/2023,GRA,ST019,QAR,PRK.1634,Madeleine,12,1104,993.599999999999,92
03/01/2023,GRA,ST019,QAR,PRK.1635,Poppy Lemon seeds,12,264,237.6,22
03/01/2023,GRA,ST019,QAR,PRK.1651,■PB & Jam sourdough bread,18,468,421.2,26
03/01/2023,GRA,ST019,QAR,PRK.1655,Graze Oatmeal,30,5130,4626,171
03/01/2023,GRA,ST019,QAR,PRK.1681,Salted Caramel Mocha,24,72,64.8,3
03/01/2023,GRA,ST019,QAR,PRK.1682,■Matcha Frappe,26,442,400.4,17
03/01/2023,GRA,ST019,QAR,PRK.1711,Pomegranate Pot,18,270,243,15
03/01/2023,GRA,ST019,QAR,PRK.1712,Mango Peach Muesli Pot,24,624,561.6,26
03/01/2023,GRA,ST019,QAR,PRK.1713,Overnight oats PB&Jam,25,1750,1575,70
03/01/2023,GRA,ST019,QAR,PRK.1741,Spicy Tuna sandwich,26,2392,2155.4,92
03/01/2023,GRA,ST019,QAR,PRK.1742,Three cheese,22,1188,1069.2,54
03/01/2023,GRA,ST019,QAR,PRK.1743,Falafel and Labna,25,925,832.5,37
03/01/2023,GRA,ST019,QAR,PRK.1747,BEEF BURGER,35,455,409.5,13
03/01/2023,GRA,ST019,QAR,PRK.1748,Chicken Shawarma,18,3204,2883.6,178
03/01/2023,GRA,ST019,QAR,PRK.1749,Tenderloin Beef Shawarma,22,1914,1722.6,87
03/01/2023,GRA,ST019,QAR,PRK.1750,Cream Cheese Roll,9,1260,1134,140
03/01/2023,GRA,ST019,QAR,PRK.1751,Egg Mayo Roll,9,1476,1328.4,164
03/01/2023,GRA,ST019,QAR,PRK.1752,Club sandwich,30,4110,3681,137
03/01/2023,GRA,ST019,QAR,PRK.1771,Pistachio Arabeshi,5,50,45,10
03/01/2023,GRA,ST019,QAR,PRK.1772,Fresh Raspberry,5,115,103.5,23
03/01/2023,GRA,ST019,QAR,PRK.1773,Fresh blueberry,5,80,72,16
03/01/2023,GRA,ST019,QAR,PRK.1774,Chocolate Flakes,5,5,4.5,1
03/01/2023,GRA,ST019,QAR,PRK.1775,Honey Comb,5,10,9,2
03/01/2023,GRA,ST019,QAR,PRK.1776,Milk powder,3,3,2.7,1
03/01/2023,GRA,ST019,QAR,PRK.4501,Full Fat Milk,0,0,0,1
03/01/2023,GRA,ST019,QAR,PRK.4502,Low Fat Milk,0,0,0,45
03/01/2023,GRA,ST019,QAR,PRK.4503,Almond Milk,2,122,110,61
03/01/2023,GRA,ST019,QAR,PRK.4504,Soya Milk,2,36,32.4,18
03/01/2023,GRA,ST019,QAR,PRK.4505,Less Sweet,0,0,0,3
03/01/2023,GRA,ST019,QAR,PRK.4507,Half Shot,0,0,0,1
03/01/2023,GRA,ST019,QAR,PRK.4508,Single Shot,0,0,0,4
03/01/2023,GRA,ST019,QAR,PRK.4509,Double Shot,0,0,0,24
03/01/2023,GRA,ST019,QAR,PRK.4510,Less Hot,0,0,0,1
03/01/2023,GRA,ST019,QAR,PRK.4511,More Hot,0,0,0,1
03/01/2023,GRA,ST019,QAR,PRK.4516,Decaf,0,0,0,39
03/01/2023,GRA,ST019,QAR,PRK.4517,Vanilla Flavor,0,0,0,3
03/01/2023,GRA,ST019,QAR,PRK.4519,caramel flavor,0,0,0,1
03/01/2023,GRA,ST019,QAR,PRK.4520,hazelnut flavor,0,0,0,3
03/01/2023,GRA,ST019,QAR,PRK.4521,Oat Milk,2,116,104.4,58
03/01/2023,GRA,ST019,QAR,PRK.4522,Skimmed Milk,2,22,19.8,11
03/01/2023,GRA,ST019,QAR,PRK.4523,Coconut Milk,2,4,3.6,2
03/01/2023,GRA,ST019,QAR,PRK.4531,w/ Granola,0,0,0,2
03/01/2023,GRA,ST019,QAR,PRK.4534,w/ Coconut Flakes,0,0,0,3
03/01/2023,GRA,ST019,QAR,PRK.4535,w/ Crispy Crepe,0,0,0,3
03/01/2023,GRA,ST019,QAR,PRK.4541,w/ Strawberry,0,0,0,4
03/01/2023,GRA,ST019,QAR,PRK.4543,w/ Salted Caramel,0,0,0,1
03/01/2023,GRA,ST019,QAR,PRK.4544,w/ Pomegranate,0,0,0,13
03/01/2023,GRA,ST019,QAR,PRK.4550,w/ Mango,0,0,0,13
03/01/2023,GRA,ST019,QAR,PRK.4561,MIXED FROZEN YOGURT,0,0,0,1
