DATE,BRANCHCODE,WAREHOUSECODE,CURRENCY,ERPCODE,ITEMNAME,RAWPRICE,GROSSAMT,NETVALUE,QTYSOLD
04/01/2023,GRA,ST019,QAR,PRK.907,Zaatar Chips,6,6,5.4,1
04/01/2023,GRA,ST019,QAR,PRK.909,Spicy Pesto Chips,6,12,10.8,2
04/01/2023,GRA,ST019,QAR,PRK.911,Graze House Mix Sml,25,50,45,2
04/01/2023,GRA,ST019,QAR,PRK.937,Baby Mozzarella Salad,45,45,40.5,1
04/01/2023,GRA,ST019,QAR,PRK.938,4 Grain Salad with Beetro,55,110,99,2
04/01/2023,GRA,ST019,QAR,PRK.939,Steak Salad with Green Sa,55,275,247.5,5
04/01/2023,GRA,ST019,QAR,PRK.962,Extra flavor,3,6,5.4,2
04/01/2023,GRA,ST019,QAR,PRK.994,Crsnt w Egg/Avaca/ SunTom,24,192,172.8,8
04/01/2023,GRA,ST019,QAR,PRK.995,Egg Burrito,20,200,180,10
04/01/2023,GRA,ST019,QAR,PRK.996,Blueberry Granola parfait,25,125,112.5,5
04/01/2023,GRA,ST019,QAR,PRK.997,Yog Dates Chia Pista Alm,22,88,79.2,4
04/01/2023,GRA,ST019,QAR,PRK.1010,Tomato Puff Pastry,16,32,28.8,2
04/01/2023,GRA,ST019,QAR,PRK.1012,Three Berry Yogurt & Date,25,25,22.5,1
04/01/2023,GRA,ST019,QAR,PRK.1015,Kiri Cheese Danish,14,84,75.6,6
04/01/2023,GRA,ST019,QAR,PRK.1021,Shirazi Salad,12,48,43.2,4
04/01/2023,GRA,ST019,QAR,PRK.1023,Falafel Salad,45,225,202.5,5
04/01/2023,GRA,ST019,QAR,PRK.1024,Quinoa Swt potato Salad,40,40,36,1
04/01/2023,GRA,ST019,QAR,PRK.1027,Mex Chkn Chilli Bean Sld,40,160,144,4
04/01/2023,GRA,ST019,QAR,PRK.1031,Teriyaki GRAZE Salmn,55,220,198,4
04/01/2023,GRA,ST019,QAR,PRK.1039,Keto Chicken Salad,40,80,72,2
04/01/2023,GRA,ST019,QAR,PRK.1046,Greek Salad,30,90,81,3
04/01/2023,GRA,ST019,QAR,PRK.1048,Mexican  Caesar Salad chk,39,390,351,10
04/01/2023,GRA,ST019,QAR,PRK.1049,ROCCA SALAD,22,44,39.6,2
04/01/2023,GRA,ST019,QAR,PRK.1052,Smoke Turkey Sandwich,34,136,122.4,4
04/01/2023,GRA,ST019,QAR,PRK.1054,lemon&Rosemary Chkn,36,540,486,15
04/01/2023,GRA,ST019,QAR,PRK.1057,Steak & Philly Chz SW,32,256,230.4,8
04/01/2023,GRA,ST019,QAR,PRK.1068,Crispy Chicken Bun,24,96,86.4,4
04/01/2023,GRA,ST019,QAR,PRK.1075,Avocado Toast,40,160,144,4
04/01/2023,GRA,ST019,QAR,PRK.1077,Spicy Halloumi,38,190,171,5
04/01/2023,GRA,ST019,QAR,PRK.1078,Graze Breakfast (egg box),32,32,28.8,1
04/01/2023,GRA,ST019,QAR,PRK.1083,Chkn Soup,19,38,34.2,2
04/01/2023,GRA,ST019,QAR,PRK.1087,Lentil Soup,20,40,36,2
04/01/2023,GRA,ST019,QAR,PRK.1089,Vegetable soup,16,16,14.4,1
04/01/2023,GRA,ST019,QAR,PRK.1113,Chkn Katsu Curry,45,225,202.5,5
04/01/2023,GRA,ST019,QAR,PRK.1115,Mushroom Pasta,40,80,72,2
04/01/2023,GRA,ST019,QAR,PRK.1119,Chicken Biryani,45,270,243,6
04/01/2023,GRA,ST019,QAR,PRK.1121,Chinese Sesame Chicken,40,160,144,4
04/01/2023,GRA,ST019,QAR,PRK.1133,Lamb  Kabsa,45,45,40.5,1
04/01/2023,GRA,ST019,QAR,PRK.1140,Chicken Curry & Saffron r,43,43,38.7,1
04/01/2023,GRA,ST019,QAR,PRK.1145,Yoghurt & Cucumber dip,12,12,10.8,1
04/01/2023,GRA,ST019,QAR,PRK.1146,Spicy Guacamole Pot,13,13,11.7,1
04/01/2023,GRA,ST019,QAR,PRK.1149,Edamame Pot,12,12,10.8,1
04/01/2023,GRA,ST019,QAR,PRK.1155,Classic hummus pot,18,36,32.4,2
04/01/2023,GRA,ST019,QAR,PRK.1159,Greek Tabbouleh,20,60,54,3
04/01/2023,GRA,ST019,QAR,PRK.1160,Egg pot,16,32,28.8,2
04/01/2023,GRA,ST019,QAR,PRK.1173,Choco Chia Energy Ball,30,90,81,3
04/01/2023,GRA,ST019,QAR,PRK.1175,Pecan Bars,14,28,25.2,2
04/01/2023,GRA,ST019,QAR,PRK.1177,Carrot Cake,15,30,27,2
04/01/2023,GRA,ST019,QAR,PRK.1181,Green Apple,2,4,3.6,2
04/01/2023,GRA,ST019,QAR,PRK.1183,Bannana,2,24,21.6,12
04/01/2023,GRA,ST019,QAR,PRK.1184,Watermelon,18,54,48.6,3
04/01/2023,GRA,ST019,QAR,PRK.1185,Pineapplemix,18,54,48.6,3
04/01/2023,GRA,ST019,QAR,PRK.1186,Mixed Berries,22,88,79.2,4
04/01/2023,GRA,ST019,QAR,PRK.1194,Lotus Cheesecake,15,30,27,2
04/01/2023,GRA,ST019,QAR,PRK.1196,Chia Blueberry Yodurt,24,48,43.2,2
04/01/2023,GRA,ST019,QAR,PRK.1204,Iced Latte,18,18,16.2,1
04/01/2023,GRA,ST019,QAR,PRK.1262,Highland Still,5,30,27,6
04/01/2023,GRA,ST019,QAR,PRK.1265,Perrier Sparkling,9,81,72.9,9
04/01/2023,GRA,ST019,QAR,PRK.1291,Coke,5,15,13.5,3
04/01/2023,GRA,ST019,QAR,PRK.1292,Diet Coke,5,50,45,10
04/01/2023,GRA,ST019,QAR,PRK.1352,Macchiato,18,54,48.6,3
04/01/2023,GRA,ST019,QAR,PRK.1353,Americano Hot,15,150,135,10
04/01/2023,GRA,ST019,QAR,PRK.1354,Flat White Hot,18,216,194.4,12
04/01/2023,GRA,ST019,QAR,PRK.1355,Cappucino,18,144,129.6,8
04/01/2023,GRA,ST019,QAR,PRK.1356,Cortado,18,90,81,5
04/01/2023,GRA,ST019,QAR,PRK.1358,Spanish Latte,20,120,108,6
04/01/2023,GRA,ST019,QAR,PRK.1360,Slated Caramel Mocha,25,25,22.5,1
04/01/2023,GRA,ST019,QAR,PRK.1362,Double Espresso,14,84,75.6,6
04/01/2023,GRA,ST019,QAR,PRK.1363,Latte Hot,18,216,194.4,12
04/01/2023,GRA,ST019,QAR,PRK.1364,English B/F,12,24,21.6,2
04/01/2023,GRA,ST019,QAR,PRK.1365,Green Tea,12,12,10.8,1
04/01/2023,GRA,ST019,QAR,PRK.1368,Lemon Grass/ Ginger,12,12,10.8,1
04/01/2023,GRA,ST019,QAR,PRK.1372,Hot Cocoa,24,24,21.6,1
04/01/2023,GRA,ST019,QAR,PRK.1374,Peach Iced Tea,18,54,48.6,3
04/01/2023,GRA,ST019,QAR,PRK.1375,Matcha Latte,25,25,22.5,1
04/01/2023,GRA,ST019,QAR,PRK.1386,Orange Juice,22,286,257.4,13
04/01/2023,GRA,ST019,QAR,PRK.1387,Carrot Juice,22,110,99,5
04/01/2023,GRA,ST019,QAR,PRK.1390,Morning Boost,24,120,108,5
04/01/2023,GRA,ST019,QAR,PRK.1392,Immune Boost,22,22,19.8,1
04/01/2023,GRA,ST019,QAR,PRK.1396,Ginger Aid Shot,18,162,145.8,9
04/01/2023,GRA,ST019,QAR,PRK.1402,Laban Drink,18,36,32.4,2
04/01/2023,GRA,ST019,QAR,PRK.1404,Green Boost Juice,24,96,86.4,4
04/01/2023,GRA,ST019,QAR,PRK.1406,Beetroot & Apple Juice,20,80,72,4
04/01/2023,GRA,ST019,QAR,PRK.1409,Turmeric wellness shot,16,48,43.2,3
04/01/2023,GRA,ST019,QAR,PRK.1412, Mini Cup Yogurt,14,28,25.2,2
04/01/2023,GRA,ST019,QAR,PRK.1429,Mini Mango Ice Cream,14,14,12.6,1
04/01/2023,GRA,ST019,QAR,PRK.1433,Reg Mango Ice cream/Topp,26,52,46.8,2
04/01/2023,GRA,ST019,QAR,PRK.1474,Spaghetti Bolognese,45,45,40.5,1
04/01/2023,GRA,ST019,QAR,PRK.1475,Salmon with Cilantro Rice,65,325,292.5,5
04/01/2023,GRA,ST019,QAR,PRK.1476,Chicken Noodle Bowl,40,120,108,3
04/01/2023,GRA,ST019,QAR,PRK.1477,BBQ Steak,45,90,81,2
04/01/2023,GRA,ST019,QAR,PRK.1478,Rib eye Steak with Vegeta,55,385,346.5,7
04/01/2023,GRA,ST019,QAR,PRK.1480,Steak cajun potato,50,250,225,5
04/01/2023,GRA,ST019,QAR,PRK.1527,Mango,3,3,2.7,1
04/01/2023,GRA,ST019,QAR,PRK.1588,Acai Small,35,105,94.5,3
04/01/2023,GRA,ST019,QAR,PRK.1589,Acai Large,40,40,36,1
04/01/2023,GRA,ST019,QAR,PRK.1593,Tropicana,24,24,21.6,1
04/01/2023,GRA,ST019,QAR,PRK.1621,Orange loaf,12,24,21.6,2
04/01/2023,GRA,ST019,QAR,PRK.1623,Brownie flavour cookies,10,40,36,4
04/01/2023,GRA,ST019,QAR,PRK.1628,Brownie bites,13,52,46.8,4
04/01/2023,GRA,ST019,QAR,PRK.1632,Turkey cheese roll,19,19,17.1,1
04/01/2023,GRA,ST019,QAR,PRK.1634,Madeleine,12,36,32.4,3
04/01/2023,GRA,ST019,QAR,PRK.1655,Graze Oatmeal,30,210,189,7
04/01/2023,GRA,ST019,QAR,PRK.1681,Salted Caramel Mocha,24,24,21.6,1
04/01/2023,GRA,ST019,QAR,PRK.1682,■Matcha Frappe,26,52,46.8,2
04/01/2023,GRA,ST019,QAR,PRK.1711,Pomegranate Pot,18,36,32.4,2
04/01/2023,GRA,ST019,QAR,PRK.1712,Mango Peach Muesli Pot,24,48,43.2,2
04/01/2023,GRA,ST019,QAR,PRK.1713,Overnight oats PB&Jam,25,75,67.5,3
04/01/2023,GRA,ST019,QAR,PRK.1741,Spicy Tuna sandwich,26,104,93.6,4
04/01/2023,GRA,ST019,QAR,PRK.1742,Three cheese,22,22,19.8,1
04/01/2023,GRA,ST019,QAR,PRK.1743,Falafel and Labna,25,25,22.5,1
04/01/2023,GRA,ST019,QAR,PRK.1747,BEEF BURGER,35,70,63,2
04/01/2023,GRA,ST019,QAR,PRK.1748,Chicken Shawarma,18,162,145.8,9
04/01/2023,GRA,ST019,QAR,PRK.1749,Tenderloin Beef Shawarma,22,176,158.4,8
04/01/2023,GRA,ST019,QAR,PRK.1750,Cream Cheese Roll,9,36,32.4,4
04/01/2023,GRA,ST019,QAR,PRK.1751,Egg Mayo Roll,9,45,40.5,5
04/01/2023,GRA,ST019,QAR,PRK.1752,Club sandwich,30,330,297,11
04/01/2023,GRA,ST019,QAR,PRK.1772,Fresh Raspberry,5,10,9,2
04/01/2023,GRA,ST019,QAR,PRK.1773,Fresh blueberry,5,10,9,2
04/01/2023,GRA,ST019,QAR,PRK.1775,Honey Comb,5,5,4.5,1
04/01/2023,GRA,ST019,QAR,PRK.4502,Low Fat Milk,0,0,0,2
04/01/2023,GRA,ST019,QAR,PRK.4503,Almond Milk,2,6,5.4,3
04/01/2023,GRA,ST019,QAR,PRK.4504,Soya Milk,2,2,1.8,1
04/01/2023,GRA,ST019,QAR,PRK.4509,Double Shot,0,0,0,2
04/01/2023,GRA,ST019,QAR,PRK.4516,Decaf,0,0,0,2
04/01/2023,GRA,ST019,QAR,PRK.4517,Vanilla Flavor,0,0,0,1
04/01/2023,GRA,ST019,QAR,PRK.4521,Oat Milk,2,4,3.6,2
04/01/2023,GRA,ST019,QAR,PRK.4541,w/ Strawberry,0,0,0,2
04/01/2023,GRA,ST019,QAR,PRK.4550,w/ Mango,0,0,0,3
