DATE,BRANCHCODE,WAREHOUSECODE,CURRENCY,ERPCODE,ITEMNAME,RAWPRICE,GROSSAMT,NETVALUE,QTYSOLD
02/01/2023,GRA,ST019,QAR,PRK.902,Granola,55,275,247.5,5
02/01/2023,GRA,ST019,QAR,PRK.904,Graze House Mix,55,165,148.5,3
02/01/2023,GRA,ST019,QAR,PRK.907,Zaatar Chips,6,168,151.2,28
02/01/2023,GRA,ST019,QAR,PRK.909,Spicy Pesto Chips,6,168,151.2,28
02/01/2023,GRA,ST019,QAR,PRK.910,Graze Spicy Mix Sml,25,525,472.5,21
02/01/2023,GRA,ST019,QAR,PRK.911,Graze House Mix Sml,25,225,202.5,9
02/01/2023,GRA,ST019,QAR,PRK.937,Baby Mozzarella Salad,45,2520,2227.5,56
02/01/2023,GRA,ST019,QAR,PRK.938,4 Grain Salad with Beetro,55,2365,2128.5,43
02/01/2023,GRA,ST019,QAR,PRK.939,Steak Salad with Green Sa,55,4455,4009.5,81
02/01/2023,GRA,ST019,QAR,PRK.962,Extra flavor,3,111,99.9000000000001,37
02/01/2023,GRA,ST019,QAR,PRK.994,Crsnt w Egg/Avaca/ SunTom,24,5400,4860,225
02/01/2023,GRA,ST019,QAR,PRK.995,Egg Burrito,20,2600,2340,130
02/01/2023,GRA,ST019,QAR,PRK.996,Blueberry Granola parfait,25,3125,2812.5,125
02/01/2023,GRA,ST019,QAR,PRK.997,Yog Dates Chia Pista Alm,22,2772,2497,126
02/01/2023,GRA,ST019,QAR,PRK.1003,Cheese Croissant,16,176,158.4,11
02/01/2023,GRA,ST019,QAR,PRK.1007,Zatar Croissant,16,528,475.2,33
02/01/2023,GRA,ST019,QAR,PRK.1010,Tomato Puff Pastry,16,768,691.199999999999,48
02/01/2023,GRA,ST019,QAR,PRK.1012,Three Berry Yogurt & Date,25,1050,945,42
02/01/2023,GRA,ST019,QAR,PRK.1015,Kiri Cheese Danish,14,826,743.400000000001,59
02/01/2023,GRA,ST019,QAR,PRK.1016,Plain Croissant,10,340,306,34
02/01/2023,GRA,ST019,QAR,PRK.1021,Shirazi Salad,12,468,421.2,39
02/01/2023,GRA,ST019,QAR,PRK.1023,Falafel Salad,45,4410,3969,98
02/01/2023,GRA,ST019,QAR,PRK.1024,Quinoa Swt potato Salad,40,1600,1440,40
02/01/2023,GRA,ST019,QAR,PRK.1027,Mex Chkn Chilli Bean Sld,40,2520,2232,63
02/01/2023,GRA,ST019,QAR,PRK.1031,Teriyaki GRAZE Salmn,55,8030,7227,146
02/01/2023,GRA,ST019,QAR,PRK.1039,Keto Chicken Salad,40,3880,3492,97
02/01/2023,GRA,ST019,QAR,PRK.1046,Greek Salad,30,1410,1269,47
02/01/2023,GRA,ST019,QAR,PRK.1048,Mexican  Caesar Salad chk,39,4836,4352.4,124
02/01/2023,GRA,ST019,QAR,PRK.1049,ROCCA SALAD,22,770,693,35
02/01/2023,GRA,ST019,QAR,PRK.1052,Smoke Turkey Sandwich,34,4624,4161.59999999999,136
02/01/2023,GRA,ST019,QAR,PRK.1054,lemon&Rosemary Chkn,36,9468,8521.19999999996,263
02/01/2023,GRA,ST019,QAR,PRK.1057,Steak & Philly Chz SW,32,4256,3830.40000000001,133
02/01/2023,GRA,ST019,QAR,PRK.1063,Egg Mayo with Rocket,20,1480,1332,74
02/01/2023,GRA,ST019,QAR,PRK.1068,Crispy Chicken Bun,24,2160,1944,90
02/01/2023,GRA,ST019,QAR,PRK.1075,Avocado Toast,40,1400,1260,35
02/01/2023,GRA,ST019,QAR,PRK.1077,Spicy Halloumi,38,3344,3009.6,88
02/01/2023,GRA,ST019,QAR,PRK.1078,Graze Breakfast (egg box),32,2144,1929.6,67
02/01/2023,GRA,ST019,QAR,PRK.1083,Chkn Soup,19,741,666.9,39
02/01/2023,GRA,ST019,QAR,PRK.1087,Lentil Soup,20,1240,1116,62
02/01/2023,GRA,ST019,QAR,PRK.1089,Vegetable soup,16,576,518.4,36
02/01/2023,GRA,ST019,QAR,PRK.1090,Tom kha soup,28,672,604.8,24
02/01/2023,GRA,ST019,QAR,PRK.1113,Chkn Katsu Curry,45,3690,3321,82
02/01/2023,GRA,ST019,QAR,PRK.1115,Mushroom Pasta,40,2080,1872,52
02/01/2023,GRA,ST019,QAR,PRK.1119,Chicken Biryani,45,5355,4819.5,119
02/01/2023,GRA,ST019,QAR,PRK.1121,Chinese Sesame Chicken,40,3680,3312,92
02/01/2023,GRA,ST019,QAR,PRK.1127,Rock Shrimp,45,2250,2025,50
02/01/2023,GRA,ST019,QAR,PRK.1133,Lamb  Kabsa,45,4095,3685.5,91
02/01/2023,GRA,ST019,QAR,PRK.1140,Chicken Curry & Saffron r,43,2107,1896.3,49
02/01/2023,GRA,ST019,QAR,PRK.1141,CRAB BOWL,28,252,226.8,9
02/01/2023,GRA,ST019,QAR,PRK.1145,Yoghurt & Cucumber dip,12,360,324,30
02/01/2023,GRA,ST019,QAR,PRK.1146,Spicy Guacamole Pot,13,273,245.7,21
02/01/2023,GRA,ST019,QAR,PRK.1149,Edamame Pot,12,120,108,10
02/01/2023,GRA,ST019,QAR,PRK.1155,Classic hummus pot,18,234,210.6,13
02/01/2023,GRA,ST019,QAR,PRK.1159,Greek Tabbouleh,20,960,864,48
02/01/2023,GRA,ST019,QAR,PRK.1160,Egg pot,16,848,763.199999999999,53
02/01/2023,GRA,ST019,QAR,PRK.1173,Choco Chia Energy Ball,30,1440,1296,48
02/01/2023,GRA,ST019,QAR,PRK.1175,Pecan Bars,14,532,478.8,38
02/01/2023,GRA,ST019,QAR,PRK.1177,Carrot Cake,15,630,567,42
02/01/2023,GRA,ST019,QAR,PRK.1181,Green Apple,2,64,57.6,32
02/01/2023,GRA,ST019,QAR,PRK.1182,Red Apple,2,46,41.4,23
02/01/2023,GRA,ST019,QAR,PRK.1183,Bannana,2,250,225.2,125
02/01/2023,GRA,ST019,QAR,PRK.1184,Watermelon,18,1314,1182.6,73
02/01/2023,GRA,ST019,QAR,PRK.1185,Pineapplemix,18,1476,1328.4,82
02/01/2023,GRA,ST019,QAR,PRK.1186,Mixed Berries,22,2618,2356.2,119
02/01/2023,GRA,ST019,QAR,PRK.1194,Lotus Cheesecake,15,660,594,44
02/01/2023,GRA,ST019,QAR,PRK.1196,Chia Blueberry Yodurt,24,696,626.4,29
02/01/2023,GRA,ST019,QAR,PRK.1201,Iced Flat White,18,54,48.6,3
02/01/2023,GRA,ST019,QAR,PRK.1203,Iced Spanish Latte,20,240,216,12
02/01/2023,GRA,ST019,QAR,PRK.1204,Iced Latte,18,234,210.6,13
02/01/2023,GRA,ST019,QAR,PRK.1205,Iced Americano,15,180,162,12
02/01/2023,GRA,ST019,QAR,PRK.1234,Pepperoni Pizza small,40,40,36,1
02/01/2023,GRA,ST019,QAR,PRK.1235,Margherita Pizza small,30,90,81,3
02/01/2023,GRA,ST019,QAR,PRK.1236,BBQ chicken Pizza small,35,35,31.5,1
02/01/2023,GRA,ST019,QAR,PRK.1262,Highland Still,5,455,409.5,91
02/01/2023,GRA,ST019,QAR,PRK.1265,Perrier Sparkling,9,819,737.100000000001,91
02/01/2023,GRA,ST019,QAR,PRK.1291,Coke,5,355,319.5,71
02/01/2023,GRA,ST019,QAR,PRK.1292,Diet Coke,5,830,747,166
02/01/2023,GRA,ST019,QAR,PRK.1351,Espresso Single,12,612,550.8,51
02/01/2023,GRA,ST019,QAR,PRK.1352,Macchiato,18,702,631.8,39
02/01/2023,GRA,ST019,QAR,PRK.1353,Americano Hot,15,4710,4239,314
02/01/2023,GRA,ST019,QAR,PRK.1354,Flat White Hot,18,5130,4620.59999999998,285
02/01/2023,GRA,ST019,QAR,PRK.1355,Cappucino,18,3708,3337.19999999999,206
02/01/2023,GRA,ST019,QAR,PRK.1356,Cortado,18,3582,3225.59999999999,199
02/01/2023,GRA,ST019,QAR,PRK.1358,Spanish Latte,20,1320,1188,66
02/01/2023,GRA,ST019,QAR,PRK.1359,Classic Mocha,25,100,90,4
02/01/2023,GRA,ST019,QAR,PRK.1360,Slated Caramel Mocha,25,725,652.5,29
02/01/2023,GRA,ST019,QAR,PRK.1361,Extra Shot,0,0,0,1
02/01/2023,GRA,ST019,QAR,PRK.1362,Double Espresso,14,2100,1890,150
02/01/2023,GRA,ST019,QAR,PRK.1363,Latte Hot,18,5958,5362.19999999997,331
02/01/2023,GRA,ST019,QAR,PRK.1364,English B/F,12,228,205.2,19
02/01/2023,GRA,ST019,QAR,PRK.1365,Green Tea,12,72,64.8,6
02/01/2023,GRA,ST019,QAR,PRK.1366,Earl Grey,12,72,64.8,6
02/01/2023,GRA,ST019,QAR,PRK.1367,Pepper Mint,12,132,118.8,11
02/01/2023,GRA,ST019,QAR,PRK.1368,Lemon Grass/ Ginger,12,408,367.2,34
02/01/2023,GRA,ST019,QAR,PRK.1369,Jasmine,12,36,32.4,3
02/01/2023,GRA,ST019,QAR,PRK.1370,Habiscuss & Black Currant,12,24,21.6,2
02/01/2023,GRA,ST019,QAR,PRK.1371,Chamomile,12,36,32.4,3
02/01/2023,GRA,ST019,QAR,PRK.1372,Hot Cocoa,24,960,864,40
02/01/2023,GRA,ST019,QAR,PRK.1373,Hibiscus Iced tea,18,918,826.200000000001,51
02/01/2023,GRA,ST019,QAR,PRK.1374,Peach Iced Tea,18,576,518.4,32
02/01/2023,GRA,ST019,QAR,PRK.1375,Matcha Latte,25,50,45,2
02/01/2023,GRA,ST019,QAR,PRK.1376,Cinnamon Latte,25,50,45,2
02/01/2023,GRA,ST019,QAR,PRK.1377,Fresh Milk,10,20,18,2
02/01/2023,GRA,ST019,QAR,PRK.1386,Orange Juice,22,5412,4870.80000000002,246
02/01/2023,GRA,ST019,QAR,PRK.1387,Carrot Juice,22,2222,1999.8,101
02/01/2023,GRA,ST019,QAR,PRK.1390,Morning Boost,24,1704,1512,71
02/01/2023,GRA,ST019,QAR,PRK.1392,Immune Boost,22,1188,1069.2,54
02/01/2023,GRA,ST019,QAR,PRK.1396,Ginger Aid Shot,18,3096,2786.4,172
02/01/2023,GRA,ST019,QAR,PRK.1402,Laban Drink,18,1062,955.800000000001,59
02/01/2023,GRA,ST019,QAR,PRK.1404,Green Boost Juice,24,1824,1641.6,76
02/01/2023,GRA,ST019,QAR,PRK.1406,Beetroot & Apple Juice,20,1520,1368,76
02/01/2023,GRA,ST019,QAR,PRK.1409,Turmeric wellness shot,16,1216,1094.4,76
02/01/2023,GRA,ST019,QAR,PRK.1412, Mini Cup Yogurt,14,84,75.6,6
02/01/2023,GRA,ST019,QAR,PRK.1413,Regular Cup Yogurt,21,168,151.2,8
02/01/2023,GRA,ST019,QAR,PRK.1416,Large Cup Yogurt,23,23,20.7,1
02/01/2023,GRA,ST019,QAR,PRK.1418, Mini Cup Yogurt/Topping,18,54,48.6,3
02/01/2023,GRA,ST019,QAR,PRK.1419,Reg Cup Yogurt/Toping,26,364,327.6,14
02/01/2023,GRA,ST019,QAR,PRK.1422,Large Cup Yogurt/Topping,30,30,27,1
02/01/2023,GRA,ST019,QAR,PRK.1429,Mini Mango Ice Cream,14,532,478.8,38
02/01/2023,GRA,ST019,QAR,PRK.1430,Regular Mango Ice Cream,21,252,226.8,12
02/01/2023,GRA,ST019,QAR,PRK.1431,Large Mango Ice Cream,23,23,20.7,1
02/01/2023,GRA,ST019,QAR,PRK.1432,Mini Mango Ice Cream/Topp,18,144,129.6,8
02/01/2023,GRA,ST019,QAR,PRK.1433,Reg Mango Ice cream/Topp,26,182,163.8,7
02/01/2023,GRA,ST019,QAR,PRK.1434,Large Mango Ice Cream/Top,30,120,108,4
02/01/2023,GRA,ST019,QAR,PRK.1474,Spaghetti Bolognese,45,990,891,22
02/01/2023,GRA,ST019,QAR,PRK.1475,Salmon with Cilantro Rice,65,5200,4680,80
02/01/2023,GRA,ST019,QAR,PRK.1476,Chicken Noodle Bowl,40,1840,1656,46
02/01/2023,GRA,ST019,QAR,PRK.1477,BBQ Steak,45,2520,2268,56
02/01/2023,GRA,ST019,QAR,PRK.1478,Rib eye Steak with Vegeta,55,4565,4108.5,83
02/01/2023,GRA,ST019,QAR,PRK.1479,Lasagne Pasta,45,1260,1134,28
02/01/2023,GRA,ST019,QAR,PRK.1480,Steak cajun potato,50,3650,3285,73
02/01/2023,GRA,ST019,QAR,PRK.1501,pomegranate,3,6,5.4,2
02/01/2023,GRA,ST019,QAR,PRK.1502,Strawberry,3,78,70.2,26
02/01/2023,GRA,ST019,QAR,PRK.1505,Salted Caramel,3,6,5.4,2
02/01/2023,GRA,ST019,QAR,PRK.1507,Crispy Crepe,3,12,10.8,4
02/01/2023,GRA,ST019,QAR,PRK.1508,Granola,3,57,51.3,19
02/01/2023,GRA,ST019,QAR,PRK.1509,Coconut Flakes,3,24,21.6,8
02/01/2023,GRA,ST019,QAR,PRK.1514,Dulce de Leche,3,3,2.7,1
02/01/2023,GRA,ST019,QAR,PRK.1523,Peanut Butter Sauce,3,87,78.3,29
02/01/2023,GRA,ST019,QAR,PRK.1527,Mango,3,12,10.8,4
02/01/2023,GRA,ST019,QAR,PRK.1531,Power Shake,35,70,63,2
02/01/2023,GRA,ST019,QAR,PRK.1532,Peanut Power Shake,35,420,378,12
02/01/2023,GRA,ST019,QAR,PRK.1536,Energizer protine Shakes,45,540,486,12
02/01/2023,GRA,ST019,QAR,PRK.1540,Energizer shakes,35,105,94.5,3
02/01/2023,GRA,ST019,QAR,PRK.1545,14oz Energizer protine,40,40,36,1
02/01/2023,GRA,ST019,QAR,PRK.1548,14oz Energizer shakes,30,30,27,1
02/01/2023,GRA,ST019,QAR,PRK.1550,Extra Protein,10,20,18,2
02/01/2023,GRA,ST019,QAR,PRK.1588,Acai Small,35,2065,1858.5,59
02/01/2023,GRA,ST019,QAR,PRK.1589,Acai Large,40,1440,1296,36
02/01/2023,GRA,ST019,QAR,PRK.1590,Peanut Choco Ice Cream,30,360,324,12
02/01/2023,GRA,ST019,QAR,PRK.1592,Watermelon Coolex,24,288,259.2,12
02/01/2023,GRA,ST019,QAR,PRK.1593,Tropicana,24,240,216,10
02/01/2023,GRA,ST019,QAR,PRK.1621,Orange loaf,12,744,669.6,62
02/01/2023,GRA,ST019,QAR,PRK.1623,Brownie flavour cookies,10,960,864,96
02/01/2023,GRA,ST019,QAR,PRK.1628,Brownie bites,13,1040,936.000000000001,80
02/01/2023,GRA,ST019,QAR,PRK.1632,Turkey cheese roll,19,513,461.7,27
02/01/2023,GRA,ST019,QAR,PRK.1633,Spinach feta roll,18,342,307.8,19
02/01/2023,GRA,ST019,QAR,PRK.1634,Madeleine,12,1404,1263.6,117
02/01/2023,GRA,ST019,QAR,PRK.1635,Poppy Lemon seeds,12,372,334.8,31
02/01/2023,GRA,ST019,QAR,PRK.1651,■PB & Jam sourdough bread,18,558,502.2,31
02/01/2023,GRA,ST019,QAR,PRK.1655,Graze Oatmeal,30,6660,5997,222
02/01/2023,GRA,ST019,QAR,PRK.1681,Salted Caramel Mocha,24,72,64.8,3
02/01/2023,GRA,ST019,QAR,PRK.1682,■Matcha Frappe,26,754,678.6,29
02/01/2023,GRA,ST019,QAR,PRK.1711,Pomegranate Pot,18,684,615.6,38
02/01/2023,GRA,ST019,QAR,PRK.1712,Mango Peach Muesli Pot,24,672,604.8,28
02/01/2023,GRA,ST019,QAR,PRK.1713,Overnight oats PB&Jam,25,2125,1912.5,85
02/01/2023,GRA,ST019,QAR,PRK.1741,Spicy Tuna sandwich,26,2652,2386.8,102
02/01/2023,GRA,ST019,QAR,PRK.1742,Three cheese,22,1760,1584,80
02/01/2023,GRA,ST019,QAR,PRK.1743,Falafel and Labna,25,750,675,30
02/01/2023,GRA,ST019,QAR,PRK.1747,BEEF BURGER,35,455,409.5,13
02/01/2023,GRA,ST019,QAR,PRK.1748,Chicken Shawarma,18,2592,2332.8,144
02/01/2023,GRA,ST019,QAR,PRK.1749,Tenderloin Beef Shawarma,22,1826,1643.4,83
02/01/2023,GRA,ST019,QAR,PRK.1750,Cream Cheese Roll,9,1260,1134,140
02/01/2023,GRA,ST019,QAR,PRK.1751,Egg Mayo Roll,9,2259,2033.1,251
02/01/2023,GRA,ST019,QAR,PRK.1752,Club sandwich,30,5340,4806,178
02/01/2023,GRA,ST019,QAR,PRK.1771,Pistachio Arabeshi,5,140,126,28
02/01/2023,GRA,ST019,QAR,PRK.1772,Fresh Raspberry,5,135,121.5,27
02/01/2023,GRA,ST019,QAR,PRK.1773,Fresh blueberry,5,130,117,26
02/01/2023,GRA,ST019,QAR,PRK.1774,Chocolate Flakes,5,20,18,4
02/01/2023,GRA,ST019,QAR,PRK.1775,Honey Comb,5,5,4.5,1
02/01/2023,GRA,ST019,QAR,PRK.4502,Low Fat Milk,0,0,0,47
02/01/2023,GRA,ST019,QAR,PRK.4503,Almond Milk,2,252,226.8,126
02/01/2023,GRA,ST019,QAR,PRK.4504,Soya Milk,2,42,37.8,21
02/01/2023,GRA,ST019,QAR,PRK.4505,Less Sweet,0,0,0,1
02/01/2023,GRA,ST019,QAR,PRK.4508,Single Shot,0,0,0,3
02/01/2023,GRA,ST019,QAR,PRK.4509,Double Shot,0,0,0,7
02/01/2023,GRA,ST019,QAR,PRK.4511,More Hot,0,0,0,2
02/01/2023,GRA,ST019,QAR,PRK.4516,Decaf,0,0,0,45
02/01/2023,GRA,ST019,QAR,PRK.4517,Vanilla Flavor,0,0,0,18
02/01/2023,GRA,ST019,QAR,PRK.4519,caramel flavor,0,0,0,1
02/01/2023,GRA,ST019,QAR,PRK.4521,Oat Milk,2,92,82.7999999999999,46
02/01/2023,GRA,ST019,QAR,PRK.4522,Skimmed Milk,2,8,7.2,4
02/01/2023,GRA,ST019,QAR,PRK.4523,Coconut Milk,2,8,7.2,4
02/01/2023,GRA,ST019,QAR,PRK.4531,w/ Granola,0,0,0,6
02/01/2023,GRA,ST019,QAR,PRK.4534,w/ Coconut Flakes,0,0,0,2
02/01/2023,GRA,ST019,QAR,PRK.4535,w/ Crispy Crepe,0,0,0,1
02/01/2023,GRA,ST019,QAR,PRK.4541,w/ Strawberry,0,0,0,4
02/01/2023,GRA,ST019,QAR,PRK.4543,w/ Salted Caramel,0,0,0,1
02/01/2023,GRA,ST019,QAR,PRK.4544,w/ Pomegranate,0,0,0,4
02/01/2023,GRA,ST019,QAR,PRK.4550,w/ Mango,0,0,0,4
02/01/2023,GRA,ST019,QAR,PRK.4551,w/ Peanut Butter Sauce,0,0,0,1
02/01/2023,GRA,ST019,QAR,PRK.4561,MIXED FROZEN YOGURT,0,0,0,1
02/01/2023,GRA,ST019,QAR,PRK.4562,MIXED MANGO YOGURT,0,0,0,4
