DATE,BRANCHCODE,WAREHOUSECODE,CURRENCY,ERPCODE,ITEMNAME,RAWPRICE,GROSSAMT,NETVALUE,QTYSOLD
07/01/2023,GRA,ST019,QAR,PRK.902,Granola,55,495,445.5,9
07/01/2023,GRA,ST019,QAR,PRK.903,Graze Spicy  Mix,55,165,148.5,3
07/01/2023,GRA,ST019,QAR,PRK.904,Graze House Mix,55,55,49.5,1
07/01/2023,GRA,ST019,QAR,PRK.907,Zaatar Chips,6,90,81,15
07/01/2023,GRA,ST019,QAR,PRK.909,Spicy Pesto Chips,6,96,86.4,16
07/01/2023,GRA,ST019,QAR,PRK.910,Graze Spicy Mix Sml,25,475,427.5,19
07/01/2023,GRA,ST019,QAR,PRK.911,Graze House Mix Sml,25,275,247.5,11
07/01/2023,GRA,ST019,QAR,PRK.937,Baby Mozzarella Salad,45,810,729,18
07/01/2023,GRA,ST019,QAR,PRK.938,4 Grain Salad with Beetro,55,1815,1633.5,33
07/01/2023,GRA,ST019,QAR,PRK.939,Steak Salad with Green Sa,55,4345,3916,79
07/01/2023,GRA,ST019,QAR,PRK.940,Burrata Salad,50,200,180,4
07/01/2023,GRA,ST019,QAR,PRK.961,Extra cheese,5,10,9,2
07/01/2023,GRA,ST019,QAR,PRK.962,Extra flavor,3,45,40.5,15
07/01/2023,GRA,ST019,QAR,PRK.994,Crsnt w Egg/Avaca/ SunTom,24,3600,3239.99999999999,150
07/01/2023,GRA,ST019,QAR,PRK.995,Egg Burrito,20,2560,2306,128
07/01/2023,GRA,ST019,QAR,PRK.996,Blueberry Granola parfait,25,3025,2722.5,121
07/01/2023,GRA,ST019,QAR,PRK.997,Yog Dates Chia Pista Alm,22,2926,2633.4,133
07/01/2023,GRA,ST019,QAR,PRK.1003,Cheese Croissant,16,304,273.6,19
07/01/2023,GRA,ST019,QAR,PRK.1007,Zatar Croissant,16,272,244.8,17
07/01/2023,GRA,ST019,QAR,PRK.1010,Tomato Puff Pastry,16,528,475.2,33
07/01/2023,GRA,ST019,QAR,PRK.1012,Three Berry Yogurt & Date,25,850,765,34
07/01/2023,GRA,ST019,QAR,PRK.1015,Kiri Cheese Danish,14,658,592.200000000001,47
07/01/2023,GRA,ST019,QAR,PRK.1016,Plain Croissant,10,190,171,19
07/01/2023,GRA,ST019,QAR,PRK.1021,Shirazi Salad,12,900,809.999999999999,75
07/01/2023,GRA,ST019,QAR,PRK.1023,Falafel Salad,45,3645,3280.5,81
07/01/2023,GRA,ST019,QAR,PRK.1024,Quinoa Swt potato Salad,40,1040,936,26
07/01/2023,GRA,ST019,QAR,PRK.1027,Mex Chkn Chilli Bean Sld,40,2760,2484,69
07/01/2023,GRA,ST019,QAR,PRK.1029,Burrata Salad,50,50,45,1
07/01/2023,GRA,ST019,QAR,PRK.1031,Teriyaki GRAZE Salmn,55,8690,7821,158
07/01/2023,GRA,ST019,QAR,PRK.1039,Keto Chicken Salad,40,3240,2916,81
07/01/2023,GRA,ST019,QAR,PRK.1046,Greek Salad,30,1020,918,34
07/01/2023,GRA,ST019,QAR,PRK.1048,Mexican  Caesar Salad chk,39,4095,3685.49999999999,105
07/01/2023,GRA,ST019,QAR,PRK.1049,ROCCA SALAD,22,770,695.2,35
07/01/2023,GRA,ST019,QAR,PRK.1052,Smoke Turkey Sandwich,34,4318,3886.19999999999,127
07/01/2023,GRA,ST019,QAR,PRK.1054,lemon&Rosemary Chkn,36,7128,6415.19999999998,198
07/01/2023,GRA,ST019,QAR,PRK.1057,Steak & Philly Chz SW,32,3328,2995.2,104
07/01/2023,GRA,ST019,QAR,PRK.1063,Egg Mayo with Rocket,20,1360,1224,68
07/01/2023,GRA,ST019,QAR,PRK.1075,Avocado Toast,40,600,540,15
07/01/2023,GRA,ST019,QAR,PRK.1077,Spicy Halloumi,38,4066,3659.39999999999,107
07/01/2023,GRA,ST019,QAR,PRK.1078,Graze Breakfast (egg box),32,1504,1353.6,47
07/01/2023,GRA,ST019,QAR,PRK.1083,Chkn Soup,19,969,872.100000000001,51
07/01/2023,GRA,ST019,QAR,PRK.1087,Lentil Soup,20,1040,936,52
07/01/2023,GRA,ST019,QAR,PRK.1089,Vegetable soup,16,496,446.4,31
07/01/2023,GRA,ST019,QAR,PRK.1113,Chkn Katsu Curry,45,3555,3199.5,79
07/01/2023,GRA,ST019,QAR,PRK.1115,Mushroom Pasta,40,1520,1372,38
07/01/2023,GRA,ST019,QAR,PRK.1119,Chicken Biryani,45,5220,4698,116
07/01/2023,GRA,ST019,QAR,PRK.1121,Chinese Sesame Chicken,40,3080,2772,77
07/01/2023,GRA,ST019,QAR,PRK.1127,Rock Shrimp,45,2610,2349,58
07/01/2023,GRA,ST019,QAR,PRK.1133,Lamb  Kabsa,45,5220,4698,116
07/01/2023,GRA,ST019,QAR,PRK.1140,Chicken Curry & Saffron r,43,2107,1896.3,49
07/01/2023,GRA,ST019,QAR,PRK.1141,CRAB BOWL,28,504,453.6,18
07/01/2023,GRA,ST019,QAR,PRK.1145,Yoghurt & Cucumber dip,12,384,345.6,32
07/01/2023,GRA,ST019,QAR,PRK.1146,Spicy Guacamole Pot,13,377,339.3,29
07/01/2023,GRA,ST019,QAR,PRK.1149,Edamame Pot,12,204,183.6,17
07/01/2023,GRA,ST019,QAR,PRK.1155,Classic hummus pot,18,342,307.8,19
07/01/2023,GRA,ST019,QAR,PRK.1159,Greek Tabbouleh,20,1280,1152,64
07/01/2023,GRA,ST019,QAR,PRK.1160,Egg pot,16,608,547.2,38
07/01/2023,GRA,ST019,QAR,PRK.1173,Choco Chia Energy Ball,30,1140,1026,38
07/01/2023,GRA,ST019,QAR,PRK.1175,Pecan Bars,14,266,239.4,19
07/01/2023,GRA,ST019,QAR,PRK.1177,Carrot Cake,15,180,163.5,12
07/01/2023,GRA,ST019,QAR,PRK.1181,Green Apple,2,30,27,15
07/01/2023,GRA,ST019,QAR,PRK.1182,Red Apple,2,48,43.2,24
07/01/2023,GRA,ST019,QAR,PRK.1183,Bannana,2,344,309.600000000001,172
07/01/2023,GRA,ST019,QAR,PRK.1184,Watermelon,18,1368,1233,76
07/01/2023,GRA,ST019,QAR,PRK.1185,Pineapplemix,18,1098,988.200000000001,61
07/01/2023,GRA,ST019,QAR,PRK.1186,Mixed Berries,22,1914,1722.6,87
07/01/2023,GRA,ST019,QAR,PRK.1194,Lotus Cheesecake,15,450,405,30
07/01/2023,GRA,ST019,QAR,PRK.1196,Chia Blueberry Yodurt,24,720,648,30
07/01/2023,GRA,ST019,QAR,PRK.1201,Iced Flat White,18,54,48.6,3
07/01/2023,GRA,ST019,QAR,PRK.1203,Iced Spanish Latte,20,160,144,8
07/01/2023,GRA,ST019,QAR,PRK.1204,Iced Latte,18,54,48.6,3
07/01/2023,GRA,ST019,QAR,PRK.1205,Iced Americano,15,60,54,4
07/01/2023,GRA,ST019,QAR,PRK.1234,Pepperoni Pizza small,40,40,36,1
07/01/2023,GRA,ST019,QAR,PRK.1235,Margherita Pizza small,30,60,54,2
07/01/2023,GRA,ST019,QAR,PRK.1236,BBQ chicken Pizza small,35,210,189,6
07/01/2023,GRA,ST019,QAR,PRK.1262,Highland Still,5,415,373.5,83
07/01/2023,GRA,ST019,QAR,PRK.1265,Perrier Sparkling,9,1413,1271.7,157
07/01/2023,GRA,ST019,QAR,PRK.1291,Coke,5,235,211.5,47
07/01/2023,GRA,ST019,QAR,PRK.1292,Diet Coke,5,630,567,126
07/01/2023,GRA,ST019,QAR,PRK.1321,Mini Cup /Pina Colada,14,182,163.8,13
07/01/2023,GRA,ST019,QAR,PRK.1322,Regular Cup / Pina Colada,21,84,75.6,4
07/01/2023,GRA,ST019,QAR,PRK.1323,Large cup /Pina Colada,23,46,41.4,2
07/01/2023,GRA,ST019,QAR,PRK.1324,Mini Pina Colada/Topping,18,54,48.6,3
07/01/2023,GRA,ST019,QAR,PRK.1325,Regular Pina Colada/Toppi,26,104,93.6,4
07/01/2023,GRA,ST019,QAR,PRK.1351,Espresso Single,12,444,399.6,37
07/01/2023,GRA,ST019,QAR,PRK.1352,Macchiato,18,36,32.4,2
07/01/2023,GRA,ST019,QAR,PRK.1353,Americano Hot,15,4140,3729,276
07/01/2023,GRA,ST019,QAR,PRK.1354,Flat White Hot,18,4050,3644.99999999999,225
07/01/2023,GRA,ST019,QAR,PRK.1355,Cappucino,18,1926,1733.4,107
07/01/2023,GRA,ST019,QAR,PRK.1356,Cortado,18,1800,1620,100
07/01/2023,GRA,ST019,QAR,PRK.1358,Spanish Latte,20,840,756,42
07/01/2023,GRA,ST019,QAR,PRK.1359,Classic Mocha,25,275,247.5,11
07/01/2023,GRA,ST019,QAR,PRK.1360,Slated Caramel Mocha,25,400,360,16
07/01/2023,GRA,ST019,QAR,PRK.1362,Double Espresso,14,798,718.200000000001,57
07/01/2023,GRA,ST019,QAR,PRK.1363,Latte Hot,18,3636,3272.39999999999,202
07/01/2023,GRA,ST019,QAR,PRK.1364,English B/F,12,144,129.6,12
07/01/2023,GRA,ST019,QAR,PRK.1365,Green Tea,12,192,172.8,16
07/01/2023,GRA,ST019,QAR,PRK.1366,Earl Grey,12,96,86.4,8
07/01/2023,GRA,ST019,QAR,PRK.1367,Pepper Mint,12,252,228,21
07/01/2023,GRA,ST019,QAR,PRK.1368,Lemon Grass/ Ginger,12,60,54,5
07/01/2023,GRA,ST019,QAR,PRK.1369,Jasmine,12,216,194.4,18
07/01/2023,GRA,ST019,QAR,PRK.1371,Chamomile,12,144,129.6,12
07/01/2023,GRA,ST019,QAR,PRK.1372,Hot Cocoa,24,120,108,5
07/01/2023,GRA,ST019,QAR,PRK.1373,Hibiscus Iced tea,18,216,194.4,12
07/01/2023,GRA,ST019,QAR,PRK.1374,Peach Iced Tea,18,198,178.2,11
07/01/2023,GRA,ST019,QAR,PRK.1375,Matcha Latte,25,250,225,10
07/01/2023,GRA,ST019,QAR,PRK.1376,Cinnamon Latte,25,150,135,6
07/01/2023,GRA,ST019,QAR,PRK.1386,Orange Juice,22,4092,3682.80000000001,186
07/01/2023,GRA,ST019,QAR,PRK.1387,Carrot Juice,22,880,792,40
07/01/2023,GRA,ST019,QAR,PRK.1390,Morning Boost,24,888,799.200000000001,37
07/01/2023,GRA,ST019,QAR,PRK.1392,Immune Boost,22,440,396,20
07/01/2023,GRA,ST019,QAR,PRK.1396,Ginger Aid Shot,18,1818,1636.2,101
07/01/2023,GRA,ST019,QAR,PRK.1402,Laban Drink,18,810,729,45
07/01/2023,GRA,ST019,QAR,PRK.1404,Green Boost Juice,24,792,712.8,33
07/01/2023,GRA,ST019,QAR,PRK.1406,Beetroot & Apple Juice,20,1120,1008,56
07/01/2023,GRA,ST019,QAR,PRK.1409,Turmeric wellness shot,16,1136,1022.4,71
07/01/2023,GRA,ST019,QAR,PRK.1412, Mini Cup Yogurt,14,98,88.2,7
07/01/2023,GRA,ST019,QAR,PRK.1413,Regular Cup Yogurt,21,147,132.3,7
07/01/2023,GRA,ST019,QAR,PRK.1418, Mini Cup Yogurt/Topping,18,216,194.4,12
07/01/2023,GRA,ST019,QAR,PRK.1419,Reg Cup Yogurt/Toping,26,78,70.2,3
07/01/2023,GRA,ST019,QAR,PRK.1422,Large Cup Yogurt/Topping,30,90,81,3
07/01/2023,GRA,ST019,QAR,PRK.1429,Mini Mango Ice Cream,14,560,504,40
07/01/2023,GRA,ST019,QAR,PRK.1430,Regular Mango Ice Cream,21,378,340.2,18
07/01/2023,GRA,ST019,QAR,PRK.1431,Large Mango Ice Cream,23,23,20.7,1
07/01/2023,GRA,ST019,QAR,PRK.1432,Mini Mango Ice Cream/Topp,18,360,324,20
07/01/2023,GRA,ST019,QAR,PRK.1433,Reg Mango Ice cream/Topp,26,312,280.8,12
07/01/2023,GRA,ST019,QAR,PRK.1434,Large Mango Ice Cream/Top,30,90,81,3
07/01/2023,GRA,ST019,QAR,PRK.1470,Lotus Biscuit,3,12,10.8,4
07/01/2023,GRA,ST019,QAR,PRK.1474,Spaghetti Bolognese,45,1170,1053,26
07/01/2023,GRA,ST019,QAR,PRK.1475,Salmon with Cilantro Rice,65,4550,4095,70
07/01/2023,GRA,ST019,QAR,PRK.1476,Chicken Noodle Bowl,40,1400,1260,35
07/01/2023,GRA,ST019,QAR,PRK.1477,BBQ Steak,45,3060,2754,68
07/01/2023,GRA,ST019,QAR,PRK.1478,Rib eye Steak with Vegeta,55,5995,5395.5,109
07/01/2023,GRA,ST019,QAR,PRK.1479,Lasagne Pasta,45,810,729,18
07/01/2023,GRA,ST019,QAR,PRK.1480,Steak cajun potato,50,3800,3420,76
07/01/2023,GRA,ST019,QAR,PRK.1501,pomegranate,3,6,5.4,2
07/01/2023,GRA,ST019,QAR,PRK.1502,Strawberry,3,72,64.8,24
07/01/2023,GRA,ST019,QAR,PRK.1507,Crispy Crepe,3,45,40.5,15
07/01/2023,GRA,ST019,QAR,PRK.1508,Granola,3,27,24.3,9
07/01/2023,GRA,ST019,QAR,PRK.1509,Coconut Flakes,3,9,8.1,3
07/01/2023,GRA,ST019,QAR,PRK.1523,Peanut Butter Sauce,3,18,16.2,6
07/01/2023,GRA,ST019,QAR,PRK.1527,Mango,3,9,8.1,3
07/01/2023,GRA,ST019,QAR,PRK.1531,Power Shake,35,140,126,4
07/01/2023,GRA,ST019,QAR,PRK.1532,Peanut Power Shake,35,1750,1575,50
07/01/2023,GRA,ST019,QAR,PRK.1536,Energizer protine Shakes,45,720,648,16
07/01/2023,GRA,ST019,QAR,PRK.1540,Energizer shakes,35,210,189,6
07/01/2023,GRA,ST019,QAR,PRK.1548,14oz Energizer shakes,30,30,27,1
07/01/2023,GRA,ST019,QAR,PRK.1550,Extra Protein,10,70,63,7
07/01/2023,GRA,ST019,QAR,PRK.1588,Acai Small,35,1890,1701,54
07/01/2023,GRA,ST019,QAR,PRK.1589,Acai Large,40,1000,900,25
07/01/2023,GRA,ST019,QAR,PRK.1592,Watermelon Coolex,24,744,669.6,31
07/01/2023,GRA,ST019,QAR,PRK.1593,Tropicana,24,888,799.200000000001,37
07/01/2023,GRA,ST019,QAR,PRK.1621,Orange loaf,12,840,755.999999999999,70
07/01/2023,GRA,ST019,QAR,PRK.1623,Brownie flavour cookies,10,910,819,91
07/01/2023,GRA,ST019,QAR,PRK.1628,Brownie bites,13,624,561.6,48
07/01/2023,GRA,ST019,QAR,PRK.1632,Turkey cheese roll,19,532,478.8,28
07/01/2023,GRA,ST019,QAR,PRK.1633,Spinach feta roll,18,360,324,20
07/01/2023,GRA,ST019,QAR,PRK.1634,Madeleine,12,684,615.6,57
07/01/2023,GRA,ST019,QAR,PRK.1651,■PB & Jam sourdough bread,18,450,406.8,25
07/01/2023,GRA,ST019,QAR,PRK.1655,Graze Oatmeal,30,8010,7209,267
07/01/2023,GRA,ST019,QAR,PRK.1681,Salted Caramel Mocha,24,24,21.6,1
07/01/2023,GRA,ST019,QAR,PRK.1682,■Matcha Frappe,26,156,140.4,6
07/01/2023,GRA,ST019,QAR,PRK.1711,Pomegranate Pot,18,378,340.2,21
07/01/2023,GRA,ST019,QAR,PRK.1712,Mango Peach Muesli Pot,24,624,561.6,26
07/01/2023,GRA,ST019,QAR,PRK.1713,Overnight oats PB&Jam,25,1300,1170,52
07/01/2023,GRA,ST019,QAR,PRK.1741,Spicy Tuna sandwich,26,1638,1474.2,63
07/01/2023,GRA,ST019,QAR,PRK.1742,Three cheese,22,1606,1445.4,73
07/01/2023,GRA,ST019,QAR,PRK.1743,Falafel and Labna,25,450,405,18
07/01/2023,GRA,ST019,QAR,PRK.1748,Chicken Shawarma,18,2016,1814.4,112
07/01/2023,GRA,ST019,QAR,PRK.1749,Tenderloin Beef Shawarma,22,1496,1346.4,68
07/01/2023,GRA,ST019,QAR,PRK.1750,Cream Cheese Roll,9,1242,1117.8,138
07/01/2023,GRA,ST019,QAR,PRK.1751,Egg Mayo Roll,9,2151,1936.79999999999,239
07/01/2023,GRA,ST019,QAR,PRK.1752,Club sandwich,30,4410,3969,147
07/01/2023,GRA,ST019,QAR,PRK.1753,Slider Chicken Burger,38,2166,1949.4,57
07/01/2023,GRA,ST019,QAR,PRK.1754,Slider Beef Burger,39,2067,1860.3,53
07/01/2023,GRA,ST019,QAR,PRK.1771,Pistachio Arabeshi,5,175,157.5,35
07/01/2023,GRA,ST019,QAR,PRK.1772,Fresh Raspberry,5,65,58.5,13
07/01/2023,GRA,ST019,QAR,PRK.1773,Fresh blueberry,5,105,94.5,21
07/01/2023,GRA,ST019,QAR,PRK.1774,Chocolate Flakes,5,5,4.5,1
07/01/2023,GRA,ST019,QAR,PRK.1775,Honey Comb,5,25,22.5,5
07/01/2023,GRA,ST019,QAR,PRK.1831,Filtered Coffee,10,250,225,25
07/01/2023,GRA,ST019,QAR,PRK.4501,Full Fat Milk,0,0,0,2
07/01/2023,GRA,ST019,QAR,PRK.4502,Low Fat Milk,0,0,0,24
07/01/2023,GRA,ST019,QAR,PRK.4503,Almond Milk,2,114,102.6,57
07/01/2023,GRA,ST019,QAR,PRK.4504,Soya Milk,2,20,18,10
07/01/2023,GRA,ST019,QAR,PRK.4509,Double Shot,0,0,0,5
07/01/2023,GRA,ST019,QAR,PRK.4516,Decaf,0,0,0,8
07/01/2023,GRA,ST019,QAR,PRK.4517,Vanilla Flavor,0,0,0,5
07/01/2023,GRA,ST019,QAR,PRK.4519,caramel flavor,0,0,0,2
07/01/2023,GRA,ST019,QAR,PRK.4521,Oat Milk,2,100,90.1999999999999,50
07/01/2023,GRA,ST019,QAR,PRK.4522,Skimmed Milk,2,26,23.4,13
07/01/2023,GRA,ST019,QAR,PRK.4523,Coconut Milk,2,20,18.2,10
07/01/2023,GRA,ST019,QAR,PRK.4531,w/ Granola,0,0,0,5
07/01/2023,GRA,ST019,QAR,PRK.4533,w/ Pretzel,0,0,0,2
07/01/2023,GRA,ST019,QAR,PRK.4534,w/ Coconut Flakes,0,0,0,5
07/01/2023,GRA,ST019,QAR,PRK.4535,w/ Crispy Crepe,0,0,0,5
07/01/2023,GRA,ST019,QAR,PRK.4537,w/ Mixed Berries Sauce,0,0,0,8
07/01/2023,GRA,ST019,QAR,PRK.4541,w/ Strawberry,0,0,0,34
07/01/2023,GRA,ST019,QAR,PRK.4543,w/ Salted Caramel,0,0,0,3
07/01/2023,GRA,ST019,QAR,PRK.4544,w/ Pomegranate,0,0,0,22
07/01/2023,GRA,ST019,QAR,PRK.4545,w/ Dulce de leche,0,0,0,3
07/01/2023,GRA,ST019,QAR,PRK.4549,w/ Mango Sauce,0,0,0,4
07/01/2023,GRA,ST019,QAR,PRK.4550,w/ Mango,0,0,0,29
07/01/2023,GRA,ST019,QAR,PRK.4551,w/ Peanut Butter Sauce,0,0,0,2
07/01/2023,GRA,ST019,QAR,PRK.4552,w/ Crushed Grahams,0,0,0,2
07/01/2023,GRA,ST019,QAR,PRK.4556,w/Kiwi Fruit,0,0,0,2
07/01/2023,GRA,ST019,QAR,PRK.4557,w/Lotus Biscut,0,0,0,2
07/01/2023,GRA,ST019,QAR,PRK.4558,w/Fresh Pineapple,0,0,0,2
07/01/2023,GRA,ST019,QAR,PRK.4562,MIXED MANGO YOGURT,0,0,0,2
