DATE,BRANCHCODE,WAREHOUSECODE,CURRENCY,ERPCODE,ITEMNAME,RAWPRICE,GROSSAMT,NETVALUE,QTYSOLD
03/01/2023,GRA,ST006,QAR,PRK.902,Granola,55,605,605,11
03/01/2023,GRA,ST006,QAR,PRK.903,Graze Spicy  Mix,55,110,110,2
03/01/2023,GRA,ST006,QAR,PRK.907,Zaatar Chips,6,120,120,20
03/01/2023,GRA,ST006,QAR,PRK.909,Spicy Pesto Chips,6,90,90,15
03/01/2023,GRA,ST006,QAR,PRK.910,Graze Spicy Mix Sml,25,250,250,10
03/01/2023,GRA,ST006,QAR,PRK.911,Graze House Mix Sml,25,125,125,5
03/01/2023,GRA,ST006,QAR,PRK.937,Baby Mozzarella Salad,45,585,585,13
03/01/2023,GRA,ST006,QAR,PRK.938,4 Grain Salad with Beetro,55,220,220,4
03/01/2023,GRA,ST006,QAR,PRK.939,Steak Salad with Green Sa,55,550,550,10
03/01/2023,GRA,ST006,QAR,PRK.962,Extra flavor,3,42,42,14
03/01/2023,GRA,ST006,QAR,PRK.994,Crsnt w Egg/Avaca/ SunTom,24,624,624,26
03/01/2023,GRA,ST006,QAR,PRK.995,Egg Burrito,20,840,840,42
03/01/2023,GRA,ST006,QAR,PRK.996,Blueberry Granola parfait,25,925,925,37
03/01/2023,GRA,ST006,QAR,PRK.997,Yog Dates Chia Pista Alm,22,792,792,36
03/01/2023,GRA,ST006,QAR,PRK.1007,Zatar Croissant,16,128,128,8
03/01/2023,GRA,ST006,QAR,PRK.1010,Tomato Puff Pastry,16,256,256,16
03/01/2023,GRA,ST006,QAR,PRK.1012,Three Berry Yogurt & Date,25,600,600,24
03/01/2023,GRA,ST006,QAR,PRK.1015,Kiri Cheese Danish,14,588,588,42
03/01/2023,GRA,ST006,QAR,PRK.1016,Plain Croissant,10,210,210,21
03/01/2023,GRA,ST006,QAR,PRK.1021,Shirazi Salad,12,348,348,29
03/01/2023,GRA,ST006,QAR,PRK.1023,Falafel Salad,45,720,720,16
03/01/2023,GRA,ST006,QAR,PRK.1024,Quinoa Swt potato Salad,40,120,120,3
03/01/2023,GRA,ST006,QAR,PRK.1027,Mex Chkn Chilli Bean Sld,40,1160,1160,29
03/01/2023,GRA,ST006,QAR,PRK.1031,Teriyaki GRAZE Salmn,55,3740,3740,68
03/01/2023,GRA,ST006,QAR,PRK.1039,Keto Chicken Salad,40,560,560,14
03/01/2023,GRA,ST006,QAR,PRK.1046,Greek Salad,30,510,510,17
03/01/2023,GRA,ST006,QAR,PRK.1048,Mexican  Caesar Salad chk,39,2574,2574,66
03/01/2023,GRA,ST006,QAR,PRK.1049,ROCCA SALAD,22,242,242,11
03/01/2023,GRA,ST006,QAR,PRK.1052,Smoke Turkey Sandwich,34,1836,1836,54
03/01/2023,GRA,ST006,QAR,PRK.1054,lemon&Rosemary Chkn,36,4032,4032,112
03/01/2023,GRA,ST006,QAR,PRK.1057,Steak & Philly Chz SW,32,672,672,21
03/01/2023,GRA,ST006,QAR,PRK.1063,Egg Mayo with Rocket,20,360,360,18
03/01/2023,GRA,ST006,QAR,PRK.1068,Crispy Chicken Bun,24,720,720,30
03/01/2023,GRA,ST006,QAR,PRK.1075,Avocado Toast,40,240,240,6
03/01/2023,GRA,ST006,QAR,PRK.1077,Spicy Halloumi,38,760,760,20
03/01/2023,GRA,ST006,QAR,PRK.1078,Graze Breakfast (egg box),32,32,32,1
03/01/2023,GRA,ST006,QAR,PRK.1083,Chkn Soup,19,589,589,31
03/01/2023,GRA,ST006,QAR,PRK.1086,Lamb Soup,35,35,35,1
03/01/2023,GRA,ST006,QAR,PRK.1087,Lentil Soup,20,700,700,35
03/01/2023,GRA,ST006,QAR,PRK.1089,Vegetable soup,16,288,288,18
03/01/2023,GRA,ST006,QAR,PRK.1090,Tom kha soup,28,28,28,1
03/01/2023,GRA,ST006,QAR,PRK.1113,Chkn Katsu Curry,45,3105,3105,69
03/01/2023,GRA,ST006,QAR,PRK.1115,Mushroom Pasta,40,1880,1880,47
03/01/2023,GRA,ST006,QAR,PRK.1119,Chicken Biryani,45,4860,4860,108
03/01/2023,GRA,ST006,QAR,PRK.1121,Chinese Sesame Chicken,40,4200,4200,105
03/01/2023,GRA,ST006,QAR,PRK.1127,Rock Shrimp,45,2745,2745,61
03/01/2023,GRA,ST006,QAR,PRK.1133,Lamb  Kabsa,45,3330,3330,74
03/01/2023,GRA,ST006,QAR,PRK.1140,Chicken Curry & Saffron r,43,3268,3225,76
03/01/2023,GRA,ST006,QAR,PRK.1141,CRAB BOWL,28,784,784,28
03/01/2023,GRA,ST006,QAR,PRK.1145,Yoghurt & Cucumber dip,12,240,240,20
03/01/2023,GRA,ST006,QAR,PRK.1146,Spicy Guacamole Pot,13,143,143,11
03/01/2023,GRA,ST006,QAR,PRK.1149,Edamame Pot,12,180,180,15
03/01/2023,GRA,ST006,QAR,PRK.1159,Greek Tabbouleh,20,380,380,19
03/01/2023,GRA,ST006,QAR,PRK.1160,Egg pot,16,128,128,8
03/01/2023,GRA,ST006,QAR,PRK.1173,Choco Chia Energy Ball,30,2430,2430,81
03/01/2023,GRA,ST006,QAR,PRK.1175,Pecan Bars,14,448,448,32
03/01/2023,GRA,ST006,QAR,PRK.1177,Carrot Cake,15,345,345,23
03/01/2023,GRA,ST006,QAR,PRK.1183,Bannana,2,700,700,350
03/01/2023,GRA,ST006,QAR,PRK.1184,Watermelon,18,1476,1476,82
03/01/2023,GRA,ST006,QAR,PRK.1185,Pineapplemix,18,1116,1116,62
03/01/2023,GRA,ST006,QAR,PRK.1186,Mixed Berries,22,2376,2376,108
03/01/2023,GRA,ST006,QAR,PRK.1194,Lotus Cheesecake,15,435,435,29
03/01/2023,GRA,ST006,QAR,PRK.1196,Chia Blueberry Yodurt,24,312,312,13
03/01/2023,GRA,ST006,QAR,PRK.1201,Iced Flat White,18,36,36,2
03/01/2023,GRA,ST006,QAR,PRK.1203,Iced Spanish Latte,20,60,60,3
03/01/2023,GRA,ST006,QAR,PRK.1204,Iced Latte,18,378,378,21
03/01/2023,GRA,ST006,QAR,PRK.1205,Iced Americano,15,300,300,20
03/01/2023,GRA,ST006,QAR,PRK.1234,Pepperoni Pizza small,40,120,120,3
03/01/2023,GRA,ST006,QAR,PRK.1235,Margherita Pizza small,30,210,210,7
03/01/2023,GRA,ST006,QAR,PRK.1236,BBQ chicken Pizza small,35,280,280,8
03/01/2023,GRA,ST006,QAR,PRK.1262,Highland Still,5,4955,4955,991
03/01/2023,GRA,ST006,QAR,PRK.1265,Perrier Sparkling,9,279,279,31
03/01/2023,GRA,ST006,QAR,PRK.1291,Coke,5,260,255,52
03/01/2023,GRA,ST006,QAR,PRK.1292,Diet Coke,5,350,350,70
03/01/2023,GRA,ST006,QAR,PRK.1333,Stay Home w/Graze M 6 X1,130,130,130,1
03/01/2023,GRA,ST006,QAR,PRK.1351,Espresso Single,12,888,888,74
03/01/2023,GRA,ST006,QAR,PRK.1353,Americano Hot,15,780,780,52
03/01/2023,GRA,ST006,QAR,PRK.1354,Flat White Hot,18,540,522,30
03/01/2023,GRA,ST006,QAR,PRK.1355,Cappucino,18,630,630,35
03/01/2023,GRA,ST006,QAR,PRK.1356,Cortado,18,72,72,4
03/01/2023,GRA,ST006,QAR,PRK.1358,Spanish Latte,20,340,320,17
03/01/2023,GRA,ST006,QAR,PRK.1360,Slated Caramel Mocha,25,50,50,2
03/01/2023,GRA,ST006,QAR,PRK.1362,Double Espresso,14,350,350,25
03/01/2023,GRA,ST006,QAR,PRK.1363,Latte Hot,18,234,216,13
03/01/2023,GRA,ST006,QAR,PRK.1372,Hot Cocoa,24,24,24,1
03/01/2023,GRA,ST006,QAR,PRK.1373,Hibiscus Iced tea,18,54,54,3
03/01/2023,GRA,ST006,QAR,PRK.1374,Peach Iced Tea,18,108,108,6
03/01/2023,GRA,ST006,QAR,PRK.1375,Matcha Latte,25,50,50,2
03/01/2023,GRA,ST006,QAR,PRK.1376,Cinnamon Latte,25,75,75,3
03/01/2023,GRA,ST006,QAR,PRK.1377,Fresh Milk,10,820,820,82
03/01/2023,GRA,ST006,QAR,PRK.1386,Orange Juice,22,1738,1738,79
03/01/2023,GRA,ST006,QAR,PRK.1387,Carrot Juice,22,132,132,6
03/01/2023,GRA,ST006,QAR,PRK.1390,Morning Boost,24,480,480,20
03/01/2023,GRA,ST006,QAR,PRK.1392,Immune Boost,22,924,924,42
03/01/2023,GRA,ST006,QAR,PRK.1396,Ginger Aid Shot,18,1872,1872,104
03/01/2023,GRA,ST006,QAR,PRK.1402,Laban Drink,18,306,306,17
03/01/2023,GRA,ST006,QAR,PRK.1403,Vimto Juice,18,54,54,3
03/01/2023,GRA,ST006,QAR,PRK.1404,Green Boost Juice,24,240,240,10
03/01/2023,GRA,ST006,QAR,PRK.1406,Beetroot & Apple Juice,20,720,720,36
03/01/2023,GRA,ST006,QAR,PRK.1409,Turmeric wellness shot,16,640,640,40
03/01/2023,GRA,ST006,QAR,PRK.1412, Mini Cup Yogurt,14,210,210,15
03/01/2023,GRA,ST006,QAR,PRK.1413,Regular Cup Yogurt,21,588,588,28
03/01/2023,GRA,ST006,QAR,PRK.1416,Large Cup Yogurt,23,207,207,9
03/01/2023,GRA,ST006,QAR,PRK.1418, Mini Cup Yogurt/Topping,18,216,216,12
03/01/2023,GRA,ST006,QAR,PRK.1419,Reg Cup Yogurt/Toping,26,208,208,8
03/01/2023,GRA,ST006,QAR,PRK.1422,Large Cup Yogurt/Topping,30,60,60,2
03/01/2023,GRA,ST006,QAR,PRK.1429,Mini Mango Ice Cream,14,1708,1708,122
03/01/2023,GRA,ST006,QAR,PRK.1430,Regular Mango Ice Cream,21,1029,1029,49
03/01/2023,GRA,ST006,QAR,PRK.1431,Large Mango Ice Cream,23,368,368,16
03/01/2023,GRA,ST006,QAR,PRK.1432,Mini Mango Ice Cream/Topp,18,342,342,19
03/01/2023,GRA,ST006,QAR,PRK.1433,Reg Mango Ice cream/Topp,26,754,754,29
03/01/2023,GRA,ST006,QAR,PRK.1434,Large Mango Ice Cream/Top,30,450,450,15
03/01/2023,GRA,ST006,QAR,PRK.1470,Lotus Biscuit,3,12,12,4
03/01/2023,GRA,ST006,QAR,PRK.1474,Spaghetti Bolognese,45,1170,1170,26
03/01/2023,GRA,ST006,QAR,PRK.1475,Salmon with Cilantro Rice,65,2340,2340,36
03/01/2023,GRA,ST006,QAR,PRK.1476,Chicken Noodle Bowl,40,760,760,19
03/01/2023,GRA,ST006,QAR,PRK.1477,BBQ Steak,45,495,495,11
03/01/2023,GRA,ST006,QAR,PRK.1478,Rib eye Steak with Vegeta,55,1430,1430,26
03/01/2023,GRA,ST006,QAR,PRK.1479,Lasagne Pasta,45,720,720,16
03/01/2023,GRA,ST006,QAR,PRK.1480,Steak cajun potato,50,2250,2250,45
03/01/2023,GRA,ST006,QAR,PRK.1501,pomegranate,3,45,45,15
03/01/2023,GRA,ST006,QAR,PRK.1502,Strawberry,3,66,66,22
03/01/2023,GRA,ST006,QAR,PRK.1505,Salted Caramel,3,21,21,7
03/01/2023,GRA,ST006,QAR,PRK.1507,Crispy Crepe,3,24,24,8
03/01/2023,GRA,ST006,QAR,PRK.1508,Granola,3,66,66,22
03/01/2023,GRA,ST006,QAR,PRK.1509,Coconut Flakes,3,6,6,2
03/01/2023,GRA,ST006,QAR,PRK.1510,Crushed Graham,3,3,3,1
03/01/2023,GRA,ST006,QAR,PRK.1520,Mixed Berries Sauce,3,39,39,13
03/01/2023,GRA,ST006,QAR,PRK.1521,Mango Sauce,3,12,12,4
03/01/2023,GRA,ST006,QAR,PRK.1523,Peanut Butter Sauce,3,30,30,10
03/01/2023,GRA,ST006,QAR,PRK.1527,Mango,3,51,51,17
03/01/2023,GRA,ST006,QAR,PRK.1531,Power Shake,35,2135,2135,61
03/01/2023,GRA,ST006,QAR,PRK.1532,Peanut Power Shake,35,4130,4130,118
03/01/2023,GRA,ST006,QAR,PRK.1533,Pre-workout protein shak,45,90,90,2
03/01/2023,GRA,ST006,QAR,PRK.1534,Choco Power Shake,35,3395,3395,97
03/01/2023,GRA,ST006,QAR,PRK.1536,Energizer protine Shakes,45,1440,1440,32
03/01/2023,GRA,ST006,QAR,PRK.1537,Skinny chocolate,40,40,40,1
03/01/2023,GRA,ST006,QAR,PRK.1540,Energizer shakes,35,525,525,15
03/01/2023,GRA,ST006,QAR,PRK.1541,Caffeine Shake,40,80,80,2
03/01/2023,GRA,ST006,QAR,PRK.1542,14oz Pre-work out Protein,40,80,80,2
03/01/2023,GRA,ST006,QAR,PRK.1545,14oz Energizer protine,40,760,760,19
03/01/2023,GRA,ST006,QAR,PRK.1546,14oz Pre-workout shake,30,30,30,1
03/01/2023,GRA,ST006,QAR,PRK.1548,14oz Energizer shakes,30,90,90,3
03/01/2023,GRA,ST006,QAR,PRK.1550,Extra Protein,10,540,540,54
03/01/2023,GRA,ST006,QAR,PRK.1551,Nut Butters,10,340,340,34
03/01/2023,GRA,ST006,QAR,PRK.1555,Oats,10,150,150,15
03/01/2023,GRA,ST006,QAR,PRK.1556,BCAA Recovery Booster,20,40,40,2
03/01/2023,GRA,ST006,QAR,PRK.1580,Ogaily cardamom ice cream,30,720,720,24
03/01/2023,GRA,ST006,QAR,PRK.1588,Acai Small,35,1785,1785,51
03/01/2023,GRA,ST006,QAR,PRK.1589,Acai Large,40,680,680,17
03/01/2023,GRA,ST006,QAR,PRK.1590,Peanut Choco Ice Cream,30,90,90,3
03/01/2023,GRA,ST006,QAR,PRK.1592,Watermelon Coolex,24,192,192,8
03/01/2023,GRA,ST006,QAR,PRK.1593,Tropicana,24,432,432,18
03/01/2023,GRA,ST006,QAR,PRK.1621,Orange loaf,12,132,132,11
03/01/2023,GRA,ST006,QAR,PRK.1623,Brownie flavour cookies,10,870,870,87
03/01/2023,GRA,ST006,QAR,PRK.1628,Brownie bites,13,351,351,27
03/01/2023,GRA,ST006,QAR,PRK.1632,Turkey cheese roll,19,152,152,8
03/01/2023,GRA,ST006,QAR,PRK.1633,Spinach feta roll,18,126,126,7
03/01/2023,GRA,ST006,QAR,PRK.1634,Madeleine,12,660,660,55
03/01/2023,GRA,ST006,QAR,PRK.1635,Poppy Lemon seeds,12,108,108,9
03/01/2023,GRA,ST006,QAR,PRK.1651,■PB & Jam sourdough bread,18,144,144,8
03/01/2023,GRA,ST006,QAR,PRK.1681,Salted Caramel Mocha,24,48,48,2
03/01/2023,GRA,ST006,QAR,PRK.1682,■Matcha Frappe,26,260,260,10
03/01/2023,GRA,ST006,QAR,PRK.1711,Pomegranate Pot,18,486,486,27
03/01/2023,GRA,ST006,QAR,PRK.1712,Mango Peach Muesli Pot,24,384,384,16
03/01/2023,GRA,ST006,QAR,PRK.1713,Overnight oats PB&Jam,25,600,600,24
03/01/2023,GRA,ST006,QAR,PRK.1741,Spicy Tuna sandwich,26,754,754,29
03/01/2023,GRA,ST006,QAR,PRK.1742,Three cheese,22,264,264,12
03/01/2023,GRA,ST006,QAR,PRK.1743,Falafel and Labna,25,325,325,13
03/01/2023,GRA,ST006,QAR,PRK.1747,BEEF BURGER,35,70,70,2
03/01/2023,GRA,ST006,QAR,PRK.1748,Chicken Shawarma,18,1188,1188,66
03/01/2023,GRA,ST006,QAR,PRK.1749,Tenderloin Beef Shawarma,22,462,462,21
03/01/2023,GRA,ST006,QAR,PRK.1752,Club sandwich,30,1530,1530,51
03/01/2023,GRA,ST006,QAR,PRK.1771,Pistachio Arabeshi,5,115,115,23
03/01/2023,GRA,ST006,QAR,PRK.1772,Fresh Raspberry,5,105,105,21
03/01/2023,GRA,ST006,QAR,PRK.1773,Fresh blueberry,5,155,155,31
03/01/2023,GRA,ST006,QAR,PRK.1774,Chocolate Flakes,5,65,65,13
03/01/2023,GRA,ST006,QAR,PRK.1775,Honey Comb,5,10,10,2
03/01/2023,GRA,ST006,QAR,PRK.4502,Low Fat Milk,0,0,0,4
03/01/2023,GRA,ST006,QAR,PRK.4503,Almond Milk,2,324,324,162
03/01/2023,GRA,ST006,QAR,PRK.4504,Soya Milk,2,36,32,18
03/01/2023,GRA,ST006,QAR,PRK.4516,Decaf,0,0,0,1
03/01/2023,GRA,ST006,QAR,PRK.4517,Vanilla Flavor,0,0,0,11
03/01/2023,GRA,ST006,QAR,PRK.4519,Caramel flavor,0,0,0,2
03/01/2023,GRA,ST006,QAR,PRK.4531,w/ Granola,0,0,0,32
03/01/2023,GRA,ST006,QAR,PRK.4534,w/ Coconut Flakes,0,0,0,2
03/01/2023,GRA,ST006,QAR,PRK.4535,w/ Crispy Crepe,0,0,0,23
03/01/2023,GRA,ST006,QAR,PRK.4541,w/ Strawberry,0,0,0,21
03/01/2023,GRA,ST006,QAR,PRK.4543,w/ Salted Caramel,0,0,0,2
03/01/2023,GRA,ST006,QAR,PRK.4544,w/ Pomegranate,0,0,0,10
03/01/2023,GRA,ST006,QAR,PRK.4549,w/ Mango Sauce,0,0,0,8
03/01/2023,GRA,ST006,QAR,PRK.4550,w/ Mango,0,0,0,72
03/01/2023,GRA,ST006,QAR,PRK.4552,w/ Crushed Grahams,0,0,0,11
03/01/2023,GRA,ST006,QAR,PRK.4556,w/ Fresh Pineapple,0,0,0,2
03/01/2023,GRA,ST006,QAR,PRK.4558,w/ Lotus Biscuit,0,0,0,6
03/01/2023,GRA,ST006,QAR,PRK.4561,MIXED FROZEN YOGURT,0,0,0,1
03/01/2023,GRA,ST006,QAR,PRK.4562,MIXED MANGO YOGURT,0,0,0,2
