DATE,BRANCHCODE,WAREHOUSECODE,CURRENCY,ERPCODE,ITEMNAME,RAWPRICE,GROSSAMT,NETVALUE,QTYSOLD
06/01/2023,GRA,ST006,QAR,PRK.902,Granola,55,1485,1485,27
06/01/2023,GRA,ST006,QAR,PRK.903,Graze Spicy  Mix,55,55,55,1
06/01/2023,GRA,ST006,QAR,PRK.904,Graze House Mix,55,110,110,2
06/01/2023,GRA,ST006,QAR,PRK.907,Zaatar Chips,6,102,102,17
06/01/2023,GRA,ST006,QAR,PRK.909,Spicy Pesto Chips,6,108,108,18
06/01/2023,GRA,ST006,QAR,PRK.910,Graze Spicy Mix Sml,25,250,250,10
06/01/2023,GRA,ST006,QAR,PRK.911,Graze House Mix Sml,25,425,425,17
06/01/2023,GRA,ST006,QAR,PRK.937,Baby Mozzarella Salad,45,630,630,14
06/01/2023,GRA,ST006,QAR,PRK.938,4 Grain Salad with Beetro,55,495,495,9
06/01/2023,GRA,ST006,QAR,PRK.939,Steak Salad with Green Sa,55,1155,1155,21
06/01/2023,GRA,ST006,QAR,PRK.962,Extra flavor,3,48,48,16
06/01/2023,GRA,ST006,QAR,PRK.994,Crsnt w Egg/Avaca/ SunTom,24,960,960,40
06/01/2023,GRA,ST006,QAR,PRK.995,Egg Burrito,20,1120,1120,56
06/01/2023,GRA,ST006,QAR,PRK.996,Blueberry Granola parfait,25,850,850,34
06/01/2023,GRA,ST006,QAR,PRK.997,Yog Dates Chia Pista Alm,22,660,660,30
06/01/2023,GRA,ST006,QAR,PRK.1007,Zatar Croissant,16,112,112,7
06/01/2023,GRA,ST006,QAR,PRK.1010,Tomato Puff Pastry,16,128,128,8
06/01/2023,GRA,ST006,QAR,PRK.1012,Three Berry Yogurt & Date,25,550,550,22
06/01/2023,GRA,ST006,QAR,PRK.1015,Kiri Cheese Danish,14,602,602,43
06/01/2023,GRA,ST006,QAR,PRK.1016,Plain Croissant,10,100,100,10
06/01/2023,GRA,ST006,QAR,PRK.1021,Shirazi Salad,12,396,396,33
06/01/2023,GRA,ST006,QAR,PRK.1023,Falafel Salad,45,900,900,20
06/01/2023,GRA,ST006,QAR,PRK.1024,Quinoa Swt potato Salad,40,280,280,7
06/01/2023,GRA,ST006,QAR,PRK.1027,Mex Chkn Chilli Bean Sld,40,1160,1160,29
06/01/2023,GRA,ST006,QAR,PRK.1031,Teriyaki GRAZE Salmn,55,3245,3245,59
06/01/2023,GRA,ST006,QAR,PRK.1039,Keto Chicken Salad,40,680,680,17
06/01/2023,GRA,ST006,QAR,PRK.1046,Greek Salad,30,510,510,17
06/01/2023,GRA,ST006,QAR,PRK.1048,Mexican  Caesar Salad chk,39,2808,2808,72
06/01/2023,GRA,ST006,QAR,PRK.1049,ROCCA SALAD,22,440,440,20
06/01/2023,GRA,ST006,QAR,PRK.1052,Smoke Turkey Sandwich,34,1870,1870,55
06/01/2023,GRA,ST006,QAR,PRK.1054,lemon&Rosemary Chkn,36,2484,2484,69
06/01/2023,GRA,ST006,QAR,PRK.1057,Steak & Philly Chz SW,32,768,768,24
06/01/2023,GRA,ST006,QAR,PRK.1063,Egg Mayo with Rocket,20,360,360,18
06/01/2023,GRA,ST006,QAR,PRK.1068,Crispy Chicken Bun,24,264,264,11
06/01/2023,GRA,ST006,QAR,PRK.1075,Avocado Toast,40,440,440,11
06/01/2023,GRA,ST006,QAR,PRK.1077,Spicy Halloumi,38,608,608,16
06/01/2023,GRA,ST006,QAR,PRK.1078,Graze Breakfast (egg box),32,32,32,1
06/01/2023,GRA,ST006,QAR,PRK.1083,Chkn Soup,19,285,285,15
06/01/2023,GRA,ST006,QAR,PRK.1087,Lentil Soup,20,480,480,24
06/01/2023,GRA,ST006,QAR,PRK.1089,Vegetable soup,16,208,208,13
06/01/2023,GRA,ST006,QAR,PRK.1113,Chkn Katsu Curry,45,3915,3915,87
06/01/2023,GRA,ST006,QAR,PRK.1115,Mushroom Pasta,40,1760,1760,44
06/01/2023,GRA,ST006,QAR,PRK.1119,Chicken Biryani,45,4680,4599,104
06/01/2023,GRA,ST006,QAR,PRK.1121,Chinese Sesame Chicken,40,3800,3764,95
06/01/2023,GRA,ST006,QAR,PRK.1127,Rock Shrimp,45,2925,2925,65
06/01/2023,GRA,ST006,QAR,PRK.1133,Lamb  Kabsa,45,3015,3015,67
06/01/2023,GRA,ST006,QAR,PRK.1140,Chicken Curry & Saffron r,43,4128,4128,96
06/01/2023,GRA,ST006,QAR,PRK.1141,CRAB BOWL,28,1484,1484,53
06/01/2023,GRA,ST006,QAR,PRK.1145,Yoghurt & Cucumber dip,12,312,312,26
06/01/2023,GRA,ST006,QAR,PRK.1146,Spicy Guacamole Pot,13,273,273,21
06/01/2023,GRA,ST006,QAR,PRK.1149,Edamame Pot,12,312,312,26
06/01/2023,GRA,ST006,QAR,PRK.1159,Greek Tabbouleh,20,520,520,26
06/01/2023,GRA,ST006,QAR,PRK.1160,Egg pot,16,48,48,3
06/01/2023,GRA,ST006,QAR,PRK.1173,Choco Chia Energy Ball,30,2700,2700,90
06/01/2023,GRA,ST006,QAR,PRK.1175,Pecan Bars,14,252,252,18
06/01/2023,GRA,ST006,QAR,PRK.1177,Carrot Cake,15,195,195,13
06/01/2023,GRA,ST006,QAR,PRK.1183,Bannana,2,452,452,226
06/01/2023,GRA,ST006,QAR,PRK.1184,Watermelon,18,1692,1692,94
06/01/2023,GRA,ST006,QAR,PRK.1185,Pineapplemix,18,954,954,53
06/01/2023,GRA,ST006,QAR,PRK.1186,Mixed Berries,22,1540,1540,70
06/01/2023,GRA,ST006,QAR,PRK.1194,Lotus Cheesecake,15,435,435,29
06/01/2023,GRA,ST006,QAR,PRK.1196,Chia Blueberry Yodurt,24,360,360,15
06/01/2023,GRA,ST006,QAR,PRK.1201,Iced Flat White,18,36,36,2
06/01/2023,GRA,ST006,QAR,PRK.1203,Iced Spanish Latte,20,340,340,17
06/01/2023,GRA,ST006,QAR,PRK.1204,Iced Latte,18,504,504,28
06/01/2023,GRA,ST006,QAR,PRK.1205,Iced Americano,15,600,600,40
06/01/2023,GRA,ST006,QAR,PRK.1234,Pepperoni Pizza small,40,80,80,2
06/01/2023,GRA,ST006,QAR,PRK.1235,Margherita Pizza small,30,120,120,4
06/01/2023,GRA,ST006,QAR,PRK.1236,BBQ chicken Pizza small,35,350,350,10
06/01/2023,GRA,ST006,QAR,PRK.1262,Highland Still,5,5605,5603.75,1121
06/01/2023,GRA,ST006,QAR,PRK.1265,Perrier Sparkling,9,198,198,22
06/01/2023,GRA,ST006,QAR,PRK.1291,Coke,5,345,345,69
06/01/2023,GRA,ST006,QAR,PRK.1292,Diet Coke,5,375,375,75
06/01/2023,GRA,ST006,QAR,PRK.1321,Mini Cup /Pina Colada,14,294,294,21
06/01/2023,GRA,ST006,QAR,PRK.1322,Regular Cup / Pina Colada,21,42,42,2
06/01/2023,GRA,ST006,QAR,PRK.1323,Large cup /Pina Colada,23,115,115,5
06/01/2023,GRA,ST006,QAR,PRK.1324,Mini Pina Colada/Topping,18,126,126,7
06/01/2023,GRA,ST006,QAR,PRK.1325,Regular Pina Colada/Toppi,26,156,156,6
06/01/2023,GRA,ST006,QAR,PRK.1331,Stay Home w/ Graze R 6 X1,185,185,185,1
06/01/2023,GRA,ST006,QAR,PRK.1334,Stay Home w/Graze M12 X1,240,240,240,1
06/01/2023,GRA,ST006,QAR,PRK.1335,Cool Box,15,15,15,1
06/01/2023,GRA,ST006,QAR,PRK.1351,Espresso Single,12,1668,1668,139
06/01/2023,GRA,ST006,QAR,PRK.1353,Americano Hot,15,1335,1335,89
06/01/2023,GRA,ST006,QAR,PRK.1354,Flat White Hot,18,1008,1008,56
06/01/2023,GRA,ST006,QAR,PRK.1355,Cappucino,18,558,558,31
06/01/2023,GRA,ST006,QAR,PRK.1356,Cortado,18,108,108,6
06/01/2023,GRA,ST006,QAR,PRK.1358,Spanish Latte,20,540,540,27
06/01/2023,GRA,ST006,QAR,PRK.1360,Slated Caramel Mocha,25,100,100,4
06/01/2023,GRA,ST006,QAR,PRK.1362,Double Espresso,14,896,896,64
06/01/2023,GRA,ST006,QAR,PRK.1363,Latte Hot,18,432,432,24
06/01/2023,GRA,ST006,QAR,PRK.1375,Matcha Latte,25,275,275,11
06/01/2023,GRA,ST006,QAR,PRK.1377,Fresh Milk,10,310,310,31
06/01/2023,GRA,ST006,QAR,PRK.1386,Orange Juice,22,1628,1628,74
06/01/2023,GRA,ST006,QAR,PRK.1390,Morning Boost,24,720,720,30
06/01/2023,GRA,ST006,QAR,PRK.1392,Immune Boost,22,946,946,43
06/01/2023,GRA,ST006,QAR,PRK.1396,Ginger Aid Shot,18,1134,1134,63
06/01/2023,GRA,ST006,QAR,PRK.1402,Laban Drink,18,342,342,19
06/01/2023,GRA,ST006,QAR,PRK.1404,Green Boost Juice,24,912,912,38
06/01/2023,GRA,ST006,QAR,PRK.1406,Beetroot & Apple Juice,20,1120,1120,56
06/01/2023,GRA,ST006,QAR,PRK.1409,Turmeric wellness shot,16,320,320,20
06/01/2023,GRA,ST006,QAR,PRK.1412, Mini Cup Yogurt,14,700,700,50
06/01/2023,GRA,ST006,QAR,PRK.1413,Regular Cup Yogurt,21,588,588,28
06/01/2023,GRA,ST006,QAR,PRK.1416,Large Cup Yogurt,23,69,69,3
06/01/2023,GRA,ST006,QAR,PRK.1418, Mini Cup Yogurt/Topping,18,414,414,23
06/01/2023,GRA,ST006,QAR,PRK.1419,Reg Cup Yogurt/Toping,26,234,234,9
06/01/2023,GRA,ST006,QAR,PRK.1422,Large Cup Yogurt/Topping,30,150,150,5
06/01/2023,GRA,ST006,QAR,PRK.1429,Mini Mango Ice Cream,14,2366,2366,169
06/01/2023,GRA,ST006,QAR,PRK.1430,Regular Mango Ice Cream,21,987,987,47
06/01/2023,GRA,ST006,QAR,PRK.1431,Large Mango Ice Cream,23,897,897,39
06/01/2023,GRA,ST006,QAR,PRK.1432,Mini Mango Ice Cream/Topp,18,1062,1062,59
06/01/2023,GRA,ST006,QAR,PRK.1433,Reg Mango Ice cream/Topp,26,936,936,36
06/01/2023,GRA,ST006,QAR,PRK.1434,Large Mango Ice Cream/Top,30,600,600,20
06/01/2023,GRA,ST006,QAR,PRK.1464,Fresh Pineapple,3,15,15,5
06/01/2023,GRA,ST006,QAR,PRK.1469,Kiwi Fruit,3,9,9,3
06/01/2023,GRA,ST006,QAR,PRK.1470,Lotus Biscuit,3,15,15,5
06/01/2023,GRA,ST006,QAR,PRK.1474,Spaghetti Bolognese,45,1305,1305,29
06/01/2023,GRA,ST006,QAR,PRK.1475,Salmon with Cilantro Rice,65,2990,2990,46
06/01/2023,GRA,ST006,QAR,PRK.1476,Chicken Noodle Bowl,40,840,840,21
06/01/2023,GRA,ST006,QAR,PRK.1477,BBQ Steak,45,1530,1530,34
06/01/2023,GRA,ST006,QAR,PRK.1478,Rib eye Steak with Vegeta,55,1045,1031.25,19
06/01/2023,GRA,ST006,QAR,PRK.1479,Lasagne Pasta,45,630,630,14
06/01/2023,GRA,ST006,QAR,PRK.1480,Steak cajun potato,50,2400,2400,48
06/01/2023,GRA,ST006,QAR,PRK.1501,pomegranate,3,21,21,7
06/01/2023,GRA,ST006,QAR,PRK.1502,Strawberry,3,135,135,45
06/01/2023,GRA,ST006,QAR,PRK.1505,Salted Caramel,3,15,15,5
06/01/2023,GRA,ST006,QAR,PRK.1506,Pretzel,3,9,9,3
06/01/2023,GRA,ST006,QAR,PRK.1507,Crispy Crepe,3,63,63,21
06/01/2023,GRA,ST006,QAR,PRK.1508,Granola,3,60,60,20
06/01/2023,GRA,ST006,QAR,PRK.1509,Coconut Flakes,3,24,24,8
06/01/2023,GRA,ST006,QAR,PRK.1510,Crushed Graham,3,12,12,4
06/01/2023,GRA,ST006,QAR,PRK.1520,Mixed Berries Sauce,3,6,6,2
06/01/2023,GRA,ST006,QAR,PRK.1521,Mango Sauce,3,15,15,5
06/01/2023,GRA,ST006,QAR,PRK.1523,Peanut Butter Sauce,3,78,78,26
06/01/2023,GRA,ST006,QAR,PRK.1527,Mango,3,27,27,9
06/01/2023,GRA,ST006,QAR,PRK.1531,Power Shake,35,3255,3255,93
06/01/2023,GRA,ST006,QAR,PRK.1532,Peanut Power Shake,35,5355,5355,153
06/01/2023,GRA,ST006,QAR,PRK.1533,Pre-workout protein shak,45,270,270,6
06/01/2023,GRA,ST006,QAR,PRK.1534,Choco Power Shake,35,5040,5040,144
06/01/2023,GRA,ST006,QAR,PRK.1535,Post workout,40,80,80,2
06/01/2023,GRA,ST006,QAR,PRK.1536,Energizer protine Shakes,45,1755,1755,39
06/01/2023,GRA,ST006,QAR,PRK.1537,Skinny chocolate,40,40,40,1
06/01/2023,GRA,ST006,QAR,PRK.1538,Pre-workout shake,35,70,70,2
06/01/2023,GRA,ST006,QAR,PRK.1539,Berry shake,40,40,40,1
06/01/2023,GRA,ST006,QAR,PRK.1540,Energizer shakes,35,490,490,14
06/01/2023,GRA,ST006,QAR,PRK.1541,Caffeine Shake,40,120,120,3
06/01/2023,GRA,ST006,QAR,PRK.1542,14oz Pre-work out Protein,40,80,80,2
06/01/2023,GRA,ST006,QAR,PRK.1545,14oz Energizer protine,40,1000,1000,25
06/01/2023,GRA,ST006,QAR,PRK.1548,14oz Energizer shakes,30,90,90,3
06/01/2023,GRA,ST006,QAR,PRK.1550,Extra Protein,10,860,860,86
06/01/2023,GRA,ST006,QAR,PRK.1551,Nut Butters,10,130,130,13
06/01/2023,GRA,ST006,QAR,PRK.1556,BCAA Recovery Booster,20,140,140,7
06/01/2023,GRA,ST006,QAR,PRK.1587,Supersize,45,225,225,5
06/01/2023,GRA,ST006,QAR,PRK.1588,Acai Small,35,1855,1855,53
06/01/2023,GRA,ST006,QAR,PRK.1589,Acai Large,40,920,920,23
06/01/2023,GRA,ST006,QAR,PRK.1592,Watermelon Coolex,24,168,168,7
06/01/2023,GRA,ST006,QAR,PRK.1593,Tropicana,24,360,360,15
06/01/2023,GRA,ST006,QAR,PRK.1621,Orange loaf,12,312,312,26
06/01/2023,GRA,ST006,QAR,PRK.1623,Brownie flavour cookies,10,640,640,64
06/01/2023,GRA,ST006,QAR,PRK.1628,Brownie bites,13,676,676,52
06/01/2023,GRA,ST006,QAR,PRK.1632,Turkey cheese roll,19,171,171,9
06/01/2023,GRA,ST006,QAR,PRK.1633,Spinach feta roll,18,234,234,13
06/01/2023,GRA,ST006,QAR,PRK.1634,Madeleine,12,456,456,38
06/01/2023,GRA,ST006,QAR,PRK.1682,■Matcha Frappe,26,858,858,33
06/01/2023,GRA,ST006,QAR,PRK.1711,Pomegranate Pot,18,576,576,32
06/01/2023,GRA,ST006,QAR,PRK.1712,Mango Peach Muesli Pot,24,192,192,8
06/01/2023,GRA,ST006,QAR,PRK.1713,Overnight oats PB&Jam,25,900,900,36
06/01/2023,GRA,ST006,QAR,PRK.1741,Spicy Tuna sandwich,26,1014,1014,39
06/01/2023,GRA,ST006,QAR,PRK.1742,Three cheese,22,154,154,7
06/01/2023,GRA,ST006,QAR,PRK.1743,Falafel and Labna,25,525,525,21
06/01/2023,GRA,ST006,QAR,PRK.1748,Chicken Shawarma,18,828,828,46
06/01/2023,GRA,ST006,QAR,PRK.1749,Tenderloin Beef Shawarma,22,396,396,18
06/01/2023,GRA,ST006,QAR,PRK.1752,Club sandwich,30,1320,1320,44
06/01/2023,GRA,ST006,QAR,PRK.1753,Slider Chicken Burger,38,1558,1558,41
06/01/2023,GRA,ST006,QAR,PRK.1754,Slider Beef Burger,39,507,507,13
06/01/2023,GRA,ST006,QAR,PRK.1771,Pistachio Arabeshi,5,190,190,38
06/01/2023,GRA,ST006,QAR,PRK.1772,Fresh Raspberry,5,105,105,21
06/01/2023,GRA,ST006,QAR,PRK.1773,Fresh blueberry,5,120,120,24
06/01/2023,GRA,ST006,QAR,PRK.1774,Chocolate Flakes,5,110,110,22
06/01/2023,GRA,ST006,QAR,PRK.1775,Honey Comb,5,105,105,21
06/01/2023,GRA,ST006,QAR,PRK.1776,Milk powder,3,3,3,1
06/01/2023,GRA,ST006,QAR,PRK.4502,Low Fat Milk,0,0,0,18
06/01/2023,GRA,ST006,QAR,PRK.4503,Almond Milk,2,286,286,143
06/01/2023,GRA,ST006,QAR,PRK.4504,Soya Milk,2,26,26,13
06/01/2023,GRA,ST006,QAR,PRK.4517,Vanilla Flavor,0,0,0,3
06/01/2023,GRA,ST006,QAR,PRK.4519,Caramel flavor,0,0,0,6
06/01/2023,GRA,ST006,QAR,PRK.4523,Coconut Milk,2,6,6,3
06/01/2023,GRA,ST006,QAR,PRK.4531,w/ Granola,0,0,0,29
06/01/2023,GRA,ST006,QAR,PRK.4534,w/ Coconut Flakes,0,0,0,4
06/01/2023,GRA,ST006,QAR,PRK.4535,w/ Crispy Crepe,0,0,0,9
06/01/2023,GRA,ST006,QAR,PRK.4537,w/ Mixed Berries Sauce,0,0,0,10
06/01/2023,GRA,ST006,QAR,PRK.4541,w/ Strawberry,0,0,0,36
06/01/2023,GRA,ST006,QAR,PRK.4543,w/ Salted Caramel,0,0,0,8
06/01/2023,GRA,ST006,QAR,PRK.4544,w/ Pomegranate,0,0,0,36
06/01/2023,GRA,ST006,QAR,PRK.4549,w/ Mango Sauce,0,0,0,21
06/01/2023,GRA,ST006,QAR,PRK.4550,w/ Mango,0,0,0,36
06/01/2023,GRA,ST006,QAR,PRK.4551,w/ Peanut Butter Sauce,0,0,0,3
06/01/2023,GRA,ST006,QAR,PRK.4552,w/ Crushed Grahams,0,0,0,5
06/01/2023,GRA,ST006,QAR,PRK.4556,w/ Fresh Pineapple,0,0,0,10
06/01/2023,GRA,ST006,QAR,PRK.4557,w/ Kiwi Fruit,0,0,0,3
06/01/2023,GRA,ST006,QAR,PRK.4558,w/ Lotus Biscuit,0,0,0,8
06/01/2023,GRA,ST006,QAR,PRK.4561,MIXED FROZEN YOGURT,0,0,0,8
06/01/2023,GRA,ST006,QAR,PRK.4562,MIXED MANGO YOGURT,0,0,0,2
