DATE,BRANCHCODE,WAREHOUSECODE,CURRENCY,ERPCODE,ITEMNAME,RAWPRICE,GROSSAMT,NETVALUE,QTYSOLD
05/01/2023,GRA,ST006,QAR,PRK.902,Granola,55,1320,1320,24
05/01/2023,GRA,ST006,QAR,PRK.903,Graze Spicy  Mix,55,275,275,5
05/01/2023,GRA,ST006,QAR,PRK.907,Zaatar Chips,6,108,108,18
05/01/2023,GRA,ST006,QAR,PRK.909,Spicy Pesto Chips,6,132,132,22
05/01/2023,GRA,ST006,QAR,PRK.910,Graze Spicy Mix Sml,25,325,325,13
05/01/2023,GRA,ST006,QAR,PRK.911,Graze House Mix Sml,25,275,275,11
05/01/2023,GRA,ST006,QAR,PRK.937,Baby Mozzarella Salad,45,990,990,22
05/01/2023,GRA,ST006,QAR,PRK.938,4 Grain Salad with Beetro,55,1100,1100,20
05/01/2023,GRA,ST006,QAR,PRK.939,Steak Salad with Green Sa,55,1650,1650,30
05/01/2023,GRA,ST006,QAR,PRK.962,Extra flavor,3,63,63,21
05/01/2023,GRA,ST006,QAR,PRK.994,Crsnt w Egg/Avaca/ SunTom,24,1200,1200,50
05/01/2023,GRA,ST006,QAR,PRK.995,Egg Burrito,20,1060,1060,53
05/01/2023,GRA,ST006,QAR,PRK.996,Blueberry Granola parfait,25,1750,1750,70
05/01/2023,GRA,ST006,QAR,PRK.997,Yog Dates Chia Pista Alm,22,1122,1122,51
05/01/2023,GRA,ST006,QAR,PRK.1007,Zatar Croissant,16,240,240,15
05/01/2023,GRA,ST006,QAR,PRK.1012,Three Berry Yogurt & Date,25,900,900,36
05/01/2023,GRA,ST006,QAR,PRK.1015,Kiri Cheese Danish,14,854,854,61
05/01/2023,GRA,ST006,QAR,PRK.1016,Plain Croissant,10,100,100,10
05/01/2023,GRA,ST006,QAR,PRK.1021,Shirazi Salad,12,420,420,35
05/01/2023,GRA,ST006,QAR,PRK.1023,Falafel Salad,45,1035,1035,23
05/01/2023,GRA,ST006,QAR,PRK.1024,Quinoa Swt potato Salad,40,680,680,17
05/01/2023,GRA,ST006,QAR,PRK.1027,Mex Chkn Chilli Bean Sld,40,1880,1880,47
05/01/2023,GRA,ST006,QAR,PRK.1031,Teriyaki GRAZE Salmn,55,3905,3905,71
05/01/2023,GRA,ST006,QAR,PRK.1039,Keto Chicken Salad,40,1280,1280,32
05/01/2023,GRA,ST006,QAR,PRK.1046,Greek Salad,30,990,990,33
05/01/2023,GRA,ST006,QAR,PRK.1048,Mexican  Caesar Salad chk,39,3822,3822,98
05/01/2023,GRA,ST006,QAR,PRK.1049,ROCCA SALAD,22,682,682,31
05/01/2023,GRA,ST006,QAR,PRK.1052,Smoke Turkey Sandwich,34,2652,2652,78
05/01/2023,GRA,ST006,QAR,PRK.1054,lemon&Rosemary Chkn,36,3168,3168,88
05/01/2023,GRA,ST006,QAR,PRK.1057,Steak & Philly Chz SW,32,928,928,29
05/01/2023,GRA,ST006,QAR,PRK.1063,Egg Mayo with Rocket,20,560,560,28
05/01/2023,GRA,ST006,QAR,PRK.1068,Crispy Chicken Bun,24,936,936,39
05/01/2023,GRA,ST006,QAR,PRK.1075,Avocado Toast,40,640,640,16
05/01/2023,GRA,ST006,QAR,PRK.1077,Spicy Halloumi,38,950,950,25
05/01/2023,GRA,ST006,QAR,PRK.1083,Chkn Soup,19,817,817,43
05/01/2023,GRA,ST006,QAR,PRK.1087,Lentil Soup,20,700,700,35
05/01/2023,GRA,ST006,QAR,PRK.1089,Vegetable soup,16,240,240,15
05/01/2023,GRA,ST006,QAR,PRK.1090,Tom kha soup,28,56,56,2
05/01/2023,GRA,ST006,QAR,PRK.1113,Chkn Katsu Curry,45,4455,4455,99
05/01/2023,GRA,ST006,QAR,PRK.1115,Mushroom Pasta,40,2600,2600,65
05/01/2023,GRA,ST006,QAR,PRK.1119,Chicken Biryani,45,6975,6664.5,155
05/01/2023,GRA,ST006,QAR,PRK.1121,Chinese Sesame Chicken,40,6040,5788,151
05/01/2023,GRA,ST006,QAR,PRK.1127,Rock Shrimp,45,3735,3735,83
05/01/2023,GRA,ST006,QAR,PRK.1133,Lamb  Kabsa,45,5175,5175,115
05/01/2023,GRA,ST006,QAR,PRK.1140,Chicken Curry & Saffron r,43,4171,4171,97
05/01/2023,GRA,ST006,QAR,PRK.1141,CRAB BOWL,28,1232,1232,44
05/01/2023,GRA,ST006,QAR,PRK.1145,Yoghurt & Cucumber dip,12,252,252,21
05/01/2023,GRA,ST006,QAR,PRK.1146,Spicy Guacamole Pot,13,364,364,28
05/01/2023,GRA,ST006,QAR,PRK.1149,Edamame Pot,12,408,408,34
05/01/2023,GRA,ST006,QAR,PRK.1159,Greek Tabbouleh,20,540,540,27
05/01/2023,GRA,ST006,QAR,PRK.1173,Choco Chia Energy Ball,30,2250,2250,75
05/01/2023,GRA,ST006,QAR,PRK.1175,Pecan Bars,14,476,476,34
05/01/2023,GRA,ST006,QAR,PRK.1177,Carrot Cake,15,600,600,40
05/01/2023,GRA,ST006,QAR,PRK.1183,Bannana,2,764,764,382
05/01/2023,GRA,ST006,QAR,PRK.1184,Watermelon,18,1674,1674,93
05/01/2023,GRA,ST006,QAR,PRK.1185,Pineapplemix,18,1224,1224,68
05/01/2023,GRA,ST006,QAR,PRK.1186,Mixed Berries,22,2508,2508,114
05/01/2023,GRA,ST006,QAR,PRK.1194,Lotus Cheesecake,15,600,600,40
05/01/2023,GRA,ST006,QAR,PRK.1196,Chia Blueberry Yodurt,24,864,864,36
05/01/2023,GRA,ST006,QAR,PRK.1201,Iced Flat White,18,90,90,5
05/01/2023,GRA,ST006,QAR,PRK.1203,Iced Spanish Latte,20,560,560,28
05/01/2023,GRA,ST006,QAR,PRK.1204,Iced Latte,18,666,666,37
05/01/2023,GRA,ST006,QAR,PRK.1205,Iced Americano,15,390,390,26
05/01/2023,GRA,ST006,QAR,PRK.1234,Pepperoni Pizza small,40,320,320,8
05/01/2023,GRA,ST006,QAR,PRK.1235,Margherita Pizza small,30,300,300,10
05/01/2023,GRA,ST006,QAR,PRK.1236,BBQ chicken Pizza small,35,385,385,11
05/01/2023,GRA,ST006,QAR,PRK.1262,Highland Still,5,6590,6590,1318
05/01/2023,GRA,ST006,QAR,PRK.1265,Perrier Sparkling,9,459,459,51
05/01/2023,GRA,ST006,QAR,PRK.1291,Coke,5,450,450,90
05/01/2023,GRA,ST006,QAR,PRK.1292,Diet Coke,5,450,450,90
05/01/2023,GRA,ST006,QAR,PRK.1321,Mini Cup /Pina Colada,14,280,280,20
05/01/2023,GRA,ST006,QAR,PRK.1322,Regular Cup / Pina Colada,21,399,399,19
05/01/2023,GRA,ST006,QAR,PRK.1323,Large cup /Pina Colada,23,598,598,26
05/01/2023,GRA,ST006,QAR,PRK.1324,Mini Pina Colada/Topping,18,198,198,11
05/01/2023,GRA,ST006,QAR,PRK.1325,Regular Pina Colada/Toppi,26,234,234,9
05/01/2023,GRA,ST006,QAR,PRK.1326,Large Pina Colada/Topping,30,30,30,1
05/01/2023,GRA,ST006,QAR,PRK.1333,Stay Home w/Graze M 6 X1,130,130,130,1
05/01/2023,GRA,ST006,QAR,PRK.1351,Espresso Single,12,1284,1284,107
05/01/2023,GRA,ST006,QAR,PRK.1353,Americano Hot,15,1290,1290,86
05/01/2023,GRA,ST006,QAR,PRK.1354,Flat White Hot,18,828,828,46
05/01/2023,GRA,ST006,QAR,PRK.1355,Cappucino,18,702,702,39
05/01/2023,GRA,ST006,QAR,PRK.1356,Cortado,18,180,180,10
05/01/2023,GRA,ST006,QAR,PRK.1358,Spanish Latte,20,740,740,37
05/01/2023,GRA,ST006,QAR,PRK.1359,Classic Mocha,25,100,100,4
05/01/2023,GRA,ST006,QAR,PRK.1360,Slated Caramel Mocha,25,100,100,4
05/01/2023,GRA,ST006,QAR,PRK.1362,Double Espresso,14,462,462,33
05/01/2023,GRA,ST006,QAR,PRK.1363,Latte Hot,18,486,486,27
05/01/2023,GRA,ST006,QAR,PRK.1375,Matcha Latte,25,675,675,27
05/01/2023,GRA,ST006,QAR,PRK.1377,Fresh Milk,10,360,360,36
05/01/2023,GRA,ST006,QAR,PRK.1386,Orange Juice,22,2508,2508,114
05/01/2023,GRA,ST006,QAR,PRK.1390,Morning Boost,24,1320,1320,55
05/01/2023,GRA,ST006,QAR,PRK.1392,Immune Boost,22,1122,1122,51
05/01/2023,GRA,ST006,QAR,PRK.1396,Ginger Aid Shot,18,1584,1584,88
05/01/2023,GRA,ST006,QAR,PRK.1402,Laban Drink,18,468,468,26
05/01/2023,GRA,ST006,QAR,PRK.1404,Green Boost Juice,24,1224,1224,51
05/01/2023,GRA,ST006,QAR,PRK.1406,Beetroot & Apple Juice,20,1280,1280,64
05/01/2023,GRA,ST006,QAR,PRK.1409,Turmeric wellness shot,16,528,528,33
05/01/2023,GRA,ST006,QAR,PRK.1412, Mini Cup Yogurt,14,714,714,51
05/01/2023,GRA,ST006,QAR,PRK.1413,Regular Cup Yogurt,21,609,609,29
05/01/2023,GRA,ST006,QAR,PRK.1416,Large Cup Yogurt,23,115,115,5
05/01/2023,GRA,ST006,QAR,PRK.1418, Mini Cup Yogurt/Topping,18,558,558,31
05/01/2023,GRA,ST006,QAR,PRK.1419,Reg Cup Yogurt/Toping,26,338,338,13
05/01/2023,GRA,ST006,QAR,PRK.1422,Large Cup Yogurt/Topping,30,180,180,6
05/01/2023,GRA,ST006,QAR,PRK.1429,Mini Mango Ice Cream,14,2660,2660,190
05/01/2023,GRA,ST006,QAR,PRK.1430,Regular Mango Ice Cream,21,1995,1995,95
05/01/2023,GRA,ST006,QAR,PRK.1431,Large Mango Ice Cream,23,897,897,39
05/01/2023,GRA,ST006,QAR,PRK.1432,Mini Mango Ice Cream/Topp,18,1548,1548,86
05/01/2023,GRA,ST006,QAR,PRK.1433,Reg Mango Ice cream/Topp,26,1248,1248,48
05/01/2023,GRA,ST006,QAR,PRK.1434,Large Mango Ice Cream/Top,30,1050,1050,35
05/01/2023,GRA,ST006,QAR,PRK.1464,Fresh Pineapple,3,30,30,10
05/01/2023,GRA,ST006,QAR,PRK.1469,Kiwi Fruit,3,24,24,8
05/01/2023,GRA,ST006,QAR,PRK.1470,Lotus Biscuit,3,12,12,4
05/01/2023,GRA,ST006,QAR,PRK.1474,Spaghetti Bolognese,45,1935,1935,43
05/01/2023,GRA,ST006,QAR,PRK.1475,Salmon with Cilantro Rice,65,4355,4355,67
05/01/2023,GRA,ST006,QAR,PRK.1476,Chicken Noodle Bowl,40,1360,1360,34
05/01/2023,GRA,ST006,QAR,PRK.1477,BBQ Steak,45,1305,1305,29
05/01/2023,GRA,ST006,QAR,PRK.1478,Rib eye Steak with Vegeta,55,1870,1870,34
05/01/2023,GRA,ST006,QAR,PRK.1479,Lasagne Pasta,45,855,855,19
05/01/2023,GRA,ST006,QAR,PRK.1480,Steak cajun potato,50,3200,3200,64
05/01/2023,GRA,ST006,QAR,PRK.1501,pomegranate,3,45,45,15
05/01/2023,GRA,ST006,QAR,PRK.1502,Strawberry,3,168,168,56
05/01/2023,GRA,ST006,QAR,PRK.1505,Salted Caramel,3,21,21,7
05/01/2023,GRA,ST006,QAR,PRK.1507,Crispy Crepe,3,42,42,14
05/01/2023,GRA,ST006,QAR,PRK.1508,Granola,3,75,75,25
05/01/2023,GRA,ST006,QAR,PRK.1509,Coconut Flakes,3,51,51,17
05/01/2023,GRA,ST006,QAR,PRK.1510,Crushed Graham,3,12,12,4
05/01/2023,GRA,ST006,QAR,PRK.1520,Mixed Berries Sauce,3,48,48,16
05/01/2023,GRA,ST006,QAR,PRK.1521,Mango Sauce,3,36,36,12
05/01/2023,GRA,ST006,QAR,PRK.1523,Peanut Butter Sauce,3,60,60,20
05/01/2023,GRA,ST006,QAR,PRK.1527,Mango,3,81,81,27
05/01/2023,GRA,ST006,QAR,PRK.1531,Power Shake,35,3325,3325,95
05/01/2023,GRA,ST006,QAR,PRK.1532,Peanut Power Shake,35,4725,4725,135
05/01/2023,GRA,ST006,QAR,PRK.1533,Pre-workout protein shak,45,405,405,9
05/01/2023,GRA,ST006,QAR,PRK.1534,Choco Power Shake,35,6055,6055,173
05/01/2023,GRA,ST006,QAR,PRK.1536,Energizer protine Shakes,45,1935,1935,43
05/01/2023,GRA,ST006,QAR,PRK.1539,Berry shake,40,40,40,1
05/01/2023,GRA,ST006,QAR,PRK.1540,Energizer shakes,35,245,245,7
05/01/2023,GRA,ST006,QAR,PRK.1542,14oz Pre-work out Protein,40,200,200,5
05/01/2023,GRA,ST006,QAR,PRK.1545,14oz Energizer protine,40,1200,1200,30
05/01/2023,GRA,ST006,QAR,PRK.1548,14oz Energizer shakes,30,30,30,1
05/01/2023,GRA,ST006,QAR,PRK.1550,Extra Protein,10,700,700,70
05/01/2023,GRA,ST006,QAR,PRK.1551,Nut Butters,10,150,150,15
05/01/2023,GRA,ST006,QAR,PRK.1552,Maca powder,10,10,10,1
05/01/2023,GRA,ST006,QAR,PRK.1556,BCAA Recovery Booster,20,140,140,7
05/01/2023,GRA,ST006,QAR,PRK.1558,Vegan Chocolate,15,60,60,4
05/01/2023,GRA,ST006,QAR,PRK.1562,Regular Pomegranate i/c,21,21,21,1
05/01/2023,GRA,ST006,QAR,PRK.1587,Supersize,45,405,378,9
05/01/2023,GRA,ST006,QAR,PRK.1588,Acai Small,35,2905,2905,83
05/01/2023,GRA,ST006,QAR,PRK.1589,Acai Large,40,1240,1240,31
05/01/2023,GRA,ST006,QAR,PRK.1592,Watermelon Coolex,24,264,264,11
05/01/2023,GRA,ST006,QAR,PRK.1593,Tropicana,24,528,528,22
05/01/2023,GRA,ST006,QAR,PRK.1621,Orange loaf,12,276,276,23
05/01/2023,GRA,ST006,QAR,PRK.1623,Brownie flavour cookies,10,1200,1200,120
05/01/2023,GRA,ST006,QAR,PRK.1628,Brownie bites,13,767,767,59
05/01/2023,GRA,ST006,QAR,PRK.1632,Turkey cheese roll,19,304,304,16
05/01/2023,GRA,ST006,QAR,PRK.1633,Spinach feta roll,18,90,90,5
05/01/2023,GRA,ST006,QAR,PRK.1634,Madeleine,12,540,540,45
05/01/2023,GRA,ST006,QAR,PRK.1651,■PB & Jam sourdough bread,18,54,54,3
05/01/2023,GRA,ST006,QAR,PRK.1682,■Matcha Frappe,26,1170,1170,45
05/01/2023,GRA,ST006,QAR,PRK.1711,Pomegranate Pot,18,666,666,37
05/01/2023,GRA,ST006,QAR,PRK.1712,Mango Peach Muesli Pot,24,552,552,23
05/01/2023,GRA,ST006,QAR,PRK.1713,Overnight oats PB&Jam,25,1050,1050,42
05/01/2023,GRA,ST006,QAR,PRK.1741,Spicy Tuna sandwich,26,1248,1248,48
05/01/2023,GRA,ST006,QAR,PRK.1742,Three cheese,22,528,528,24
05/01/2023,GRA,ST006,QAR,PRK.1743,Falafel and Labna,25,350,350,14
05/01/2023,GRA,ST006,QAR,PRK.1748,Chicken Shawarma,18,1134,1134,63
05/01/2023,GRA,ST006,QAR,PRK.1749,Tenderloin Beef Shawarma,22,704,704,32
05/01/2023,GRA,ST006,QAR,PRK.1752,Club sandwich,30,2070,2070,69
05/01/2023,GRA,ST006,QAR,PRK.1771,Pistachio Arabeshi,5,215,215,43
05/01/2023,GRA,ST006,QAR,PRK.1772,Fresh Raspberry,5,180,180,36
05/01/2023,GRA,ST006,QAR,PRK.1773,Fresh blueberry,5,215,215,43
05/01/2023,GRA,ST006,QAR,PRK.1774,Chocolate Flakes,5,65,65,13
05/01/2023,GRA,ST006,QAR,PRK.1775,Honey Comb,5,105,105,21
05/01/2023,GRA,ST006,QAR,PRK.1776,Milk powder,3,6,6,2
05/01/2023,GRA,ST006,QAR,PRK.4502,Low Fat Milk,0,0,0,8
05/01/2023,GRA,ST006,QAR,PRK.4503,Almond Milk,2,394,394,197
05/01/2023,GRA,ST006,QAR,PRK.4504,Soya Milk,2,54,54,27
05/01/2023,GRA,ST006,QAR,PRK.4517,Vanilla Flavor,0,0,0,11
05/01/2023,GRA,ST006,QAR,PRK.4518,Chocolate Flavor,0,0,0,2
05/01/2023,GRA,ST006,QAR,PRK.4519,Caramel flavor,0,0,0,4
05/01/2023,GRA,ST006,QAR,PRK.4531,w/ Granola,0,0,0,33
05/01/2023,GRA,ST006,QAR,PRK.4533,w/ Pretzel,0,0,0,3
05/01/2023,GRA,ST006,QAR,PRK.4534,w/ Coconut Flakes,0,0,0,19
05/01/2023,GRA,ST006,QAR,PRK.4535,w/ Crispy Crepe,0,0,0,22
05/01/2023,GRA,ST006,QAR,PRK.4537,w/ Mixed Berries Sauce,0,0,0,24
05/01/2023,GRA,ST006,QAR,PRK.4541,w/ Strawberry,0,0,0,98
05/01/2023,GRA,ST006,QAR,PRK.4543,w/ Salted Caramel,0,0,0,5
05/01/2023,GRA,ST006,QAR,PRK.4544,w/ Pomegranate,0,0,0,65
05/01/2023,GRA,ST006,QAR,PRK.4545,w/ Dulce de leche,0,0,0,3
05/01/2023,GRA,ST006,QAR,PRK.4549,w/ Mango Sauce,0,0,0,20
05/01/2023,GRA,ST006,QAR,PRK.4550,w/ Mango,0,0,0,122
05/01/2023,GRA,ST006,QAR,PRK.4551,w/ Peanut Butter Sauce,0,0,0,11
05/01/2023,GRA,ST006,QAR,PRK.4552,w/ Crushed Grahams,0,0,0,8
05/01/2023,GRA,ST006,QAR,PRK.4556,w/ Fresh Pineapple,0,0,0,29
05/01/2023,GRA,ST006,QAR,PRK.4557,w/ Kiwi Fruit,0,0,0,18
05/01/2023,GRA,ST006,QAR,PRK.4558,w/ Lotus Biscuit,0,0,0,6
05/01/2023,GRA,ST006,QAR,PRK.4561,MIXED FROZEN YOGURT,0,0,0,7
05/01/2023,GRA,ST006,QAR,PRK.4562,MIXED MANGO YOGURT,0,0,0,6
