DATE,BRANCHCODE,WAREHOUSECODE,CURRENCY,ERPCODE,ITEMNAME,RAWPRICE,GROSSAMT,NETVALUE,QTYSOLD
02/01/2023,GRA,ST006,QAR,PRK.902,Granola,55,660,660,12
02/01/2023,GRA,ST006,QAR,PRK.903,Graze Spicy  Mix,55,110,110,2
02/01/2023,GRA,ST006,QAR,PRK.904,Graze House Mix,55,55,55,1
02/01/2023,GRA,ST006,QAR,PRK.907,Zaatar Chips,6,120,120,20
02/01/2023,GRA,ST006,QAR,PRK.909,Spicy Pesto Chips,6,108,108,18
02/01/2023,GRA,ST006,QAR,PRK.910,Graze Spicy Mix Sml,25,125,125,5
02/01/2023,GRA,ST006,QAR,PRK.911,Graze House Mix Sml,25,175,175,7
02/01/2023,GRA,ST006,QAR,PRK.937,Baby Mozzarella Salad,45,1395,1395,31
02/01/2023,GRA,ST006,QAR,PRK.938,4 Grain Salad with Beetro,55,1430,1430,26
02/01/2023,GRA,ST006,QAR,PRK.939,Steak Salad with Green Sa,55,1375,1375,25
02/01/2023,GRA,ST006,QAR,PRK.962,Extra flavor,3,57,57,19
02/01/2023,GRA,ST006,QAR,PRK.994,Crsnt w Egg/Avaca/ SunTom,24,744,744,31
02/01/2023,GRA,ST006,QAR,PRK.995,Egg Burrito,20,920,920,46
02/01/2023,GRA,ST006,QAR,PRK.996,Blueberry Granola parfait,25,1000,1000,40
02/01/2023,GRA,ST006,QAR,PRK.997,Yog Dates Chia Pista Alm,22,594,594,27
02/01/2023,GRA,ST006,QAR,PRK.1007,Zatar Croissant,16,144,144,9
02/01/2023,GRA,ST006,QAR,PRK.1010,Tomato Puff Pastry,16,80,80,5
02/01/2023,GRA,ST006,QAR,PRK.1012,Three Berry Yogurt & Date,25,600,600,24
02/01/2023,GRA,ST006,QAR,PRK.1015,Kiri Cheese Danish,14,532,532,38
02/01/2023,GRA,ST006,QAR,PRK.1016,Plain Croissant,10,290,290,29
02/01/2023,GRA,ST006,QAR,PRK.1021,Shirazi Salad,12,336,336,28
02/01/2023,GRA,ST006,QAR,PRK.1023,Falafel Salad,45,855,855,19
02/01/2023,GRA,ST006,QAR,PRK.1024,Quinoa Swt potato Salad,40,280,280,7
02/01/2023,GRA,ST006,QAR,PRK.1027,Mex Chkn Chilli Bean Sld,40,1000,1000,25
02/01/2023,GRA,ST006,QAR,PRK.1031,Teriyaki GRAZE Salmn,55,3410,3410,62
02/01/2023,GRA,ST006,QAR,PRK.1039,Keto Chicken Salad,40,520,520,13
02/01/2023,GRA,ST006,QAR,PRK.1046,Greek Salad,30,390,390,13
02/01/2023,GRA,ST006,QAR,PRK.1048,Mexican  Caesar Salad chk,39,2964,2964,76
02/01/2023,GRA,ST006,QAR,PRK.1049,ROCCA SALAD,22,110,110,5
02/01/2023,GRA,ST006,QAR,PRK.1052,Smoke Turkey Sandwich,34,1496,1496,44
02/01/2023,GRA,ST006,QAR,PRK.1054,lemon&Rosemary Chkn,36,3240,3240,90
02/01/2023,GRA,ST006,QAR,PRK.1057,Steak & Philly Chz SW,32,832,832,26
02/01/2023,GRA,ST006,QAR,PRK.1063,Egg Mayo with Rocket,20,460,460,23
02/01/2023,GRA,ST006,QAR,PRK.1068,Crispy Chicken Bun,24,432,432,18
02/01/2023,GRA,ST006,QAR,PRK.1075,Avocado Toast,40,520,520,13
02/01/2023,GRA,ST006,QAR,PRK.1077,Spicy Halloumi,38,304,304,8
02/01/2023,GRA,ST006,QAR,PRK.1078,Graze Breakfast (egg box),32,128,128,4
02/01/2023,GRA,ST006,QAR,PRK.1083,Chkn Soup,19,380,380,20
02/01/2023,GRA,ST006,QAR,PRK.1087,Lentil Soup,20,560,560,28
02/01/2023,GRA,ST006,QAR,PRK.1089,Vegetable soup,16,208,208,13
02/01/2023,GRA,ST006,QAR,PRK.1113,Chkn Katsu Curry,45,3420,3420,76
02/01/2023,GRA,ST006,QAR,PRK.1115,Mushroom Pasta,40,1760,1760,44
02/01/2023,GRA,ST006,QAR,PRK.1119,Chicken Biryani,45,4725,4725,105
02/01/2023,GRA,ST006,QAR,PRK.1121,Chinese Sesame Chicken,40,3640,3640,91
02/01/2023,GRA,ST006,QAR,PRK.1127,Rock Shrimp,45,2385,2385,53
02/01/2023,GRA,ST006,QAR,PRK.1133,Lamb  Kabsa,45,2475,2475,55
02/01/2023,GRA,ST006,QAR,PRK.1140,Chicken Curry & Saffron r,43,2537,2537,59
02/01/2023,GRA,ST006,QAR,PRK.1141,CRAB BOWL,28,336,336,12
02/01/2023,GRA,ST006,QAR,PRK.1145,Yoghurt & Cucumber dip,12,180,180,15
02/01/2023,GRA,ST006,QAR,PRK.1146,Spicy Guacamole Pot,13,195,195,15
02/01/2023,GRA,ST006,QAR,PRK.1149,Edamame Pot,12,144,144,12
02/01/2023,GRA,ST006,QAR,PRK.1155,Classic hummus pot,18,18,18,1
02/01/2023,GRA,ST006,QAR,PRK.1159,Greek Tabbouleh,20,460,460,23
02/01/2023,GRA,ST006,QAR,PRK.1160,Egg pot,16,144,144,9
02/01/2023,GRA,ST006,QAR,PRK.1173,Choco Chia Energy Ball,30,4320,4320,144
02/01/2023,GRA,ST006,QAR,PRK.1175,Pecan Bars,14,532,532,38
02/01/2023,GRA,ST006,QAR,PRK.1177,Carrot Cake,15,450,450,30
02/01/2023,GRA,ST006,QAR,PRK.1183,Bannana,2,542,542,271
02/01/2023,GRA,ST006,QAR,PRK.1184,Watermelon,18,1188,1188,66
02/01/2023,GRA,ST006,QAR,PRK.1185,Pineapplemix,18,1224,1224,68
02/01/2023,GRA,ST006,QAR,PRK.1186,Mixed Berries,22,1980,1980,90
02/01/2023,GRA,ST006,QAR,PRK.1194,Lotus Cheesecake,15,390,390,26
02/01/2023,GRA,ST006,QAR,PRK.1196,Chia Blueberry Yodurt,24,384,384,16
02/01/2023,GRA,ST006,QAR,PRK.1201,Iced Flat White,18,18,18,1
02/01/2023,GRA,ST006,QAR,PRK.1203,Iced Spanish Latte,20,240,240,12
02/01/2023,GRA,ST006,QAR,PRK.1204,Iced Latte,18,396,396,22
02/01/2023,GRA,ST006,QAR,PRK.1205,Iced Americano,15,180,180,12
02/01/2023,GRA,ST006,QAR,PRK.1235,Margherita Pizza small,30,180,180,6
02/01/2023,GRA,ST006,QAR,PRK.1236,BBQ chicken Pizza small,35,35,35,1
02/01/2023,GRA,ST006,QAR,PRK.1262,Highland Still,5,4935,4935,987
02/01/2023,GRA,ST006,QAR,PRK.1265,Perrier Sparkling,9,252,252,28
02/01/2023,GRA,ST006,QAR,PRK.1291,Coke,5,200,200,40
02/01/2023,GRA,ST006,QAR,PRK.1292,Diet Coke,5,220,220,44
02/01/2023,GRA,ST006,QAR,PRK.1351,Espresso Single,12,924,924,77
02/01/2023,GRA,ST006,QAR,PRK.1353,Americano Hot,15,960,930,64
02/01/2023,GRA,ST006,QAR,PRK.1354,Flat White Hot,18,576,558,32
02/01/2023,GRA,ST006,QAR,PRK.1355,Cappucino,18,1062,936,59
02/01/2023,GRA,ST006,QAR,PRK.1356,Cortado,18,270,270,15
02/01/2023,GRA,ST006,QAR,PRK.1358,Spanish Latte,20,640,640,32
02/01/2023,GRA,ST006,QAR,PRK.1359,Classic Mocha,25,75,75,3
02/01/2023,GRA,ST006,QAR,PRK.1360,Slated Caramel Mocha,25,75,75,3
02/01/2023,GRA,ST006,QAR,PRK.1362,Double Espresso,14,420,406,30
02/01/2023,GRA,ST006,QAR,PRK.1363,Latte Hot,18,720,684,40
02/01/2023,GRA,ST006,QAR,PRK.1372,Hot Cocoa,24,72,72,3
02/01/2023,GRA,ST006,QAR,PRK.1373,Hibiscus Iced tea,18,126,126,7
02/01/2023,GRA,ST006,QAR,PRK.1374,Peach Iced Tea,18,54,54,3
02/01/2023,GRA,ST006,QAR,PRK.1375,Matcha Latte,25,200,175,8
02/01/2023,GRA,ST006,QAR,PRK.1376,Cinnamon Latte,25,25,25,1
02/01/2023,GRA,ST006,QAR,PRK.1377,Fresh Milk,10,450,450,45
02/01/2023,GRA,ST006,QAR,PRK.1386,Orange Juice,22,1980,1980,90
02/01/2023,GRA,ST006,QAR,PRK.1387,Carrot Juice,22,176,176,8
02/01/2023,GRA,ST006,QAR,PRK.1390,Morning Boost,24,864,864,36
02/01/2023,GRA,ST006,QAR,PRK.1392,Immune Boost,22,770,770,35
02/01/2023,GRA,ST006,QAR,PRK.1396,Ginger Aid Shot,18,1818,1818,101
02/01/2023,GRA,ST006,QAR,PRK.1402,Laban Drink,18,234,234,13
02/01/2023,GRA,ST006,QAR,PRK.1404,Green Boost Juice,24,336,336,14
02/01/2023,GRA,ST006,QAR,PRK.1406,Beetroot & Apple Juice,20,700,700,35
02/01/2023,GRA,ST006,QAR,PRK.1409,Turmeric wellness shot,16,368,368,23
02/01/2023,GRA,ST006,QAR,PRK.1412, Mini Cup Yogurt,14,280,280,20
02/01/2023,GRA,ST006,QAR,PRK.1413,Regular Cup Yogurt,21,294,294,14
02/01/2023,GRA,ST006,QAR,PRK.1416,Large Cup Yogurt,23,69,69,3
02/01/2023,GRA,ST006,QAR,PRK.1418, Mini Cup Yogurt/Topping,18,108,108,6
02/01/2023,GRA,ST006,QAR,PRK.1419,Reg Cup Yogurt/Toping,26,156,156,6
02/01/2023,GRA,ST006,QAR,PRK.1429,Mini Mango Ice Cream,14,1050,1050,75
02/01/2023,GRA,ST006,QAR,PRK.1430,Regular Mango Ice Cream,21,420,420,20
02/01/2023,GRA,ST006,QAR,PRK.1431,Large Mango Ice Cream,23,529,529,23
02/01/2023,GRA,ST006,QAR,PRK.1432,Mini Mango Ice Cream/Topp,18,450,450,25
02/01/2023,GRA,ST006,QAR,PRK.1433,Reg Mango Ice cream/Topp,26,260,260,10
02/01/2023,GRA,ST006,QAR,PRK.1434,Large Mango Ice Cream/Top,30,240,240,8
02/01/2023,GRA,ST006,QAR,PRK.1469,Kiwi Fruit,3,3,3,1
02/01/2023,GRA,ST006,QAR,PRK.1470,Lotus Biscuit,3,9,9,3
02/01/2023,GRA,ST006,QAR,PRK.1474,Spaghetti Bolognese,45,1080,1080,24
02/01/2023,GRA,ST006,QAR,PRK.1475,Salmon with Cilantro Rice,65,2405,2405,37
02/01/2023,GRA,ST006,QAR,PRK.1476,Chicken Noodle Bowl,40,680,680,17
02/01/2023,GRA,ST006,QAR,PRK.1477,BBQ Steak,45,945,945,21
02/01/2023,GRA,ST006,QAR,PRK.1478,Rib eye Steak with Vegeta,55,1650,1650,30
02/01/2023,GRA,ST006,QAR,PRK.1479,Lasagne Pasta,45,585,585,13
02/01/2023,GRA,ST006,QAR,PRK.1480,Steak cajun potato,50,2350,2350,47
02/01/2023,GRA,ST006,QAR,PRK.1501,pomegranate,3,18,18,6
02/01/2023,GRA,ST006,QAR,PRK.1502,Strawberry,3,81,81,27
02/01/2023,GRA,ST006,QAR,PRK.1505,Salted Caramel,3,6,6,2
02/01/2023,GRA,ST006,QAR,PRK.1507,Crispy Crepe,3,21,21,7
02/01/2023,GRA,ST006,QAR,PRK.1508,Granola,3,27,27,9
02/01/2023,GRA,ST006,QAR,PRK.1509,Coconut Flakes,3,12,12,4
02/01/2023,GRA,ST006,QAR,PRK.1510,Crushed Graham,3,6,6,2
02/01/2023,GRA,ST006,QAR,PRK.1520,Mixed Berries Sauce,3,9,9,3
02/01/2023,GRA,ST006,QAR,PRK.1523,Peanut Butter Sauce,3,12,12,4
02/01/2023,GRA,ST006,QAR,PRK.1527,Mango,3,75,75,25
02/01/2023,GRA,ST006,QAR,PRK.1531,Power Shake,35,2590,2555,74
02/01/2023,GRA,ST006,QAR,PRK.1532,Peanut Power Shake,35,4200,4200,120
02/01/2023,GRA,ST006,QAR,PRK.1533,Pre-workout protein shak,45,180,180,4
02/01/2023,GRA,ST006,QAR,PRK.1534,Choco Power Shake,35,2555,2555,73
02/01/2023,GRA,ST006,QAR,PRK.1536,Energizer protine Shakes,45,1215,1215,27
02/01/2023,GRA,ST006,QAR,PRK.1537,Skinny chocolate,40,80,80,2
02/01/2023,GRA,ST006,QAR,PRK.1538,Pre-workout shake,35,70,70,2
02/01/2023,GRA,ST006,QAR,PRK.1540,Energizer shakes,35,525,525,15
02/01/2023,GRA,ST006,QAR,PRK.1542,14oz Pre-work out Protein,40,160,160,4
02/01/2023,GRA,ST006,QAR,PRK.1545,14oz Energizer protine,40,520,520,13
02/01/2023,GRA,ST006,QAR,PRK.1546,14oz Pre-workout shake,30,30,30,1
02/01/2023,GRA,ST006,QAR,PRK.1548,14oz Energizer shakes,30,30,30,1
02/01/2023,GRA,ST006,QAR,PRK.1550,Extra Protein,10,690,690,69
02/01/2023,GRA,ST006,QAR,PRK.1551,Nut Butters,10,180,180,18
02/01/2023,GRA,ST006,QAR,PRK.1552,Maca powder,10,10,10,1
02/01/2023,GRA,ST006,QAR,PRK.1555,Oats,10,20,20,2
02/01/2023,GRA,ST006,QAR,PRK.1556,BCAA Recovery Booster,20,460,460,23
02/01/2023,GRA,ST006,QAR,PRK.1558,Vegan Chocolate,15,30,30,2
02/01/2023,GRA,ST006,QAR,PRK.1588,Acai Small,35,3430,3430,98
02/01/2023,GRA,ST006,QAR,PRK.1589,Acai Large,40,960,960,24
02/01/2023,GRA,ST006,QAR,PRK.1590,Peanut Choco Ice Cream,30,210,210,7
02/01/2023,GRA,ST006,QAR,PRK.1592,Watermelon Coolex,24,192,192,8
02/01/2023,GRA,ST006,QAR,PRK.1593,Tropicana,24,192,192,8
02/01/2023,GRA,ST006,QAR,PRK.1621,Orange loaf,12,216,216,18
02/01/2023,GRA,ST006,QAR,PRK.1623,Brownie flavour cookies,10,820,820,82
02/01/2023,GRA,ST006,QAR,PRK.1628,Brownie bites,13,819,533,63
02/01/2023,GRA,ST006,QAR,PRK.1632,Turkey cheese roll,19,209,209,11
02/01/2023,GRA,ST006,QAR,PRK.1633,Spinach feta roll,18,180,180,10
02/01/2023,GRA,ST006,QAR,PRK.1634,Madeleine,12,912,648,76
02/01/2023,GRA,ST006,QAR,PRK.1635,Poppy Lemon seeds,12,216,216,18
02/01/2023,GRA,ST006,QAR,PRK.1651,■PB & Jam sourdough bread,18,216,216,12
02/01/2023,GRA,ST006,QAR,PRK.1681,Salted Caramel Mocha,24,24,24,1
02/01/2023,GRA,ST006,QAR,PRK.1682,■Matcha Frappe,26,286,286,11
02/01/2023,GRA,ST006,QAR,PRK.1711,Pomegranate Pot,18,378,378,21
02/01/2023,GRA,ST006,QAR,PRK.1712,Mango Peach Muesli Pot,24,384,384,16
02/01/2023,GRA,ST006,QAR,PRK.1713,Overnight oats PB&Jam,25,775,775,31
02/01/2023,GRA,ST006,QAR,PRK.1741,Spicy Tuna sandwich,26,884,884,34
02/01/2023,GRA,ST006,QAR,PRK.1742,Three cheese,22,418,418,19
02/01/2023,GRA,ST006,QAR,PRK.1743,Falafel and Labna,25,200,200,8
02/01/2023,GRA,ST006,QAR,PRK.1747,BEEF BURGER,35,245,245,7
02/01/2023,GRA,ST006,QAR,PRK.1748,Chicken Shawarma,18,900,900,50
02/01/2023,GRA,ST006,QAR,PRK.1749,Tenderloin Beef Shawarma,22,440,440,20
02/01/2023,GRA,ST006,QAR,PRK.1752,Club sandwich,30,1650,1650,55
02/01/2023,GRA,ST006,QAR,PRK.1771,Pistachio Arabeshi,5,90,90,18
02/01/2023,GRA,ST006,QAR,PRK.1772,Fresh Raspberry,5,115,115,23
02/01/2023,GRA,ST006,QAR,PRK.1773,Fresh blueberry,5,240,240,48
02/01/2023,GRA,ST006,QAR,PRK.1774,Chocolate Flakes,5,100,100,20
02/01/2023,GRA,ST006,QAR,PRK.1775,Honey Comb,5,70,70,14
02/01/2023,GRA,ST006,QAR,PRK.1776,Milk powder,3,9,9,3
02/01/2023,GRA,ST006,QAR,PRK.4502,Low Fat Milk,0,0,0,4
02/01/2023,GRA,ST006,QAR,PRK.4503,Almond Milk,2,278,278,139
02/01/2023,GRA,ST006,QAR,PRK.4504,Soya Milk,2,90,78,45
02/01/2023,GRA,ST006,QAR,PRK.4517,Vanilla Flavor,0,0,0,14
02/01/2023,GRA,ST006,QAR,PRK.4519,Caramel flavor,0,0,0,4
02/01/2023,GRA,ST006,QAR,PRK.4531,w/ Granola,0,0,0,12
02/01/2023,GRA,ST006,QAR,PRK.4534,w/ Coconut Flakes,0,0,0,6
02/01/2023,GRA,ST006,QAR,PRK.4535,w/ Crispy Crepe,0,0,0,11
02/01/2023,GRA,ST006,QAR,PRK.4537,w/ Mixed Berries Sauce,0,0,0,1
02/01/2023,GRA,ST006,QAR,PRK.4541,w/ Strawberry,0,0,0,13
02/01/2023,GRA,ST006,QAR,PRK.4543,w/ Salted Caramel,0,0,0,2
02/01/2023,GRA,ST006,QAR,PRK.4544,w/ Pomegranate,0,0,0,12
02/01/2023,GRA,ST006,QAR,PRK.4545,w/ Dulce de leche,0,0,0,2
02/01/2023,GRA,ST006,QAR,PRK.4549,w/ Mango Sauce,0,0,0,9
02/01/2023,GRA,ST006,QAR,PRK.4550,w/ Mango,0,0,0,32
02/01/2023,GRA,ST006,QAR,PRK.4552,w/ Crushed Grahams,0,0,0,4
02/01/2023,GRA,ST006,QAR,PRK.4558,w/ Lotus Biscuit,0,0,0,2
02/01/2023,GRA,ST006,QAR,PRK.4561,MIXED FROZEN YOGURT,0,0,0,8
02/01/2023,GRA,ST006,QAR,PRK.4562,MIXED MANGO YOGURT,0,0,0,1
