DATE,BRANCHCODE,WAREHOUSECODE,CURRENCY,ERPCODE,ITEMNAME,RAWPRICE,GROSSAMT,NETVALUE,QTYSOLD
07/01/2023,GRA,ST006,QAR,PRK.902,Granola,55,1485,1485,27
07/01/2023,GRA,ST006,QAR,PRK.903,Graze Spicy  Mix,55,110,110,2
07/01/2023,GRA,ST006,QAR,PRK.904,Graze House Mix,55,55,55,1
07/01/2023,GRA,ST006,QAR,PRK.907,Zaatar Chips,6,90,90,15
07/01/2023,GRA,ST006,QAR,PRK.909,Spicy Pesto Chips,6,72,72,12
07/01/2023,GRA,ST006,QAR,PRK.910,Graze Spicy Mix Sml,25,125,125,5
07/01/2023,GRA,ST006,QAR,PRK.911,Graze House Mix Sml,25,250,250,10
07/01/2023,GRA,ST006,QAR,PRK.937,Baby Mozzarella Salad,45,135,135,3
07/01/2023,GRA,ST006,QAR,PRK.938,4 Grain Salad with Beetro,55,550,550,10
07/01/2023,GRA,ST006,QAR,PRK.939,Steak Salad with Green Sa,55,1540,1540,28
07/01/2023,GRA,ST006,QAR,PRK.962,Extra flavor,3,66,66,22
07/01/2023,GRA,ST006,QAR,PRK.994,Crsnt w Egg/Avaca/ SunTom,24,1128,1128,47
07/01/2023,GRA,ST006,QAR,PRK.995,Egg Burrito,20,1080,1080,54
07/01/2023,GRA,ST006,QAR,PRK.996,Blueberry Granola parfait,25,775,775,31
07/01/2023,GRA,ST006,QAR,PRK.997,Yog Dates Chia Pista Alm,22,880,880,40
07/01/2023,GRA,ST006,QAR,PRK.1007,Zatar Croissant,16,256,256,16
07/01/2023,GRA,ST006,QAR,PRK.1010,Tomato Puff Pastry,16,64,64,4
07/01/2023,GRA,ST006,QAR,PRK.1012,Three Berry Yogurt & Date,25,700,700,28
07/01/2023,GRA,ST006,QAR,PRK.1015,Kiri Cheese Danish,14,616,616,44
07/01/2023,GRA,ST006,QAR,PRK.1016,Plain Croissant,10,50,50,5
07/01/2023,GRA,ST006,QAR,PRK.1021,Shirazi Salad,12,408,408,34
07/01/2023,GRA,ST006,QAR,PRK.1023,Falafel Salad,45,1260,1260,28
07/01/2023,GRA,ST006,QAR,PRK.1024,Quinoa Swt potato Salad,40,40,40,1
07/01/2023,GRA,ST006,QAR,PRK.1027,Mex Chkn Chilli Bean Sld,40,1240,1240,31
07/01/2023,GRA,ST006,QAR,PRK.1029,Burrata Salad,50,100,100,2
07/01/2023,GRA,ST006,QAR,PRK.1031,Teriyaki GRAZE Salmn,55,3355,3355,61
07/01/2023,GRA,ST006,QAR,PRK.1039,Keto Chicken Salad,40,880,880,22
07/01/2023,GRA,ST006,QAR,PRK.1046,Greek Salad,30,690,690,23
07/01/2023,GRA,ST006,QAR,PRK.1048,Mexican  Caesar Salad chk,39,3237,3237,83
07/01/2023,GRA,ST006,QAR,PRK.1049,ROCCA SALAD,22,374,374,17
07/01/2023,GRA,ST006,QAR,PRK.1052,Smoke Turkey Sandwich,34,2550,2550,75
07/01/2023,GRA,ST006,QAR,PRK.1054,lemon&Rosemary Chkn,36,3276,3276,91
07/01/2023,GRA,ST006,QAR,PRK.1057,Steak & Philly Chz SW,32,544,544,17
07/01/2023,GRA,ST006,QAR,PRK.1063,Egg Mayo with Rocket,20,440,440,22
07/01/2023,GRA,ST006,QAR,PRK.1075,Avocado Toast,40,120,120,3
07/01/2023,GRA,ST006,QAR,PRK.1077,Spicy Halloumi,38,1178,1178,31
07/01/2023,GRA,ST006,QAR,PRK.1083,Chkn Soup,19,532,532,28
07/01/2023,GRA,ST006,QAR,PRK.1087,Lentil Soup,20,400,400,20
07/01/2023,GRA,ST006,QAR,PRK.1089,Vegetable soup,16,240,240,15
07/01/2023,GRA,ST006,QAR,PRK.1113,Chkn Katsu Curry,45,3915,3915,87
07/01/2023,GRA,ST006,QAR,PRK.1115,Mushroom Pasta,40,1920,1920,48
07/01/2023,GRA,ST006,QAR,PRK.1119,Chicken Biryani,45,5490,5490,122
07/01/2023,GRA,ST006,QAR,PRK.1121,Chinese Sesame Chicken,40,4320,4320,108
07/01/2023,GRA,ST006,QAR,PRK.1127,Rock Shrimp,45,3465,3465,77
07/01/2023,GRA,ST006,QAR,PRK.1133,Lamb  Kabsa,45,3555,3555,79
07/01/2023,GRA,ST006,QAR,PRK.1140,Chicken Curry & Saffron r,43,3913,3913,91
07/01/2023,GRA,ST006,QAR,PRK.1141,CRAB BOWL,28,1316,1316,47
07/01/2023,GRA,ST006,QAR,PRK.1145,Yoghurt & Cucumber dip,12,120,120,10
07/01/2023,GRA,ST006,QAR,PRK.1146,Spicy Guacamole Pot,13,221,221,17
07/01/2023,GRA,ST006,QAR,PRK.1149,Edamame Pot,12,456,456,38
07/01/2023,GRA,ST006,QAR,PRK.1159,Greek Tabbouleh,20,460,460,23
07/01/2023,GRA,ST006,QAR,PRK.1160,Egg pot,16,304,304,19
07/01/2023,GRA,ST006,QAR,PRK.1173,Choco Chia Energy Ball,30,3030,3030,101
07/01/2023,GRA,ST006,QAR,PRK.1175,Pecan Bars,14,308,308,22
07/01/2023,GRA,ST006,QAR,PRK.1177,Carrot Cake,15,285,285,19
07/01/2023,GRA,ST006,QAR,PRK.1183,Bannana,2,614,614,307
07/01/2023,GRA,ST006,QAR,PRK.1184,Watermelon,18,1566,1566,87
07/01/2023,GRA,ST006,QAR,PRK.1185,Pineapplemix,18,1062,1062,59
07/01/2023,GRA,ST006,QAR,PRK.1186,Mixed Berries,22,1738,1738,79
07/01/2023,GRA,ST006,QAR,PRK.1194,Lotus Cheesecake,15,345,345,23
07/01/2023,GRA,ST006,QAR,PRK.1196,Chia Blueberry Yodurt,24,360,360,15
07/01/2023,GRA,ST006,QAR,PRK.1201,Iced Flat White,18,126,126,7
07/01/2023,GRA,ST006,QAR,PRK.1203,Iced Spanish Latte,20,300,300,15
07/01/2023,GRA,ST006,QAR,PRK.1204,Iced Latte,18,648,648,36
07/01/2023,GRA,ST006,QAR,PRK.1205,Iced Americano,15,555,555,37
07/01/2023,GRA,ST006,QAR,PRK.1234,Pepperoni Pizza small,40,80,80,2
07/01/2023,GRA,ST006,QAR,PRK.1235,Margherita Pizza small,30,90,90,3
07/01/2023,GRA,ST006,QAR,PRK.1236,BBQ chicken Pizza small,35,245,245,7
07/01/2023,GRA,ST006,QAR,PRK.1262,Highland Still,5,7410,7410,1482
07/01/2023,GRA,ST006,QAR,PRK.1265,Perrier Sparkling,9,180,180,20
07/01/2023,GRA,ST006,QAR,PRK.1291,Coke,5,340,340,68
07/01/2023,GRA,ST006,QAR,PRK.1292,Diet Coke,5,360,360,72
07/01/2023,GRA,ST006,QAR,PRK.1321,Mini Cup /Pina Colada,14,532,532,38
07/01/2023,GRA,ST006,QAR,PRK.1322,Regular Cup / Pina Colada,21,168,168,8
07/01/2023,GRA,ST006,QAR,PRK.1323,Large cup /Pina Colada,23,46,46,2
07/01/2023,GRA,ST006,QAR,PRK.1324,Mini Pina Colada/Topping,18,234,234,13
07/01/2023,GRA,ST006,QAR,PRK.1325,Regular Pina Colada/Toppi,26,78,78,3
07/01/2023,GRA,ST006,QAR,PRK.1326,Large Pina Colada/Topping,30,60,60,2
07/01/2023,GRA,ST006,QAR,PRK.1351,Espresso Single,12,1716,1716,143
07/01/2023,GRA,ST006,QAR,PRK.1353,Americano Hot,15,1275,1275,85
07/01/2023,GRA,ST006,QAR,PRK.1354,Flat White Hot,18,252,252,14
07/01/2023,GRA,ST006,QAR,PRK.1355,Cappucino,18,432,432,24
07/01/2023,GRA,ST006,QAR,PRK.1356,Cortado,18,144,144,8
07/01/2023,GRA,ST006,QAR,PRK.1358,Spanish Latte,20,380,380,19
07/01/2023,GRA,ST006,QAR,PRK.1359,Classic Mocha,25,25,25,1
07/01/2023,GRA,ST006,QAR,PRK.1360,Slated Caramel Mocha,25,100,100,4
07/01/2023,GRA,ST006,QAR,PRK.1362,Double Espresso,14,812,812,58
07/01/2023,GRA,ST006,QAR,PRK.1363,Latte Hot,18,306,306,17
07/01/2023,GRA,ST006,QAR,PRK.1372,Hot Cocoa,24,72,72,3
07/01/2023,GRA,ST006,QAR,PRK.1373,Hibiscus Iced tea,18,126,126,7
07/01/2023,GRA,ST006,QAR,PRK.1374,Peach Iced Tea,18,72,72,4
07/01/2023,GRA,ST006,QAR,PRK.1375,Matcha Latte,25,225,225,9
07/01/2023,GRA,ST006,QAR,PRK.1377,Fresh Milk,10,450,450,45
07/01/2023,GRA,ST006,QAR,PRK.1386,Orange Juice,22,1540,1540,70
07/01/2023,GRA,ST006,QAR,PRK.1390,Morning Boost,24,720,720,30
07/01/2023,GRA,ST006,QAR,PRK.1392,Immune Boost,22,814,814,37
07/01/2023,GRA,ST006,QAR,PRK.1396,Ginger Aid Shot,18,1206,1206,67
07/01/2023,GRA,ST006,QAR,PRK.1402,Laban Drink,18,270,270,15
07/01/2023,GRA,ST006,QAR,PRK.1404,Green Boost Juice,24,384,384,16
07/01/2023,GRA,ST006,QAR,PRK.1406,Beetroot & Apple Juice,20,1140,1140,57
07/01/2023,GRA,ST006,QAR,PRK.1409,Turmeric wellness shot,16,352,352,22
07/01/2023,GRA,ST006,QAR,PRK.1412, Mini Cup Yogurt,14,462,462,33
07/01/2023,GRA,ST006,QAR,PRK.1413,Regular Cup Yogurt,21,357,357,17
07/01/2023,GRA,ST006,QAR,PRK.1416,Large Cup Yogurt,23,138,138,6
07/01/2023,GRA,ST006,QAR,PRK.1418, Mini Cup Yogurt/Topping,18,162,162,9
07/01/2023,GRA,ST006,QAR,PRK.1419,Reg Cup Yogurt/Toping,26,104,104,4
07/01/2023,GRA,ST006,QAR,PRK.1422,Large Cup Yogurt/Topping,30,150,150,5
07/01/2023,GRA,ST006,QAR,PRK.1429,Mini Mango Ice Cream,14,2016,2016,144
07/01/2023,GRA,ST006,QAR,PRK.1430,Regular Mango Ice Cream,21,2100,2100,100
07/01/2023,GRA,ST006,QAR,PRK.1431,Large Mango Ice Cream,23,851,851,37
07/01/2023,GRA,ST006,QAR,PRK.1432,Mini Mango Ice Cream/Topp,18,990,990,55
07/01/2023,GRA,ST006,QAR,PRK.1433,Reg Mango Ice cream/Topp,26,546,546,21
07/01/2023,GRA,ST006,QAR,PRK.1434,Large Mango Ice Cream/Top,30,690,690,23
07/01/2023,GRA,ST006,QAR,PRK.1464,Fresh Pineapple,3,6,6,2
07/01/2023,GRA,ST006,QAR,PRK.1469,Kiwi Fruit,3,3,3,1
07/01/2023,GRA,ST006,QAR,PRK.1470,Lotus Biscuit,3,3,3,1
07/01/2023,GRA,ST006,QAR,PRK.1474,Spaghetti Bolognese,45,1035,1035,23
07/01/2023,GRA,ST006,QAR,PRK.1475,Salmon with Cilantro Rice,65,2405,2405,37
07/01/2023,GRA,ST006,QAR,PRK.1476,Chicken Noodle Bowl,40,240,240,6
07/01/2023,GRA,ST006,QAR,PRK.1477,BBQ Steak,45,810,810,18
07/01/2023,GRA,ST006,QAR,PRK.1478,Rib eye Steak with Vegeta,55,605,605,11
07/01/2023,GRA,ST006,QAR,PRK.1479,Lasagne Pasta,45,360,360,8
07/01/2023,GRA,ST006,QAR,PRK.1480,Steak cajun potato,50,2450,2450,49
07/01/2023,GRA,ST006,QAR,PRK.1501,pomegranate,3,15,15,5
07/01/2023,GRA,ST006,QAR,PRK.1502,Strawberry,3,150,150,50
07/01/2023,GRA,ST006,QAR,PRK.1505,Salted Caramel,3,6,6,2
07/01/2023,GRA,ST006,QAR,PRK.1507,Crispy Crepe,3,21,21,7
07/01/2023,GRA,ST006,QAR,PRK.1508,Granola,3,48,48,16
07/01/2023,GRA,ST006,QAR,PRK.1510,Crushed Graham,3,6,6,2
07/01/2023,GRA,ST006,QAR,PRK.1520,Mixed Berries Sauce,3,21,21,7
07/01/2023,GRA,ST006,QAR,PRK.1521,Mango Sauce,3,138,138,46
07/01/2023,GRA,ST006,QAR,PRK.1523,Peanut Butter Sauce,3,48,48,16
07/01/2023,GRA,ST006,QAR,PRK.1527,Mango,3,150,150,50
07/01/2023,GRA,ST006,QAR,PRK.1531,Power Shake,35,4095,4095,117
07/01/2023,GRA,ST006,QAR,PRK.1532,Peanut Power Shake,35,5530,5530,158
07/01/2023,GRA,ST006,QAR,PRK.1533,Pre-workout protein shak,45,360,360,8
07/01/2023,GRA,ST006,QAR,PRK.1534,Choco Power Shake,35,7420,7420,212
07/01/2023,GRA,ST006,QAR,PRK.1536,Energizer protine Shakes,45,2655,2655,59
07/01/2023,GRA,ST006,QAR,PRK.1538,Pre-workout shake,35,105,105,3
07/01/2023,GRA,ST006,QAR,PRK.1540,Energizer shakes,35,525,525,15
07/01/2023,GRA,ST006,QAR,PRK.1541,Caffeine Shake,40,80,80,2
07/01/2023,GRA,ST006,QAR,PRK.1542,14oz Pre-work out Protein,40,240,240,6
07/01/2023,GRA,ST006,QAR,PRK.1545,14oz Energizer protine,40,1640,1640,41
07/01/2023,GRA,ST006,QAR,PRK.1546,14oz Pre-workout shake,30,30,30,1
07/01/2023,GRA,ST006,QAR,PRK.1548,14oz Energizer shakes,30,60,60,2
07/01/2023,GRA,ST006,QAR,PRK.1550,Extra Protein,10,730,730,73
07/01/2023,GRA,ST006,QAR,PRK.1551,Nut Butters,10,180,180,18
07/01/2023,GRA,ST006,QAR,PRK.1556,BCAA Recovery Booster,20,20,20,1
07/01/2023,GRA,ST006,QAR,PRK.1587,Supersize,45,90,90,2
07/01/2023,GRA,ST006,QAR,PRK.1588,Acai Small,35,2065,2065,59
07/01/2023,GRA,ST006,QAR,PRK.1589,Acai Large,40,520,520,13
07/01/2023,GRA,ST006,QAR,PRK.1592,Watermelon Coolex,24,312,312,13
07/01/2023,GRA,ST006,QAR,PRK.1593,Tropicana,24,480,480,20
07/01/2023,GRA,ST006,QAR,PRK.1621,Orange loaf,12,204,204,17
07/01/2023,GRA,ST006,QAR,PRK.1623,Brownie flavour cookies,10,950,950,95
07/01/2023,GRA,ST006,QAR,PRK.1628,Brownie bites,13,455,455,35
07/01/2023,GRA,ST006,QAR,PRK.1632,Turkey cheese roll,19,152,152,8
07/01/2023,GRA,ST006,QAR,PRK.1633,Spinach feta roll,18,90,90,5
07/01/2023,GRA,ST006,QAR,PRK.1634,Madeleine,12,384,384,32
07/01/2023,GRA,ST006,QAR,PRK.1681,Salted Caramel Mocha,24,24,24,1
07/01/2023,GRA,ST006,QAR,PRK.1682,■Matcha Frappe,26,806,806,31
07/01/2023,GRA,ST006,QAR,PRK.1711,Pomegranate Pot,18,396,396,22
07/01/2023,GRA,ST006,QAR,PRK.1712,Mango Peach Muesli Pot,24,240,240,10
07/01/2023,GRA,ST006,QAR,PRK.1713,Overnight oats PB&Jam,25,1050,1050,42
07/01/2023,GRA,ST006,QAR,PRK.1741,Spicy Tuna sandwich,26,780,780,30
07/01/2023,GRA,ST006,QAR,PRK.1742,Three cheese,22,352,352,16
07/01/2023,GRA,ST006,QAR,PRK.1743,Falafel and Labna,25,275,275,11
07/01/2023,GRA,ST006,QAR,PRK.1748,Chicken Shawarma,18,738,738,41
07/01/2023,GRA,ST006,QAR,PRK.1749,Tenderloin Beef Shawarma,22,484,484,22
07/01/2023,GRA,ST006,QAR,PRK.1752,Club sandwich,30,1110,1110,37
07/01/2023,GRA,ST006,QAR,PRK.1753,Slider Chicken Burger,38,1634,1634,43
07/01/2023,GRA,ST006,QAR,PRK.1754,Slider Beef Burger,39,819,819,21
07/01/2023,GRA,ST006,QAR,PRK.1771,Pistachio Arabeshi,5,235,235,47
07/01/2023,GRA,ST006,QAR,PRK.1772,Fresh Raspberry,5,155,155,31
07/01/2023,GRA,ST006,QAR,PRK.1773,Fresh blueberry,5,100,100,20
07/01/2023,GRA,ST006,QAR,PRK.1774,Chocolate Flakes,5,125,125,25
07/01/2023,GRA,ST006,QAR,PRK.1775,Honey Comb,5,95,95,19
07/01/2023,GRA,ST006,QAR,PRK.4502,Low Fat Milk,0,0,0,13
07/01/2023,GRA,ST006,QAR,PRK.4503,Almond Milk,2,368,368,184
07/01/2023,GRA,ST006,QAR,PRK.4504,Soya Milk,2,42,42,21
07/01/2023,GRA,ST006,QAR,PRK.4509,Double Shot,0,0,0,1
07/01/2023,GRA,ST006,QAR,PRK.4516,Decaf,0,0,0,1
07/01/2023,GRA,ST006,QAR,PRK.4517,Vanilla Flavor,0,0,0,1
07/01/2023,GRA,ST006,QAR,PRK.4519,Caramel flavor,0,0,0,17
07/01/2023,GRA,ST006,QAR,PRK.4522,Skimmed Milk,2,42,42,21
07/01/2023,GRA,ST006,QAR,PRK.4523,Coconut Milk,2,22,22,11
07/01/2023,GRA,ST006,QAR,PRK.4531,w/ Granola,0,0,0,20
07/01/2023,GRA,ST006,QAR,PRK.4534,w/ Coconut Flakes,0,0,0,3
07/01/2023,GRA,ST006,QAR,PRK.4535,w/ Crispy Crepe,0,0,0,10
07/01/2023,GRA,ST006,QAR,PRK.4537,w/ Mixed Berries Sauce,0,0,0,13
07/01/2023,GRA,ST006,QAR,PRK.4541,w/ Strawberry,0,0,0,70
07/01/2023,GRA,ST006,QAR,PRK.4543,w/ Salted Caramel,0,0,0,6
07/01/2023,GRA,ST006,QAR,PRK.4544,w/ Pomegranate,0,0,0,21
07/01/2023,GRA,ST006,QAR,PRK.4545,w/ Dulce de leche,0,0,0,5
07/01/2023,GRA,ST006,QAR,PRK.4549,w/ Mango Sauce,0,0,0,22
07/01/2023,GRA,ST006,QAR,PRK.4550,w/ Mango,0,0,0,82
07/01/2023,GRA,ST006,QAR,PRK.4551,w/ Peanut Butter Sauce,0,0,0,5
07/01/2023,GRA,ST006,QAR,PRK.4552,w/ Crushed Grahams,0,0,0,1
07/01/2023,GRA,ST006,QAR,PRK.4556,w/ Fresh Pineapple,0,0,0,10
07/01/2023,GRA,ST006,QAR,PRK.4557,w/ Kiwi Fruit,0,0,0,1
07/01/2023,GRA,ST006,QAR,PRK.4558,w/ Lotus Biscuit,0,0,0,3
07/01/2023,GRA,ST006,QAR,PRK.4561,MIXED FROZEN YOGURT,0,0,0,6
07/01/2023,GRA,ST006,QAR,PRK.4562,MIXED MANGO YOGURT,0,0,0,6
