DATE,BRANCHCODE,WAREHOUSECODE,CURRENCY,ERPCODE,ITEMNAME,RAWPRICE,GROSSAMT,NETVALUE,QTYSOLD
01/01/2023,GRA,ST006,QAR,PRK.902,Granola,55,440,440,8
01/01/2023,GRA,ST006,QAR,PRK.904,Graze House Mix,55,110,110,2
01/01/2023,GRA,ST006,QAR,PRK.907,Zaatar Chips,6,114,114,19
01/01/2023,GRA,ST006,QAR,PRK.909,Spicy Pesto Chips,6,108,108,18
01/01/2023,GRA,ST006,QAR,PRK.910,Graze Spicy Mix Sml,25,125,125,5
01/01/2023,GRA,ST006,QAR,PRK.911,Graze House Mix Sml,25,200,200,8
01/01/2023,GRA,ST006,QAR,PRK.937,Baby Mozzarella Salad,45,1170,1170,26
01/01/2023,GRA,ST006,QAR,PRK.938,4 Grain Salad with Beetro,55,495,495,9
01/01/2023,GRA,ST006,QAR,PRK.939,Steak Salad with Green Sa,55,1375,1375,25
01/01/2023,GRA,ST006,QAR,PRK.962,Extra flavor,3,48,48,16
01/01/2023,GRA,ST006,QAR,PRK.994,Crsnt w Egg/Avaca/ SunTom,24,816,816,34
01/01/2023,GRA,ST006,QAR,PRK.995,Egg Burrito,20,740,740,37
01/01/2023,GRA,ST006,QAR,PRK.996,Blueberry Granola parfait,25,625,625,25
01/01/2023,GRA,ST006,QAR,PRK.997,Yog Dates Chia Pista Alm,22,726,726,33
01/01/2023,GRA,ST006,QAR,PRK.1007,Zatar Croissant,16,256,256,16
01/01/2023,GRA,ST006,QAR,PRK.1012,Three Berry Yogurt & Date,25,50,50,2
01/01/2023,GRA,ST006,QAR,PRK.1015,Kiri Cheese Danish,14,406,406,29
01/01/2023,GRA,ST006,QAR,PRK.1016,Plain Croissant,10,160,160,16
01/01/2023,GRA,ST006,QAR,PRK.1021,Shirazi Salad,12,264,264,22
01/01/2023,GRA,ST006,QAR,PRK.1023,Falafel Salad,45,855,855,19
01/01/2023,GRA,ST006,QAR,PRK.1024,Quinoa Swt potato Salad,40,320,320,8
01/01/2023,GRA,ST006,QAR,PRK.1027,Mex Chkn Chilli Bean Sld,40,1920,1920,48
01/01/2023,GRA,ST006,QAR,PRK.1031,Teriyaki GRAZE Salmn,55,2750,2750,50
01/01/2023,GRA,ST006,QAR,PRK.1039,Keto Chicken Salad,40,1080,1080,27
01/01/2023,GRA,ST006,QAR,PRK.1046,Greek Salad,30,450,450,15
01/01/2023,GRA,ST006,QAR,PRK.1048,Mexican  Caesar Salad chk,39,1872,1872,48
01/01/2023,GRA,ST006,QAR,PRK.1052,Smoke Turkey Sandwich,34,1258,1258,37
01/01/2023,GRA,ST006,QAR,PRK.1054,lemon&Rosemary Chkn,36,2880,2844,80
01/01/2023,GRA,ST006,QAR,PRK.1057,Steak & Philly Chz SW,32,416,416,13
01/01/2023,GRA,ST006,QAR,PRK.1063,Egg Mayo with Rocket,20,640,640,32
01/01/2023,GRA,ST006,QAR,PRK.1068,Crispy Chicken Bun,24,216,216,9
01/01/2023,GRA,ST006,QAR,PRK.1070,Chicken Pesto & Mozzarell,32,640,640,20
01/01/2023,GRA,ST006,QAR,PRK.1075,Avocado Toast,40,40,40,1
01/01/2023,GRA,ST006,QAR,PRK.1077,Spicy Halloumi,38,114,114,3
01/01/2023,GRA,ST006,QAR,PRK.1083,Chkn Soup,19,380,380,20
01/01/2023,GRA,ST006,QAR,PRK.1087,Lentil Soup,20,720,720,36
01/01/2023,GRA,ST006,QAR,PRK.1089,Vegetable soup,16,320,320,20
01/01/2023,GRA,ST006,QAR,PRK.1090,Tom kha soup,28,112,112,4
01/01/2023,GRA,ST006,QAR,PRK.1113,Chkn Katsu Curry,45,3015,3015,67
01/01/2023,GRA,ST006,QAR,PRK.1115,Mushroom Pasta,40,1120,1120,28
01/01/2023,GRA,ST006,QAR,PRK.1118,Steak With Mushroom Sauce,45,675,675,15
01/01/2023,GRA,ST006,QAR,PRK.1119,Chicken Biryani,45,3600,3600,80
01/01/2023,GRA,ST006,QAR,PRK.1121,Chinese Sesame Chicken,40,3000,3000,75
01/01/2023,GRA,ST006,QAR,PRK.1127,Rock Shrimp,45,1980,1980,44
01/01/2023,GRA,ST006,QAR,PRK.1133,Lamb  Kabsa,45,1440,1440,32
01/01/2023,GRA,ST006,QAR,PRK.1140,Chicken Curry & Saffron r,43,1892,1892,44
01/01/2023,GRA,ST006,QAR,PRK.1141,CRAB BOWL,28,336,336,12
01/01/2023,GRA,ST006,QAR,PRK.1145,Yoghurt & Cucumber dip,12,132,132,11
01/01/2023,GRA,ST006,QAR,PRK.1146,Spicy Guacamole Pot,13,221,221,17
01/01/2023,GRA,ST006,QAR,PRK.1149,Edamame Pot,12,96,96,8
01/01/2023,GRA,ST006,QAR,PRK.1159,Greek Tabbouleh,20,260,260,13
01/01/2023,GRA,ST006,QAR,PRK.1160,Egg pot,16,256,256,16
01/01/2023,GRA,ST006,QAR,PRK.1173,Choco Chia Energy Ball,30,2070,2070,69
01/01/2023,GRA,ST006,QAR,PRK.1175,Pecan Bars,14,476,476,34
01/01/2023,GRA,ST006,QAR,PRK.1177,Carrot Cake,15,495,495,33
01/01/2023,GRA,ST006,QAR,PRK.1183,Bannana,2,576,576,288
01/01/2023,GRA,ST006,QAR,PRK.1184,Watermelon,18,900,900,50
01/01/2023,GRA,ST006,QAR,PRK.1185,Pineapplemix,18,936,936,52
01/01/2023,GRA,ST006,QAR,PRK.1186,Mixed Berries,22,968,968,44
01/01/2023,GRA,ST006,QAR,PRK.1194,Lotus Cheesecake,15,285,285,19
01/01/2023,GRA,ST006,QAR,PRK.1196,Chia Blueberry Yodurt,24,240,240,10
01/01/2023,GRA,ST006,QAR,PRK.1203,Iced Spanish Latte,20,100,100,5
01/01/2023,GRA,ST006,QAR,PRK.1204,Iced Latte,18,414,414,23
01/01/2023,GRA,ST006,QAR,PRK.1205,Iced Americano,15,270,270,18
01/01/2023,GRA,ST006,QAR,PRK.1234,Pepperoni Pizza small,40,80,80,2
01/01/2023,GRA,ST006,QAR,PRK.1235,Margherita Pizza small,30,180,180,6
01/01/2023,GRA,ST006,QAR,PRK.1236,BBQ chicken Pizza small,35,210,210,6
01/01/2023,GRA,ST006,QAR,PRK.1262,Highland Still,5,4605,4605,921
01/01/2023,GRA,ST006,QAR,PRK.1265,Perrier Sparkling,9,243,243,27
01/01/2023,GRA,ST006,QAR,PRK.1291,Coke,5,165,165,33
01/01/2023,GRA,ST006,QAR,PRK.1292,Diet Coke,5,305,305,61
01/01/2023,GRA,ST006,QAR,PRK.1351,Espresso Single,12,1128,1128,94
01/01/2023,GRA,ST006,QAR,PRK.1352,Macchiato,18,36,36,2
01/01/2023,GRA,ST006,QAR,PRK.1353,Americano Hot,15,1305,1305,87
01/01/2023,GRA,ST006,QAR,PRK.1354,Flat White Hot,18,504,504,28
01/01/2023,GRA,ST006,QAR,PRK.1355,Cappucino,18,1008,1008,56
01/01/2023,GRA,ST006,QAR,PRK.1356,Cortado,18,288,288,16
01/01/2023,GRA,ST006,QAR,PRK.1358,Spanish Latte,20,320,320,16
01/01/2023,GRA,ST006,QAR,PRK.1359,Classic Mocha,25,100,100,4
01/01/2023,GRA,ST006,QAR,PRK.1360,Slated Caramel Mocha,25,75,75,3
01/01/2023,GRA,ST006,QAR,PRK.1362,Double Espresso,14,294,294,21
01/01/2023,GRA,ST006,QAR,PRK.1363,Latte Hot,18,738,738,41
01/01/2023,GRA,ST006,QAR,PRK.1372,Hot Cocoa,24,72,72,3
01/01/2023,GRA,ST006,QAR,PRK.1373,Hibiscus Iced tea,18,72,72,4
01/01/2023,GRA,ST006,QAR,PRK.1374,Peach Iced Tea,18,18,18,1
01/01/2023,GRA,ST006,QAR,PRK.1375,Matcha Latte,25,225,225,9
01/01/2023,GRA,ST006,QAR,PRK.1376,Cinnamon Latte,25,100,100,4
01/01/2023,GRA,ST006,QAR,PRK.1377,Fresh Milk,10,520,520,52
01/01/2023,GRA,ST006,QAR,PRK.1386,Orange Juice,22,2068,2068,94
01/01/2023,GRA,ST006,QAR,PRK.1390,Morning Boost,24,792,792,33
01/01/2023,GRA,ST006,QAR,PRK.1392,Immune Boost,22,792,792,36
01/01/2023,GRA,ST006,QAR,PRK.1396,Ginger Aid Shot,18,1584,1584,88
01/01/2023,GRA,ST006,QAR,PRK.1402,Laban Drink,18,54,54,3
01/01/2023,GRA,ST006,QAR,PRK.1404,Green Boost Juice,24,168,168,7
01/01/2023,GRA,ST006,QAR,PRK.1406,Beetroot & Apple Juice,20,480,480,24
01/01/2023,GRA,ST006,QAR,PRK.1409,Turmeric wellness shot,16,576,576,36
01/01/2023,GRA,ST006,QAR,PRK.1412, Mini Cup Yogurt,14,182,182,13
01/01/2023,GRA,ST006,QAR,PRK.1413,Regular Cup Yogurt,21,420,420,20
01/01/2023,GRA,ST006,QAR,PRK.1416,Large Cup Yogurt,23,115,115,5
01/01/2023,GRA,ST006,QAR,PRK.1418, Mini Cup Yogurt/Topping,18,108,108,6
01/01/2023,GRA,ST006,QAR,PRK.1419,Reg Cup Yogurt/Toping,26,104,104,4
01/01/2023,GRA,ST006,QAR,PRK.1429,Mini Mango Ice Cream,14,644,644,46
01/01/2023,GRA,ST006,QAR,PRK.1430,Regular Mango Ice Cream,21,546,546,26
01/01/2023,GRA,ST006,QAR,PRK.1431,Large Mango Ice Cream,23,276,276,12
01/01/2023,GRA,ST006,QAR,PRK.1432,Mini Mango Ice Cream/Topp,18,162,162,9
01/01/2023,GRA,ST006,QAR,PRK.1433,Reg Mango Ice cream/Topp,26,208,208,8
01/01/2023,GRA,ST006,QAR,PRK.1434,Large Mango Ice Cream/Top,30,60,60,2
01/01/2023,GRA,ST006,QAR,PRK.1464,Fresh Pineapple,3,3,3,1
01/01/2023,GRA,ST006,QAR,PRK.1470,Lotus Biscuit,3,33,33,11
01/01/2023,GRA,ST006,QAR,PRK.1474,Spaghetti Bolognese,45,900,900,20
01/01/2023,GRA,ST006,QAR,PRK.1475,Salmon with Cilantro Rice,65,1365,1365,21
01/01/2023,GRA,ST006,QAR,PRK.1476,Chicken Noodle Bowl,40,560,560,14
01/01/2023,GRA,ST006,QAR,PRK.1477,BBQ Steak,45,1440,1440,32
01/01/2023,GRA,ST006,QAR,PRK.1478,Rib eye Steak with Vegeta,55,1705,1705,31
01/01/2023,GRA,ST006,QAR,PRK.1479,Lasagne Pasta,45,1215,1215,27
01/01/2023,GRA,ST006,QAR,PRK.1480,Steak cajun potato,50,1400,1400,28
01/01/2023,GRA,ST006,QAR,PRK.1501,pomegranate,3,27,27,9
01/01/2023,GRA,ST006,QAR,PRK.1502,Strawberry,3,69,69,23
01/01/2023,GRA,ST006,QAR,PRK.1505,Salted Caramel,3,6,6,2
01/01/2023,GRA,ST006,QAR,PRK.1506,Pretzel,3,3,3,1
01/01/2023,GRA,ST006,QAR,PRK.1507,Crispy Crepe,3,24,24,8
01/01/2023,GRA,ST006,QAR,PRK.1508,Granola,3,18,18,6
01/01/2023,GRA,ST006,QAR,PRK.1509,Coconut Flakes,3,6,6,2
01/01/2023,GRA,ST006,QAR,PRK.1510,Crushed Graham,3,21,21,7
01/01/2023,GRA,ST006,QAR,PRK.1520,Mixed Berries Sauce,3,39,39,13
01/01/2023,GRA,ST006,QAR,PRK.1521,Mango Sauce,3,9,9,3
01/01/2023,GRA,ST006,QAR,PRK.1527,Mango,3,45,45,15
01/01/2023,GRA,ST006,QAR,PRK.1531,Power Shake,35,2135,2135,61
01/01/2023,GRA,ST006,QAR,PRK.1532,Peanut Power Shake,35,3920,3920,112
01/01/2023,GRA,ST006,QAR,PRK.1533,Pre-workout protein shak,45,225,225,5
01/01/2023,GRA,ST006,QAR,PRK.1534,Choco Power Shake,35,3325,3325,95
01/01/2023,GRA,ST006,QAR,PRK.1536,Energizer protine Shakes,45,2250,2250,50
01/01/2023,GRA,ST006,QAR,PRK.1537,Skinny chocolate,40,40,40,1
01/01/2023,GRA,ST006,QAR,PRK.1538,Pre-workout shake,35,35,35,1
01/01/2023,GRA,ST006,QAR,PRK.1540,Energizer shakes,35,245,245,7
01/01/2023,GRA,ST006,QAR,PRK.1541,Caffeine Shake,40,80,80,2
01/01/2023,GRA,ST006,QAR,PRK.1542,14oz Pre-work out Protein,40,160,160,4
01/01/2023,GRA,ST006,QAR,PRK.1545,14oz Energizer protine,40,800,800,20
01/01/2023,GRA,ST006,QAR,PRK.1548,14oz Energizer shakes,30,180,180,6
01/01/2023,GRA,ST006,QAR,PRK.1550,Extra Protein,10,320,320,32
01/01/2023,GRA,ST006,QAR,PRK.1551,Nut Butters,10,180,180,18
01/01/2023,GRA,ST006,QAR,PRK.1554,Chia seeds,10,10,10,1
01/01/2023,GRA,ST006,QAR,PRK.1555,Oats,10,40,40,4
01/01/2023,GRA,ST006,QAR,PRK.1556,BCAA Recovery Booster,20,320,320,16
01/01/2023,GRA,ST006,QAR,PRK.1558,Vegan Chocolate,15,30,30,2
01/01/2023,GRA,ST006,QAR,PRK.1559,Vegan Vanilla,15,120,120,8
01/01/2023,GRA,ST006,QAR,PRK.1588,Acai Small,35,1785,1785,51
01/01/2023,GRA,ST006,QAR,PRK.1589,Acai Large,40,720,720,18
01/01/2023,GRA,ST006,QAR,PRK.1590,Peanut Choco Ice Cream,30,420,420,14
01/01/2023,GRA,ST006,QAR,PRK.1621,Orange loaf,12,36,36,3
01/01/2023,GRA,ST006,QAR,PRK.1623,Brownie flavour cookies,10,540,540,54
01/01/2023,GRA,ST006,QAR,PRK.1628,Brownie bites,13,455,455,35
01/01/2023,GRA,ST006,QAR,PRK.1634,Madeleine,12,552,552,46
01/01/2023,GRA,ST006,QAR,PRK.1635,Poppy Lemon seeds,12,228,228,19
01/01/2023,GRA,ST006,QAR,PRK.1682,■Matcha Frappe,26,208,208,8
01/01/2023,GRA,ST006,QAR,PRK.1711,Pomegranate Pot,18,18,18,1
01/01/2023,GRA,ST006,QAR,PRK.1713,Overnight oats PB&Jam,25,575,575,23
01/01/2023,GRA,ST006,QAR,PRK.1741,Spicy Tuna sandwich,26,520,520,20
01/01/2023,GRA,ST006,QAR,PRK.1742,Three cheese,22,176,176,8
01/01/2023,GRA,ST006,QAR,PRK.1748,Chicken Shawarma,18,396,396,22
01/01/2023,GRA,ST006,QAR,PRK.1749,Tenderloin Beef Shawarma,22,286,286,13
01/01/2023,GRA,ST006,QAR,PRK.1752,Club sandwich,30,690,690,23
01/01/2023,GRA,ST006,QAR,PRK.1771,Pistachio Arabeshi,5,55,55,11
01/01/2023,GRA,ST006,QAR,PRK.1772,Fresh Raspberry,5,85,85,17
01/01/2023,GRA,ST006,QAR,PRK.1773,Fresh blueberry,5,110,110,22
01/01/2023,GRA,ST006,QAR,PRK.1774,Chocolate Flakes,5,70,70,14
01/01/2023,GRA,ST006,QAR,PRK.1775,Honey Comb,5,45,45,9
01/01/2023,GRA,ST006,QAR,PRK.4501,Full Fat Milk,0,0,0,1
01/01/2023,GRA,ST006,QAR,PRK.4502,Low Fat Milk,0,0,0,10
01/01/2023,GRA,ST006,QAR,PRK.4503,Almond Milk,2,332,332,166
01/01/2023,GRA,ST006,QAR,PRK.4504,Soya Milk,2,64,64,32
01/01/2023,GRA,ST006,QAR,PRK.4517,Vanilla Flavor,0,0,0,6
01/01/2023,GRA,ST006,QAR,PRK.4519,Caramel flavor,0,0,0,5
01/01/2023,GRA,ST006,QAR,PRK.4531,w/ Granola,0,0,0,9
01/01/2023,GRA,ST006,QAR,PRK.4533,w/ Pretzel,0,0,0,2
01/01/2023,GRA,ST006,QAR,PRK.4537,w/ Mixed Berries Sauce,0,0,0,1
01/01/2023,GRA,ST006,QAR,PRK.4541,w/ Strawberry,0,0,0,16
01/01/2023,GRA,ST006,QAR,PRK.4543,w/ Salted Caramel,0,0,0,6
01/01/2023,GRA,ST006,QAR,PRK.4544,w/ Pomegranate,0,0,0,4
01/01/2023,GRA,ST006,QAR,PRK.4549,w/ Mango Sauce,0,0,0,1
01/01/2023,GRA,ST006,QAR,PRK.4550,w/ Mango,0,0,0,25
01/01/2023,GRA,ST006,QAR,PRK.4551,w/ Peanut Butter Sauce,0,0,0,1
01/01/2023,GRA,ST006,QAR,PRK.4552,w/ Crushed Grahams,0,0,0,1
01/01/2023,GRA,ST006,QAR,PRK.4557,w/ Kiwi Fruit,0,0,0,5
01/01/2023,GRA,ST006,QAR,PRK.4561,MIXED FROZEN YOGURT,0,0,0,1
