DATE,BRANCHCODE,WAREHOUSECODE,CURRENCY,ERPCODE,ITEMNAME,RAWPRICE,GROSSAMT,NETVALUE,QTYSOLD
08/01/2023,GRA,ST006,QAR,PRK.902,Granola,55,1430,1430,26
08/01/2023,GRA,ST006,QAR,PRK.907,Zaatar Chips,6,48,48,8
08/01/2023,GRA,ST006,QAR,PRK.909,Spicy Pesto Chips,6,78,78,13
08/01/2023,GRA,ST006,QAR,PRK.910,Graze Spicy Mix Sml,25,300,300,12
08/01/2023,GRA,ST006,QAR,PRK.911,Graze House Mix Sml,25,325,325,13
08/01/2023,GRA,ST006,QAR,PRK.939,Steak Salad with Green Sa,55,1100,1100,20
08/01/2023,GRA,ST006,QAR,PRK.940,Burrata Salad,50,50,50,1
08/01/2023,GRA,ST006,QAR,PRK.962,Extra flavor,3,9,9,3
08/01/2023,GRA,ST006,QAR,PRK.994,Crsnt w Egg/Avaca/ SunTom,24,960,960,40
08/01/2023,GRA,ST006,QAR,PRK.995,Egg Burrito,20,920,920,46
08/01/2023,GRA,ST006,QAR,PRK.996,Blueberry Granola parfait,25,825,825,33
08/01/2023,GRA,ST006,QAR,PRK.997,Yog Dates Chia Pista Alm,22,726,726,33
08/01/2023,GRA,ST006,QAR,PRK.1007,Zatar Croissant,16,352,352,22
08/01/2023,GRA,ST006,QAR,PRK.1012,Three Berry Yogurt & Date,25,725,725,29
08/01/2023,GRA,ST006,QAR,PRK.1015,Kiri Cheese Danish,14,882,882,63
08/01/2023,GRA,ST006,QAR,PRK.1016,Plain Croissant,10,120,120,12
08/01/2023,GRA,ST006,QAR,PRK.1021,Shirazi Salad,12,648,648,54
08/01/2023,GRA,ST006,QAR,PRK.1023,Falafel Salad,45,810,810,18
08/01/2023,GRA,ST006,QAR,PRK.1027,Mex Chkn Chilli Bean Sld,40,1240,1240,31
08/01/2023,GRA,ST006,QAR,PRK.1029,Burrata Salad,50,50,50,1
08/01/2023,GRA,ST006,QAR,PRK.1031,Teriyaki GRAZE Salmn,55,2970,2970,54
08/01/2023,GRA,ST006,QAR,PRK.1039,Keto Chicken Salad,40,560,560,14
08/01/2023,GRA,ST006,QAR,PRK.1046,Greek Salad,30,570,570,19
08/01/2023,GRA,ST006,QAR,PRK.1047,Chicken Noodle Salad,40,40,40,1
08/01/2023,GRA,ST006,QAR,PRK.1048,Mexican  Caesar Salad chk,39,3315,3315,85
08/01/2023,GRA,ST006,QAR,PRK.1049,ROCCA SALAD,22,616,616,28
08/01/2023,GRA,ST006,QAR,PRK.1052,Smoke Turkey Sandwich,34,1598,1598,47
08/01/2023,GRA,ST006,QAR,PRK.1054,lemon&Rosemary Chkn,36,2484,2484,69
08/01/2023,GRA,ST006,QAR,PRK.1057,Steak & Philly Chz SW,32,736,736,23
08/01/2023,GRA,ST006,QAR,PRK.1063,Egg Mayo with Rocket,20,600,600,30
08/01/2023,GRA,ST006,QAR,PRK.1077,Spicy Halloumi,38,1102,1102,29
08/01/2023,GRA,ST006,QAR,PRK.1083,Chkn Soup,19,475,475,25
08/01/2023,GRA,ST006,QAR,PRK.1087,Lentil Soup,20,380,380,19
08/01/2023,GRA,ST006,QAR,PRK.1089,Vegetable soup,16,208,208,13
08/01/2023,GRA,ST006,QAR,PRK.1113,Chkn Katsu Curry,45,4230,4230,94
08/01/2023,GRA,ST006,QAR,PRK.1115,Mushroom Pasta,40,1680,1680,42
08/01/2023,GRA,ST006,QAR,PRK.1119,Chicken Biryani,45,5895,5895,131
08/01/2023,GRA,ST006,QAR,PRK.1121,Chinese Sesame Chicken,40,4600,4600,115
08/01/2023,GRA,ST006,QAR,PRK.1127,Rock Shrimp,45,3105,3105,69
08/01/2023,GRA,ST006,QAR,PRK.1133,Lamb  Kabsa,45,4320,4320,96
08/01/2023,GRA,ST006,QAR,PRK.1140,Chicken Curry & Saffron r,43,3225,3225,75
08/01/2023,GRA,ST006,QAR,PRK.1141,CRAB BOWL,28,1036,1036,37
08/01/2023,GRA,ST006,QAR,PRK.1145,Yoghurt & Cucumber dip,12,408,408,34
08/01/2023,GRA,ST006,QAR,PRK.1146,Spicy Guacamole Pot,13,169,169,13
08/01/2023,GRA,ST006,QAR,PRK.1149,Edamame Pot,12,492,492,41
08/01/2023,GRA,ST006,QAR,PRK.1159,Greek Tabbouleh,20,820,820,41
08/01/2023,GRA,ST006,QAR,PRK.1160,Egg pot,16,224,224,14
08/01/2023,GRA,ST006,QAR,PRK.1173,Choco Chia Energy Ball,30,3870,3870,129
08/01/2023,GRA,ST006,QAR,PRK.1175,Pecan Bars,14,448,448,32
08/01/2023,GRA,ST006,QAR,PRK.1177,Carrot Cake,15,375,375,25
08/01/2023,GRA,ST006,QAR,PRK.1178,Sweet Potatoe Choco Cake,15,135,135,9
08/01/2023,GRA,ST006,QAR,PRK.1183,Bannana,2,630,630,315
08/01/2023,GRA,ST006,QAR,PRK.1184,Watermelon,18,1746,1746,97
08/01/2023,GRA,ST006,QAR,PRK.1185,Pineapplemix,18,918,918,51
08/01/2023,GRA,ST006,QAR,PRK.1186,Mixed Berries,22,1430,1430,65
08/01/2023,GRA,ST006,QAR,PRK.1194,Lotus Cheesecake,15,345,345,23
08/01/2023,GRA,ST006,QAR,PRK.1196,Chia Blueberry Yodurt,24,408,408,17
08/01/2023,GRA,ST006,QAR,PRK.1201,Iced Flat White,18,180,180,10
08/01/2023,GRA,ST006,QAR,PRK.1203,Iced Spanish Latte,20,360,360,18
08/01/2023,GRA,ST006,QAR,PRK.1204,Iced Latte,18,378,378,21
08/01/2023,GRA,ST006,QAR,PRK.1205,Iced Americano,15,1020,1020,68
08/01/2023,GRA,ST006,QAR,PRK.1235,Margherita Pizza small,30,120,120,4
08/01/2023,GRA,ST006,QAR,PRK.1236,BBQ chicken Pizza small,35,140,140,4
08/01/2023,GRA,ST006,QAR,PRK.1262,Highland Still,5,6705,6705,1341
08/01/2023,GRA,ST006,QAR,PRK.1265,Perrier Sparkling,9,171,171,19
08/01/2023,GRA,ST006,QAR,PRK.1291,Coke,5,285,285,57
08/01/2023,GRA,ST006,QAR,PRK.1292,Diet Coke,5,400,400,80
08/01/2023,GRA,ST006,QAR,PRK.1351,Espresso Single,12,1716,1716,143
08/01/2023,GRA,ST006,QAR,PRK.1353,Americano Hot,15,1335,1335,89
08/01/2023,GRA,ST006,QAR,PRK.1354,Flat White Hot,18,774,774,43
08/01/2023,GRA,ST006,QAR,PRK.1355,Cappucino,18,864,864,48
08/01/2023,GRA,ST006,QAR,PRK.1356,Cortado,18,108,108,6
08/01/2023,GRA,ST006,QAR,PRK.1358,Spanish Latte,20,980,980,49
08/01/2023,GRA,ST006,QAR,PRK.1359,Classic Mocha,25,100,100,4
08/01/2023,GRA,ST006,QAR,PRK.1360,Slated Caramel Mocha,25,75,75,3
08/01/2023,GRA,ST006,QAR,PRK.1362,Double Espresso,14,896,896,64
08/01/2023,GRA,ST006,QAR,PRK.1363,Latte Hot,18,234,234,13
08/01/2023,GRA,ST006,QAR,PRK.1372,Hot Cocoa,24,48,48,2
08/01/2023,GRA,ST006,QAR,PRK.1373,Hibiscus Iced tea,18,234,234,13
08/01/2023,GRA,ST006,QAR,PRK.1374,Peach Iced Tea,18,198,198,11
08/01/2023,GRA,ST006,QAR,PRK.1375,Matcha Latte,25,150,150,6
08/01/2023,GRA,ST006,QAR,PRK.1377,Fresh Milk,10,540,540,54
08/01/2023,GRA,ST006,QAR,PRK.1386,Orange Juice,22,1738,1738,79
08/01/2023,GRA,ST006,QAR,PRK.1390,Morning Boost,24,624,624,26
08/01/2023,GRA,ST006,QAR,PRK.1392,Immune Boost,22,792,792,36
08/01/2023,GRA,ST006,QAR,PRK.1396,Ginger Aid Shot,18,1242,1242,69
08/01/2023,GRA,ST006,QAR,PRK.1402,Laban Drink,18,432,432,24
08/01/2023,GRA,ST006,QAR,PRK.1404,Green Boost Juice,24,840,840,35
08/01/2023,GRA,ST006,QAR,PRK.1406,Beetroot & Apple Juice,20,860,860,43
08/01/2023,GRA,ST006,QAR,PRK.1409,Turmeric wellness shot,16,576,576,36
08/01/2023,GRA,ST006,QAR,PRK.1412, Mini Cup Yogurt,14,42,42,3
08/01/2023,GRA,ST006,QAR,PRK.1418, Mini Cup Yogurt/Topping,18,18,18,1
08/01/2023,GRA,ST006,QAR,PRK.1429,Mini Mango Ice Cream,14,2366,2366,169
08/01/2023,GRA,ST006,QAR,PRK.1430,Regular Mango Ice Cream,21,1344,1344,64
08/01/2023,GRA,ST006,QAR,PRK.1431,Large Mango Ice Cream,23,1380,1380,60
08/01/2023,GRA,ST006,QAR,PRK.1432,Mini Mango Ice Cream/Topp,18,864,864,48
08/01/2023,GRA,ST006,QAR,PRK.1433,Reg Mango Ice cream/Topp,26,962,962,37
08/01/2023,GRA,ST006,QAR,PRK.1434,Large Mango Ice Cream/Top,30,480,480,16
08/01/2023,GRA,ST006,QAR,PRK.1435,Mini Cup Milky Ice Cream,14,560,560,40
08/01/2023,GRA,ST006,QAR,PRK.1436,Reg Cup Milky Ice Cream,21,294,294,14
08/01/2023,GRA,ST006,QAR,PRK.1437,Lrge Cup Milky Ice Cream,23,46,46,2
08/01/2023,GRA,ST006,QAR,PRK.1438,Mini Cup Milky Ice C/Top,18,342,342,19
08/01/2023,GRA,ST006,QAR,PRK.1439,Reg Cup Milky Ice Cre/Top,26,156,156,6
08/01/2023,GRA,ST006,QAR,PRK.1440,Lrge Cup Milky Ice Cr/Top,30,60,60,2
08/01/2023,GRA,ST006,QAR,PRK.1464,Fresh Pineapple,3,6,6,2
08/01/2023,GRA,ST006,QAR,PRK.1469,Kiwi Fruit,3,6,6,2
08/01/2023,GRA,ST006,QAR,PRK.1470,Lotus Biscuit,3,6,6,2
08/01/2023,GRA,ST006,QAR,PRK.1474,Spaghetti Bolognese,45,1845,1845,41
08/01/2023,GRA,ST006,QAR,PRK.1475,Salmon with Cilantro Rice,65,1690,1690,26
08/01/2023,GRA,ST006,QAR,PRK.1476,Chicken Noodle Bowl,40,80,80,2
08/01/2023,GRA,ST006,QAR,PRK.1477,BBQ Steak,45,720,720,16
08/01/2023,GRA,ST006,QAR,PRK.1478,Rib eye Steak with Vegeta,55,1045,1045,19
08/01/2023,GRA,ST006,QAR,PRK.1479,Lasagne Pasta,45,540,540,12
08/01/2023,GRA,ST006,QAR,PRK.1480,Steak cajun potato,50,2100,2100,42
08/01/2023,GRA,ST006,QAR,PRK.1501,pomegranate,3,66,66,22
08/01/2023,GRA,ST006,QAR,PRK.1502,Strawberry,3,180,180,60
08/01/2023,GRA,ST006,QAR,PRK.1505,Salted Caramel,3,3,3,1
08/01/2023,GRA,ST006,QAR,PRK.1507,Crispy Crepe,3,69,69,23
08/01/2023,GRA,ST006,QAR,PRK.1508,Granola,3,60,60,20
08/01/2023,GRA,ST006,QAR,PRK.1509,Coconut Flakes,3,6,6,2
08/01/2023,GRA,ST006,QAR,PRK.1510,Crushed Graham,3,15,15,5
08/01/2023,GRA,ST006,QAR,PRK.1514,Dulce de Leche,3,3,3,1
08/01/2023,GRA,ST006,QAR,PRK.1520,Mixed Berries Sauce,3,12,12,4
08/01/2023,GRA,ST006,QAR,PRK.1521,Mango Sauce,3,108,108,36
08/01/2023,GRA,ST006,QAR,PRK.1523,Peanut Butter Sauce,3,24,24,8
08/01/2023,GRA,ST006,QAR,PRK.1527,Mango,3,156,156,52
08/01/2023,GRA,ST006,QAR,PRK.1531,Power Shake,35,3885,3885,111
08/01/2023,GRA,ST006,QAR,PRK.1532,Peanut Power Shake,35,5460,5460,156
08/01/2023,GRA,ST006,QAR,PRK.1533,Pre-workout protein shak,45,315,315,7
08/01/2023,GRA,ST006,QAR,PRK.1534,Choco Power Shake,35,6335,6335,181
08/01/2023,GRA,ST006,QAR,PRK.1536,Energizer protine Shakes,45,2115,2115,47
08/01/2023,GRA,ST006,QAR,PRK.1538,Pre-workout shake,35,210,210,6
08/01/2023,GRA,ST006,QAR,PRK.1540,Energizer shakes,35,490,490,14
08/01/2023,GRA,ST006,QAR,PRK.1541,Caffeine Shake,40,40,40,1
08/01/2023,GRA,ST006,QAR,PRK.1542,14oz Pre-work out Protein,40,160,160,4
08/01/2023,GRA,ST006,QAR,PRK.1545,14oz Energizer protine,40,840,840,21
08/01/2023,GRA,ST006,QAR,PRK.1546,14oz Pre-workout shake,30,30,30,1
08/01/2023,GRA,ST006,QAR,PRK.1548,14oz Energizer shakes,30,210,210,7
08/01/2023,GRA,ST006,QAR,PRK.1550,Extra Protein,10,590,590,59
08/01/2023,GRA,ST006,QAR,PRK.1551,Nut Butters,10,390,390,39
08/01/2023,GRA,ST006,QAR,PRK.1552,Maca powder,10,10,10,1
08/01/2023,GRA,ST006,QAR,PRK.1553,Spirulina powder,10,10,10,1
08/01/2023,GRA,ST006,QAR,PRK.1556,BCAA Recovery Booster,20,260,260,13
08/01/2023,GRA,ST006,QAR,PRK.1581,Mini coconut frz yog I/C,14,756,756,54
08/01/2023,GRA,ST006,QAR,PRK.1582,Regular coconut frz yog I,21,147,147,7
08/01/2023,GRA,ST006,QAR,PRK.1583,Large coconut frz yog I/C,23,92,92,4
08/01/2023,GRA,ST006,QAR,PRK.1584,Mini coconut frz yog  Top,18,198,198,11
08/01/2023,GRA,ST006,QAR,PRK.1585,Reg- coconut frz yog Top,26,130,130,5
08/01/2023,GRA,ST006,QAR,PRK.1586,Large coconut frz yog  To,30,180,180,6
08/01/2023,GRA,ST006,QAR,PRK.1587,Supersize,45,405,405,9
08/01/2023,GRA,ST006,QAR,PRK.1588,Acai Small,35,2730,2730,78
08/01/2023,GRA,ST006,QAR,PRK.1589,Acai Large,40,560,560,14
08/01/2023,GRA,ST006,QAR,PRK.1592,Watermelon Coolex,24,216,216,9
08/01/2023,GRA,ST006,QAR,PRK.1593,Tropicana,24,672,672,28
08/01/2023,GRA,ST006,QAR,PRK.1621,Orange loaf,12,288,288,24
08/01/2023,GRA,ST006,QAR,PRK.1623,Brownie flavour cookies,10,1070,1070,107
08/01/2023,GRA,ST006,QAR,PRK.1628,Brownie bites,13,637,637,49
08/01/2023,GRA,ST006,QAR,PRK.1632,Turkey cheese roll,19,285,285,15
08/01/2023,GRA,ST006,QAR,PRK.1633,Spinach feta roll,18,72,72,4
08/01/2023,GRA,ST006,QAR,PRK.1634,Madeleine,12,384,384,32
08/01/2023,GRA,ST006,QAR,PRK.1681,Salted Caramel Mocha,24,48,48,2
08/01/2023,GRA,ST006,QAR,PRK.1682,■Matcha Frappe,26,702,702,27
08/01/2023,GRA,ST006,QAR,PRK.1711,Pomegranate Pot,18,486,486,27
08/01/2023,GRA,ST006,QAR,PRK.1712,Mango Peach Muesli Pot,24,240,240,10
08/01/2023,GRA,ST006,QAR,PRK.1713,Overnight oats PB&Jam,25,825,825,33
08/01/2023,GRA,ST006,QAR,PRK.1741,Spicy Tuna sandwich,26,832,832,32
08/01/2023,GRA,ST006,QAR,PRK.1742,Three cheese,22,264,264,12
08/01/2023,GRA,ST006,QAR,PRK.1743,Falafel and Labna,25,225,225,9
08/01/2023,GRA,ST006,QAR,PRK.1748,Chicken Shawarma,18,630,630,35
08/01/2023,GRA,ST006,QAR,PRK.1749,Tenderloin Beef Shawarma,22,308,308,14
08/01/2023,GRA,ST006,QAR,PRK.1752,Club sandwich,30,1110,1110,37
08/01/2023,GRA,ST006,QAR,PRK.1753,Slider Chicken Burger,38,950,950,25
08/01/2023,GRA,ST006,QAR,PRK.1754,Slider Beef Burger,39,1014,1014,26
08/01/2023,GRA,ST006,QAR,PRK.1771,Pistachio Arabeshi,5,240,240,48
08/01/2023,GRA,ST006,QAR,PRK.1772,Fresh Raspberry,5,135,135,27
08/01/2023,GRA,ST006,QAR,PRK.1773,Fresh blueberry,5,140,140,28
08/01/2023,GRA,ST006,QAR,PRK.1774,Chocolate Flakes,5,65,65,13
08/01/2023,GRA,ST006,QAR,PRK.1775,Honey Comb,5,155,155,31
08/01/2023,GRA,ST006,QAR,PRK.1776,Milk powder,3,3,3,1
08/01/2023,GRA,ST006,QAR,PRK.4501,Full Fat Milk,0,0,0,5
08/01/2023,GRA,ST006,QAR,PRK.4502,Low Fat Milk,0,0,0,6
08/01/2023,GRA,ST006,QAR,PRK.4503,Almond Milk,2,366,366,183
08/01/2023,GRA,ST006,QAR,PRK.4504,Soya Milk,2,70,70,35
08/01/2023,GRA,ST006,QAR,PRK.4517,Vanilla Flavor,0,0,0,1
08/01/2023,GRA,ST006,QAR,PRK.4519,Caramel flavor,0,0,0,1
08/01/2023,GRA,ST006,QAR,PRK.4521,Oat Milk,2,2,2,1
08/01/2023,GRA,ST006,QAR,PRK.4522,Skimmed Milk,2,88,88,44
08/01/2023,GRA,ST006,QAR,PRK.4523,Coconut Milk,2,36,36,18
08/01/2023,GRA,ST006,QAR,PRK.4531,w/ Granola,0,0,0,24
08/01/2023,GRA,ST006,QAR,PRK.4534,w/ Coconut Flakes,0,0,0,13
08/01/2023,GRA,ST006,QAR,PRK.4535,w/ Crispy Crepe,0,0,0,20
08/01/2023,GRA,ST006,QAR,PRK.4537,w/ Mixed Berries Sauce,0,0,0,21
08/01/2023,GRA,ST006,QAR,PRK.4541,w/ Strawberry,0,0,0,77
08/01/2023,GRA,ST006,QAR,PRK.4543,w/ Salted Caramel,0,0,0,2
08/01/2023,GRA,ST006,QAR,PRK.4544,w/ Pomegranate,0,0,0,36
08/01/2023,GRA,ST006,QAR,PRK.4549,w/ Mango Sauce,0,0,0,3
08/01/2023,GRA,ST006,QAR,PRK.4550,w/ Mango,0,0,0,81
08/01/2023,GRA,ST006,QAR,PRK.4551,w/ Peanut Butter Sauce,0,0,0,9
08/01/2023,GRA,ST006,QAR,PRK.4556,w/ Fresh Pineapple,0,0,0,5
08/01/2023,GRA,ST006,QAR,PRK.4557,w/ Kiwi Fruit,0,0,0,1
08/01/2023,GRA,ST006,QAR,PRK.4558,w/ Lotus Biscuit,0,0,0,3
08/01/2023,GRA,ST006,QAR,PRK.4562,MIXED MANGO YOGURT,0,0,0,21
