DATE,BRANCHCODE,WAREHOUSECODE,CURRENCY,ERPCODE,ITEMNAME,RAWPRICE,GROSSAMT,NETVALUE,QTYSOLD
04/01/2023,GRA,ST006,QAR,PRK.902,Granola,55,660,660,12
04/01/2023,GRA,ST006,QAR,PRK.907,Zaatar Chips,6,30,30,5
04/01/2023,GRA,ST006,QAR,PRK.909,Spicy Pesto Chips,6,24,24,4
04/01/2023,GRA,ST006,QAR,PRK.910,Graze Spicy Mix Sml,25,200,200,8
04/01/2023,GRA,ST006,QAR,PRK.911,Graze House Mix Sml,25,50,50,2
04/01/2023,GRA,ST006,QAR,PRK.937,Baby Mozzarella Salad,45,225,225,5
04/01/2023,GRA,ST006,QAR,PRK.938,4 Grain Salad with Beetro,55,220,220,4
04/01/2023,GRA,ST006,QAR,PRK.939,Steak Salad with Green Sa,55,550,550,10
04/01/2023,GRA,ST006,QAR,PRK.962,Extra flavor,3,33,33,11
04/01/2023,GRA,ST006,QAR,PRK.994,Crsnt w Egg/Avaca/ SunTom,24,264,264,11
04/01/2023,GRA,ST006,QAR,PRK.995,Egg Burrito,20,540,540,27
04/01/2023,GRA,ST006,QAR,PRK.996,Blueberry Granola parfait,25,550,550,22
04/01/2023,GRA,ST006,QAR,PRK.997,Yog Dates Chia Pista Alm,22,616,616,28
04/01/2023,GRA,ST006,QAR,PRK.1007,Zatar Croissant,16,112,112,7
04/01/2023,GRA,ST006,QAR,PRK.1010,Tomato Puff Pastry,16,64,64,4
04/01/2023,GRA,ST006,QAR,PRK.1012,Three Berry Yogurt & Date,25,400,400,16
04/01/2023,GRA,ST006,QAR,PRK.1015,Kiri Cheese Danish,14,420,420,30
04/01/2023,GRA,ST006,QAR,PRK.1016,Plain Croissant,10,110,110,11
04/01/2023,GRA,ST006,QAR,PRK.1021,Shirazi Salad,12,144,144,12
04/01/2023,GRA,ST006,QAR,PRK.1023,Falafel Salad,45,360,360,8
04/01/2023,GRA,ST006,QAR,PRK.1024,Quinoa Swt potato Salad,40,40,40,1
04/01/2023,GRA,ST006,QAR,PRK.1027,Mex Chkn Chilli Bean Sld,40,840,840,21
04/01/2023,GRA,ST006,QAR,PRK.1031,Teriyaki GRAZE Salmn,55,1815,1815,33
04/01/2023,GRA,ST006,QAR,PRK.1039,Keto Chicken Salad,40,400,400,10
04/01/2023,GRA,ST006,QAR,PRK.1046,Greek Salad,30,420,420,14
04/01/2023,GRA,ST006,QAR,PRK.1047,Chicken Noodle Salad,40,40,40,1
04/01/2023,GRA,ST006,QAR,PRK.1048,Mexican  Caesar Salad chk,39,1716,1716,44
04/01/2023,GRA,ST006,QAR,PRK.1049,ROCCA SALAD,22,176,176,8
04/01/2023,GRA,ST006,QAR,PRK.1052,Smoke Turkey Sandwich,34,1054,1054,31
04/01/2023,GRA,ST006,QAR,PRK.1054,lemon&Rosemary Chkn,36,1980,1980,55
04/01/2023,GRA,ST006,QAR,PRK.1057,Steak & Philly Chz SW,32,544,544,17
04/01/2023,GRA,ST006,QAR,PRK.1063,Egg Mayo with Rocket,20,160,160,8
04/01/2023,GRA,ST006,QAR,PRK.1068,Crispy Chicken Bun,24,288,288,12
04/01/2023,GRA,ST006,QAR,PRK.1077,Spicy Halloumi,38,266,266,7
04/01/2023,GRA,ST006,QAR,PRK.1083,Chkn Soup,19,304,304,16
04/01/2023,GRA,ST006,QAR,PRK.1086,Lamb Soup,35,210,210,6
04/01/2023,GRA,ST006,QAR,PRK.1087,Lentil Soup,20,460,460,23
04/01/2023,GRA,ST006,QAR,PRK.1089,Vegetable soup,16,144,144,9
04/01/2023,GRA,ST006,QAR,PRK.1090,Tom kha soup,28,28,28,1
04/01/2023,GRA,ST006,QAR,PRK.1113,Chkn Katsu Curry,45,2790,2790,62
04/01/2023,GRA,ST006,QAR,PRK.1115,Mushroom Pasta,40,1080,1080,27
04/01/2023,GRA,ST006,QAR,PRK.1119,Chicken Biryani,45,2295,2295,51
04/01/2023,GRA,ST006,QAR,PRK.1121,Chinese Sesame Chicken,40,2520,2520,63
04/01/2023,GRA,ST006,QAR,PRK.1127,Rock Shrimp,45,1935,1935,43
04/01/2023,GRA,ST006,QAR,PRK.1133,Lamb  Kabsa,45,1845,1845,41
04/01/2023,GRA,ST006,QAR,PRK.1140,Chicken Curry & Saffron r,43,1806,1806,42
04/01/2023,GRA,ST006,QAR,PRK.1141,CRAB BOWL,28,616,616,22
04/01/2023,GRA,ST006,QAR,PRK.1145,Yoghurt & Cucumber dip,12,84,84,7
04/01/2023,GRA,ST006,QAR,PRK.1146,Spicy Guacamole Pot,13,52,52,4
04/01/2023,GRA,ST006,QAR,PRK.1149,Edamame Pot,12,156,156,13
04/01/2023,GRA,ST006,QAR,PRK.1159,Greek Tabbouleh,20,180,180,9
04/01/2023,GRA,ST006,QAR,PRK.1160,Egg pot,16,16,16,1
04/01/2023,GRA,ST006,QAR,PRK.1173,Choco Chia Energy Ball,30,1260,1260,42
04/01/2023,GRA,ST006,QAR,PRK.1175,Pecan Bars,14,238,238,17
04/01/2023,GRA,ST006,QAR,PRK.1177,Carrot Cake,15,165,165,11
04/01/2023,GRA,ST006,QAR,PRK.1183,Bannana,2,416,416,208
04/01/2023,GRA,ST006,QAR,PRK.1184,Watermelon,18,1008,1008,56
04/01/2023,GRA,ST006,QAR,PRK.1185,Pineapplemix,18,702,702,39
04/01/2023,GRA,ST006,QAR,PRK.1186,Mixed Berries,22,1716,1716,78
04/01/2023,GRA,ST006,QAR,PRK.1194,Lotus Cheesecake,15,195,195,13
04/01/2023,GRA,ST006,QAR,PRK.1196,Chia Blueberry Yodurt,24,192,192,8
04/01/2023,GRA,ST006,QAR,PRK.1201,Iced Flat White,18,36,36,2
04/01/2023,GRA,ST006,QAR,PRK.1203,Iced Spanish Latte,20,140,140,7
04/01/2023,GRA,ST006,QAR,PRK.1204,Iced Latte,18,270,270,15
04/01/2023,GRA,ST006,QAR,PRK.1205,Iced Americano,15,135,135,9
04/01/2023,GRA,ST006,QAR,PRK.1234,Pepperoni Pizza small,40,120,120,3
04/01/2023,GRA,ST006,QAR,PRK.1235,Margherita Pizza small,30,150,150,5
04/01/2023,GRA,ST006,QAR,PRK.1236,BBQ chicken Pizza small,35,245,245,7
04/01/2023,GRA,ST006,QAR,PRK.1262,Highland Still,5,3510,3510,702
04/01/2023,GRA,ST006,QAR,PRK.1265,Perrier Sparkling,9,90,90,10
04/01/2023,GRA,ST006,QAR,PRK.1291,Coke,5,300,300,60
04/01/2023,GRA,ST006,QAR,PRK.1292,Diet Coke,5,255,255,51
04/01/2023,GRA,ST006,QAR,PRK.1332,Stay Home w/ Graze R 8 X1,240,240,240,1
04/01/2023,GRA,ST006,QAR,PRK.1351,Espresso Single,12,684,684,57
04/01/2023,GRA,ST006,QAR,PRK.1353,Americano Hot,15,495,495,33
04/01/2023,GRA,ST006,QAR,PRK.1354,Flat White Hot,18,648,648,36
04/01/2023,GRA,ST006,QAR,PRK.1355,Cappucino,18,396,396,22
04/01/2023,GRA,ST006,QAR,PRK.1356,Cortado,18,54,54,3
04/01/2023,GRA,ST006,QAR,PRK.1358,Spanish Latte,20,320,320,16
04/01/2023,GRA,ST006,QAR,PRK.1359,Classic Mocha,25,50,50,2
04/01/2023,GRA,ST006,QAR,PRK.1360,Slated Caramel Mocha,25,100,100,4
04/01/2023,GRA,ST006,QAR,PRK.1362,Double Espresso,14,126,126,9
04/01/2023,GRA,ST006,QAR,PRK.1363,Latte Hot,18,90,90,5
04/01/2023,GRA,ST006,QAR,PRK.1372,Hot Cocoa,24,24,24,1
04/01/2023,GRA,ST006,QAR,PRK.1375,Matcha Latte,25,225,225,9
04/01/2023,GRA,ST006,QAR,PRK.1377,Fresh Milk,10,380,380,38
04/01/2023,GRA,ST006,QAR,PRK.1386,Orange Juice,22,1034,1034,47
04/01/2023,GRA,ST006,QAR,PRK.1390,Morning Boost,24,360,360,15
04/01/2023,GRA,ST006,QAR,PRK.1392,Immune Boost,22,572,572,26
04/01/2023,GRA,ST006,QAR,PRK.1396,Ginger Aid Shot,18,1476,1476,82
04/01/2023,GRA,ST006,QAR,PRK.1402,Laban Drink,18,198,198,11
04/01/2023,GRA,ST006,QAR,PRK.1403,Vimto Juice,18,792,252,44
04/01/2023,GRA,ST006,QAR,PRK.1404,Green Boost Juice,24,288,288,12
04/01/2023,GRA,ST006,QAR,PRK.1406,Beetroot & Apple Juice,20,460,460,23
04/01/2023,GRA,ST006,QAR,PRK.1409,Turmeric wellness shot,16,448,448,28
04/01/2023,GRA,ST006,QAR,PRK.1412, Mini Cup Yogurt,14,378,378,27
04/01/2023,GRA,ST006,QAR,PRK.1413,Regular Cup Yogurt,21,399,399,19
04/01/2023,GRA,ST006,QAR,PRK.1416,Large Cup Yogurt,23,115,115,5
04/01/2023,GRA,ST006,QAR,PRK.1418, Mini Cup Yogurt/Topping,18,162,162,9
04/01/2023,GRA,ST006,QAR,PRK.1419,Reg Cup Yogurt/Toping,26,260,260,10
04/01/2023,GRA,ST006,QAR,PRK.1422,Large Cup Yogurt/Topping,30,90,90,3
04/01/2023,GRA,ST006,QAR,PRK.1429,Mini Mango Ice Cream,14,1386,1386,99
04/01/2023,GRA,ST006,QAR,PRK.1430,Regular Mango Ice Cream,21,1344,1344,64
04/01/2023,GRA,ST006,QAR,PRK.1431,Large Mango Ice Cream,23,506,506,22
04/01/2023,GRA,ST006,QAR,PRK.1432,Mini Mango Ice Cream/Topp,18,504,504,28
04/01/2023,GRA,ST006,QAR,PRK.1433,Reg Mango Ice cream/Topp,26,728,728,28
04/01/2023,GRA,ST006,QAR,PRK.1434,Large Mango Ice Cream/Top,30,240,240,8
04/01/2023,GRA,ST006,QAR,PRK.1470,Lotus Biscuit,3,3,3,1
04/01/2023,GRA,ST006,QAR,PRK.1474,Spaghetti Bolognese,45,585,585,13
04/01/2023,GRA,ST006,QAR,PRK.1475,Salmon with Cilantro Rice,65,1560,1560,24
04/01/2023,GRA,ST006,QAR,PRK.1476,Chicken Noodle Bowl,40,520,520,13
04/01/2023,GRA,ST006,QAR,PRK.1477,BBQ Steak,45,585,585,13
04/01/2023,GRA,ST006,QAR,PRK.1478,Rib eye Steak with Vegeta,55,935,935,17
04/01/2023,GRA,ST006,QAR,PRK.1479,Lasagne Pasta,45,270,270,6
04/01/2023,GRA,ST006,QAR,PRK.1480,Steak cajun potato,50,1900,1900,38
04/01/2023,GRA,ST006,QAR,PRK.1501,pomegranate,3,42,42,14
04/01/2023,GRA,ST006,QAR,PRK.1502,Strawberry,3,108,108,36
04/01/2023,GRA,ST006,QAR,PRK.1505,Salted Caramel,3,9,9,3
04/01/2023,GRA,ST006,QAR,PRK.1507,Crispy Crepe,3,15,15,5
04/01/2023,GRA,ST006,QAR,PRK.1508,Granola,3,42,42,14
04/01/2023,GRA,ST006,QAR,PRK.1509,Coconut Flakes,3,33,33,11
04/01/2023,GRA,ST006,QAR,PRK.1520,Mixed Berries Sauce,3,24,24,8
04/01/2023,GRA,ST006,QAR,PRK.1521,Mango Sauce,3,6,6,2
04/01/2023,GRA,ST006,QAR,PRK.1523,Peanut Butter Sauce,3,15,15,5
04/01/2023,GRA,ST006,QAR,PRK.1527,Mango,3,120,120,40
04/01/2023,GRA,ST006,QAR,PRK.1531,Power Shake,35,2765,2765,79
04/01/2023,GRA,ST006,QAR,PRK.1532,Peanut Power Shake,35,2975,2975,85
04/01/2023,GRA,ST006,QAR,PRK.1533,Pre-workout protein shak,45,90,90,2
04/01/2023,GRA,ST006,QAR,PRK.1534,Choco Power Shake,35,3570,3570,102
04/01/2023,GRA,ST006,QAR,PRK.1536,Energizer protine Shakes,45,1170,1170,26
04/01/2023,GRA,ST006,QAR,PRK.1538,Pre-workout shake,35,105,105,3
04/01/2023,GRA,ST006,QAR,PRK.1540,Energizer shakes,35,140,140,4
04/01/2023,GRA,ST006,QAR,PRK.1542,14oz Pre-work out Protein,40,80,80,2
04/01/2023,GRA,ST006,QAR,PRK.1545,14oz Energizer protine,40,920,920,23
04/01/2023,GRA,ST006,QAR,PRK.1548,14oz Energizer shakes,30,30,30,1
04/01/2023,GRA,ST006,QAR,PRK.1550,Extra Protein,10,650,650,65
04/01/2023,GRA,ST006,QAR,PRK.1551,Nut Butters,10,260,260,26
04/01/2023,GRA,ST006,QAR,PRK.1556,BCAA Recovery Booster,20,120,120,6
04/01/2023,GRA,ST006,QAR,PRK.1580,Ogaily cardamom ice cream,30,1680,1680,56
04/01/2023,GRA,ST006,QAR,PRK.1587,Supersize,45,180,180,4
04/01/2023,GRA,ST006,QAR,PRK.1588,Acai Small,35,980,980,28
04/01/2023,GRA,ST006,QAR,PRK.1589,Acai Large,40,360,360,9
04/01/2023,GRA,ST006,QAR,PRK.1592,Watermelon Coolex,24,72,72,3
04/01/2023,GRA,ST006,QAR,PRK.1593,Tropicana,24,144,144,6
04/01/2023,GRA,ST006,QAR,PRK.1621,Orange loaf,12,228,228,19
04/01/2023,GRA,ST006,QAR,PRK.1623,Brownie flavour cookies,10,280,280,28
04/01/2023,GRA,ST006,QAR,PRK.1628,Brownie bites,13,377,377,29
04/01/2023,GRA,ST006,QAR,PRK.1632,Turkey cheese roll,19,456,456,24
04/01/2023,GRA,ST006,QAR,PRK.1633,Spinach feta roll,18,18,18,1
04/01/2023,GRA,ST006,QAR,PRK.1634,Madeleine,12,216,216,18
04/01/2023,GRA,ST006,QAR,PRK.1651,■PB & Jam sourdough bread,18,306,306,17
04/01/2023,GRA,ST006,QAR,PRK.1682,■Matcha Frappe,26,364,364,14
04/01/2023,GRA,ST006,QAR,PRK.1711,Pomegranate Pot,18,360,360,20
04/01/2023,GRA,ST006,QAR,PRK.1712,Mango Peach Muesli Pot,24,96,96,4
04/01/2023,GRA,ST006,QAR,PRK.1713,Overnight oats PB&Jam,25,200,200,8
04/01/2023,GRA,ST006,QAR,PRK.1741,Spicy Tuna sandwich,26,312,312,12
04/01/2023,GRA,ST006,QAR,PRK.1742,Three cheese,22,110,110,5
04/01/2023,GRA,ST006,QAR,PRK.1743,Falafel and Labna,25,150,150,6
04/01/2023,GRA,ST006,QAR,PRK.1748,Chicken Shawarma,18,504,504,28
04/01/2023,GRA,ST006,QAR,PRK.1749,Tenderloin Beef Shawarma,22,352,352,16
04/01/2023,GRA,ST006,QAR,PRK.1750,Cream Cheese Roll,9,135,0,15
04/01/2023,GRA,ST006,QAR,PRK.1751,Egg Mayo Roll,9,135,0,15
04/01/2023,GRA,ST006,QAR,PRK.1752,Club sandwich,30,900,900,30
04/01/2023,GRA,ST006,QAR,PRK.1771,Pistachio Arabeshi,5,120,120,24
04/01/2023,GRA,ST006,QAR,PRK.1772,Fresh Raspberry,5,125,125,25
04/01/2023,GRA,ST006,QAR,PRK.1773,Fresh blueberry,5,120,120,24
04/01/2023,GRA,ST006,QAR,PRK.1774,Chocolate Flakes,5,25,25,5
04/01/2023,GRA,ST006,QAR,PRK.1775,Honey Comb,5,10,10,2
04/01/2023,GRA,ST006,QAR,PRK.4501,Full Fat Milk,0,0,0,1
04/01/2023,GRA,ST006,QAR,PRK.4502,Low Fat Milk,0,0,0,3
04/01/2023,GRA,ST006,QAR,PRK.4503,Almond Milk,2,344,344,172
04/01/2023,GRA,ST006,QAR,PRK.4504,Soya Milk,2,30,30,15
04/01/2023,GRA,ST006,QAR,PRK.4517,Vanilla Flavor,0,0,0,6
04/01/2023,GRA,ST006,QAR,PRK.4519,Caramel flavor,0,0,0,3
04/01/2023,GRA,ST006,QAR,PRK.4531,w/ Granola,0,0,0,24
04/01/2023,GRA,ST006,QAR,PRK.4533,w/ Pretzel,0,0,0,1
04/01/2023,GRA,ST006,QAR,PRK.4534,w/ Coconut Flakes,0,0,0,5
04/01/2023,GRA,ST006,QAR,PRK.4535,w/ Crispy Crepe,0,0,0,11
04/01/2023,GRA,ST006,QAR,PRK.4537,w/ Mixed Berries Sauce,0,0,0,2
04/01/2023,GRA,ST006,QAR,PRK.4541,w/ Strawberry,0,0,0,33
04/01/2023,GRA,ST006,QAR,PRK.4543,w/ Salted Caramel,0,0,0,5
04/01/2023,GRA,ST006,QAR,PRK.4544,w/ Pomegranate,0,0,0,28
04/01/2023,GRA,ST006,QAR,PRK.4545,w/ Dulce de leche,0,0,0,3
04/01/2023,GRA,ST006,QAR,PRK.4549,w/ Mango Sauce,0,0,0,4
04/01/2023,GRA,ST006,QAR,PRK.4550,w/ Mango,0,0,0,45
04/01/2023,GRA,ST006,QAR,PRK.4551,w/ Peanut Butter Sauce,0,0,0,5
04/01/2023,GRA,ST006,QAR,PRK.4552,w/ Crushed Grahams,0,0,0,1
04/01/2023,GRA,ST006,QAR,PRK.4556,w/ Fresh Pineapple,0,0,0,5
04/01/2023,GRA,ST006,QAR,PRK.4557,w/ Kiwi Fruit,0,0,0,2
04/01/2023,GRA,ST006,QAR,PRK.4558,w/ Lotus Biscuit,0,0,0,7
04/01/2023,GRA,ST006,QAR,PRK.4561,MIXED FROZEN YOGURT,0,0,0,11
04/01/2023,GRA,ST006,QAR,PRK.4562,MIXED MANGO YOGURT,0,0,0,7
