DATE,BRANCHCODE,WAREHOUSECODE,CURRENCY,ERPCODE,ITEMNAME,RAWPRICE,GROSSAMT,NETVALUE,QTYSOLD
09/01/2022,GRA,ST009,QAR,PRK.902,Granola,55,1320,1320,24
09/01/2022,GRA,ST009,QAR,PRK.907,Zaatar Chips,6,162,162,27
09/01/2022,GRA,ST009,QAR,PRK.909,Spicy Pesto Chips,6,156,156,26
09/01/2022,GRA,ST009,QAR,PRK.910,Graze Spicy Mix Sml,25,300,300,12
09/01/2022,GRA,ST009,QAR,PRK.911,Graze House Mix Sml,25,575,575,23
09/01/2022,GRA,ST009,QAR,PRK.962,Extra flavor,3,42,42,14
09/01/2022,GRA,ST009,QAR,PRK.994,Crsnt w Egg/Avaca/ SunTom,24,696,696,29
09/01/2022,GRA,ST009,QAR,PRK.995,Egg Burrito,20,20,20,1
09/01/2022,GRA,ST009,QAR,PRK.996,Blueberry Granola parfait,25,1250,1250,50
09/01/2022,GRA,ST009,QAR,PRK.997,Yog Dates Chia Pista Alm,22,902,902,41
09/01/2022,GRA,ST009,QAR,PRK.1003,Cheese Croissant,16,160,160,10
09/01/2022,GRA,ST009,QAR,PRK.1007,Zatar Croissant,16,144,144,9
09/01/2022,GRA,ST009,QAR,PRK.1008,Chocolate Croissant,16,64,64,4
09/01/2022,GRA,ST009,QAR,PRK.1012,Three Berry Yogurt & Date,25,25,25,1
09/01/2022,GRA,ST009,QAR,PRK.1015,Kiri Cheese Danish,14,308,308,22
09/01/2022,GRA,ST009,QAR,PRK.1016,Plain Croissant,10,220,220,22
09/01/2022,GRA,ST009,QAR,PRK.1021,Shirazi Salad,12,252,252,21
09/01/2022,GRA,ST009,QAR,PRK.1023,Falafel Salad,45,1035,1035,23
09/01/2022,GRA,ST009,QAR,PRK.1024,Quinoa Swt potato Salad,40,120,120,3
09/01/2022,GRA,ST009,QAR,PRK.1027,Mex Chkn Chilli Bean Sld,40,1280,1280,32
09/01/2022,GRA,ST009,QAR,PRK.1031,Teriyaki GRAZE Salmn,55,2475,2475,45
09/01/2022,GRA,ST009,QAR,PRK.1034,BBQ Chick Peas,38,608,608,16
09/01/2022,GRA,ST009,QAR,PRK.1039,Keto Chicken Salad,40,840,840,21
09/01/2022,GRA,ST009,QAR,PRK.1044,Southern Chicken Salad,45,270,270,6
09/01/2022,GRA,ST009,QAR,PRK.1046,Greek Salad,30,480,480,16
09/01/2022,GRA,ST009,QAR,PRK.1048,Mexican  Caesar Salad chk,39,2613,2613,67
09/01/2022,GRA,ST009,QAR,PRK.1049,ROCCA SALAD,22,22,22,1
09/01/2022,GRA,ST009,QAR,PRK.1052,Smoke Turkey Sandwich,34,3162,3162,93
09/01/2022,GRA,ST009,QAR,PRK.1054,lemon&Rosemary Chkn,36,3060,3060,85
09/01/2022,GRA,ST009,QAR,PRK.1057,Steak & Philly Chz SW,32,1312,1312,41
09/01/2022,GRA,ST009,QAR,PRK.1063,Egg Mayo with Rocket,20,500,500,25
09/01/2022,GRA,ST009,QAR,PRK.1068,Crispy Chicken Bun,24,1056,1056,44
09/01/2022,GRA,ST009,QAR,PRK.1070,Chicken Pesto & Mozzarell,32,1888,1888,59
09/01/2022,GRA,ST009,QAR,PRK.1077,Spicy Halloumi,38,304,304,8
09/01/2022,GRA,ST009,QAR,PRK.1083,Chkn Soup,19,418,418,22
09/01/2022,GRA,ST009,QAR,PRK.1087,Lentil Soup,20,280,280,14
09/01/2022,GRA,ST009,QAR,PRK.1089,Vegetable soup,16,240,240,15
09/01/2022,GRA,ST009,QAR,PRK.1113,Chkn Katsu Curry,45,4590,4590,102
09/01/2022,GRA,ST009,QAR,PRK.1115,Mushroom Pasta,40,2040,2040,51
09/01/2022,GRA,ST009,QAR,PRK.1118,Steak With Mushroom Sauce,45,3465,3465,77
09/01/2022,GRA,ST009,QAR,PRK.1119,Chicken Biryani,45,4680,4680,104
09/01/2022,GRA,ST009,QAR,PRK.1121,Chinese Sesame Chicken,40,4040,4040,101
09/01/2022,GRA,ST009,QAR,PRK.1127,Rock Shrimp,45,2430,2430,54
09/01/2022,GRA,ST009,QAR,PRK.1133,Lamb  Kabsa,45,2520,2520,56
09/01/2022,GRA,ST009,QAR,PRK.1138,Spaghetti Bolognese,50,50,50,1
09/01/2022,GRA,ST009,QAR,PRK.1140,Chicken Curry & Saffron r,43,2150,2150,50
09/01/2022,GRA,ST009,QAR,PRK.1141,CRAB BOWL,28,140,140,5
09/01/2022,GRA,ST009,QAR,PRK.1145,Yoghurt & Cucumber dip,12,168,168,14
09/01/2022,GRA,ST009,QAR,PRK.1146,Spicy Guacamole Pot,13,299,299,23
09/01/2022,GRA,ST009,QAR,PRK.1149,Edamame Pot,12,324,324,27
09/01/2022,GRA,ST009,QAR,PRK.1159,Greek Tabbouleh,20,60,60,3
09/01/2022,GRA,ST009,QAR,PRK.1161,Labneh Beetroot,12,24,24,2
09/01/2022,GRA,ST009,QAR,PRK.1173,Choco Chia Energy Ball,30,840,840,28
09/01/2022,GRA,ST009,QAR,PRK.1175,Pecan Bars,14,266,266,19
09/01/2022,GRA,ST009,QAR,PRK.1177,Carrot Cake,15,285,285,19
09/01/2022,GRA,ST009,QAR,PRK.1178,Sweet Potatoe Choco Cake,15,285,285,19
09/01/2022,GRA,ST009,QAR,PRK.1183,Bannana,2,84,84,42
09/01/2022,GRA,ST009,QAR,PRK.1184,Watermelon,18,630,630,35
09/01/2022,GRA,ST009,QAR,PRK.1185,Pineapplemix,18,594,594,33
09/01/2022,GRA,ST009,QAR,PRK.1186,Mixed Berries,22,704,704,32
09/01/2022,GRA,ST009,QAR,PRK.1194,Lotus Cheesecake,15,675,675,45
09/01/2022,GRA,ST009,QAR,PRK.1201,Iced Flat White,18,108,108,6
09/01/2022,GRA,ST009,QAR,PRK.1203,Iced Spanish Latte,20,840,840,42
09/01/2022,GRA,ST009,QAR,PRK.1204,Iced Latte,18,504,504,28
09/01/2022,GRA,ST009,QAR,PRK.1205,Iced Americano,15,150,150,10
09/01/2022,GRA,ST009,QAR,PRK.1234,Pepperoni Pizza small,40,440,440,11
09/01/2022,GRA,ST009,QAR,PRK.1235,Margherita Pizza small,30,360,360,12
09/01/2022,GRA,ST009,QAR,PRK.1236,BBQ chicken Pizza small,35,280,280,8
09/01/2022,GRA,ST009,QAR,PRK.1262,Highland Still,5,1265,1265,253
09/01/2022,GRA,ST009,QAR,PRK.1265,Perrier Sparkling,9,198,198,22
09/01/2022,GRA,ST009,QAR,PRK.1291,Coke,5,255,255,51
09/01/2022,GRA,ST009,QAR,PRK.1292,Diet Coke,5,345,345,69
09/01/2022,GRA,ST009,QAR,PRK.1330,Stay Home w/ Graze R 4X1,130,130,130,1
09/01/2022,GRA,ST009,QAR,PRK.1335,Cool Box,15,15,15,1
09/01/2022,GRA,ST009,QAR,PRK.1351,Espresso Single,12,276,276,23
09/01/2022,GRA,ST009,QAR,PRK.1352,Macchiato,18,54,54,3
09/01/2022,GRA,ST009,QAR,PRK.1353,Americano Hot,15,555,555,37
09/01/2022,GRA,ST009,QAR,PRK.1354,Flat White Hot,18,990,990,55
09/01/2022,GRA,ST009,QAR,PRK.1355,Cappucino,18,1152,1152,64
09/01/2022,GRA,ST009,QAR,PRK.1356,Cortado,18,324,324,18
09/01/2022,GRA,ST009,QAR,PRK.1358,Spanish Latte,20,900,900,45
09/01/2022,GRA,ST009,QAR,PRK.1359,Classic Mocha,25,25,25,1
09/01/2022,GRA,ST009,QAR,PRK.1360,Slated Caramel Mocha,25,75,75,3
09/01/2022,GRA,ST009,QAR,PRK.1362,Double Espresso,14,392,392,28
09/01/2022,GRA,ST009,QAR,PRK.1363,Latte Hot,18,1530,1530,85
09/01/2022,GRA,ST009,QAR,PRK.1364,English B/F,12,168,168,14
09/01/2022,GRA,ST009,QAR,PRK.1365,Green Tea,12,24,24,2
09/01/2022,GRA,ST009,QAR,PRK.1372,Hot Cocoa,24,120,120,5
09/01/2022,GRA,ST009,QAR,PRK.1373,Hibiscus Iced tea,18,234,234,13
09/01/2022,GRA,ST009,QAR,PRK.1374,Peach Iced Tea,18,18,18,1
09/01/2022,GRA,ST009,QAR,PRK.1375,Matcha Latte,25,50,50,2
09/01/2022,GRA,ST009,QAR,PRK.1376,Cinnamon Latte,25,275,275,11
09/01/2022,GRA,ST009,QAR,PRK.1383,Watermelon & Coconut cool,20,40,40,2
09/01/2022,GRA,ST009,QAR,PRK.1386,Orange Juice,22,2068,2068,94
09/01/2022,GRA,ST009,QAR,PRK.1390,Morning Boost,24,624,624,26
09/01/2022,GRA,ST009,QAR,PRK.1392,Immune Boost,22,968,968,44
09/01/2022,GRA,ST009,QAR,PRK.1396,Ginger Aid Shot,18,1026,1026,57
09/01/2022,GRA,ST009,QAR,PRK.1402,Laban Drink,18,828,828,46
09/01/2022,GRA,ST009,QAR,PRK.1404,Green Boost Juice,24,192,192,8
09/01/2022,GRA,ST009,QAR,PRK.1406,Beetroot & Apple Juice,20,1000,1000,50
09/01/2022,GRA,ST009,QAR,PRK.1407,Coconut & Pineapple Juice,24,24,24,1
09/01/2022,GRA,ST009,QAR,PRK.1409,Turmeric wellness shot,16,16,16,1
09/01/2022,GRA,ST009,QAR,PRK.1412, Mini Cup Yogurt,14,1512,1512,108
09/01/2022,GRA,ST009,QAR,PRK.1413,Regular Cup Yogurt,21,1008,1008,48
09/01/2022,GRA,ST009,QAR,PRK.1416,Large Cup Yogurt,23,230,230,10
09/01/2022,GRA,ST009,QAR,PRK.1418, Mini Cup Yogurt/Topping,18,990,990,55
09/01/2022,GRA,ST009,QAR,PRK.1419,Reg Cup Yogurt/Toping,26,1378,1378,53
09/01/2022,GRA,ST009,QAR,PRK.1422,Large Cup Yogurt/Topping,30,330,330,11
09/01/2022,GRA,ST009,QAR,PRK.1429,Mini Mango Ice Cream,14,3472,3472,248
09/01/2022,GRA,ST009,QAR,PRK.1430,Regular Mango Ice Cream,21,3318,3318,158
09/01/2022,GRA,ST009,QAR,PRK.1431,Large Mango Ice Cream,23,920,920,40
09/01/2022,GRA,ST009,QAR,PRK.1432,Mini Mango Ice Cream/Topp,18,2466,2466,137
09/01/2022,GRA,ST009,QAR,PRK.1433,Reg Mango Ice cream/Topp,26,2938,2938,113
09/01/2022,GRA,ST009,QAR,PRK.1434,Large Mango Ice Cream/Top,30,360,360,12
09/01/2022,GRA,ST009,QAR,PRK.1472,CHICKEN CURRY & RICE,48,2016,2016,42
09/01/2022,GRA,ST009,QAR,PRK.1474,Spaghetti Bolognese,45,1800,1800,40
09/01/2022,GRA,ST009,QAR,PRK.1475,Salmon with Cilantro Rice,65,1950,1950,30
09/01/2022,GRA,ST009,QAR,PRK.1476,Chicken Noodle Bowl,40,1240,1240,31
09/01/2022,GRA,ST009,QAR,PRK.1501,pomegranate,3,51,51,17
09/01/2022,GRA,ST009,QAR,PRK.1502,Strawberry,3,51,51,17
09/01/2022,GRA,ST009,QAR,PRK.1505,Salted Caramel,3,12,12,4
09/01/2022,GRA,ST009,QAR,PRK.1506,Pretzel,3,9,9,3
09/01/2022,GRA,ST009,QAR,PRK.1507,Crispy Crepe,3,30,30,10
09/01/2022,GRA,ST009,QAR,PRK.1508,Granola,3,27,27,9
09/01/2022,GRA,ST009,QAR,PRK.1509,Coconut Flakes,3,27,27,9
09/01/2022,GRA,ST009,QAR,PRK.1510,Crushed Graham,3,6,6,2
09/01/2022,GRA,ST009,QAR,PRK.1514,Dulce de Leche,3,3,3,1
09/01/2022,GRA,ST009,QAR,PRK.1520,Mixed Berries Sauce,3,12,12,4
09/01/2022,GRA,ST009,QAR,PRK.1521,Mango Sauce,3,12,12,4
09/01/2022,GRA,ST009,QAR,PRK.1527,Mango,3,66,66,22
09/01/2022,GRA,ST009,QAR,PRK.1531,Power Shake,35,105,105,3
09/01/2022,GRA,ST009,QAR,PRK.1532,Peanut Power Shake,35,105,105,3
09/01/2022,GRA,ST009,QAR,PRK.1536,Energizer protine Shakes,45,585,585,13
09/01/2022,GRA,ST009,QAR,PRK.1540,Energizer shakes,35,175,175,5
09/01/2022,GRA,ST009,QAR,PRK.1550,Extra Protein,10,20,20,2
09/01/2022,GRA,ST009,QAR,PRK.1587,Supersize,45,90,90,2
09/01/2022,GRA,ST009,QAR,PRK.1623,Brownie flavour cookies,10,770,770,77
09/01/2022,GRA,ST009,QAR,PRK.1626,Cinnamon Roll,13,156,156,12
09/01/2022,GRA,ST009,QAR,PRK.1627,Custard Raisin Roll,14,70,70,5
09/01/2022,GRA,ST009,QAR,PRK.1628,Brownie bites,13,195,195,15
09/01/2022,GRA,ST009,QAR,PRK.1632,Turkey cheese roll,19,247,247,13
09/01/2022,GRA,ST009,QAR,PRK.1633,Spinach feta roll,18,198,198,11
09/01/2022,GRA,ST009,QAR,PRK.1651,■PB & Jam sourdough bread,18,162,162,9
09/01/2022,GRA,ST009,QAR,PRK.1681,Salted Caramel Mocha,24,72,72,3
09/01/2022,GRA,ST009,QAR,PRK.1682,■Matcha Frappe,26,650,650,25
09/01/2022,GRA,ST009,QAR,PRK.1711,Pomegranate Pot,18,342,342,19
09/01/2022,GRA,ST009,QAR,PRK.1713,Overnight oats PB&Jam,25,75,75,3
09/01/2022,GRA,ST009,QAR,PRK.1741,Spicy Tuna sandwich,26,1118,1118,43
09/01/2022,GRA,ST009,QAR,PRK.1742,Three cheese,22,682,682,31
09/01/2022,GRA,ST009,QAR,PRK.1743,Falafel and Labna,25,750,750,30
09/01/2022,GRA,ST009,QAR,PRK.1748,Chicken Shawarma,18,1314,1314,73
09/01/2022,GRA,ST009,QAR,PRK.1749,Tenderloin Beef Shawarma,22,726,726,33
09/01/2022,GRA,ST009,QAR,PRK.1771,Pistachio Arabeshi,5,895,895,179
09/01/2022,GRA,ST009,QAR,PRK.1772,Fresh Raspberry,5,305,305,61
09/01/2022,GRA,ST009,QAR,PRK.1773,Fresh blueberry,5,310,310,62
09/01/2022,GRA,ST009,QAR,PRK.1774,Chocolate Flakes,5,215,215,43
09/01/2022,GRA,ST009,QAR,PRK.1775,Honey Comb,5,65,65,13
09/01/2022,GRA,ST009,QAR,PRK.4502,Low Fat Milk,0,0,0,9
09/01/2022,GRA,ST009,QAR,PRK.4503,Almond Milk,2,66,66,33
09/01/2022,GRA,ST009,QAR,PRK.4504,Soya Milk,2,14,14,7
09/01/2022,GRA,ST009,QAR,PRK.4509,Double Shot,0,0,0,1
09/01/2022,GRA,ST009,QAR,PRK.4514,Less Ice,0,0,0,1
09/01/2022,GRA,ST009,QAR,PRK.4517,Vanilla Flavor,0,0,0,6
09/01/2022,GRA,ST009,QAR,PRK.4519,caramel flavor,0,0,0,2
09/01/2022,GRA,ST009,QAR,PRK.4520,hazelnut flavor,0,0,0,2
09/01/2022,GRA,ST009,QAR,PRK.4531,w/ Granola,0,0,0,51
09/01/2022,GRA,ST009,QAR,PRK.4533,w/ Pretzel,0,0,0,7
09/01/2022,GRA,ST009,QAR,PRK.4534,w/ Coconut Flakes,0,0,0,14
09/01/2022,GRA,ST009,QAR,PRK.4535,w/ Crispy Crepe,0,0,0,28
09/01/2022,GRA,ST009,QAR,PRK.4541,w/ Strawberry,0,0,0,66
09/01/2022,GRA,ST009,QAR,PRK.4543,w/ Salted Caramel,0,0,0,5
09/01/2022,GRA,ST009,QAR,PRK.4544,w/ Pomegranate,0,0,0,28
09/01/2022,GRA,ST009,QAR,PRK.4545,w/ Dulce de leche,0,0,0,7
09/01/2022,GRA,ST009,QAR,PRK.4549,w/ Mango Sauce,0,0,0,10
09/01/2022,GRA,ST009,QAR,PRK.4550,w/ Mango,0,0,0,91
09/01/2022,GRA,ST009,QAR,PRK.4551,w/ Peanut Butter Sauce,0,0,0,1
09/01/2022,GRA,ST009,QAR,PRK.4552,w/ Crushed Grahams,0,0,0,6
09/01/2022,GRA,ST009,QAR,PRK.4556,w/ Fresh Pineapple,0,0,0,6
09/01/2022,GRA,ST009,QAR,PRK.4557,w/ Kiwi Fruit,0,0,0,3
09/01/2022,GRA,ST009,QAR,PRK.4558,w/ Lotus Biscuit,0,0,0,9
09/01/2022,GRA,ST009,QAR,PRK.4561,MIXED FROZEN YOGURT,0,0,0,21
09/01/2022,GRA,ST009,QAR,PRK.4562,MIXED MANGO YOGURT,0,0,0,30
