DATE,BRANCHCODE,WAREHOUSECODE,CURRENCY,ERPCODE,ITEMNAME,RAWPRICE,GROSSAMT,NETVALUE,QTYSOLD
06/01/2022,GRA,ST009,QAR,PRK.902,Granola,55,660,660,12
06/01/2022,GRA,ST009,QAR,PRK.904,Graze House Mix,55,55,55,1
06/01/2022,GRA,ST009,QAR,PRK.907,Zaatar Chips,6,114,114,19
06/01/2022,GRA,ST009,QAR,PRK.909,Spicy Pesto Chips,6,156,156,26
06/01/2022,GRA,ST009,QAR,PRK.910,Graze Spicy Mix Sml,25,500,500,20
06/01/2022,GRA,ST009,QAR,PRK.911,Graze House Mix Sml,25,300,300,12
06/01/2022,GRA,ST009,QAR,PRK.962,Extra flavor,3,48,48,16
06/01/2022,GRA,ST009,QAR,PRK.994,Crsnt w Egg/Avaca/ SunTom,24,888,888,37
06/01/2022,GRA,ST009,QAR,PRK.995,Egg Burrito,20,300,300,15
06/01/2022,GRA,ST009,QAR,PRK.996,Blueberry Granola parfait,25,1125,1125,45
06/01/2022,GRA,ST009,QAR,PRK.997,Yog Dates Chia Pista Alm,22,968,968,44
06/01/2022,GRA,ST009,QAR,PRK.1003,Cheese Croissant,16,80,80,5
06/01/2022,GRA,ST009,QAR,PRK.1007,Zatar Croissant,16,208,208,13
06/01/2022,GRA,ST009,QAR,PRK.1008,Chocolate Croissant,16,144,144,9
06/01/2022,GRA,ST009,QAR,PRK.1015,Kiri Cheese Danish,14,392,392,28
06/01/2022,GRA,ST009,QAR,PRK.1016,Plain Croissant,10,180,180,18
06/01/2022,GRA,ST009,QAR,PRK.1020,Almond Croissant,16,96,96,6
06/01/2022,GRA,ST009,QAR,PRK.1021,Shirazi Salad,12,204,204,17
06/01/2022,GRA,ST009,QAR,PRK.1023,Falafel Salad,35,560,560,16
06/01/2022,GRA,ST009,QAR,PRK.1024,Quinoa Swt potato Salad,40,360,360,9
06/01/2022,GRA,ST009,QAR,PRK.1027,Mex Chkn Chilli Bean Sld,40,1320,1320,33
06/01/2022,GRA,ST009,QAR,PRK.1029,Burrata Salad,50,300,300,6
06/01/2022,GRA,ST009,QAR,PRK.1031,Teriyaki GRAZE Salmn,55,2530,2530,46
06/01/2022,GRA,ST009,QAR,PRK.1034,BBQ Chick Peas,38,836,836,22
06/01/2022,GRA,ST009,QAR,PRK.1039,Keto Chicken Salad,40,720,720,18
06/01/2022,GRA,ST009,QAR,PRK.1044,Southern Chicken Salad,45,315,315,7
06/01/2022,GRA,ST009,QAR,PRK.1048,Mexican  Caesar Salad chk,39,2808,2808,72
06/01/2022,GRA,ST009,QAR,PRK.1049,ROCCA SALAD,22,132,132,6
06/01/2022,GRA,ST009,QAR,PRK.1052,Smoke Turkey Sandwich,34,2278,2278,67
06/01/2022,GRA,ST009,QAR,PRK.1054,lemon&Rosemary Chkn,36,2232,2232,62
06/01/2022,GRA,ST009,QAR,PRK.1057,Steak & Philly Chz SW,32,1632,1632,51
06/01/2022,GRA,ST009,QAR,PRK.1063,Egg Mayo with Rocket,20,220,220,11
06/01/2022,GRA,ST009,QAR,PRK.1068,Crispy Chicken Bun,24,624,624,26
06/01/2022,GRA,ST009,QAR,PRK.1070,Chicken Pesto & Mozzarell,32,1536,1536,48
06/01/2022,GRA,ST009,QAR,PRK.1083,Chkn Soup,19,323,323,17
06/01/2022,GRA,ST009,QAR,PRK.1087,Lentil Soup,20,240,240,12
06/01/2022,GRA,ST009,QAR,PRK.1111,Penne Bolognese,50,1000,1000,20
06/01/2022,GRA,ST009,QAR,PRK.1113,Chkn Katsu Curry,45,3150,3150,70
06/01/2022,GRA,ST009,QAR,PRK.1115,Mushroom Pasta,40,1920,1920,48
06/01/2022,GRA,ST009,QAR,PRK.1118,Steak With Mushroom Sauce,45,1980,1980,44
06/01/2022,GRA,ST009,QAR,PRK.1119,Chicken Biryani,45,3915,3915,87
06/01/2022,GRA,ST009,QAR,PRK.1121,Chinese Sesame Chicken,40,2960,2960,74
06/01/2022,GRA,ST009,QAR,PRK.1127,Rock Shrimp,45,1980,1980,44
06/01/2022,GRA,ST009,QAR,PRK.1133,Lamb  Kabsa,45,1845,1845,41
06/01/2022,GRA,ST009,QAR,PRK.1140,Chicken Curry & Saffron r,43,1763,1763,41
06/01/2022,GRA,ST009,QAR,PRK.1145,Yoghurt & Cucumber dip,12,252,252,21
06/01/2022,GRA,ST009,QAR,PRK.1146,Spicy Guacamole Pot,13,182,182,14
06/01/2022,GRA,ST009,QAR,PRK.1149,Edamame Pot,12,444,444,37
06/01/2022,GRA,ST009,QAR,PRK.1159,Greek Tabbouleh,20,320,320,16
06/01/2022,GRA,ST009,QAR,PRK.1173,Choco Chia Energy Ball,30,420,420,14
06/01/2022,GRA,ST009,QAR,PRK.1175,Pecan Bars,14,70,70,5
06/01/2022,GRA,ST009,QAR,PRK.1177,Carrot Cake,15,120,120,8
06/01/2022,GRA,ST009,QAR,PRK.1178,Sweet Potatoe Choco Cake,15,135,135,9
06/01/2022,GRA,ST009,QAR,PRK.1183,Bannana,2,74,74,37
06/01/2022,GRA,ST009,QAR,PRK.1184,Watermelon,18,864,864,48
06/01/2022,GRA,ST009,QAR,PRK.1185,Pineapplemix,18,738,738,41
06/01/2022,GRA,ST009,QAR,PRK.1186,Mixed Berries,22,792,792,36
06/01/2022,GRA,ST009,QAR,PRK.1194,Lotus Cheesecake,15,195,195,13
06/01/2022,GRA,ST009,QAR,PRK.1201,Iced Flat White,18,144,144,8
06/01/2022,GRA,ST009,QAR,PRK.1203,Iced Spanish Latte,20,1100,1100,55
06/01/2022,GRA,ST009,QAR,PRK.1204,Iced Latte,18,378,378,21
06/01/2022,GRA,ST009,QAR,PRK.1205,Iced Americano,15,195,195,13
06/01/2022,GRA,ST009,QAR,PRK.1234,Pepperoni Pizza small,40,240,240,6
06/01/2022,GRA,ST009,QAR,PRK.1235,Margherita Pizza small,30,330,330,11
06/01/2022,GRA,ST009,QAR,PRK.1236,BBQ chicken Pizza small,35,280,280,8
06/01/2022,GRA,ST009,QAR,PRK.1262,Highland Still,5,995,995,199
06/01/2022,GRA,ST009,QAR,PRK.1265,Perrier Sparkling,9,171,171,19
06/01/2022,GRA,ST009,QAR,PRK.1291,Coke,5,240,240,48
06/01/2022,GRA,ST009,QAR,PRK.1292,Diet Coke,5,315,315,63
06/01/2022,GRA,ST009,QAR,PRK.1331,Stay Home w/ Graze R 6 X1,185,185,185,1
06/01/2022,GRA,ST009,QAR,PRK.1332,Stay Home w/ Graze R 8 X1,240,240,240,1
06/01/2022,GRA,ST009,QAR,PRK.1334,Stay Home w/Graze M12 X1,240,480,480,2
06/01/2022,GRA,ST009,QAR,PRK.1335,Cool Box,15,90,90,6
06/01/2022,GRA,ST009,QAR,PRK.1348,Graze Ice cream box Small,8,8,8,1
06/01/2022,GRA,ST009,QAR,PRK.1351,Espresso Single,12,324,324,27
06/01/2022,GRA,ST009,QAR,PRK.1352,Macchiato,18,54,54,3
06/01/2022,GRA,ST009,QAR,PRK.1353,Americano Hot,15,525,525,35
06/01/2022,GRA,ST009,QAR,PRK.1354,Flat White Hot,18,648,648,36
06/01/2022,GRA,ST009,QAR,PRK.1355,Cappucino,18,972,972,54
06/01/2022,GRA,ST009,QAR,PRK.1356,Cortado,18,144,144,8
06/01/2022,GRA,ST009,QAR,PRK.1358,Spanish Latte,20,1520,1520,76
06/01/2022,GRA,ST009,QAR,PRK.1360,Slated Caramel Mocha,25,25,25,1
06/01/2022,GRA,ST009,QAR,PRK.1362,Double Espresso,14,224,224,16
06/01/2022,GRA,ST009,QAR,PRK.1363,Latte Hot,18,756,756,42
06/01/2022,GRA,ST009,QAR,PRK.1364,English B/F,12,180,180,15
06/01/2022,GRA,ST009,QAR,PRK.1365,Green Tea,12,12,12,1
06/01/2022,GRA,ST009,QAR,PRK.1372,Hot Cocoa,24,168,168,7
06/01/2022,GRA,ST009,QAR,PRK.1373,Hibiscus Iced tea,18,306,306,17
06/01/2022,GRA,ST009,QAR,PRK.1375,Matcha Latte,25,100,100,4
06/01/2022,GRA,ST009,QAR,PRK.1376,Cinnamon Latte,25,275,275,11
06/01/2022,GRA,ST009,QAR,PRK.1383,Watermelon & Coconut cool,20,220,220,11
06/01/2022,GRA,ST009,QAR,PRK.1386,Orange Juice,22,1914,1914,87
06/01/2022,GRA,ST009,QAR,PRK.1387,Carrot Juice,22,22,22,1
06/01/2022,GRA,ST009,QAR,PRK.1390,Morning Boost,24,816,816,34
06/01/2022,GRA,ST009,QAR,PRK.1392,Immune Boost,22,660,660,30
06/01/2022,GRA,ST009,QAR,PRK.1396,Ginger Aid Shot,18,666,666,37
06/01/2022,GRA,ST009,QAR,PRK.1402,Laban Drink,18,432,432,24
06/01/2022,GRA,ST009,QAR,PRK.1404,Green Boost Juice,24,264,264,11
06/01/2022,GRA,ST009,QAR,PRK.1406,Beetroot & Apple Juice,20,920,920,46
06/01/2022,GRA,ST009,QAR,PRK.1407,Coconut & Pineapple Juice,24,72,72,3
06/01/2022,GRA,ST009,QAR,PRK.1412, Mini Cup Yogurt,14,2184,2184,156
06/01/2022,GRA,ST009,QAR,PRK.1413,Regular Cup Yogurt,21,2100,2100,100
06/01/2022,GRA,ST009,QAR,PRK.1416,Large Cup Yogurt,23,161,161,7
06/01/2022,GRA,ST009,QAR,PRK.1418, Mini Cup Yogurt/Topping,18,1656,1656,92
06/01/2022,GRA,ST009,QAR,PRK.1419,Reg Cup Yogurt/Toping,26,2054,2054,79
06/01/2022,GRA,ST009,QAR,PRK.1422,Large Cup Yogurt/Topping,30,180,180,6
06/01/2022,GRA,ST009,QAR,PRK.1429,Mini Mango Ice Cream,14,5306,5306,379
06/01/2022,GRA,ST009,QAR,PRK.1430,Regular Mango Ice Cream,21,4200,4200,200
06/01/2022,GRA,ST009,QAR,PRK.1431,Large Mango Ice Cream,23,897,897,39
06/01/2022,GRA,ST009,QAR,PRK.1432,Mini Mango Ice Cream/Topp,18,4644,4644,258
06/01/2022,GRA,ST009,QAR,PRK.1433,Reg Mango Ice cream/Topp,26,3978,3978,153
06/01/2022,GRA,ST009,QAR,PRK.1434,Large Mango Ice Cream/Top,30,600,600,20
06/01/2022,GRA,ST009,QAR,PRK.1464,Fresh Pineapple,3,6,6,2
06/01/2022,GRA,ST009,QAR,PRK.1470,Lotus Biscuit,3,3,3,1
06/01/2022,GRA,ST009,QAR,PRK.1501,pomegranate,3,171,171,57
06/01/2022,GRA,ST009,QAR,PRK.1502,Strawberry,3,30,30,10
06/01/2022,GRA,ST009,QAR,PRK.1505,Salted Caramel,3,6,6,2
06/01/2022,GRA,ST009,QAR,PRK.1506,Pretzel,3,33,33,11
06/01/2022,GRA,ST009,QAR,PRK.1507,Crispy Crepe,3,63,63,21
06/01/2022,GRA,ST009,QAR,PRK.1508,Granola,3,27,27,9
06/01/2022,GRA,ST009,QAR,PRK.1509,Coconut Flakes,3,36,36,12
06/01/2022,GRA,ST009,QAR,PRK.1510,Crushed Graham,3,6,6,2
06/01/2022,GRA,ST009,QAR,PRK.1514,Dulce de Leche,3,6,6,2
06/01/2022,GRA,ST009,QAR,PRK.1520,Mixed Berries Sauce,3,33,33,11
06/01/2022,GRA,ST009,QAR,PRK.1521,Mango Sauce,3,3,3,1
06/01/2022,GRA,ST009,QAR,PRK.1527,Mango,3,30,30,10
06/01/2022,GRA,ST009,QAR,PRK.1531,Power Shake,35,245,245,7
06/01/2022,GRA,ST009,QAR,PRK.1532,Peanut Power Shake,35,70,70,2
06/01/2022,GRA,ST009,QAR,PRK.1536,Energizer protine Shakes,45,495,495,11
06/01/2022,GRA,ST009,QAR,PRK.1540,Energizer shakes,35,70,70,2
06/01/2022,GRA,ST009,QAR,PRK.1545,14oz Energizer protine,40,40,40,1
06/01/2022,GRA,ST009,QAR,PRK.1548,14oz Energizer shakes,30,60,60,2
06/01/2022,GRA,ST009,QAR,PRK.1550,Extra Protein,10,20,20,2
06/01/2022,GRA,ST009,QAR,PRK.1587,Supersize,45,495,495,11
06/01/2022,GRA,ST009,QAR,PRK.1623,Brownie flavour cookies,10,1170,1170,117
06/01/2022,GRA,ST009,QAR,PRK.1627,Custard Raisin Roll,14,14,14,1
06/01/2022,GRA,ST009,QAR,PRK.1628,Brownie bites,13,312,312,24
06/01/2022,GRA,ST009,QAR,PRK.1632,Turkey cheese roll,19,247,247,13
06/01/2022,GRA,ST009,QAR,PRK.1633,Spinach feta roll,18,252,252,14
06/01/2022,GRA,ST009,QAR,PRK.1681,Salted Caramel Mocha,24,48,48,2
06/01/2022,GRA,ST009,QAR,PRK.1682,■Matcha Frappe,26,390,390,15
06/01/2022,GRA,ST009,QAR,PRK.1711,Pomegranate Pot,18,414,414,23
06/01/2022,GRA,ST009,QAR,PRK.1713,Overnight oats PB&Jam,25,25,25,1
06/01/2022,GRA,ST009,QAR,PRK.1741,Spicy Tuna sandwich,26,780,780,30
06/01/2022,GRA,ST009,QAR,PRK.1742,Three cheese,22,704,704,32
06/01/2022,GRA,ST009,QAR,PRK.1743,Falafel and Labna,25,550,550,22
06/01/2022,GRA,ST009,QAR,PRK.1746,GRAZE CLUB SANDWICH,42,630,630,15
06/01/2022,GRA,ST009,QAR,PRK.1747,BEEF BURGER,35,70,70,2
06/01/2022,GRA,ST009,QAR,PRK.1771,Pistachio Arabeshi,5,805,805,161
06/01/2022,GRA,ST009,QAR,PRK.1772,Fresh Raspberry,5,525,525,105
06/01/2022,GRA,ST009,QAR,PRK.1773,Fresh blueberry,5,510,510,102
06/01/2022,GRA,ST009,QAR,PRK.1774,Chocolate Flakes,5,200,200,40
06/01/2022,GRA,ST009,QAR,PRK.1775,Honey Comb,5,70,70,14
06/01/2022,GRA,ST009,QAR,PRK.1801,GRAZE CLUB SANDWICH,42,42,42,1
06/01/2022,GRA,ST009,QAR,PRK.1802,BEEF BURGER,35,35,35,1
06/01/2022,GRA,ST009,QAR,PRK.1831,BEEF STROGANOFF,50,300,300,6
06/01/2022,GRA,ST009,QAR,PRK.1832,CHICKEN CURRY & RICE,48,960,960,20
06/01/2022,GRA,ST009,QAR,PRK.1833,NOODLES BOWL,45,45,45,1
06/01/2022,GRA,ST009,QAR,PRK.4501,Full Fat Milk,0,0,0,1
06/01/2022,GRA,ST009,QAR,PRK.4502,Low Fat Milk,0,0,0,19
06/01/2022,GRA,ST009,QAR,PRK.4503,Almond Milk,2,44,44,22
06/01/2022,GRA,ST009,QAR,PRK.4504,Soya Milk,2,8,8,4
06/01/2022,GRA,ST009,QAR,PRK.4505,Less Sweet,0,0,0,2
06/01/2022,GRA,ST009,QAR,PRK.4509,Double Shot,0,0,0,1
06/01/2022,GRA,ST009,QAR,PRK.4517,Vanilla Flavor,0,0,0,3
06/01/2022,GRA,ST009,QAR,PRK.4519,caramel flavor,0,0,0,10
06/01/2022,GRA,ST009,QAR,PRK.4520,hazelnut flavor,0,0,0,2
06/01/2022,GRA,ST009,QAR,PRK.4531,w/ Granola,0,0,0,34
06/01/2022,GRA,ST009,QAR,PRK.4533,w/ Pretzel,0,0,0,3
06/01/2022,GRA,ST009,QAR,PRK.4534,w/ Coconut Flakes,0,0,0,22
06/01/2022,GRA,ST009,QAR,PRK.4535,w/ Crispy Crepe,0,0,0,51
06/01/2022,GRA,ST009,QAR,PRK.4537,w/ Mixed Berries Sauce,0,0,0,3
06/01/2022,GRA,ST009,QAR,PRK.4540,w/ Raspberry,0,0,0,4
06/01/2022,GRA,ST009,QAR,PRK.4541,w/ Strawberry,0,0,0,94
06/01/2022,GRA,ST009,QAR,PRK.4543,w/ Salted Caramel,0,0,0,10
06/01/2022,GRA,ST009,QAR,PRK.4544,w/ Pomegranate,0,0,0,81
06/01/2022,GRA,ST009,QAR,PRK.4545,w/ Dulce de leche,0,0,0,2
06/01/2022,GRA,ST009,QAR,PRK.4549,w/ Mango Sauce,0,0,0,21
06/01/2022,GRA,ST009,QAR,PRK.4550,w/ Mango,0,0,0,158
06/01/2022,GRA,ST009,QAR,PRK.4552,w/ Crushed Grahams,0,0,0,6
06/01/2022,GRA,ST009,QAR,PRK.4556,w/ Fresh Pineapple,0,0,0,3
06/01/2022,GRA,ST009,QAR,PRK.4558,w/ Lotus Biscuit,0,0,0,11
06/01/2022,GRA,ST009,QAR,PRK.4561,MIXED FROZEN YOGURT,0,0,0,40
06/01/2022,GRA,ST009,QAR,PRK.4562,MIXED MANGO YOGURT,0,0,0,30
