DATE,BRANCHCODE,WAREHOUSECODE,CURRENCY,ERPCODE,ITEMNAME,RAWPRICE,GROSSAMT,NETVALUE,QTYSOLD
11/01/2022,GRA,ST009,QAR,PRK.902,Granola,55,2035,2035,37
11/01/2022,GRA,ST009,QAR,PRK.907,Zaatar Chips,6,120,120,20
11/01/2022,GRA,ST009,QAR,PRK.909,Spicy Pesto Chips,6,72,72,12
11/01/2022,GRA,ST009,QAR,PRK.910,Graze Spicy Mix Sml,25,275,275,11
11/01/2022,GRA,ST009,QAR,PRK.911,Graze House Mix Sml,25,525,525,21
11/01/2022,GRA,ST009,QAR,PRK.962,Extra flavor,3,39,39,13
11/01/2022,GRA,ST009,QAR,PRK.994,Crsnt w Egg/Avaca/ SunTom,24,576,576,24
11/01/2022,GRA,ST009,QAR,PRK.995,Egg Burrito,20,80,80,4
11/01/2022,GRA,ST009,QAR,PRK.996,Blueberry Granola parfait,25,875,875,35
11/01/2022,GRA,ST009,QAR,PRK.997,Yog Dates Chia Pista Alm,22,594,594,27
11/01/2022,GRA,ST009,QAR,PRK.1003,Cheese Croissant,16,48,48,3
11/01/2022,GRA,ST009,QAR,PRK.1007,Zatar Croissant,16,144,144,9
11/01/2022,GRA,ST009,QAR,PRK.1008,Chocolate Croissant,16,128,128,8
11/01/2022,GRA,ST009,QAR,PRK.1012,Three Berry Yogurt & Date,25,25,25,1
11/01/2022,GRA,ST009,QAR,PRK.1015,Kiri Cheese Danish,14,238,238,17
11/01/2022,GRA,ST009,QAR,PRK.1016,Plain Croissant,10,150,150,15
11/01/2022,GRA,ST009,QAR,PRK.1021,Shirazi Salad,12,264,264,22
11/01/2022,GRA,ST009,QAR,PRK.1023,Falafel Salad,45,900,900,20
11/01/2022,GRA,ST009,QAR,PRK.1024,Quinoa Swt potato Salad,40,800,800,20
11/01/2022,GRA,ST009,QAR,PRK.1027,Mex Chkn Chilli Bean Sld,40,840,840,21
11/01/2022,GRA,ST009,QAR,PRK.1029,Burrata Salad,50,50,50,1
11/01/2022,GRA,ST009,QAR,PRK.1031,Teriyaki GRAZE Salmn,55,1815,1815,33
11/01/2022,GRA,ST009,QAR,PRK.1039,Keto Chicken Salad,40,1440,1440,36
11/01/2022,GRA,ST009,QAR,PRK.1046,Greek Salad,30,720,720,24
11/01/2022,GRA,ST009,QAR,PRK.1048,Mexican  Caesar Salad chk,39,1833,1833,47
11/01/2022,GRA,ST009,QAR,PRK.1049,ROCCA SALAD,22,44,44,2
11/01/2022,GRA,ST009,QAR,PRK.1052,Smoke Turkey Sandwich,34,2788,2788,82
11/01/2022,GRA,ST009,QAR,PRK.1054,lemon&Rosemary Chkn,36,2664,2664,74
11/01/2022,GRA,ST009,QAR,PRK.1057,Steak & Philly Chz SW,32,1216,1216,38
11/01/2022,GRA,ST009,QAR,PRK.1063,Egg Mayo with Rocket,20,580,580,29
11/01/2022,GRA,ST009,QAR,PRK.1068,Crispy Chicken Bun,24,600,600,25
11/01/2022,GRA,ST009,QAR,PRK.1070,Chicken Pesto & Mozzarell,32,1312,1312,41
11/01/2022,GRA,ST009,QAR,PRK.1077,Spicy Halloumi,38,494,494,13
11/01/2022,GRA,ST009,QAR,PRK.1083,Chkn Soup,19,361,361,19
11/01/2022,GRA,ST009,QAR,PRK.1087,Lentil Soup,20,340,340,17
11/01/2022,GRA,ST009,QAR,PRK.1089,Vegetable soup,16,160,160,10
11/01/2022,GRA,ST009,QAR,PRK.1113,Chkn Katsu Curry,45,4095,4095,91
11/01/2022,GRA,ST009,QAR,PRK.1115,Mushroom Pasta,40,1960,1960,49
11/01/2022,GRA,ST009,QAR,PRK.1118,Steak With Mushroom Sauce,45,2610,2610,58
11/01/2022,GRA,ST009,QAR,PRK.1119,Chicken Biryani,45,3600,3600,80
11/01/2022,GRA,ST009,QAR,PRK.1121,Chinese Sesame Chicken,40,3600,3600,90
11/01/2022,GRA,ST009,QAR,PRK.1127,Rock Shrimp,45,1935,1935,43
11/01/2022,GRA,ST009,QAR,PRK.1133,Lamb  Kabsa,45,3240,3240,72
11/01/2022,GRA,ST009,QAR,PRK.1140,Chicken Curry & Saffron r,43,2365,2365,55
11/01/2022,GRA,ST009,QAR,PRK.1141,CRAB BOWL,28,56,56,2
11/01/2022,GRA,ST009,QAR,PRK.1145,Yoghurt & Cucumber dip,12,168,168,14
11/01/2022,GRA,ST009,QAR,PRK.1146,Spicy Guacamole Pot,13,169,169,13
11/01/2022,GRA,ST009,QAR,PRK.1149,Edamame Pot,12,348,348,29
11/01/2022,GRA,ST009,QAR,PRK.1159,Greek Tabbouleh,20,300,300,15
11/01/2022,GRA,ST009,QAR,PRK.1173,Choco Chia Energy Ball,30,480,480,16
11/01/2022,GRA,ST009,QAR,PRK.1175,Pecan Bars,14,224,224,16
11/01/2022,GRA,ST009,QAR,PRK.1177,Carrot Cake,15,210,210,14
11/01/2022,GRA,ST009,QAR,PRK.1178,Sweet Potatoe Choco Cake,15,45,45,3
11/01/2022,GRA,ST009,QAR,PRK.1183,Bannana,2,50,50,25
11/01/2022,GRA,ST009,QAR,PRK.1184,Watermelon,18,486,486,27
11/01/2022,GRA,ST009,QAR,PRK.1185,Pineapplemix,18,360,360,20
11/01/2022,GRA,ST009,QAR,PRK.1186,Mixed Berries,22,440,440,20
11/01/2022,GRA,ST009,QAR,PRK.1194,Lotus Cheesecake,15,630,630,42
11/01/2022,GRA,ST009,QAR,PRK.1201,Iced Flat White,18,90,90,5
11/01/2022,GRA,ST009,QAR,PRK.1203,Iced Spanish Latte,20,740,740,37
11/01/2022,GRA,ST009,QAR,PRK.1204,Iced Latte,18,108,108,6
11/01/2022,GRA,ST009,QAR,PRK.1205,Iced Americano,15,225,225,15
11/01/2022,GRA,ST009,QAR,PRK.1234,Pepperoni Pizza small,40,240,240,6
11/01/2022,GRA,ST009,QAR,PRK.1235,Margherita Pizza small,30,180,180,6
11/01/2022,GRA,ST009,QAR,PRK.1236,BBQ chicken Pizza small,35,105,105,3
11/01/2022,GRA,ST009,QAR,PRK.1262,Highland Still,5,595,595,119
11/01/2022,GRA,ST009,QAR,PRK.1265,Perrier Sparkling,9,126,126,14
11/01/2022,GRA,ST009,QAR,PRK.1291,Coke,5,230,230,46
11/01/2022,GRA,ST009,QAR,PRK.1292,Diet Coke,5,330,330,66
11/01/2022,GRA,ST009,QAR,PRK.1335,Cool Box,15,135,135,9
11/01/2022,GRA,ST009,QAR,PRK.1351,Espresso Single,12,312,312,26
11/01/2022,GRA,ST009,QAR,PRK.1352,Macchiato,18,18,18,1
11/01/2022,GRA,ST009,QAR,PRK.1353,Americano Hot,15,720,720,48
11/01/2022,GRA,ST009,QAR,PRK.1354,Flat White Hot,18,576,576,32
11/01/2022,GRA,ST009,QAR,PRK.1355,Cappucino,18,1206,1206,67
11/01/2022,GRA,ST009,QAR,PRK.1356,Cortado,18,270,270,15
11/01/2022,GRA,ST009,QAR,PRK.1358,Spanish Latte,20,940,940,47
11/01/2022,GRA,ST009,QAR,PRK.1359,Classic Mocha,25,75,75,3
11/01/2022,GRA,ST009,QAR,PRK.1360,Slated Caramel Mocha,25,50,50,2
11/01/2022,GRA,ST009,QAR,PRK.1362,Double Espresso,14,238,238,17
11/01/2022,GRA,ST009,QAR,PRK.1363,Latte Hot,18,1026,1026,57
11/01/2022,GRA,ST009,QAR,PRK.1364,English B/F,12,72,72,6
11/01/2022,GRA,ST009,QAR,PRK.1365,Green Tea,12,48,48,4
11/01/2022,GRA,ST009,QAR,PRK.1372,Hot Cocoa,24,312,312,13
11/01/2022,GRA,ST009,QAR,PRK.1373,Hibiscus Iced tea,18,144,144,8
11/01/2022,GRA,ST009,QAR,PRK.1375,Matcha Latte,25,25,25,1
11/01/2022,GRA,ST009,QAR,PRK.1376,Cinnamon Latte,25,75,75,3
11/01/2022,GRA,ST009,QAR,PRK.1386,Orange Juice,22,1848,1848,84
11/01/2022,GRA,ST009,QAR,PRK.1390,Morning Boost,24,624,624,26
11/01/2022,GRA,ST009,QAR,PRK.1392,Immune Boost,22,682,682,31
11/01/2022,GRA,ST009,QAR,PRK.1396,Ginger Aid Shot,18,792,792,44
11/01/2022,GRA,ST009,QAR,PRK.1402,Laban Drink,18,540,540,30
11/01/2022,GRA,ST009,QAR,PRK.1404,Green Boost Juice,24,408,408,17
11/01/2022,GRA,ST009,QAR,PRK.1406,Beetroot & Apple Juice,20,940,940,47
11/01/2022,GRA,ST009,QAR,PRK.1412, Mini Cup Yogurt,14,994,994,71
11/01/2022,GRA,ST009,QAR,PRK.1413,Regular Cup Yogurt,21,609,609,29
11/01/2022,GRA,ST009,QAR,PRK.1416,Large Cup Yogurt,23,138,138,6
11/01/2022,GRA,ST009,QAR,PRK.1418, Mini Cup Yogurt/Topping,18,828,828,46
11/01/2022,GRA,ST009,QAR,PRK.1419,Reg Cup Yogurt/Toping,26,1170,1170,45
11/01/2022,GRA,ST009,QAR,PRK.1422,Large Cup Yogurt/Topping,30,90,90,3
11/01/2022,GRA,ST009,QAR,PRK.1429,Mini Mango Ice Cream,14,2926,2926,209
11/01/2022,GRA,ST009,QAR,PRK.1430,Regular Mango Ice Cream,21,2583,2583,123
11/01/2022,GRA,ST009,QAR,PRK.1431,Large Mango Ice Cream,23,943,943,41
11/01/2022,GRA,ST009,QAR,PRK.1432,Mini Mango Ice Cream/Topp,18,2088,2088,116
11/01/2022,GRA,ST009,QAR,PRK.1433,Reg Mango Ice cream/Topp,26,2366,2366,91
11/01/2022,GRA,ST009,QAR,PRK.1434,Large Mango Ice Cream/Top,30,660,660,22
11/01/2022,GRA,ST009,QAR,PRK.1464,Fresh Pineapple,3,9,9,3
11/01/2022,GRA,ST009,QAR,PRK.1471,NOODLES BOWL,45,90,90,2
11/01/2022,GRA,ST009,QAR,PRK.1472,CHICKEN CURRY & RICE,48,1248,1248,26
11/01/2022,GRA,ST009,QAR,PRK.1474,Spaghetti Bolognese,45,1620,1620,36
11/01/2022,GRA,ST009,QAR,PRK.1475,Salmon with Cilantro Rice,65,1365,1365,21
11/01/2022,GRA,ST009,QAR,PRK.1476,Chicken Noodle Bowl,40,880,880,22
11/01/2022,GRA,ST009,QAR,PRK.1501,pomegranate,3,63,63,21
11/01/2022,GRA,ST009,QAR,PRK.1502,Strawberry,3,66,66,22
11/01/2022,GRA,ST009,QAR,PRK.1505,Salted Caramel,3,24,24,8
11/01/2022,GRA,ST009,QAR,PRK.1507,Crispy Crepe,3,33,33,11
11/01/2022,GRA,ST009,QAR,PRK.1508,Granola,3,15,15,5
11/01/2022,GRA,ST009,QAR,PRK.1509,Coconut Flakes,3,18,18,6
11/01/2022,GRA,ST009,QAR,PRK.1521,Mango Sauce,3,24,24,8
11/01/2022,GRA,ST009,QAR,PRK.1527,Mango,3,96,96,32
11/01/2022,GRA,ST009,QAR,PRK.1531,Power Shake,35,525,525,15
11/01/2022,GRA,ST009,QAR,PRK.1532,Peanut Power Shake,35,280,280,8
11/01/2022,GRA,ST009,QAR,PRK.1536,Energizer protine Shakes,45,225,225,5
11/01/2022,GRA,ST009,QAR,PRK.1540,Energizer shakes,35,280,280,8
11/01/2022,GRA,ST009,QAR,PRK.1542,14oz Pre-work out Protein,40,40,40,1
11/01/2022,GRA,ST009,QAR,PRK.1550,Extra Protein,10,50,50,5
11/01/2022,GRA,ST009,QAR,PRK.1587,Supersize,45,45,45,1
11/01/2022,GRA,ST009,QAR,PRK.1623,Brownie flavour cookies,10,440,440,44
11/01/2022,GRA,ST009,QAR,PRK.1626,Cinnamon Roll,13,65,65,5
11/01/2022,GRA,ST009,QAR,PRK.1628,Brownie bites,13,221,221,17
11/01/2022,GRA,ST009,QAR,PRK.1632,Turkey cheese roll,19,323,323,17
11/01/2022,GRA,ST009,QAR,PRK.1633,Spinach feta roll,18,126,126,7
11/01/2022,GRA,ST009,QAR,PRK.1634,Madeleine,12,348,348,29
11/01/2022,GRA,ST009,QAR,PRK.1681,Salted Caramel Mocha,24,72,72,3
11/01/2022,GRA,ST009,QAR,PRK.1682,■Matcha Frappe,26,416,416,16
11/01/2022,GRA,ST009,QAR,PRK.1711,Pomegranate Pot,18,216,216,12
11/01/2022,GRA,ST009,QAR,PRK.1741,Spicy Tuna sandwich,26,1014,1014,39
11/01/2022,GRA,ST009,QAR,PRK.1742,Three cheese,22,550,550,25
11/01/2022,GRA,ST009,QAR,PRK.1743,Falafel and Labna,25,400,400,16
11/01/2022,GRA,ST009,QAR,PRK.1747,BEEF BURGER,35,35,35,1
11/01/2022,GRA,ST009,QAR,PRK.1748,Chicken Shawarma,18,900,900,50
11/01/2022,GRA,ST009,QAR,PRK.1749,Tenderloin Beef Shawarma,22,484,484,22
11/01/2022,GRA,ST009,QAR,PRK.1771,Pistachio Arabeshi,5,625,625,125
11/01/2022,GRA,ST009,QAR,PRK.1772,Fresh Raspberry,5,270,270,54
11/01/2022,GRA,ST009,QAR,PRK.1773,Fresh blueberry,5,170,170,34
11/01/2022,GRA,ST009,QAR,PRK.1774,Chocolate Flakes,5,85,85,17
11/01/2022,GRA,ST009,QAR,PRK.1775,Honey Comb,5,65,65,13
11/01/2022,GRA,ST009,QAR,PRK.4501,Full Fat Milk,0,0,0,1
11/01/2022,GRA,ST009,QAR,PRK.4502,Low Fat Milk,0,0,0,3
11/01/2022,GRA,ST009,QAR,PRK.4503,Almond Milk,2,44,44,22
11/01/2022,GRA,ST009,QAR,PRK.4504,Soya Milk,2,16,16,8
11/01/2022,GRA,ST009,QAR,PRK.4516,Decaf,0,0,0,6
11/01/2022,GRA,ST009,QAR,PRK.4517,Vanilla Flavor,0,0,0,4
11/01/2022,GRA,ST009,QAR,PRK.4519,caramel flavor,0,0,0,6
11/01/2022,GRA,ST009,QAR,PRK.4520,hazelnut flavor,0,0,0,1
11/01/2022,GRA,ST009,QAR,PRK.4521,Oat Milk,2,12,12,6
11/01/2022,GRA,ST009,QAR,PRK.4522,Skimmed Milk,2,16,16,8
11/01/2022,GRA,ST009,QAR,PRK.4523,Coconut Milk,2,4,4,2
11/01/2022,GRA,ST009,QAR,PRK.4531,w/ Granola,0,0,0,52
11/01/2022,GRA,ST009,QAR,PRK.4533,w/ Pretzel,0,0,0,1
11/01/2022,GRA,ST009,QAR,PRK.4534,w/ Coconut Flakes,0,0,0,10
11/01/2022,GRA,ST009,QAR,PRK.4535,w/ Crispy Crepe,0,0,0,26
11/01/2022,GRA,ST009,QAR,PRK.4537,w/ Mixed Berries Sauce,0,0,0,5
11/01/2022,GRA,ST009,QAR,PRK.4541,w/ Strawberry,0,0,0,80
11/01/2022,GRA,ST009,QAR,PRK.4543,w/ Salted Caramel,0,0,0,12
11/01/2022,GRA,ST009,QAR,PRK.4544,w/ Pomegranate,0,0,0,40
11/01/2022,GRA,ST009,QAR,PRK.4545,w/ Dulce de leche,0,0,0,16
11/01/2022,GRA,ST009,QAR,PRK.4549,w/ Mango Sauce,0,0,0,19
11/01/2022,GRA,ST009,QAR,PRK.4550,w/ Mango,0,0,0,145
11/01/2022,GRA,ST009,QAR,PRK.4552,w/ Crushed Grahams,0,0,0,3
11/01/2022,GRA,ST009,QAR,PRK.4556,w/ Fresh Pineapple,0,0,0,4
11/01/2022,GRA,ST009,QAR,PRK.4558,w/ Lotus Biscuit,0,0,0,6
11/01/2022,GRA,ST009,QAR,PRK.4561,MIXED FROZEN YOGURT,0,0,0,24
11/01/2022,GRA,ST009,QAR,PRK.4562,MIXED MANGO YOGURT,0,0,0,1
