DATE,BRANCHCODE,WAREHOUSECODE,CURRENCY,ERPCODE,ITEMNAME,RAWPRICE,GROSSAMT,NETVALUE,QTYSOLD
08/01/2022,GRA,ST009,QAR,PRK.902,Granola,55,1210,1210,22
08/01/2022,GRA,ST009,QAR,PRK.907,Zaatar Chips,6,84,84,14
08/01/2022,GRA,ST009,QAR,PRK.909,Spicy Pesto Chips,6,96,96,16
08/01/2022,GRA,ST009,QAR,PRK.910,Graze Spicy Mix Sml,25,500,500,20
08/01/2022,GRA,ST009,QAR,PRK.911,Graze House Mix Sml,25,375,375,15
08/01/2022,GRA,ST009,QAR,PRK.962,Extra flavor,3,75,75,25
08/01/2022,GRA,ST009,QAR,PRK.994,Crsnt w Egg/Avaca/ SunTom,24,480,480,20
08/01/2022,GRA,ST009,QAR,PRK.995,Egg Burrito,20,20,20,1
08/01/2022,GRA,ST009,QAR,PRK.996,Blueberry Granola parfait,25,1000,1000,40
08/01/2022,GRA,ST009,QAR,PRK.997,Yog Dates Chia Pista Alm,22,814,814,37
08/01/2022,GRA,ST009,QAR,PRK.1003,Cheese Croissant,16,32,32,2
08/01/2022,GRA,ST009,QAR,PRK.1007,Zatar Croissant,16,144,144,9
08/01/2022,GRA,ST009,QAR,PRK.1008,Chocolate Croissant,16,80,80,5
08/01/2022,GRA,ST009,QAR,PRK.1012,Three Berry Yogurt & Date,25,300,300,12
08/01/2022,GRA,ST009,QAR,PRK.1015,Kiri Cheese Danish,14,448,448,32
08/01/2022,GRA,ST009,QAR,PRK.1016,Plain Croissant,10,250,250,25
08/01/2022,GRA,ST009,QAR,PRK.1020,Almond Croissant,16,16,16,1
08/01/2022,GRA,ST009,QAR,PRK.1021,Shirazi Salad,12,312,312,26
08/01/2022,GRA,ST009,QAR,PRK.1023,Falafel Salad,45,275,275,7
08/01/2022,GRA,ST009,QAR,PRK.1024,Quinoa Swt potato Salad,40,40,40,1
08/01/2022,GRA,ST009,QAR,PRK.1027,Mex Chkn Chilli Bean Sld,40,1240,1240,31
08/01/2022,GRA,ST009,QAR,PRK.1031,Teriyaki GRAZE Salmn,55,2200,2200,40
08/01/2022,GRA,ST009,QAR,PRK.1034,BBQ Chick Peas,38,456,456,12
08/01/2022,GRA,ST009,QAR,PRK.1039,Keto Chicken Salad,40,920,920,23
08/01/2022,GRA,ST009,QAR,PRK.1044,Southern Chicken Salad,45,45,45,1
08/01/2022,GRA,ST009,QAR,PRK.1046,Greek Salad,30,60,60,2
08/01/2022,GRA,ST009,QAR,PRK.1047,Chicken Noodle Salad,40,40,40,1
08/01/2022,GRA,ST009,QAR,PRK.1048,Mexican  Caesar Salad chk,39,2808,2808,72
08/01/2022,GRA,ST009,QAR,PRK.1049,ROCCA SALAD,22,132,132,6
08/01/2022,GRA,ST009,QAR,PRK.1052,Smoke Turkey Sandwich,34,2210,2210,65
08/01/2022,GRA,ST009,QAR,PRK.1054,lemon&Rosemary Chkn,36,2736,2736,76
08/01/2022,GRA,ST009,QAR,PRK.1057,Steak & Philly Chz SW,32,1696,1696,53
08/01/2022,GRA,ST009,QAR,PRK.1063,Egg Mayo with Rocket,20,380,380,19
08/01/2022,GRA,ST009,QAR,PRK.1068,Crispy Chicken Bun,24,696,696,29
08/01/2022,GRA,ST009,QAR,PRK.1070,Chicken Pesto & Mozzarell,32,1344,1344,42
08/01/2022,GRA,ST009,QAR,PRK.1077,Spicy Halloumi,38,190,190,5
08/01/2022,GRA,ST009,QAR,PRK.1083,Chkn Soup,19,190,190,10
08/01/2022,GRA,ST009,QAR,PRK.1087,Lentil Soup,20,220,220,11
08/01/2022,GRA,ST009,QAR,PRK.1089,Vegetable soup,16,32,32,2
08/01/2022,GRA,ST009,QAR,PRK.1111,Penne Bolognese,50,750,750,15
08/01/2022,GRA,ST009,QAR,PRK.1113,Chkn Katsu Curry,45,4995,4995,111
08/01/2022,GRA,ST009,QAR,PRK.1115,Mushroom Pasta,40,1520,1520,38
08/01/2022,GRA,ST009,QAR,PRK.1118,Steak With Mushroom Sauce,45,3780,3780,84
08/01/2022,GRA,ST009,QAR,PRK.1119,Chicken Biryani,45,4635,4635,103
08/01/2022,GRA,ST009,QAR,PRK.1121,Chinese Sesame Chicken,40,3000,3000,75
08/01/2022,GRA,ST009,QAR,PRK.1127,Rock Shrimp,45,2025,2025,45
08/01/2022,GRA,ST009,QAR,PRK.1133,Lamb  Kabsa,45,2565,2565,57
08/01/2022,GRA,ST009,QAR,PRK.1140,Chicken Curry & Saffron r,43,2279,2279,53
08/01/2022,GRA,ST009,QAR,PRK.1145,Yoghurt & Cucumber dip,12,192,192,16
08/01/2022,GRA,ST009,QAR,PRK.1146,Spicy Guacamole Pot,13,208,208,16
08/01/2022,GRA,ST009,QAR,PRK.1149,Edamame Pot,12,348,348,29
08/01/2022,GRA,ST009,QAR,PRK.1159,Greek Tabbouleh,20,380,380,19
08/01/2022,GRA,ST009,QAR,PRK.1161,Labneh Beetroot,12,24,24,2
08/01/2022,GRA,ST009,QAR,PRK.1173,Choco Chia Energy Ball,30,630,630,21
08/01/2022,GRA,ST009,QAR,PRK.1175,Pecan Bars,14,238,238,17
08/01/2022,GRA,ST009,QAR,PRK.1177,Carrot Cake,15,300,300,20
08/01/2022,GRA,ST009,QAR,PRK.1178,Sweet Potatoe Choco Cake,15,240,240,16
08/01/2022,GRA,ST009,QAR,PRK.1183,Bannana,2,46,46,23
08/01/2022,GRA,ST009,QAR,PRK.1184,Watermelon,18,774,774,43
08/01/2022,GRA,ST009,QAR,PRK.1185,Pineapplemix,18,648,648,36
08/01/2022,GRA,ST009,QAR,PRK.1186,Mixed Berries,22,704,704,32
08/01/2022,GRA,ST009,QAR,PRK.1194,Lotus Cheesecake,15,510,510,34
08/01/2022,GRA,ST009,QAR,PRK.1196,Chia Blueberry Yodurt,24,192,192,8
08/01/2022,GRA,ST009,QAR,PRK.1201,Iced Flat White,18,144,144,8
08/01/2022,GRA,ST009,QAR,PRK.1203,Iced Spanish Latte,20,1240,1240,62
08/01/2022,GRA,ST009,QAR,PRK.1204,Iced Latte,18,432,432,24
08/01/2022,GRA,ST009,QAR,PRK.1205,Iced Americano,15,255,255,17
08/01/2022,GRA,ST009,QAR,PRK.1234,Pepperoni Pizza small,40,160,160,4
08/01/2022,GRA,ST009,QAR,PRK.1235,Margherita Pizza small,30,240,240,8
08/01/2022,GRA,ST009,QAR,PRK.1236,BBQ chicken Pizza small,35,175,175,5
08/01/2022,GRA,ST009,QAR,PRK.1262,Highland Still,5,1140,1140,228
08/01/2022,GRA,ST009,QAR,PRK.1265,Perrier Sparkling,9,117,117,13
08/01/2022,GRA,ST009,QAR,PRK.1291,Coke,5,255,255,51
08/01/2022,GRA,ST009,QAR,PRK.1292,Diet Coke,5,315,315,63
08/01/2022,GRA,ST009,QAR,PRK.1335,Cool Box,15,135,135,9
08/01/2022,GRA,ST009,QAR,PRK.1351,Espresso Single,12,132,132,11
08/01/2022,GRA,ST009,QAR,PRK.1352,Macchiato,18,18,18,1
08/01/2022,GRA,ST009,QAR,PRK.1353,Americano Hot,15,585,585,39
08/01/2022,GRA,ST009,QAR,PRK.1354,Flat White Hot,18,522,522,29
08/01/2022,GRA,ST009,QAR,PRK.1355,Cappucino,18,954,954,53
08/01/2022,GRA,ST009,QAR,PRK.1356,Cortado,18,144,144,8
08/01/2022,GRA,ST009,QAR,PRK.1358,Spanish Latte,20,900,900,45
08/01/2022,GRA,ST009,QAR,PRK.1359,Classic Mocha,25,25,25,1
08/01/2022,GRA,ST009,QAR,PRK.1360,Slated Caramel Mocha,25,25,25,1
08/01/2022,GRA,ST009,QAR,PRK.1362,Double Espresso,14,126,126,9
08/01/2022,GRA,ST009,QAR,PRK.1363,Latte Hot,18,972,972,54
08/01/2022,GRA,ST009,QAR,PRK.1364,English B/F,12,96,96,8
08/01/2022,GRA,ST009,QAR,PRK.1365,Green Tea,12,48,48,4
08/01/2022,GRA,ST009,QAR,PRK.1372,Hot Cocoa,24,168,168,7
08/01/2022,GRA,ST009,QAR,PRK.1373,Hibiscus Iced tea,18,270,270,15
08/01/2022,GRA,ST009,QAR,PRK.1374,Peach Iced Tea,18,90,90,5
08/01/2022,GRA,ST009,QAR,PRK.1375,Matcha Latte,25,25,25,1
08/01/2022,GRA,ST009,QAR,PRK.1376,Cinnamon Latte,25,250,250,10
08/01/2022,GRA,ST009,QAR,PRK.1383,Watermelon & Coconut cool,20,220,220,11
08/01/2022,GRA,ST009,QAR,PRK.1386,Orange Juice,22,2200,2200,100
08/01/2022,GRA,ST009,QAR,PRK.1390,Morning Boost,24,624,624,26
08/01/2022,GRA,ST009,QAR,PRK.1392,Immune Boost,22,572,572,26
08/01/2022,GRA,ST009,QAR,PRK.1396,Ginger Aid Shot,18,522,522,29
08/01/2022,GRA,ST009,QAR,PRK.1402,Laban Drink,18,684,684,38
08/01/2022,GRA,ST009,QAR,PRK.1404,Green Boost Juice,24,24,24,1
08/01/2022,GRA,ST009,QAR,PRK.1406,Beetroot & Apple Juice,20,820,820,41
08/01/2022,GRA,ST009,QAR,PRK.1407,Coconut & Pineapple Juice,24,240,240,10
08/01/2022,GRA,ST009,QAR,PRK.1412, Mini Cup Yogurt,14,1638,1638,117
08/01/2022,GRA,ST009,QAR,PRK.1413,Regular Cup Yogurt,21,966,966,46
08/01/2022,GRA,ST009,QAR,PRK.1416,Large Cup Yogurt,23,276,276,12
08/01/2022,GRA,ST009,QAR,PRK.1418, Mini Cup Yogurt/Topping,18,1458,1458,81
08/01/2022,GRA,ST009,QAR,PRK.1419,Reg Cup Yogurt/Toping,26,2002,2002,77
08/01/2022,GRA,ST009,QAR,PRK.1422,Large Cup Yogurt/Topping,30,120,120,4
08/01/2022,GRA,ST009,QAR,PRK.1429,Mini Mango Ice Cream,14,5208,5208,372
08/01/2022,GRA,ST009,QAR,PRK.1430,Regular Mango Ice Cream,21,3423,3423,163
08/01/2022,GRA,ST009,QAR,PRK.1431,Large Mango Ice Cream,23,828,828,36
08/01/2022,GRA,ST009,QAR,PRK.1432,Mini Mango Ice Cream/Topp,18,4554,4554,253
08/01/2022,GRA,ST009,QAR,PRK.1433,Reg Mango Ice cream/Topp,26,3614,3614,139
08/01/2022,GRA,ST009,QAR,PRK.1434,Large Mango Ice Cream/Top,30,570,570,19
08/01/2022,GRA,ST009,QAR,PRK.1464,Fresh Pineapple,3,6,6,2
08/01/2022,GRA,ST009,QAR,PRK.1470,Lotus Biscuit,3,15,15,5
08/01/2022,GRA,ST009,QAR,PRK.1471,NOODLES BOWL,45,45,45,1
08/01/2022,GRA,ST009,QAR,PRK.1472,CHICKEN CURRY & RICE,48,384,384,8
08/01/2022,GRA,ST009,QAR,PRK.1474,Spaghetti Bolognese,45,135,135,3
08/01/2022,GRA,ST009,QAR,PRK.1475,Salmon with Cilantro Rice,65,260,260,4
08/01/2022,GRA,ST009,QAR,PRK.1476,Chicken Noodle Bowl,40,120,120,3
08/01/2022,GRA,ST009,QAR,PRK.1501,pomegranate,3,45,45,15
08/01/2022,GRA,ST009,QAR,PRK.1502,Strawberry,3,30,30,10
08/01/2022,GRA,ST009,QAR,PRK.1505,Salted Caramel,3,12,12,4
08/01/2022,GRA,ST009,QAR,PRK.1507,Crispy Crepe,3,36,36,12
08/01/2022,GRA,ST009,QAR,PRK.1508,Granola,3,36,36,12
08/01/2022,GRA,ST009,QAR,PRK.1509,Coconut Flakes,3,30,30,10
08/01/2022,GRA,ST009,QAR,PRK.1510,Crushed Graham,3,24,24,8
08/01/2022,GRA,ST009,QAR,PRK.1520,Mixed Berries Sauce,3,6,6,2
08/01/2022,GRA,ST009,QAR,PRK.1523,Peanut Butter Sauce,3,3,3,1
08/01/2022,GRA,ST009,QAR,PRK.1527,Mango,3,51,51,17
08/01/2022,GRA,ST009,QAR,PRK.1531,Power Shake,35,350,350,10
08/01/2022,GRA,ST009,QAR,PRK.1532,Peanut Power Shake,35,245,245,7
08/01/2022,GRA,ST009,QAR,PRK.1536,Energizer protine Shakes,45,315,315,7
08/01/2022,GRA,ST009,QAR,PRK.1540,Energizer shakes,35,140,140,4
08/01/2022,GRA,ST009,QAR,PRK.1545,14oz Energizer protine,40,40,40,1
08/01/2022,GRA,ST009,QAR,PRK.1546,14oz Pre-workout shake,30,30,30,1
08/01/2022,GRA,ST009,QAR,PRK.1548,14oz Energizer shakes,30,90,90,3
08/01/2022,GRA,ST009,QAR,PRK.1550,Extra Protein,10,20,20,2
08/01/2022,GRA,ST009,QAR,PRK.1587,Supersize,45,45,45,1
08/01/2022,GRA,ST009,QAR,PRK.1623,Brownie flavour cookies,10,670,670,67
08/01/2022,GRA,ST009,QAR,PRK.1626,Cinnamon Roll,13,91,91,7
08/01/2022,GRA,ST009,QAR,PRK.1627,Custard Raisin Roll,14,42,42,3
08/01/2022,GRA,ST009,QAR,PRK.1628,Brownie bites,13,221,221,17
08/01/2022,GRA,ST009,QAR,PRK.1632,Turkey cheese roll,19,171,171,9
08/01/2022,GRA,ST009,QAR,PRK.1633,Spinach feta roll,18,180,180,10
08/01/2022,GRA,ST009,QAR,PRK.1681,Salted Caramel Mocha,24,168,168,7
08/01/2022,GRA,ST009,QAR,PRK.1682,■Matcha Frappe,26,312,312,12
08/01/2022,GRA,ST009,QAR,PRK.1711,Pomegranate Pot,18,270,270,15
08/01/2022,GRA,ST009,QAR,PRK.1741,Spicy Tuna sandwich,26,988,988,38
08/01/2022,GRA,ST009,QAR,PRK.1742,Three cheese,22,550,550,25
08/01/2022,GRA,ST009,QAR,PRK.1743,Falafel and Labna,25,725,725,29
08/01/2022,GRA,ST009,QAR,PRK.1748,Chicken Shawarma,18,144,144,8
08/01/2022,GRA,ST009,QAR,PRK.1749,Tenderloin Beef Shawarma,22,110,110,5
08/01/2022,GRA,ST009,QAR,PRK.1771,Pistachio Arabeshi,5,895,895,179
08/01/2022,GRA,ST009,QAR,PRK.1772,Fresh Raspberry,5,410,410,82
08/01/2022,GRA,ST009,QAR,PRK.1773,Fresh blueberry,5,425,425,85
08/01/2022,GRA,ST009,QAR,PRK.1774,Chocolate Flakes,5,235,235,47
08/01/2022,GRA,ST009,QAR,PRK.1775,Honey Comb,5,110,110,22
08/01/2022,GRA,ST009,QAR,PRK.1832,CHICKEN CURRY & RICE,48,1296,1296,27
08/01/2022,GRA,ST009,QAR,PRK.1833,NOODLES BOWL,45,90,90,2
08/01/2022,GRA,ST009,QAR,PRK.4501,Full Fat Milk,0,0,0,1
08/01/2022,GRA,ST009,QAR,PRK.4502,Low Fat Milk,0,0,0,14
08/01/2022,GRA,ST009,QAR,PRK.4503,Almond Milk,2,40,40,20
08/01/2022,GRA,ST009,QAR,PRK.4504,Soya Milk,2,4,4,2
08/01/2022,GRA,ST009,QAR,PRK.4505,Less Sweet,0,0,0,1
08/01/2022,GRA,ST009,QAR,PRK.4517,Vanilla Flavor,0,0,0,9
08/01/2022,GRA,ST009,QAR,PRK.4519,caramel flavor,0,0,0,8
08/01/2022,GRA,ST009,QAR,PRK.4531,w/ Granola,0,0,0,52
08/01/2022,GRA,ST009,QAR,PRK.4533,w/ Pretzel,0,0,0,11
08/01/2022,GRA,ST009,QAR,PRK.4534,w/ Coconut Flakes,0,0,0,20
08/01/2022,GRA,ST009,QAR,PRK.4535,w/ Crispy Crepe,0,0,0,50
08/01/2022,GRA,ST009,QAR,PRK.4537,w/ Mixed Berries Sauce,0,0,0,12
08/01/2022,GRA,ST009,QAR,PRK.4541,w/ Strawberry,0,0,0,126
08/01/2022,GRA,ST009,QAR,PRK.4543,w/ Salted Caramel,0,0,0,13
08/01/2022,GRA,ST009,QAR,PRK.4544,w/ Pomegranate,0,0,0,85
08/01/2022,GRA,ST009,QAR,PRK.4545,w/ Dulce de leche,0,0,0,9
08/01/2022,GRA,ST009,QAR,PRK.4549,w/ Mango Sauce,0,0,0,14
08/01/2022,GRA,ST009,QAR,PRK.4550,w/ Mango,0,0,0,163
08/01/2022,GRA,ST009,QAR,PRK.4551,w/ Peanut Butter Sauce,0,0,0,2
08/01/2022,GRA,ST009,QAR,PRK.4552,w/ Crushed Grahams,0,0,0,10
08/01/2022,GRA,ST009,QAR,PRK.4556,w/ Fresh Pineapple,0,0,0,11
08/01/2022,GRA,ST009,QAR,PRK.4557,w/ Kiwi Fruit,0,0,0,2
08/01/2022,GRA,ST009,QAR,PRK.4558,w/ Lotus Biscuit,0,0,0,13
08/01/2022,GRA,ST009,QAR,PRK.4561,MIXED FROZEN YOGURT,0,0,0,61
08/01/2022,GRA,ST009,QAR,PRK.4562,MIXED MANGO YOGURT,0,0,0,10
