DATE,BRANCHCODE,WAREHOUSECODE,CURRENCY,ERPCODE,ITEMNAME,RAWPRICE,GROSSAMT,NETVALUE,QTYSOLD
12/01/2022,GRA,ST009,QAR,PRK.902,Granola,55,1045,1045,19
12/01/2022,GRA,ST009,QAR,PRK.907,Zaatar Chips,6,102,102,17
12/01/2022,GRA,ST009,QAR,PRK.909,Spicy Pesto Chips,6,72,72,12
12/01/2022,GRA,ST009,QAR,PRK.910,Graze Spicy Mix Sml,25,150,150,6
12/01/2022,GRA,ST009,QAR,PRK.911,Graze House Mix Sml,25,175,175,7
12/01/2022,GRA,ST009,QAR,PRK.962,Extra flavor,3,42,42,14
12/01/2022,GRA,ST009,QAR,PRK.994,Crsnt w Egg/Avaca/ SunTom,24,408,408,17
12/01/2022,GRA,ST009,QAR,PRK.995,Egg Burrito,20,240,240,12
12/01/2022,GRA,ST009,QAR,PRK.996,Blueberry Granola parfait,25,425,425,17
12/01/2022,GRA,ST009,QAR,PRK.997,Yog Dates Chia Pista Alm,22,264,264,12
12/01/2022,GRA,ST009,QAR,PRK.1003,Cheese Croissant,16,160,160,10
12/01/2022,GRA,ST009,QAR,PRK.1008,Chocolate Croissant,16,48,48,3
12/01/2022,GRA,ST009,QAR,PRK.1015,Kiri Cheese Danish,14,350,350,25
12/01/2022,GRA,ST009,QAR,PRK.1016,Plain Croissant,10,170,170,17
12/01/2022,GRA,ST009,QAR,PRK.1021,Shirazi Salad,12,252,252,21
12/01/2022,GRA,ST009,QAR,PRK.1023,Falafel Salad,45,1215,1215,27
12/01/2022,GRA,ST009,QAR,PRK.1027,Mex Chkn Chilli Bean Sld,40,1000,1000,25
12/01/2022,GRA,ST009,QAR,PRK.1031,Teriyaki GRAZE Salmn,55,1760,1760,32
12/01/2022,GRA,ST009,QAR,PRK.1039,Keto Chicken Salad,40,2080,2080,52
12/01/2022,GRA,ST009,QAR,PRK.1046,Greek Salad,30,900,900,30
12/01/2022,GRA,ST009,QAR,PRK.1048,Mexican  Caesar Salad chk,39,1326,1326,34
12/01/2022,GRA,ST009,QAR,PRK.1052,Smoke Turkey Sandwich,34,2040,2040,60
12/01/2022,GRA,ST009,QAR,PRK.1054,lemon&Rosemary Chkn,36,1692,1692,47
12/01/2022,GRA,ST009,QAR,PRK.1057,Steak & Philly Chz SW,32,928,928,29
12/01/2022,GRA,ST009,QAR,PRK.1063,Egg Mayo with Rocket,20,320,320,16
12/01/2022,GRA,ST009,QAR,PRK.1068,Crispy Chicken Bun,24,432,432,18
12/01/2022,GRA,ST009,QAR,PRK.1070,Chicken Pesto & Mozzarell,32,1472,1472,46
12/01/2022,GRA,ST009,QAR,PRK.1083,Chkn Soup,19,437,437,23
12/01/2022,GRA,ST009,QAR,PRK.1087,Lentil Soup,20,480,480,24
12/01/2022,GRA,ST009,QAR,PRK.1089,Vegetable soup,16,192,192,12
12/01/2022,GRA,ST009,QAR,PRK.1113,Chkn Katsu Curry,45,2475,2475,55
12/01/2022,GRA,ST009,QAR,PRK.1115,Mushroom Pasta,40,1480,1480,37
12/01/2022,GRA,ST009,QAR,PRK.1118,Steak With Mushroom Sauce,45,2025,2025,45
12/01/2022,GRA,ST009,QAR,PRK.1119,Chicken Biryani,45,2745,2745,61
12/01/2022,GRA,ST009,QAR,PRK.1121,Chinese Sesame Chicken,40,2760,2760,69
12/01/2022,GRA,ST009,QAR,PRK.1127,Rock Shrimp,45,1125,1125,25
12/01/2022,GRA,ST009,QAR,PRK.1133,Lamb  Kabsa,45,1845,1845,41
12/01/2022,GRA,ST009,QAR,PRK.1140,Chicken Curry & Saffron r,43,2623,2623,61
12/01/2022,GRA,ST009,QAR,PRK.1145,Yoghurt & Cucumber dip,12,144,144,12
12/01/2022,GRA,ST009,QAR,PRK.1146,Spicy Guacamole Pot,13,156,156,12
12/01/2022,GRA,ST009,QAR,PRK.1149,Edamame Pot,12,192,192,16
12/01/2022,GRA,ST009,QAR,PRK.1159,Greek Tabbouleh,20,260,260,13
12/01/2022,GRA,ST009,QAR,PRK.1173,Choco Chia Energy Ball,30,420,420,14
12/01/2022,GRA,ST009,QAR,PRK.1175,Pecan Bars,14,168,168,12
12/01/2022,GRA,ST009,QAR,PRK.1177,Carrot Cake,15,120,120,8
12/01/2022,GRA,ST009,QAR,PRK.1183,Bannana,2,24,24,12
12/01/2022,GRA,ST009,QAR,PRK.1184,Watermelon,18,504,504,28
12/01/2022,GRA,ST009,QAR,PRK.1185,Pineapplemix,18,306,306,17
12/01/2022,GRA,ST009,QAR,PRK.1186,Mixed Berries,22,550,550,25
12/01/2022,GRA,ST009,QAR,PRK.1194,Lotus Cheesecake,15,330,330,22
12/01/2022,GRA,ST009,QAR,PRK.1201,Iced Flat White,18,54,54,3
12/01/2022,GRA,ST009,QAR,PRK.1203,Iced Spanish Latte,20,300,300,15
12/01/2022,GRA,ST009,QAR,PRK.1204,Iced Latte,18,162,162,9
12/01/2022,GRA,ST009,QAR,PRK.1205,Iced Americano,15,165,165,11
12/01/2022,GRA,ST009,QAR,PRK.1234,Pepperoni Pizza small,40,360,360,9
12/01/2022,GRA,ST009,QAR,PRK.1235,Margherita Pizza small,30,420,420,14
12/01/2022,GRA,ST009,QAR,PRK.1236,BBQ chicken Pizza small,35,140,140,4
12/01/2022,GRA,ST009,QAR,PRK.1262,Highland Still,5,480,480,96
12/01/2022,GRA,ST009,QAR,PRK.1265,Perrier Sparkling,9,81,81,9
12/01/2022,GRA,ST009,QAR,PRK.1291,Coke,5,165,165,33
12/01/2022,GRA,ST009,QAR,PRK.1292,Diet Coke,5,275,275,55
12/01/2022,GRA,ST009,QAR,PRK.1334,Stay Home w/Graze M12 X1,240,720,720,3
12/01/2022,GRA,ST009,QAR,PRK.1335,Cool Box,15,30,30,2
12/01/2022,GRA,ST009,QAR,PRK.1351,Espresso Single,12,180,180,15
12/01/2022,GRA,ST009,QAR,PRK.1353,Americano Hot,15,495,495,33
12/01/2022,GRA,ST009,QAR,PRK.1354,Flat White Hot,18,1008,1008,56
12/01/2022,GRA,ST009,QAR,PRK.1355,Cappucino,18,810,810,45
12/01/2022,GRA,ST009,QAR,PRK.1356,Cortado,18,234,234,13
12/01/2022,GRA,ST009,QAR,PRK.1358,Spanish Latte,20,1280,1280,64
12/01/2022,GRA,ST009,QAR,PRK.1359,Classic Mocha,25,50,50,2
12/01/2022,GRA,ST009,QAR,PRK.1360,Slated Caramel Mocha,25,175,175,7
12/01/2022,GRA,ST009,QAR,PRK.1362,Double Espresso,14,322,322,23
12/01/2022,GRA,ST009,QAR,PRK.1363,Latte Hot,18,612,612,34
12/01/2022,GRA,ST009,QAR,PRK.1364,English B/F,12,48,48,4
12/01/2022,GRA,ST009,QAR,PRK.1368,Lemon Grass/ Ginger,12,36,36,3
12/01/2022,GRA,ST009,QAR,PRK.1372,Hot Cocoa,24,240,240,10
12/01/2022,GRA,ST009,QAR,PRK.1373,Hibiscus Iced tea,18,216,216,12
12/01/2022,GRA,ST009,QAR,PRK.1375,Matcha Latte,25,75,75,3
12/01/2022,GRA,ST009,QAR,PRK.1376,Cinnamon Latte,25,50,50,2
12/01/2022,GRA,ST009,QAR,PRK.1386,Orange Juice,22,1584,1584,72
12/01/2022,GRA,ST009,QAR,PRK.1387,Carrot Juice,22,22,22,1
12/01/2022,GRA,ST009,QAR,PRK.1390,Morning Boost,24,408,408,17
12/01/2022,GRA,ST009,QAR,PRK.1392,Immune Boost,22,814,814,37
12/01/2022,GRA,ST009,QAR,PRK.1396,Ginger Aid Shot,18,1116,1116,62
12/01/2022,GRA,ST009,QAR,PRK.1402,Laban Drink,18,486,486,27
12/01/2022,GRA,ST009,QAR,PRK.1404,Green Boost Juice,24,192,192,8
12/01/2022,GRA,ST009,QAR,PRK.1406,Beetroot & Apple Juice,20,600,600,30
12/01/2022,GRA,ST009,QAR,PRK.1412, Mini Cup Yogurt,14,784,784,56
12/01/2022,GRA,ST009,QAR,PRK.1413,Regular Cup Yogurt,21,735,735,35
12/01/2022,GRA,ST009,QAR,PRK.1416,Large Cup Yogurt,23,92,92,4
12/01/2022,GRA,ST009,QAR,PRK.1418, Mini Cup Yogurt/Topping,18,792,792,44
12/01/2022,GRA,ST009,QAR,PRK.1419,Reg Cup Yogurt/Toping,26,1066,1066,41
12/01/2022,GRA,ST009,QAR,PRK.1422,Large Cup Yogurt/Topping,30,120,120,4
12/01/2022,GRA,ST009,QAR,PRK.1429,Mini Mango Ice Cream,14,1512,1512,108
12/01/2022,GRA,ST009,QAR,PRK.1430,Regular Mango Ice Cream,21,735,735,35
12/01/2022,GRA,ST009,QAR,PRK.1431,Large Mango Ice Cream,23,805,805,35
12/01/2022,GRA,ST009,QAR,PRK.1432,Mini Mango Ice Cream/Topp,18,1296,1296,72
12/01/2022,GRA,ST009,QAR,PRK.1433,Reg Mango Ice cream/Topp,26,2106,2106,81
12/01/2022,GRA,ST009,QAR,PRK.1434,Large Mango Ice Cream/Top,30,540,540,18
12/01/2022,GRA,ST009,QAR,PRK.1464,Fresh Pineapple,3,6,6,2
12/01/2022,GRA,ST009,QAR,PRK.1469,Kiwi Fruit,3,3,3,1
12/01/2022,GRA,ST009,QAR,PRK.1470,Lotus Biscuit,3,6,6,2
12/01/2022,GRA,ST009,QAR,PRK.1471,NOODLES BOWL,45,45,45,1
12/01/2022,GRA,ST009,QAR,PRK.1472,CHICKEN CURRY & RICE,48,864,864,18
12/01/2022,GRA,ST009,QAR,PRK.1474,Spaghetti Bolognese,45,720,720,16
12/01/2022,GRA,ST009,QAR,PRK.1475,Salmon with Cilantro Rice,65,975,975,15
12/01/2022,GRA,ST009,QAR,PRK.1476,Chicken Noodle Bowl,40,560,560,14
12/01/2022,GRA,ST009,QAR,PRK.1501,pomegranate,3,12,12,4
12/01/2022,GRA,ST009,QAR,PRK.1502,Strawberry,3,18,18,6
12/01/2022,GRA,ST009,QAR,PRK.1505,Salted Caramel,3,12,12,4
12/01/2022,GRA,ST009,QAR,PRK.1506,Pretzel,3,12,12,4
12/01/2022,GRA,ST009,QAR,PRK.1507,Crispy Crepe,3,24,24,8
12/01/2022,GRA,ST009,QAR,PRK.1508,Granola,3,9,9,3
12/01/2022,GRA,ST009,QAR,PRK.1509,Coconut Flakes,3,3,3,1
12/01/2022,GRA,ST009,QAR,PRK.1510,Crushed Graham,3,9,9,3
12/01/2022,GRA,ST009,QAR,PRK.1527,Mango,3,39,39,13
12/01/2022,GRA,ST009,QAR,PRK.1531,Power Shake,35,210,210,6
12/01/2022,GRA,ST009,QAR,PRK.1532,Peanut Power Shake,35,140,140,4
12/01/2022,GRA,ST009,QAR,PRK.1533,Pre-workout protein shak,45,45,45,1
12/01/2022,GRA,ST009,QAR,PRK.1536,Energizer protine Shakes,45,90,90,2
12/01/2022,GRA,ST009,QAR,PRK.1540,Energizer shakes,35,140,140,4
12/01/2022,GRA,ST009,QAR,PRK.1587,Supersize,45,180,180,4
12/01/2022,GRA,ST009,QAR,PRK.1623,Brownie flavour cookies,10,360,360,36
12/01/2022,GRA,ST009,QAR,PRK.1626,Cinnamon Roll,13,78,78,6
12/01/2022,GRA,ST009,QAR,PRK.1628,Brownie bites,13,195,195,15
12/01/2022,GRA,ST009,QAR,PRK.1632,Turkey cheese roll,19,190,190,10
12/01/2022,GRA,ST009,QAR,PRK.1633,Spinach feta roll,18,90,90,5
12/01/2022,GRA,ST009,QAR,PRK.1634,Madeleine,12,480,480,40
12/01/2022,GRA,ST009,QAR,PRK.1635,Poppy Lemon seeds,12,84,84,7
12/01/2022,GRA,ST009,QAR,PRK.1681,Salted Caramel Mocha,24,120,120,5
12/01/2022,GRA,ST009,QAR,PRK.1682,■Matcha Frappe,26,442,442,17
12/01/2022,GRA,ST009,QAR,PRK.1711,Pomegranate Pot,18,216,216,12
12/01/2022,GRA,ST009,QAR,PRK.1741,Spicy Tuna sandwich,26,806,806,31
12/01/2022,GRA,ST009,QAR,PRK.1742,Three cheese,22,484,484,22
12/01/2022,GRA,ST009,QAR,PRK.1743,Falafel and Labna,25,450,450,18
12/01/2022,GRA,ST009,QAR,PRK.1748,Chicken Shawarma,18,792,792,44
12/01/2022,GRA,ST009,QAR,PRK.1749,Tenderloin Beef Shawarma,22,462,462,21
12/01/2022,GRA,ST009,QAR,PRK.1771,Pistachio Arabeshi,5,710,710,142
12/01/2022,GRA,ST009,QAR,PRK.1772,Fresh Raspberry,5,140,140,28
12/01/2022,GRA,ST009,QAR,PRK.1773,Fresh blueberry,5,125,125,25
12/01/2022,GRA,ST009,QAR,PRK.1774,Chocolate Flakes,5,165,165,33
12/01/2022,GRA,ST009,QAR,PRK.1775,Honey Comb,5,105,105,21
12/01/2022,GRA,ST009,QAR,PRK.4502,Low Fat Milk,0,0,0,2
12/01/2022,GRA,ST009,QAR,PRK.4503,Almond Milk,2,48,48,24
12/01/2022,GRA,ST009,QAR,PRK.4504,Soya Milk,2,18,18,9
12/01/2022,GRA,ST009,QAR,PRK.4509,Double Shot,0,0,0,2
12/01/2022,GRA,ST009,QAR,PRK.4516,Decaf,0,0,0,5
12/01/2022,GRA,ST009,QAR,PRK.4517,Vanilla Flavor,0,0,0,2
12/01/2022,GRA,ST009,QAR,PRK.4519,caramel flavor,0,0,0,1
12/01/2022,GRA,ST009,QAR,PRK.4520,hazelnut flavor,0,0,0,1
12/01/2022,GRA,ST009,QAR,PRK.4521,Oat Milk,2,10,10,5
12/01/2022,GRA,ST009,QAR,PRK.4522,Skimmed Milk,2,4,4,2
12/01/2022,GRA,ST009,QAR,PRK.4523,Coconut Milk,2,4,4,2
12/01/2022,GRA,ST009,QAR,PRK.4531,w/ Granola,0,0,0,25
12/01/2022,GRA,ST009,QAR,PRK.4533,w/ Pretzel,0,0,0,4
12/01/2022,GRA,ST009,QAR,PRK.4534,w/ Coconut Flakes,0,0,0,12
12/01/2022,GRA,ST009,QAR,PRK.4535,w/ Crispy Crepe,0,0,0,22
12/01/2022,GRA,ST009,QAR,PRK.4537,w/ Mixed Berries Sauce,0,0,0,2
12/01/2022,GRA,ST009,QAR,PRK.4541,w/ Strawberry,0,0,0,61
12/01/2022,GRA,ST009,QAR,PRK.4543,w/ Salted Caramel,0,0,0,10
12/01/2022,GRA,ST009,QAR,PRK.4544,w/ Pomegranate,0,0,0,24
12/01/2022,GRA,ST009,QAR,PRK.4545,w/ Dulce de leche,0,0,0,2
12/01/2022,GRA,ST009,QAR,PRK.4549,w/ Mango Sauce,0,0,0,6
12/01/2022,GRA,ST009,QAR,PRK.4550,w/ Mango,0,0,0,64
12/01/2022,GRA,ST009,QAR,PRK.4552,w/ Crushed Grahams,0,0,0,4
12/01/2022,GRA,ST009,QAR,PRK.4556,w/ Fresh Pineapple,0,0,0,2
12/01/2022,GRA,ST009,QAR,PRK.4558,w/ Lotus Biscuit,0,0,0,12
12/01/2022,GRA,ST009,QAR,PRK.4561,MIXED FROZEN YOGURT,0,0,0,6
12/01/2022,GRA,ST009,QAR,PRK.4562,MIXED MANGO YOGURT,0,0,0,6
