DATE,BRANCHCODE,WAREHOUSECODE,CURRENCY,ERPCODE,ITEMNAME,RAWPRICE,GROSSAMT,NETVALUE,QTYSOLD
05/01/2022,GRA,ST009,QAR,PRK.902,Granola,55,605,605,11
05/01/2022,GRA,ST009,QAR,PRK.907,Zaatar Chips,6,102,102,17
05/01/2022,GRA,ST009,QAR,PRK.909,Spicy Pesto Chips,6,126,126,21
05/01/2022,GRA,ST009,QAR,PRK.910,Graze Spicy Mix Sml,25,475,475,19
05/01/2022,GRA,ST009,QAR,PRK.911,Graze House Mix Sml,25,350,350,14
05/01/2022,GRA,ST009,QAR,PRK.962,Extra flavor,3,30,30,10
05/01/2022,GRA,ST009,QAR,PRK.994,Crsnt w Egg/Avaca/ SunTom,24,744,744,31
05/01/2022,GRA,ST009,QAR,PRK.995,Egg Burrito,20,140,140,7
05/01/2022,GRA,ST009,QAR,PRK.996,Blueberry Granola parfait,25,725,725,29
05/01/2022,GRA,ST009,QAR,PRK.997,Yog Dates Chia Pista Alm,22,682,682,31
05/01/2022,GRA,ST009,QAR,PRK.1003,Cheese Croissant,16,160,160,10
05/01/2022,GRA,ST009,QAR,PRK.1007,Zatar Croissant,16,176,176,11
05/01/2022,GRA,ST009,QAR,PRK.1008,Chocolate Croissant,16,32,32,2
05/01/2022,GRA,ST009,QAR,PRK.1015,Kiri Cheese Danish,14,294,294,21
05/01/2022,GRA,ST009,QAR,PRK.1016,Plain Croissant,10,230,230,23
05/01/2022,GRA,ST009,QAR,PRK.1020,Almond Croissant,16,16,16,1
05/01/2022,GRA,ST009,QAR,PRK.1021,Shirazi Salad,12,288,288,24
05/01/2022,GRA,ST009,QAR,PRK.1023,Falafel Salad,35,385,385,11
05/01/2022,GRA,ST009,QAR,PRK.1024,Quinoa Swt potato Salad,40,360,360,9
05/01/2022,GRA,ST009,QAR,PRK.1027,Mex Chkn Chilli Bean Sld,40,1360,1360,34
05/01/2022,GRA,ST009,QAR,PRK.1031,Teriyaki GRAZE Salmn,55,1430,1430,26
05/01/2022,GRA,ST009,QAR,PRK.1034,BBQ Chick Peas,38,1102,1102,29
05/01/2022,GRA,ST009,QAR,PRK.1039,Keto Chicken Salad,40,760,760,19
05/01/2022,GRA,ST009,QAR,PRK.1047,Chicken Noodle Salad,40,40,40,1
05/01/2022,GRA,ST009,QAR,PRK.1048,Mexican  Caesar Salad chk,39,1911,1911,49
05/01/2022,GRA,ST009,QAR,PRK.1049,ROCCA SALAD,22,22,22,1
05/01/2022,GRA,ST009,QAR,PRK.1052,Smoke Turkey Sandwich,34,1870,1870,55
05/01/2022,GRA,ST009,QAR,PRK.1054,lemon&Rosemary Chkn,36,1944,1944,54
05/01/2022,GRA,ST009,QAR,PRK.1057,Steak & Philly Chz SW,32,1376,1376,43
05/01/2022,GRA,ST009,QAR,PRK.1063,Egg Mayo with Rocket,20,40,40,2
05/01/2022,GRA,ST009,QAR,PRK.1068,Crispy Chicken Bun,24,696,696,29
05/01/2022,GRA,ST009,QAR,PRK.1070,Chicken Pesto & Mozzarell,32,1600,1600,50
05/01/2022,GRA,ST009,QAR,PRK.1077,Spicy Halloumi,38,38,38,1
05/01/2022,GRA,ST009,QAR,PRK.1083,Chkn Soup,19,323,323,17
05/01/2022,GRA,ST009,QAR,PRK.1087,Lentil Soup,20,440,440,22
05/01/2022,GRA,ST009,QAR,PRK.1111,Penne Bolognese,50,200,200,4
05/01/2022,GRA,ST009,QAR,PRK.1113,Chkn Katsu Curry,45,2655,2655,59
05/01/2022,GRA,ST009,QAR,PRK.1115,Mushroom Pasta,40,1280,1280,32
05/01/2022,GRA,ST009,QAR,PRK.1118,Steak With Mushroom Sauce,45,1800,1800,40
05/01/2022,GRA,ST009,QAR,PRK.1119,Chicken Biryani,45,2430,2430,54
05/01/2022,GRA,ST009,QAR,PRK.1121,Chinese Sesame Chicken,40,2560,2560,64
05/01/2022,GRA,ST009,QAR,PRK.1127,Rock Shrimp,45,1620,1620,36
05/01/2022,GRA,ST009,QAR,PRK.1133,Lamb  Kabsa,45,1665,1665,37
05/01/2022,GRA,ST009,QAR,PRK.1140,Chicken Curry & Saffron r,43,1075,1075,25
05/01/2022,GRA,ST009,QAR,PRK.1141,CRAB BOWL,28,56,56,2
05/01/2022,GRA,ST009,QAR,PRK.1145,Yoghurt & Cucumber dip,12,132,132,11
05/01/2022,GRA,ST009,QAR,PRK.1146,Spicy Guacamole Pot,13,13,13,1
05/01/2022,GRA,ST009,QAR,PRK.1149,Edamame Pot,12,408,408,34
05/01/2022,GRA,ST009,QAR,PRK.1159,Greek Tabbouleh,20,220,220,11
05/01/2022,GRA,ST009,QAR,PRK.1173,Choco Chia Energy Ball,30,210,210,7
05/01/2022,GRA,ST009,QAR,PRK.1175,Pecan Bars,14,140,140,10
05/01/2022,GRA,ST009,QAR,PRK.1177,Carrot Cake,15,195,195,13
05/01/2022,GRA,ST009,QAR,PRK.1178,Sweet Potatoe Choco Cake,15,150,150,10
05/01/2022,GRA,ST009,QAR,PRK.1183,Bannana,2,12,12,6
05/01/2022,GRA,ST009,QAR,PRK.1184,Watermelon,18,414,414,23
05/01/2022,GRA,ST009,QAR,PRK.1185,Pineapplemix,18,288,288,16
05/01/2022,GRA,ST009,QAR,PRK.1186,Mixed Berries,22,352,352,16
05/01/2022,GRA,ST009,QAR,PRK.1194,Lotus Cheesecake,15,120,120,8
05/01/2022,GRA,ST009,QAR,PRK.1201,Iced Flat White,18,54,54,3
05/01/2022,GRA,ST009,QAR,PRK.1203,Iced Spanish Latte,20,780,780,39
05/01/2022,GRA,ST009,QAR,PRK.1204,Iced Latte,18,270,270,15
05/01/2022,GRA,ST009,QAR,PRK.1205,Iced Americano,15,165,165,11
05/01/2022,GRA,ST009,QAR,PRK.1234,Pepperoni Pizza small,40,280,280,7
05/01/2022,GRA,ST009,QAR,PRK.1235,Margherita Pizza small,30,330,330,11
05/01/2022,GRA,ST009,QAR,PRK.1236,BBQ chicken Pizza small,35,315,315,9
05/01/2022,GRA,ST009,QAR,PRK.1262,Highland Still,5,725,725,145
05/01/2022,GRA,ST009,QAR,PRK.1265,Perrier Sparkling,9,81,81,9
05/01/2022,GRA,ST009,QAR,PRK.1291,Coke,5,150,150,30
05/01/2022,GRA,ST009,QAR,PRK.1292,Diet Coke,5,215,215,43
05/01/2022,GRA,ST009,QAR,PRK.1331,Stay Home w/ Graze R 6 X1,185,370,370,2
05/01/2022,GRA,ST009,QAR,PRK.1333,Stay Home w/Graze M 6 X1,130,260,260,2
05/01/2022,GRA,ST009,QAR,PRK.1334,Stay Home w/Graze M12 X1,240,240,240,1
05/01/2022,GRA,ST009,QAR,PRK.1335,Cool Box,15,120,120,8
05/01/2022,GRA,ST009,QAR,PRK.1351,Espresso Single,12,120,120,10
05/01/2022,GRA,ST009,QAR,PRK.1352,Macchiato,18,18,18,1
05/01/2022,GRA,ST009,QAR,PRK.1353,Americano Hot,15,660,660,44
05/01/2022,GRA,ST009,QAR,PRK.1354,Flat White Hot,18,666,666,37
05/01/2022,GRA,ST009,QAR,PRK.1355,Cappucino,18,900,900,50
05/01/2022,GRA,ST009,QAR,PRK.1356,Cortado,18,270,270,15
05/01/2022,GRA,ST009,QAR,PRK.1358,Spanish Latte,20,1440,1440,72
05/01/2022,GRA,ST009,QAR,PRK.1360,Slated Caramel Mocha,25,75,75,3
05/01/2022,GRA,ST009,QAR,PRK.1362,Double Espresso,14,42,42,3
05/01/2022,GRA,ST009,QAR,PRK.1363,Latte Hot,18,684,684,38
05/01/2022,GRA,ST009,QAR,PRK.1364,English B/F,12,60,60,5
05/01/2022,GRA,ST009,QAR,PRK.1365,Green Tea,12,60,60,5
05/01/2022,GRA,ST009,QAR,PRK.1372,Hot Cocoa,24,96,96,4
05/01/2022,GRA,ST009,QAR,PRK.1373,Hibiscus Iced tea,18,288,288,16
05/01/2022,GRA,ST009,QAR,PRK.1375,Matcha Latte,25,100,100,4
05/01/2022,GRA,ST009,QAR,PRK.1376,Cinnamon Latte,25,100,100,4
05/01/2022,GRA,ST009,QAR,PRK.1386,Orange Juice,22,1232,1232,56
05/01/2022,GRA,ST009,QAR,PRK.1390,Morning Boost,24,792,792,33
05/01/2022,GRA,ST009,QAR,PRK.1392,Immune Boost,22,418,418,19
05/01/2022,GRA,ST009,QAR,PRK.1396,Ginger Aid Shot,18,972,972,54
05/01/2022,GRA,ST009,QAR,PRK.1402,Laban Drink,18,468,468,26
05/01/2022,GRA,ST009,QAR,PRK.1404,Green Boost Juice,24,192,192,8
05/01/2022,GRA,ST009,QAR,PRK.1406,Beetroot & Apple Juice,20,460,460,23
05/01/2022,GRA,ST009,QAR,PRK.1412, Mini Cup Yogurt,14,1666,1666,119
05/01/2022,GRA,ST009,QAR,PRK.1413,Regular Cup Yogurt,21,1659,1659,79
05/01/2022,GRA,ST009,QAR,PRK.1416,Large Cup Yogurt,23,46,46,2
05/01/2022,GRA,ST009,QAR,PRK.1418, Mini Cup Yogurt/Topping,18,1278,1278,71
05/01/2022,GRA,ST009,QAR,PRK.1419,Reg Cup Yogurt/Toping,26,1742,1742,67
05/01/2022,GRA,ST009,QAR,PRK.1422,Large Cup Yogurt/Topping,30,180,180,6
05/01/2022,GRA,ST009,QAR,PRK.1429,Mini Mango Ice Cream,14,3948,3948,282
05/01/2022,GRA,ST009,QAR,PRK.1430,Regular Mango Ice Cream,21,2667,2667,127
05/01/2022,GRA,ST009,QAR,PRK.1431,Large Mango Ice Cream,23,1081,1081,47
05/01/2022,GRA,ST009,QAR,PRK.1432,Mini Mango Ice Cream/Topp,18,3078,3078,171
05/01/2022,GRA,ST009,QAR,PRK.1433,Reg Mango Ice cream/Topp,26,3250,3250,125
05/01/2022,GRA,ST009,QAR,PRK.1434,Large Mango Ice Cream/Top,30,600,600,20
05/01/2022,GRA,ST009,QAR,PRK.1464,Fresh Pineapple,3,3,3,1
05/01/2022,GRA,ST009,QAR,PRK.1470,Lotus Biscuit,3,6,6,2
05/01/2022,GRA,ST009,QAR,PRK.1501,pomegranate,3,54,54,18
05/01/2022,GRA,ST009,QAR,PRK.1502,Strawberry,3,60,60,20
05/01/2022,GRA,ST009,QAR,PRK.1505,Salted Caramel,3,9,9,3
05/01/2022,GRA,ST009,QAR,PRK.1506,Pretzel,3,12,12,4
05/01/2022,GRA,ST009,QAR,PRK.1507,Crispy Crepe,3,66,66,22
05/01/2022,GRA,ST009,QAR,PRK.1508,Granola,3,33,33,11
05/01/2022,GRA,ST009,QAR,PRK.1509,Coconut Flakes,3,27,27,9
05/01/2022,GRA,ST009,QAR,PRK.1510,Crushed Graham,3,15,15,5
05/01/2022,GRA,ST009,QAR,PRK.1514,Dulce de Leche,3,12,12,4
05/01/2022,GRA,ST009,QAR,PRK.1520,Mixed Berries Sauce,3,9,9,3
05/01/2022,GRA,ST009,QAR,PRK.1521,Mango Sauce,3,15,15,5
05/01/2022,GRA,ST009,QAR,PRK.1527,Mango,3,81,81,27
05/01/2022,GRA,ST009,QAR,PRK.1531,Power Shake,35,490,490,14
05/01/2022,GRA,ST009,QAR,PRK.1532,Peanut Power Shake,35,35,35,1
05/01/2022,GRA,ST009,QAR,PRK.1536,Energizer protine Shakes,45,540,540,12
05/01/2022,GRA,ST009,QAR,PRK.1540,Energizer shakes,35,140,140,4
05/01/2022,GRA,ST009,QAR,PRK.1541,Essential shakes,35,35,35,1
05/01/2022,GRA,ST009,QAR,PRK.1550,Extra Protein,10,60,60,6
05/01/2022,GRA,ST009,QAR,PRK.1580,Ogaily cardamom ice cream,25,450,450,18
05/01/2022,GRA,ST009,QAR,PRK.1587,Supersize,45,450,450,10
05/01/2022,GRA,ST009,QAR,PRK.1623,Brownie flavour cookies,10,580,580,58
05/01/2022,GRA,ST009,QAR,PRK.1628,Brownie bites,13,156,156,12
05/01/2022,GRA,ST009,QAR,PRK.1632,Turkey cheese roll,19,76,76,4
05/01/2022,GRA,ST009,QAR,PRK.1633,Spinach feta roll,18,90,90,5
05/01/2022,GRA,ST009,QAR,PRK.1681,Salted Caramel Mocha,24,96,96,4
05/01/2022,GRA,ST009,QAR,PRK.1682,■Matcha Frappe,26,156,156,6
05/01/2022,GRA,ST009,QAR,PRK.1711,Pomegranate Pot,18,360,360,20
05/01/2022,GRA,ST009,QAR,PRK.1741,Spicy Tuna sandwich,26,728,728,28
05/01/2022,GRA,ST009,QAR,PRK.1742,Three cheese,22,792,792,36
05/01/2022,GRA,ST009,QAR,PRK.1743,Falafel and Labna,25,325,325,13
05/01/2022,GRA,ST009,QAR,PRK.1746,GRAZE CLUB SANDWICH,42,294,294,7
05/01/2022,GRA,ST009,QAR,PRK.1747,BEEF BURGER,35,35,35,1
05/01/2022,GRA,ST009,QAR,PRK.1771,Pistachio Arabeshi,5,520,520,104
05/01/2022,GRA,ST009,QAR,PRK.1772,Fresh Raspberry,5,555,555,111
05/01/2022,GRA,ST009,QAR,PRK.1773,Fresh blueberry,5,385,385,77
05/01/2022,GRA,ST009,QAR,PRK.1774,Chocolate Flakes,5,175,175,35
05/01/2022,GRA,ST009,QAR,PRK.1775,Honey Comb,5,55,55,11
05/01/2022,GRA,ST009,QAR,PRK.1801,GRAZE CLUB SANDWICH,42,84,84,2
05/01/2022,GRA,ST009,QAR,PRK.1802,BEEF BURGER,35,105,105,3
05/01/2022,GRA,ST009,QAR,PRK.1832,CHICKEN CURRY & RICE,48,1008,1008,21
05/01/2022,GRA,ST009,QAR,PRK.1833,NOODLES BOWL,45,135,135,3
05/01/2022,GRA,ST009,QAR,PRK.4502,Low Fat Milk,0,0,0,3
05/01/2022,GRA,ST009,QAR,PRK.4503,Almond Milk,2,30,30,15
05/01/2022,GRA,ST009,QAR,PRK.4504,Soya Milk,2,6,6,3
05/01/2022,GRA,ST009,QAR,PRK.4517,Vanilla Flavor,0,0,0,6
05/01/2022,GRA,ST009,QAR,PRK.4519,caramel flavor,0,0,0,1
05/01/2022,GRA,ST009,QAR,PRK.4520,hazelnut flavor,0,0,0,1
05/01/2022,GRA,ST009,QAR,PRK.4531,w/ Granola,0,0,0,57
05/01/2022,GRA,ST009,QAR,PRK.4533,w/ Pretzel,0,0,0,5
05/01/2022,GRA,ST009,QAR,PRK.4534,w/ Coconut Flakes,0,0,0,38
05/01/2022,GRA,ST009,QAR,PRK.4535,w/ Crispy Crepe,0,0,0,63
05/01/2022,GRA,ST009,QAR,PRK.4537,w/ Mixed Berries Sauce,0,0,0,12
05/01/2022,GRA,ST009,QAR,PRK.4540,w/ Raspberry,0,0,0,2
05/01/2022,GRA,ST009,QAR,PRK.4541,w/ Strawberry,0,0,0,155
05/01/2022,GRA,ST009,QAR,PRK.4543,w/ Salted Caramel,0,0,0,7
05/01/2022,GRA,ST009,QAR,PRK.4544,w/ Pomegranate,0,0,0,97
05/01/2022,GRA,ST009,QAR,PRK.4545,w/ Dulce de leche,0,0,0,1
05/01/2022,GRA,ST009,QAR,PRK.4549,w/ Mango Sauce,0,0,0,46
05/01/2022,GRA,ST009,QAR,PRK.4550,w/ Mango,0,0,0,209
05/01/2022,GRA,ST009,QAR,PRK.4552,w/ Crushed Grahams,0,0,0,2
05/01/2022,GRA,ST009,QAR,PRK.4556,w/ Fresh Pineapple,0,0,0,5
05/01/2022,GRA,ST009,QAR,PRK.4558,w/ Lotus Biscuit,0,0,0,24
05/01/2022,GRA,ST009,QAR,PRK.4561,MIXED FROZEN YOGURT,0,0,0,31
05/01/2022,GRA,ST009,QAR,PRK.4562,MIXED MANGO YOGURT,0,0,0,39
