DATE,BRANCHCODE,WAREHOUSECODE,CURRENCY,ERPCODE,ITEMNAME,RAWPRICE,GROSSAMT,NETVALUE,QTYSOLD
07/01/2022,GRA,ST009,QAR,PRK.902,Granola,55,550,550,10
07/01/2022,GRA,ST009,QAR,PRK.907,Zaatar Chips,6,114,114,19
07/01/2022,GRA,ST009,QAR,PRK.909,Spicy Pesto Chips,6,78,78,13
07/01/2022,GRA,ST009,QAR,PRK.910,Graze Spicy Mix Sml,25,425,425,17
07/01/2022,GRA,ST009,QAR,PRK.911,Graze House Mix Sml,25,425,425,17
07/01/2022,GRA,ST009,QAR,PRK.961,Extra cheese,5,5,5,1
07/01/2022,GRA,ST009,QAR,PRK.962,Extra flavor,3,66,66,22
07/01/2022,GRA,ST009,QAR,PRK.994,Crsnt w Egg/Avaca/ SunTom,24,264,264,11
07/01/2022,GRA,ST009,QAR,PRK.995,Egg Burrito,20,80,80,4
07/01/2022,GRA,ST009,QAR,PRK.996,Blueberry Granola parfait,25,650,650,26
07/01/2022,GRA,ST009,QAR,PRK.997,Yog Dates Chia Pista Alm,22,462,462,21
07/01/2022,GRA,ST009,QAR,PRK.1003,Cheese Croissant,16,64,64,4
07/01/2022,GRA,ST009,QAR,PRK.1007,Zatar Croissant,16,80,80,5
07/01/2022,GRA,ST009,QAR,PRK.1008,Chocolate Croissant,16,64,64,4
07/01/2022,GRA,ST009,QAR,PRK.1015,Kiri Cheese Danish,14,294,294,21
07/01/2022,GRA,ST009,QAR,PRK.1016,Plain Croissant,10,190,190,19
07/01/2022,GRA,ST009,QAR,PRK.1021,Shirazi Salad,12,180,180,15
07/01/2022,GRA,ST009,QAR,PRK.1023,Falafel Salad,35,525,525,15
07/01/2022,GRA,ST009,QAR,PRK.1027,Mex Chkn Chilli Bean Sld,40,1040,1040,26
07/01/2022,GRA,ST009,QAR,PRK.1031,Teriyaki GRAZE Salmn,55,935,935,17
07/01/2022,GRA,ST009,QAR,PRK.1034,BBQ Chick Peas,38,532,532,14
07/01/2022,GRA,ST009,QAR,PRK.1039,Keto Chicken Salad,40,760,760,19
07/01/2022,GRA,ST009,QAR,PRK.1044,Southern Chicken Salad,45,180,180,4
07/01/2022,GRA,ST009,QAR,PRK.1048,Mexican  Caesar Salad chk,39,1989,1989,51
07/01/2022,GRA,ST009,QAR,PRK.1049,ROCCA SALAD,22,308,308,14
07/01/2022,GRA,ST009,QAR,PRK.1052,Smoke Turkey Sandwich,34,1666,1666,49
07/01/2022,GRA,ST009,QAR,PRK.1054,lemon&Rosemary Chkn,36,1764,1764,49
07/01/2022,GRA,ST009,QAR,PRK.1057,Steak & Philly Chz SW,32,1152,1152,36
07/01/2022,GRA,ST009,QAR,PRK.1063,Egg Mayo with Rocket,20,280,280,14
07/01/2022,GRA,ST009,QAR,PRK.1068,Crispy Chicken Bun,24,408,408,17
07/01/2022,GRA,ST009,QAR,PRK.1070,Chicken Pesto & Mozzarell,32,864,864,27
07/01/2022,GRA,ST009,QAR,PRK.1083,Chkn Soup,19,285,285,15
07/01/2022,GRA,ST009,QAR,PRK.1087,Lentil Soup,20,200,200,10
07/01/2022,GRA,ST009,QAR,PRK.1111,Penne Bolognese,50,750,750,15
07/01/2022,GRA,ST009,QAR,PRK.1113,Chkn Katsu Curry,45,2655,2655,59
07/01/2022,GRA,ST009,QAR,PRK.1115,Mushroom Pasta,40,1480,1480,37
07/01/2022,GRA,ST009,QAR,PRK.1118,Steak With Mushroom Sauce,45,2250,2250,50
07/01/2022,GRA,ST009,QAR,PRK.1119,Chicken Biryani,45,3240,3240,72
07/01/2022,GRA,ST009,QAR,PRK.1121,Chinese Sesame Chicken,40,2480,2480,62
07/01/2022,GRA,ST009,QAR,PRK.1127,Rock Shrimp,45,855,855,19
07/01/2022,GRA,ST009,QAR,PRK.1133,Lamb  Kabsa,45,1665,1665,37
07/01/2022,GRA,ST009,QAR,PRK.1140,Chicken Curry & Saffron r,43,1591,1591,37
07/01/2022,GRA,ST009,QAR,PRK.1141,CRAB BOWL,28,224,224,8
07/01/2022,GRA,ST009,QAR,PRK.1145,Yoghurt & Cucumber dip,12,180,180,15
07/01/2022,GRA,ST009,QAR,PRK.1146,Spicy Guacamole Pot,13,156,156,12
07/01/2022,GRA,ST009,QAR,PRK.1149,Edamame Pot,12,192,192,16
07/01/2022,GRA,ST009,QAR,PRK.1159,Greek Tabbouleh,20,280,280,14
07/01/2022,GRA,ST009,QAR,PRK.1173,Choco Chia Energy Ball,30,300,300,10
07/01/2022,GRA,ST009,QAR,PRK.1175,Pecan Bars,14,140,140,10
07/01/2022,GRA,ST009,QAR,PRK.1177,Carrot Cake,15,135,135,9
07/01/2022,GRA,ST009,QAR,PRK.1178,Sweet Potatoe Choco Cake,15,105,105,7
07/01/2022,GRA,ST009,QAR,PRK.1183,Bannana,2,52,52,26
07/01/2022,GRA,ST009,QAR,PRK.1184,Watermelon,18,756,756,42
07/01/2022,GRA,ST009,QAR,PRK.1185,Pineapplemix,18,468,468,26
07/01/2022,GRA,ST009,QAR,PRK.1186,Mixed Berries,22,462,462,21
07/01/2022,GRA,ST009,QAR,PRK.1194,Lotus Cheesecake,15,225,225,15
07/01/2022,GRA,ST009,QAR,PRK.1201,Iced Flat White,18,108,108,6
07/01/2022,GRA,ST009,QAR,PRK.1203,Iced Spanish Latte,20,960,960,48
07/01/2022,GRA,ST009,QAR,PRK.1204,Iced Latte,18,306,306,17
07/01/2022,GRA,ST009,QAR,PRK.1205,Iced Americano,15,210,210,14
07/01/2022,GRA,ST009,QAR,PRK.1234,Pepperoni Pizza small,40,200,200,5
07/01/2022,GRA,ST009,QAR,PRK.1235,Margherita Pizza small,30,270,270,9
07/01/2022,GRA,ST009,QAR,PRK.1236,BBQ chicken Pizza small,35,140,140,4
07/01/2022,GRA,ST009,QAR,PRK.1262,Highland Still,5,960,960,192
07/01/2022,GRA,ST009,QAR,PRK.1265,Perrier Sparkling,9,153,153,17
07/01/2022,GRA,ST009,QAR,PRK.1291,Coke,5,190,190,38
07/01/2022,GRA,ST009,QAR,PRK.1292,Diet Coke,5,230,230,46
07/01/2022,GRA,ST009,QAR,PRK.1331,Stay Home w/ Graze R 6 X1,185,185,185,1
07/01/2022,GRA,ST009,QAR,PRK.1335,Cool Box,15,75,75,5
07/01/2022,GRA,ST009,QAR,PRK.1351,Espresso Single,12,180,180,15
07/01/2022,GRA,ST009,QAR,PRK.1353,Americano Hot,15,360,360,24
07/01/2022,GRA,ST009,QAR,PRK.1354,Flat White Hot,18,324,324,18
07/01/2022,GRA,ST009,QAR,PRK.1355,Cappucino,18,576,576,32
07/01/2022,GRA,ST009,QAR,PRK.1356,Cortado,18,180,180,10
07/01/2022,GRA,ST009,QAR,PRK.1358,Spanish Latte,20,940,940,47
07/01/2022,GRA,ST009,QAR,PRK.1359,Classic Mocha,25,50,50,2
07/01/2022,GRA,ST009,QAR,PRK.1362,Double Espresso,14,112,112,8
07/01/2022,GRA,ST009,QAR,PRK.1363,Latte Hot,18,684,684,38
07/01/2022,GRA,ST009,QAR,PRK.1364,English B/F,12,96,96,8
07/01/2022,GRA,ST009,QAR,PRK.1365,Green Tea,12,48,48,4
07/01/2022,GRA,ST009,QAR,PRK.1372,Hot Cocoa,24,144,144,6
07/01/2022,GRA,ST009,QAR,PRK.1373,Hibiscus Iced tea,18,144,144,8
07/01/2022,GRA,ST009,QAR,PRK.1374,Peach Iced Tea,18,72,72,4
07/01/2022,GRA,ST009,QAR,PRK.1375,Matcha Latte,25,25,25,1
07/01/2022,GRA,ST009,QAR,PRK.1376,Cinnamon Latte,25,425,425,17
07/01/2022,GRA,ST009,QAR,PRK.1383,Watermelon & Coconut cool,20,180,180,9
07/01/2022,GRA,ST009,QAR,PRK.1386,Orange Juice,22,1276,1276,58
07/01/2022,GRA,ST009,QAR,PRK.1390,Morning Boost,24,384,384,16
07/01/2022,GRA,ST009,QAR,PRK.1392,Immune Boost,22,396,396,18
07/01/2022,GRA,ST009,QAR,PRK.1396,Ginger Aid Shot,18,504,504,28
07/01/2022,GRA,ST009,QAR,PRK.1402,Laban Drink,18,270,270,15
07/01/2022,GRA,ST009,QAR,PRK.1404,Green Boost Juice,24,24,24,1
07/01/2022,GRA,ST009,QAR,PRK.1406,Beetroot & Apple Juice,20,500,500,25
07/01/2022,GRA,ST009,QAR,PRK.1412, Mini Cup Yogurt,14,1680,1680,120
07/01/2022,GRA,ST009,QAR,PRK.1413,Regular Cup Yogurt,21,1008,1008,48
07/01/2022,GRA,ST009,QAR,PRK.1416,Large Cup Yogurt,23,115,115,5
07/01/2022,GRA,ST009,QAR,PRK.1418, Mini Cup Yogurt/Topping,18,1440,1440,80
07/01/2022,GRA,ST009,QAR,PRK.1419,Reg Cup Yogurt/Toping,26,1352,1352,52
07/01/2022,GRA,ST009,QAR,PRK.1422,Large Cup Yogurt/Topping,30,150,150,5
07/01/2022,GRA,ST009,QAR,PRK.1429,Mini Mango Ice Cream,14,4942,4942,353
07/01/2022,GRA,ST009,QAR,PRK.1430,Regular Mango Ice Cream,21,3885,3885,185
07/01/2022,GRA,ST009,QAR,PRK.1431,Large Mango Ice Cream,23,851,851,37
07/01/2022,GRA,ST009,QAR,PRK.1432,Mini Mango Ice Cream/Topp,18,3744,3744,208
07/01/2022,GRA,ST009,QAR,PRK.1433,Reg Mango Ice cream/Topp,26,4472,4472,172
07/01/2022,GRA,ST009,QAR,PRK.1434,Large Mango Ice Cream/Top,30,420,420,14
07/01/2022,GRA,ST009,QAR,PRK.1469,Kiwi Fruit,3,3,3,1
07/01/2022,GRA,ST009,QAR,PRK.1470,Lotus Biscuit,3,9,9,3
07/01/2022,GRA,ST009,QAR,PRK.1501,pomegranate,3,63,63,21
07/01/2022,GRA,ST009,QAR,PRK.1502,Strawberry,3,57,57,19
07/01/2022,GRA,ST009,QAR,PRK.1505,Salted Caramel,3,6,6,2
07/01/2022,GRA,ST009,QAR,PRK.1506,Pretzel,3,6,6,2
07/01/2022,GRA,ST009,QAR,PRK.1507,Crispy Crepe,3,33,33,11
07/01/2022,GRA,ST009,QAR,PRK.1508,Granola,3,36,36,12
07/01/2022,GRA,ST009,QAR,PRK.1509,Coconut Flakes,3,39,39,13
07/01/2022,GRA,ST009,QAR,PRK.1510,Crushed Graham,3,12,12,4
07/01/2022,GRA,ST009,QAR,PRK.1514,Dulce de Leche,3,9,9,3
07/01/2022,GRA,ST009,QAR,PRK.1520,Mixed Berries Sauce,3,12,12,4
07/01/2022,GRA,ST009,QAR,PRK.1521,Mango Sauce,3,12,12,4
07/01/2022,GRA,ST009,QAR,PRK.1527,Mango,3,69,69,23
07/01/2022,GRA,ST009,QAR,PRK.1531,Power Shake,35,350,350,10
07/01/2022,GRA,ST009,QAR,PRK.1532,Peanut Power Shake,35,35,35,1
07/01/2022,GRA,ST009,QAR,PRK.1536,Energizer protine Shakes,45,315,315,7
07/01/2022,GRA,ST009,QAR,PRK.1540,Energizer shakes,35,105,105,3
07/01/2022,GRA,ST009,QAR,PRK.1550,Extra Protein,10,40,40,4
07/01/2022,GRA,ST009,QAR,PRK.1587,Supersize,45,540,540,12
07/01/2022,GRA,ST009,QAR,PRK.1623,Brownie flavour cookies,10,670,670,67
07/01/2022,GRA,ST009,QAR,PRK.1628,Brownie bites,13,182,182,14
07/01/2022,GRA,ST009,QAR,PRK.1632,Turkey cheese roll,19,38,38,2
07/01/2022,GRA,ST009,QAR,PRK.1633,Spinach feta roll,18,18,18,1
07/01/2022,GRA,ST009,QAR,PRK.1681,Salted Caramel Mocha,24,144,144,6
07/01/2022,GRA,ST009,QAR,PRK.1682,■Matcha Frappe,26,130,130,5
07/01/2022,GRA,ST009,QAR,PRK.1711,Pomegranate Pot,18,288,288,16
07/01/2022,GRA,ST009,QAR,PRK.1741,Spicy Tuna sandwich,26,416,416,16
07/01/2022,GRA,ST009,QAR,PRK.1742,Three cheese,22,506,506,23
07/01/2022,GRA,ST009,QAR,PRK.1743,Falafel and Labna,25,350,350,14
07/01/2022,GRA,ST009,QAR,PRK.1746,GRAZE CLUB SANDWICH,42,252,252,6
07/01/2022,GRA,ST009,QAR,PRK.1747,BEEF BURGER,35,105,105,3
07/01/2022,GRA,ST009,QAR,PRK.1771,Pistachio Arabeshi,5,1050,1050,210
07/01/2022,GRA,ST009,QAR,PRK.1772,Fresh Raspberry,5,370,370,74
07/01/2022,GRA,ST009,QAR,PRK.1773,Fresh blueberry,5,395,395,79
07/01/2022,GRA,ST009,QAR,PRK.1774,Chocolate Flakes,5,170,170,34
07/01/2022,GRA,ST009,QAR,PRK.1775,Honey Comb,5,70,70,14
07/01/2022,GRA,ST009,QAR,PRK.1831,BEEF STROGANOFF,50,350,350,7
07/01/2022,GRA,ST009,QAR,PRK.1832,CHICKEN CURRY & RICE,48,1248,1248,26
07/01/2022,GRA,ST009,QAR,PRK.4502,Low Fat Milk,0,0,0,4
07/01/2022,GRA,ST009,QAR,PRK.4503,Almond Milk,2,46,46,23
07/01/2022,GRA,ST009,QAR,PRK.4504,Soya Milk,2,6,6,3
07/01/2022,GRA,ST009,QAR,PRK.4505,Less Sweet,0,0,0,2
07/01/2022,GRA,ST009,QAR,PRK.4514,Less Ice,0,0,0,1
07/01/2022,GRA,ST009,QAR,PRK.4517,Vanilla Flavor,0,0,0,7
07/01/2022,GRA,ST009,QAR,PRK.4519,caramel flavor,0,0,0,6
07/01/2022,GRA,ST009,QAR,PRK.4520,hazelnut flavor,0,0,0,2
07/01/2022,GRA,ST009,QAR,PRK.4531,w/ Granola,0,0,0,29
07/01/2022,GRA,ST009,QAR,PRK.4533,w/ Pretzel,0,0,0,8
07/01/2022,GRA,ST009,QAR,PRK.4534,w/ Coconut Flakes,0,0,0,10
07/01/2022,GRA,ST009,QAR,PRK.4535,w/ Crispy Crepe,0,0,0,28
07/01/2022,GRA,ST009,QAR,PRK.4537,w/ Mixed Berries Sauce,0,0,0,15
07/01/2022,GRA,ST009,QAR,PRK.4541,w/ Strawberry,0,0,0,101
07/01/2022,GRA,ST009,QAR,PRK.4543,w/ Salted Caramel,0,0,0,8
07/01/2022,GRA,ST009,QAR,PRK.4544,w/ Pomegranate,0,0,0,69
07/01/2022,GRA,ST009,QAR,PRK.4545,w/ Dulce de leche,0,0,0,9
07/01/2022,GRA,ST009,QAR,PRK.4549,w/ Mango Sauce,0,0,0,24
07/01/2022,GRA,ST009,QAR,PRK.4550,w/ Mango,0,0,0,212
07/01/2022,GRA,ST009,QAR,PRK.4551,w/ Peanut Butter Sauce,0,0,0,1
07/01/2022,GRA,ST009,QAR,PRK.4552,w/ Crushed Grahams,0,0,0,7
07/01/2022,GRA,ST009,QAR,PRK.4557,w/ Kiwi Fruit,0,0,0,1
07/01/2022,GRA,ST009,QAR,PRK.4558,w/ Lotus Biscuit,0,0,0,10
07/01/2022,GRA,ST009,QAR,PRK.4561,MIXED FROZEN YOGURT,0,0,0,47
07/01/2022,GRA,ST009,QAR,PRK.4562,MIXED MANGO YOGURT,0,0,0,14
