DATE,BRANCHCODE,WAREHOUSECODE,CURRENCY,ERPCODE,ITEMNAME,RAWPRICE,GROSSAMT,NETVALUE,QTYSOLD
10/01/2022,GRA,ST009,QAR,PRK.902,Granola,55,2970,2970,54
10/01/2022,GRA,ST009,QAR,PRK.907,Zaatar Chips,6,126,126,21
10/01/2022,GRA,ST009,QAR,PRK.909,Spicy Pesto Chips,6,114,114,19
10/01/2022,GRA,ST009,QAR,PRK.910,Graze Spicy Mix Sml,25,450,450,18
10/01/2022,GRA,ST009,QAR,PRK.911,Graze House Mix Sml,25,600,600,24
10/01/2022,GRA,ST009,QAR,PRK.962,Extra flavor,3,48,48,16
10/01/2022,GRA,ST009,QAR,PRK.994,Crsnt w Egg/Avaca/ SunTom,24,456,456,19
10/01/2022,GRA,ST009,QAR,PRK.996,Blueberry Granola parfait,25,900,900,36
10/01/2022,GRA,ST009,QAR,PRK.997,Yog Dates Chia Pista Alm,22,638,638,29
10/01/2022,GRA,ST009,QAR,PRK.1003,Cheese Croissant,16,80,80,5
10/01/2022,GRA,ST009,QAR,PRK.1007,Zatar Croissant,16,160,160,10
10/01/2022,GRA,ST009,QAR,PRK.1008,Chocolate Croissant,16,192,192,12
10/01/2022,GRA,ST009,QAR,PRK.1015,Kiri Cheese Danish,14,322,322,23
10/01/2022,GRA,ST009,QAR,PRK.1016,Plain Croissant,10,120,120,12
10/01/2022,GRA,ST009,QAR,PRK.1021,Shirazi Salad,12,240,240,20
10/01/2022,GRA,ST009,QAR,PRK.1023,Falafel Salad,45,1305,1305,29
10/01/2022,GRA,ST009,QAR,PRK.1024,Quinoa Swt potato Salad,40,800,800,20
10/01/2022,GRA,ST009,QAR,PRK.1027,Mex Chkn Chilli Bean Sld,40,1200,1200,30
10/01/2022,GRA,ST009,QAR,PRK.1031,Teriyaki GRAZE Salmn,55,2090,2090,38
10/01/2022,GRA,ST009,QAR,PRK.1039,Keto Chicken Salad,40,1040,1040,26
10/01/2022,GRA,ST009,QAR,PRK.1046,Greek Salad,30,570,570,19
10/01/2022,GRA,ST009,QAR,PRK.1048,Mexican  Caesar Salad chk,39,2106,2106,54
10/01/2022,GRA,ST009,QAR,PRK.1049,ROCCA SALAD,22,220,220,10
10/01/2022,GRA,ST009,QAR,PRK.1052,Smoke Turkey Sandwich,34,2618,2618,77
10/01/2022,GRA,ST009,QAR,PRK.1054,lemon&Rosemary Chkn,36,3132,3132,87
10/01/2022,GRA,ST009,QAR,PRK.1057,Steak & Philly Chz SW,32,1184,1184,37
10/01/2022,GRA,ST009,QAR,PRK.1063,Egg Mayo with Rocket,20,380,380,19
10/01/2022,GRA,ST009,QAR,PRK.1068,Crispy Chicken Bun,24,936,936,39
10/01/2022,GRA,ST009,QAR,PRK.1070,Chicken Pesto & Mozzarell,32,1408,1408,44
10/01/2022,GRA,ST009,QAR,PRK.1077,Spicy Halloumi,38,722,722,19
10/01/2022,GRA,ST009,QAR,PRK.1083,Chkn Soup,19,437,437,23
10/01/2022,GRA,ST009,QAR,PRK.1087,Lentil Soup,20,380,380,19
10/01/2022,GRA,ST009,QAR,PRK.1089,Vegetable soup,16,240,240,15
10/01/2022,GRA,ST009,QAR,PRK.1113,Chkn Katsu Curry,45,5940,5940,132
10/01/2022,GRA,ST009,QAR,PRK.1115,Mushroom Pasta,40,2480,2480,62
10/01/2022,GRA,ST009,QAR,PRK.1118,Steak With Mushroom Sauce,45,3150,3150,70
10/01/2022,GRA,ST009,QAR,PRK.1119,Chicken Biryani,45,4815,4815,107
10/01/2022,GRA,ST009,QAR,PRK.1121,Chinese Sesame Chicken,40,3920,3920,98
10/01/2022,GRA,ST009,QAR,PRK.1127,Rock Shrimp,45,2205,2205,49
10/01/2022,GRA,ST009,QAR,PRK.1133,Lamb  Kabsa,45,3060,3060,68
10/01/2022,GRA,ST009,QAR,PRK.1140,Chicken Curry & Saffron r,43,2709,2709,63
10/01/2022,GRA,ST009,QAR,PRK.1141,CRAB BOWL,28,196,196,7
10/01/2022,GRA,ST009,QAR,PRK.1145,Yoghurt & Cucumber dip,12,192,192,16
10/01/2022,GRA,ST009,QAR,PRK.1146,Spicy Guacamole Pot,13,182,182,14
10/01/2022,GRA,ST009,QAR,PRK.1149,Edamame Pot,12,324,324,27
10/01/2022,GRA,ST009,QAR,PRK.1159,Greek Tabbouleh,20,320,320,16
10/01/2022,GRA,ST009,QAR,PRK.1173,Choco Chia Energy Ball,30,720,720,24
10/01/2022,GRA,ST009,QAR,PRK.1175,Pecan Bars,14,280,280,20
10/01/2022,GRA,ST009,QAR,PRK.1177,Carrot Cake,15,105,105,7
10/01/2022,GRA,ST009,QAR,PRK.1178,Sweet Potatoe Choco Cake,15,165,165,11
10/01/2022,GRA,ST009,QAR,PRK.1183,Bannana,2,38,38,19
10/01/2022,GRA,ST009,QAR,PRK.1184,Watermelon,18,666,666,37
10/01/2022,GRA,ST009,QAR,PRK.1185,Pineapplemix,18,522,522,29
10/01/2022,GRA,ST009,QAR,PRK.1186,Mixed Berries,22,616,616,28
10/01/2022,GRA,ST009,QAR,PRK.1194,Lotus Cheesecake,15,540,540,36
10/01/2022,GRA,ST009,QAR,PRK.1201,Iced Flat White,18,54,54,3
10/01/2022,GRA,ST009,QAR,PRK.1203,Iced Spanish Latte,20,600,600,30
10/01/2022,GRA,ST009,QAR,PRK.1204,Iced Latte,18,180,180,10
10/01/2022,GRA,ST009,QAR,PRK.1205,Iced Americano,15,120,120,8
10/01/2022,GRA,ST009,QAR,PRK.1234,Pepperoni Pizza small,40,240,240,6
10/01/2022,GRA,ST009,QAR,PRK.1235,Margherita Pizza small,30,270,270,9
10/01/2022,GRA,ST009,QAR,PRK.1236,BBQ chicken Pizza small,35,455,455,13
10/01/2022,GRA,ST009,QAR,PRK.1262,Highland Still,5,750,750,150
10/01/2022,GRA,ST009,QAR,PRK.1265,Perrier Sparkling,9,171,171,19
10/01/2022,GRA,ST009,QAR,PRK.1291,Coke,5,285,285,57
10/01/2022,GRA,ST009,QAR,PRK.1292,Diet Coke,5,520,520,104
10/01/2022,GRA,ST009,QAR,PRK.1321,Mini Cup /Pina Colada,14,644,644,46
10/01/2022,GRA,ST009,QAR,PRK.1322,Regular Cup / Pina Colada,21,567,567,27
10/01/2022,GRA,ST009,QAR,PRK.1323,Large cup /Pina Colada,23,46,46,2
10/01/2022,GRA,ST009,QAR,PRK.1324,Mini Pina Colada/Topping,18,594,594,33
10/01/2022,GRA,ST009,QAR,PRK.1325,Regular Pina Colada/Toppi,26,728,728,28
10/01/2022,GRA,ST009,QAR,PRK.1326,Large Pina Colada/Topping,30,210,210,7
10/01/2022,GRA,ST009,QAR,PRK.1334,Stay Home w/Graze M12 X1,240,240,240,1
10/01/2022,GRA,ST009,QAR,PRK.1335,Cool Box,15,30,30,2
10/01/2022,GRA,ST009,QAR,PRK.1351,Espresso Single,12,228,228,19
10/01/2022,GRA,ST009,QAR,PRK.1353,Americano Hot,15,570,570,38
10/01/2022,GRA,ST009,QAR,PRK.1354,Flat White Hot,18,828,828,46
10/01/2022,GRA,ST009,QAR,PRK.1355,Cappucino,18,1224,1224,68
10/01/2022,GRA,ST009,QAR,PRK.1356,Cortado,18,270,270,15
10/01/2022,GRA,ST009,QAR,PRK.1358,Spanish Latte,20,1020,1020,51
10/01/2022,GRA,ST009,QAR,PRK.1361,Extra Shot,0,0,0,1
10/01/2022,GRA,ST009,QAR,PRK.1362,Double Espresso,14,364,364,26
10/01/2022,GRA,ST009,QAR,PRK.1363,Latte Hot,18,846,846,47
10/01/2022,GRA,ST009,QAR,PRK.1364,English B/F,12,60,60,5
10/01/2022,GRA,ST009,QAR,PRK.1365,Green Tea,12,36,36,3
10/01/2022,GRA,ST009,QAR,PRK.1372,Hot Cocoa,24,168,168,7
10/01/2022,GRA,ST009,QAR,PRK.1373,Hibiscus Iced tea,18,342,342,19
10/01/2022,GRA,ST009,QAR,PRK.1375,Matcha Latte,25,25,25,1
10/01/2022,GRA,ST009,QAR,PRK.1376,Cinnamon Latte,25,50,50,2
10/01/2022,GRA,ST009,QAR,PRK.1386,Orange Juice,22,2046,2046,93
10/01/2022,GRA,ST009,QAR,PRK.1387,Carrot Juice,22,22,22,1
10/01/2022,GRA,ST009,QAR,PRK.1390,Morning Boost,24,720,720,30
10/01/2022,GRA,ST009,QAR,PRK.1392,Immune Boost,22,1034,1034,47
10/01/2022,GRA,ST009,QAR,PRK.1396,Ginger Aid Shot,18,900,900,50
10/01/2022,GRA,ST009,QAR,PRK.1402,Laban Drink,18,828,828,46
10/01/2022,GRA,ST009,QAR,PRK.1404,Green Boost Juice,24,360,360,15
10/01/2022,GRA,ST009,QAR,PRK.1406,Beetroot & Apple Juice,20,1040,1040,52
10/01/2022,GRA,ST009,QAR,PRK.1412, Mini Cup Yogurt,14,350,350,25
10/01/2022,GRA,ST009,QAR,PRK.1413,Regular Cup Yogurt,21,126,126,6
10/01/2022,GRA,ST009,QAR,PRK.1416,Large Cup Yogurt,23,138,138,6
10/01/2022,GRA,ST009,QAR,PRK.1418, Mini Cup Yogurt/Topping,18,234,234,13
10/01/2022,GRA,ST009,QAR,PRK.1419,Reg Cup Yogurt/Toping,26,338,338,13
10/01/2022,GRA,ST009,QAR,PRK.1429,Mini Mango Ice Cream,14,3304,3304,236
10/01/2022,GRA,ST009,QAR,PRK.1430,Regular Mango Ice Cream,21,2625,2625,125
10/01/2022,GRA,ST009,QAR,PRK.1431,Large Mango Ice Cream,23,966,966,42
10/01/2022,GRA,ST009,QAR,PRK.1432,Mini Mango Ice Cream/Topp,18,2592,2592,144
10/01/2022,GRA,ST009,QAR,PRK.1433,Reg Mango Ice cream/Topp,26,2314,2314,89
10/01/2022,GRA,ST009,QAR,PRK.1434,Large Mango Ice Cream/Top,30,960,960,32
10/01/2022,GRA,ST009,QAR,PRK.1472,CHICKEN CURRY & RICE,48,2256,2256,47
10/01/2022,GRA,ST009,QAR,PRK.1474,Spaghetti Bolognese,45,1215,1215,27
10/01/2022,GRA,ST009,QAR,PRK.1475,Salmon with Cilantro Rice,65,1105,1105,17
10/01/2022,GRA,ST009,QAR,PRK.1476,Chicken Noodle Bowl,40,1280,1280,32
10/01/2022,GRA,ST009,QAR,PRK.1501,pomegranate,3,33,33,11
10/01/2022,GRA,ST009,QAR,PRK.1502,Strawberry,3,39,39,13
10/01/2022,GRA,ST009,QAR,PRK.1505,Salted Caramel,3,3,3,1
10/01/2022,GRA,ST009,QAR,PRK.1507,Crispy Crepe,3,33,33,11
10/01/2022,GRA,ST009,QAR,PRK.1508,Granola,3,45,45,15
10/01/2022,GRA,ST009,QAR,PRK.1509,Coconut Flakes,3,18,18,6
10/01/2022,GRA,ST009,QAR,PRK.1510,Crushed Graham,3,3,3,1
10/01/2022,GRA,ST009,QAR,PRK.1520,Mixed Berries Sauce,3,3,3,1
10/01/2022,GRA,ST009,QAR,PRK.1521,Mango Sauce,3,3,3,1
10/01/2022,GRA,ST009,QAR,PRK.1527,Mango,3,57,57,19
10/01/2022,GRA,ST009,QAR,PRK.1531,Power Shake,35,630,630,18
10/01/2022,GRA,ST009,QAR,PRK.1532,Peanut Power Shake,35,385,385,11
10/01/2022,GRA,ST009,QAR,PRK.1536,Energizer protine Shakes,45,675,675,15
10/01/2022,GRA,ST009,QAR,PRK.1537,Essential protine shakes,45,90,90,2
10/01/2022,GRA,ST009,QAR,PRK.1540,Energizer shakes,35,105,105,3
10/01/2022,GRA,ST009,QAR,PRK.1550,Extra Protein,10,60,60,6
10/01/2022,GRA,ST009,QAR,PRK.1623,Brownie flavour cookies,10,660,660,66
10/01/2022,GRA,ST009,QAR,PRK.1626,Cinnamon Roll,13,117,117,9
10/01/2022,GRA,ST009,QAR,PRK.1628,Brownie bites,13,325,325,25
10/01/2022,GRA,ST009,QAR,PRK.1632,Turkey cheese roll,19,285,285,15
10/01/2022,GRA,ST009,QAR,PRK.1633,Spinach feta roll,18,180,180,10
10/01/2022,GRA,ST009,QAR,PRK.1634,Madeleine,12,348,348,29
10/01/2022,GRA,ST009,QAR,PRK.1651,■PB & Jam sourdough bread,18,90,90,5
10/01/2022,GRA,ST009,QAR,PRK.1681,Salted Caramel Mocha,24,24,24,1
10/01/2022,GRA,ST009,QAR,PRK.1682,■Matcha Frappe,26,494,494,19
10/01/2022,GRA,ST009,QAR,PRK.1711,Pomegranate Pot,18,378,378,21
10/01/2022,GRA,ST009,QAR,PRK.1713,Overnight oats PB&Jam,25,25,25,1
10/01/2022,GRA,ST009,QAR,PRK.1741,Spicy Tuna sandwich,26,1040,1040,40
10/01/2022,GRA,ST009,QAR,PRK.1742,Three cheese,22,550,550,25
10/01/2022,GRA,ST009,QAR,PRK.1743,Falafel and Labna,25,700,700,28
10/01/2022,GRA,ST009,QAR,PRK.1748,Chicken Shawarma,18,1098,1098,61
10/01/2022,GRA,ST009,QAR,PRK.1749,Tenderloin Beef Shawarma,22,660,660,30
10/01/2022,GRA,ST009,QAR,PRK.1771,Pistachio Arabeshi,5,640,640,128
10/01/2022,GRA,ST009,QAR,PRK.1772,Fresh Raspberry,5,210,210,42
10/01/2022,GRA,ST009,QAR,PRK.1773,Fresh blueberry,5,200,200,40
10/01/2022,GRA,ST009,QAR,PRK.1774,Chocolate Flakes,5,150,150,30
10/01/2022,GRA,ST009,QAR,PRK.1775,Honey Comb,5,60,60,12
10/01/2022,GRA,ST009,QAR,PRK.4501,Full Fat Milk,0,0,0,1
10/01/2022,GRA,ST009,QAR,PRK.4502,Low Fat Milk,0,0,0,2
10/01/2022,GRA,ST009,QAR,PRK.4503,Almond Milk,2,68,68,34
10/01/2022,GRA,ST009,QAR,PRK.4504,Soya Milk,2,12,12,6
10/01/2022,GRA,ST009,QAR,PRK.4505,Less Sweet,0,0,0,1
10/01/2022,GRA,ST009,QAR,PRK.4509,Double Shot,0,0,0,1
10/01/2022,GRA,ST009,QAR,PRK.4516,Decaf,0,0,0,4
10/01/2022,GRA,ST009,QAR,PRK.4517,Vanilla Flavor,0,0,0,4
10/01/2022,GRA,ST009,QAR,PRK.4519,caramel flavor,0,0,0,4
10/01/2022,GRA,ST009,QAR,PRK.4520,hazelnut flavor,0,0,0,4
10/01/2022,GRA,ST009,QAR,PRK.4531,w/ Granola,0,0,0,58
10/01/2022,GRA,ST009,QAR,PRK.4533,w/ Pretzel,0,0,0,5
10/01/2022,GRA,ST009,QAR,PRK.4534,w/ Coconut Flakes,0,0,0,10
10/01/2022,GRA,ST009,QAR,PRK.4535,w/ Crispy Crepe,0,0,0,24
10/01/2022,GRA,ST009,QAR,PRK.4537,w/ Mixed Berries Sauce,0,0,0,1
10/01/2022,GRA,ST009,QAR,PRK.4541,w/ Strawberry,0,0,0,64
10/01/2022,GRA,ST009,QAR,PRK.4543,w/ Salted Caramel,0,0,0,6
10/01/2022,GRA,ST009,QAR,PRK.4544,w/ Pomegranate,0,0,0,13
10/01/2022,GRA,ST009,QAR,PRK.4545,w/ Dulce de leche,0,0,0,5
10/01/2022,GRA,ST009,QAR,PRK.4549,w/ Mango Sauce,0,0,0,13
10/01/2022,GRA,ST009,QAR,PRK.4550,w/ Mango,0,0,0,74
10/01/2022,GRA,ST009,QAR,PRK.4552,w/ Crushed Grahams,0,0,0,2
10/01/2022,GRA,ST009,QAR,PRK.4556,w/ Fresh Pineapple,0,0,0,1
10/01/2022,GRA,ST009,QAR,PRK.4558,w/ Lotus Biscuit,0,0,0,5
10/01/2022,GRA,ST009,QAR,PRK.4561,MIXED FROZEN YOGURT,0,0,0,17
10/01/2022,GRA,ST009,QAR,PRK.4562,MIXED MANGO YOGURT,0,0,0,35
