DATE,BRANCHCODE,WAREHOUSECODE,CURRENCY,ERPCODE,ITEMNAME,RAWPRICE,GROSSAMT,NETVALUE,QTYSOLD
04/01/2022,GRA,ST009,QAR,PRK.902,Granola,55,495,495,9
04/01/2022,GRA,ST009,QAR,PRK.907,Zaatar Chips,6,66,66,11
04/01/2022,GRA,ST009,QAR,PRK.909,Spicy Pesto Chips,6,78,78,13
04/01/2022,GRA,ST009,QAR,PRK.910,Graze Spicy Mix Sml,25,175,175,7
04/01/2022,GRA,ST009,QAR,PRK.911,Graze House Mix Sml,25,75,75,3
04/01/2022,GRA,ST009,QAR,PRK.962,Extra flavor,3,36,36,12
04/01/2022,GRA,ST009,QAR,PRK.963,Crispy Bread,2,18,18,9
04/01/2022,GRA,ST009,QAR,PRK.995,Egg Burrito,20,20,20,1
04/01/2022,GRA,ST009,QAR,PRK.996,Blueberry Granola parfait,25,75,75,3
04/01/2022,GRA,ST009,QAR,PRK.997,Yog Dates Chia Pista Alm,22,66,66,3
04/01/2022,GRA,ST009,QAR,PRK.1003,Cheese Croissant,16,128,128,8
04/01/2022,GRA,ST009,QAR,PRK.1007,Zatar Croissant,16,80,80,5
04/01/2022,GRA,ST009,QAR,PRK.1010,Tomato Puff Pastry,16,32,32,2
04/01/2022,GRA,ST009,QAR,PRK.1015,Kiri Cheese Danish,14,42,42,3
04/01/2022,GRA,ST009,QAR,PRK.1016,Plain Croissant,10,120,120,12
04/01/2022,GRA,ST009,QAR,PRK.1021,Shirazi Salad,12,108,108,9
04/01/2022,GRA,ST009,QAR,PRK.1023,Falafel Salad,35,315,315,9
04/01/2022,GRA,ST009,QAR,PRK.1024,Quinoa Swt potato Salad,40,40,40,1
04/01/2022,GRA,ST009,QAR,PRK.1027,Mex Chkn Chilli Bean Sld,40,400,400,10
04/01/2022,GRA,ST009,QAR,PRK.1029,Burrata Salad,50,50,50,1
04/01/2022,GRA,ST009,QAR,PRK.1031,Teriyaki GRAZE Salmn,55,1265,1265,23
04/01/2022,GRA,ST009,QAR,PRK.1034,BBQ Chick Peas,38,228,228,6
04/01/2022,GRA,ST009,QAR,PRK.1039,Keto Chicken Salad,40,560,560,14
04/01/2022,GRA,ST009,QAR,PRK.1048,Mexican  Caesar Salad chk,39,1209,1209,31
04/01/2022,GRA,ST009,QAR,PRK.1049,ROCCA SALAD,22,22,22,1
04/01/2022,GRA,ST009,QAR,PRK.1052,Smoke Turkey Sandwich,34,986,986,29
04/01/2022,GRA,ST009,QAR,PRK.1054,lemon&Rosemary Chkn,36,1152,1152,32
04/01/2022,GRA,ST009,QAR,PRK.1057,Steak & Philly Chz SW,32,672,672,21
04/01/2022,GRA,ST009,QAR,PRK.1068,Crispy Chicken Bun,24,504,504,21
04/01/2022,GRA,ST009,QAR,PRK.1069,Spicy Courgette Falafel W,24,192,192,8
04/01/2022,GRA,ST009,QAR,PRK.1070,Chicken Pesto & Mozzarell,32,960,960,30
04/01/2022,GRA,ST009,QAR,PRK.1083,Chkn Soup,19,190,190,10
04/01/2022,GRA,ST009,QAR,PRK.1086,Lamb Soup,28,56,56,2
04/01/2022,GRA,ST009,QAR,PRK.1087,Lentil Soup,20,160,160,8
04/01/2022,GRA,ST009,QAR,PRK.1111,Penne Bolognese,50,150,150,3
04/01/2022,GRA,ST009,QAR,PRK.1113,Chkn Katsu Curry,45,1980,1980,44
04/01/2022,GRA,ST009,QAR,PRK.1115,Mushroom Pasta,40,1000,1000,25
04/01/2022,GRA,ST009,QAR,PRK.1118,Steak With Mushroom Sauce,45,1710,1710,38
04/01/2022,GRA,ST009,QAR,PRK.1119,Chicken Biryani,45,1845,1845,41
04/01/2022,GRA,ST009,QAR,PRK.1121,Chinese Sesame Chicken,40,2280,2280,57
04/01/2022,GRA,ST009,QAR,PRK.1127,Rock Shrimp,45,1305,1305,29
04/01/2022,GRA,ST009,QAR,PRK.1133,Lamb  Kabsa,45,1305,1305,29
04/01/2022,GRA,ST009,QAR,PRK.1140,Chicken Curry & Saffron r,43,645,645,15
04/01/2022,GRA,ST009,QAR,PRK.1141,CRAB BOWL,28,168,168,6
04/01/2022,GRA,ST009,QAR,PRK.1145,Yoghurt & Cucumber dip,12,96,96,8
04/01/2022,GRA,ST009,QAR,PRK.1146,Spicy Guacamole Pot,13,13,13,1
04/01/2022,GRA,ST009,QAR,PRK.1149,Edamame Pot,12,216,216,18
04/01/2022,GRA,ST009,QAR,PRK.1159,Greek Tabbouleh,20,40,40,2
04/01/2022,GRA,ST009,QAR,PRK.1173,Choco Chia Energy Ball,30,300,300,10
04/01/2022,GRA,ST009,QAR,PRK.1175,Pecan Bars,14,140,140,10
04/01/2022,GRA,ST009,QAR,PRK.1177,Carrot Cake,15,120,120,8
04/01/2022,GRA,ST009,QAR,PRK.1178,Sweet Potatoe Choco Cake,15,75,75,5
04/01/2022,GRA,ST009,QAR,PRK.1183,Bannana,2,30,30,15
04/01/2022,GRA,ST009,QAR,PRK.1184,Watermelon,18,108,108,6
04/01/2022,GRA,ST009,QAR,PRK.1185,Pineapplemix,18,162,162,9
04/01/2022,GRA,ST009,QAR,PRK.1186,Mixed Berries,22,22,22,1
04/01/2022,GRA,ST009,QAR,PRK.1194,Lotus Cheesecake,15,240,240,16
04/01/2022,GRA,ST009,QAR,PRK.1201,Iced Flat White,18,108,108,6
04/01/2022,GRA,ST009,QAR,PRK.1203,Iced Spanish Latte,20,320,320,16
04/01/2022,GRA,ST009,QAR,PRK.1204,Iced Latte,18,198,198,11
04/01/2022,GRA,ST009,QAR,PRK.1205,Iced Americano,15,165,165,11
04/01/2022,GRA,ST009,QAR,PRK.1234,Pepperoni Pizza small,40,360,360,9
04/01/2022,GRA,ST009,QAR,PRK.1235,Margherita Pizza small,30,330,330,11
04/01/2022,GRA,ST009,QAR,PRK.1236,BBQ chicken Pizza small,35,420,420,12
04/01/2022,GRA,ST009,QAR,PRK.1262,Highland Still,5,590,590,118
04/01/2022,GRA,ST009,QAR,PRK.1265,Perrier Sparkling,9,99,99,11
04/01/2022,GRA,ST009,QAR,PRK.1291,Coke,5,110,110,22
04/01/2022,GRA,ST009,QAR,PRK.1292,Diet Coke,5,230,230,46
04/01/2022,GRA,ST009,QAR,PRK.1333,Stay Home w/Graze M 6 X1,130,130,130,1
04/01/2022,GRA,ST009,QAR,PRK.1335,Cool Box,15,30,30,2
04/01/2022,GRA,ST009,QAR,PRK.1351,Espresso Single,12,72,72,6
04/01/2022,GRA,ST009,QAR,PRK.1353,Americano Hot,15,315,315,21
04/01/2022,GRA,ST009,QAR,PRK.1354,Flat White Hot,18,342,342,19
04/01/2022,GRA,ST009,QAR,PRK.1355,Cappucino,18,684,684,38
04/01/2022,GRA,ST009,QAR,PRK.1356,Cortado,18,144,144,8
04/01/2022,GRA,ST009,QAR,PRK.1358,Spanish Latte,20,820,820,41
04/01/2022,GRA,ST009,QAR,PRK.1359,Classic Mocha,25,75,75,3
04/01/2022,GRA,ST009,QAR,PRK.1360,Slated Caramel Mocha,25,75,75,3
04/01/2022,GRA,ST009,QAR,PRK.1362,Double Espresso,14,56,56,4
04/01/2022,GRA,ST009,QAR,PRK.1363,Latte Hot,18,324,324,18
04/01/2022,GRA,ST009,QAR,PRK.1364,English B/F,12,120,120,10
04/01/2022,GRA,ST009,QAR,PRK.1365,Green Tea,12,12,12,1
04/01/2022,GRA,ST009,QAR,PRK.1372,Hot Cocoa,24,72,72,3
04/01/2022,GRA,ST009,QAR,PRK.1373,Hibiscus Iced tea,18,180,180,10
04/01/2022,GRA,ST009,QAR,PRK.1375,Matcha Latte,25,25,25,1
04/01/2022,GRA,ST009,QAR,PRK.1376,Cinnamon Latte,25,25,25,1
04/01/2022,GRA,ST009,QAR,PRK.1386,Orange Juice,22,638,638,29
04/01/2022,GRA,ST009,QAR,PRK.1390,Morning Boost,24,336,336,14
04/01/2022,GRA,ST009,QAR,PRK.1392,Immune Boost,22,286,286,13
04/01/2022,GRA,ST009,QAR,PRK.1396,Ginger Aid Shot,18,576,576,32
04/01/2022,GRA,ST009,QAR,PRK.1402,Laban Drink,18,396,396,22
04/01/2022,GRA,ST009,QAR,PRK.1403,Vimto Juice,18,36,36,2
04/01/2022,GRA,ST009,QAR,PRK.1404,Green Boost Juice,24,96,96,4
04/01/2022,GRA,ST009,QAR,PRK.1406,Beetroot & Apple Juice,20,380,380,19
04/01/2022,GRA,ST009,QAR,PRK.1412, Mini Cup Yogurt,14,140,140,10
04/01/2022,GRA,ST009,QAR,PRK.1413,Regular Cup Yogurt,21,126,126,6
04/01/2022,GRA,ST009,QAR,PRK.1416,Large Cup Yogurt,23,23,23,1
04/01/2022,GRA,ST009,QAR,PRK.1418, Mini Cup Yogurt/Topping,18,198,198,11
04/01/2022,GRA,ST009,QAR,PRK.1419,Reg Cup Yogurt/Toping,26,364,364,14
04/01/2022,GRA,ST009,QAR,PRK.1422,Large Cup Yogurt/Topping,30,30,30,1
04/01/2022,GRA,ST009,QAR,PRK.1429,Mini Mango Ice Cream,14,4116,4116,294
04/01/2022,GRA,ST009,QAR,PRK.1430,Regular Mango Ice Cream,21,2562,2562,122
04/01/2022,GRA,ST009,QAR,PRK.1431,Large Mango Ice Cream,23,782,782,34
04/01/2022,GRA,ST009,QAR,PRK.1432,Mini Mango Ice Cream/Topp,18,3816,3816,212
04/01/2022,GRA,ST009,QAR,PRK.1433,Reg Mango Ice cream/Topp,26,3588,3588,138
04/01/2022,GRA,ST009,QAR,PRK.1434,Large Mango Ice Cream/Top,30,390,390,13
04/01/2022,GRA,ST009,QAR,PRK.1464,Fresh Pineapple,3,12,12,4
04/01/2022,GRA,ST009,QAR,PRK.1469,Kiwi Fruit,3,9,9,3
04/01/2022,GRA,ST009,QAR,PRK.1470,Lotus Biscuit,3,6,6,2
04/01/2022,GRA,ST009,QAR,PRK.1501,pomegranate,3,39,39,13
04/01/2022,GRA,ST009,QAR,PRK.1502,Strawberry,3,78,78,26
04/01/2022,GRA,ST009,QAR,PRK.1505,Salted Caramel,3,3,3,1
04/01/2022,GRA,ST009,QAR,PRK.1506,Pretzel,3,6,6,2
04/01/2022,GRA,ST009,QAR,PRK.1507,Crispy Crepe,3,39,39,13
04/01/2022,GRA,ST009,QAR,PRK.1508,Granola,3,18,18,6
04/01/2022,GRA,ST009,QAR,PRK.1509,Coconut Flakes,3,18,18,6
04/01/2022,GRA,ST009,QAR,PRK.1510,Crushed Graham,3,9,9,3
04/01/2022,GRA,ST009,QAR,PRK.1514,Dulce de Leche,3,21,21,7
04/01/2022,GRA,ST009,QAR,PRK.1520,Mixed Berries Sauce,3,3,3,1
04/01/2022,GRA,ST009,QAR,PRK.1521,Mango Sauce,3,6,6,2
04/01/2022,GRA,ST009,QAR,PRK.1527,Mango,3,75,75,25
04/01/2022,GRA,ST009,QAR,PRK.1531,Power Shake,35,735,735,21
04/01/2022,GRA,ST009,QAR,PRK.1532,Peanut Power Shake,35,245,245,7
04/01/2022,GRA,ST009,QAR,PRK.1536,Energizer protine Shakes,45,45,45,1
04/01/2022,GRA,ST009,QAR,PRK.1540,Energizer shakes,35,140,140,4
04/01/2022,GRA,ST009,QAR,PRK.1545,14oz Energizer protine,40,40,40,1
04/01/2022,GRA,ST009,QAR,PRK.1548,14oz Energizer shakes,30,60,60,2
04/01/2022,GRA,ST009,QAR,PRK.1550,Extra Protein,10,20,20,2
04/01/2022,GRA,ST009,QAR,PRK.1580,Ogaily cardamom ice cream,25,5150,5150,206
04/01/2022,GRA,ST009,QAR,PRK.1587,Supersize,45,360,360,8
04/01/2022,GRA,ST009,QAR,PRK.1623,Brownie flavour cookies,10,460,460,46
04/01/2022,GRA,ST009,QAR,PRK.1628,Brownie bites,13,221,221,17
04/01/2022,GRA,ST009,QAR,PRK.1682,■Matcha Frappe,26,78,78,3
04/01/2022,GRA,ST009,QAR,PRK.1711,Pomegranate Pot,18,306,306,17
04/01/2022,GRA,ST009,QAR,PRK.1741,Spicy Tuna sandwich,26,286,286,11
04/01/2022,GRA,ST009,QAR,PRK.1742,Three cheese,22,352,352,16
04/01/2022,GRA,ST009,QAR,PRK.1743,Falafel and Labna,25,225,225,9
04/01/2022,GRA,ST009,QAR,PRK.1746,GRAZE CLUB SANDWICH,42,126,126,3
04/01/2022,GRA,ST009,QAR,PRK.1771,Pistachio Arabeshi,5,630,630,126
04/01/2022,GRA,ST009,QAR,PRK.1772,Fresh Raspberry,5,585,585,117
04/01/2022,GRA,ST009,QAR,PRK.1773,Fresh blueberry,5,445,445,89
04/01/2022,GRA,ST009,QAR,PRK.1774,Chocolate Flakes,5,200,200,40
04/01/2022,GRA,ST009,QAR,PRK.1775,Honey Comb,5,70,70,14
04/01/2022,GRA,ST009,QAR,PRK.1801,GRAZE CLUB SANDWICH,42,168,168,4
04/01/2022,GRA,ST009,QAR,PRK.1802,BEEF BURGER,35,35,35,1
04/01/2022,GRA,ST009,QAR,PRK.1832,CHICKEN CURRY & RICE,48,1392,1392,29
04/01/2022,GRA,ST009,QAR,PRK.1833,NOODLES BOWL,45,135,135,3
04/01/2022,GRA,ST009,QAR,PRK.4501,Full Fat Milk,0,0,0,5
04/01/2022,GRA,ST009,QAR,PRK.4502,Low Fat Milk,0,0,0,11
04/01/2022,GRA,ST009,QAR,PRK.4503,Almond Milk,2,34,34,17
04/01/2022,GRA,ST009,QAR,PRK.4504,Soya Milk,2,8,8,4
04/01/2022,GRA,ST009,QAR,PRK.4505,Less Sweet,0,0,0,1
04/01/2022,GRA,ST009,QAR,PRK.4511,More Hot,0,0,0,2
04/01/2022,GRA,ST009,QAR,PRK.4517,Vanilla Flavor,0,0,0,10
04/01/2022,GRA,ST009,QAR,PRK.4531,w/ Granola,0,0,0,52
04/01/2022,GRA,ST009,QAR,PRK.4533,w/ Pretzel,0,0,0,12
04/01/2022,GRA,ST009,QAR,PRK.4534,w/ Coconut Flakes,0,0,0,31
04/01/2022,GRA,ST009,QAR,PRK.4535,w/ Crispy Crepe,0,0,0,88
04/01/2022,GRA,ST009,QAR,PRK.4537,w/ Mixed Berries Sauce,0,0,0,25
04/01/2022,GRA,ST009,QAR,PRK.4540,w/ Raspberry,0,0,0,2
04/01/2022,GRA,ST009,QAR,PRK.4541,w/ Strawberry,0,0,0,176
04/01/2022,GRA,ST009,QAR,PRK.4543,w/ Salted Caramel,0,0,0,8
04/01/2022,GRA,ST009,QAR,PRK.4544,w/ Pomegranate,0,0,0,130
04/01/2022,GRA,ST009,QAR,PRK.4545,w/ Dulce de leche,0,0,0,4
04/01/2022,GRA,ST009,QAR,PRK.4549,w/ Mango Sauce,0,0,0,46
04/01/2022,GRA,ST009,QAR,PRK.4550,w/ Mango,0,0,0,263
04/01/2022,GRA,ST009,QAR,PRK.4552,w/ Crushed Grahams,0,0,0,9
04/01/2022,GRA,ST009,QAR,PRK.4554,w/ Arabeschi White Choco,0,0,0,1
04/01/2022,GRA,ST009,QAR,PRK.4556,w/ Fresh Pineapple,0,0,0,6
04/01/2022,GRA,ST009,QAR,PRK.4557,w/ Kiwi Fruit,0,0,0,4
04/01/2022,GRA,ST009,QAR,PRK.4558,w/ Lotus Biscuit,0,0,0,36
04/01/2022,GRA,ST009,QAR,PRK.4561,MIXED FROZEN YOGURT,0,0,0,4
04/01/2022,GRA,ST009,QAR,PRK.4562,MIXED MANGO YOGURT,0,0,0,3
