DATE,BRANCHCODE,WAREHOUSECODE,CURRENCY,ERPCODE,ITEMNAME,RAWPRICE,GROSSAMT,NETVALUE,QTYSOLD
05/01/2023,VOL,ST001,QAR,RM.1,Salmon,14,224,224,16
05/01/2023,VOL,ST001,QAR,RM.2,Bacon,14,140,140,10
05/01/2023,VOL,ST001,QAR,RM.3,Cheese,14,350,350,25
05/01/2023,VOL,ST001,QAR,RM.4,Turkey,14,280,280,20
05/01/2023,VOL,ST001,QAR,RM.5,Extra chicken,10,140,140,14
05/01/2023,VOL,ST001,QAR,RM.6,Egg,6,360,360,60
05/01/2023,VOL,ST001,QAR,RM.7,Mushroom,12,12,12,1
05/01/2023,VOL,ST001,QAR,RM.8,Avocado,12,96,96,8
05/01/2023,VOL,ST001,QAR,RM.62,Halloumi Fries,20,4100,4100,205
05/01/2023,VOL,ST001,QAR,RM.63,Baked Potato Wedges,20,3280,3260,164
05/01/2023,VOL,ST001,QAR,RM.64,French fries,15,4530,4515,302
05/01/2023,VOL,ST001,QAR,RM.125,Small cereal ice cream,7,476,476,68
05/01/2023,VOL,ST001,QAR,RM.126,Medium cereal ice cream,15,420,420,28
05/01/2023,VOL,ST001,QAR,RM.128,MAHALABIA ICE CREAM,35,1610,1610,46
05/01/2023,VOL,ST001,QAR,RM.157,Slice Tiramisu Portofino,40,11680,11600,292
05/01/2023,VOL,ST001,QAR,RM.181,Espreso,18,2520,2214,140
05/01/2023,VOL,ST001,QAR,RM.182,Double Espreso,20,1540,1540,77
05/01/2023,VOL,ST001,QAR,RM.183,Americano,20,9720,9660,486
05/01/2023,VOL,ST001,QAR,RM.184,Cappucino,24,16152,16128,673
05/01/2023,VOL,ST001,QAR,RM.186,Latte Cold,24,4584,4584,191
05/01/2023,VOL,ST001,QAR,RM.187,V60 Pour Over,24,12408,12408,517
05/01/2023,VOL,ST001,QAR,RM.188,French Press,24,720,720,30
05/01/2023,VOL,ST001,QAR,RM.189,Mocha Pot,24,144,144,6
05/01/2023,VOL,ST001,QAR,RM.191,Cold Drip,24,24,24,1
05/01/2023,VOL,ST001,QAR,RM.193,Flat White hot,24,14568,14544,607
05/01/2023,VOL,ST001,QAR,RM.194,Macciatto,20,260,260,13
05/01/2023,VOL,ST001,QAR,RM.197,Morochino,24,168,168,7
05/01/2023,VOL,ST001,QAR,RM.198,cortado,24,6264,6264,261
05/01/2023,VOL,ST001,QAR,RM.200,Latte Hot,24,9528,9456,397
05/01/2023,VOL,ST001,QAR,RM.201,Milk,20,40,40,2
05/01/2023,VOL,ST001,QAR,RM.206,Double espresso Machiatto,24,264,264,11
05/01/2023,VOL,ST001,QAR,RM.207,Americano ice,20,3060,2960,153
05/01/2023,VOL,ST001,QAR,RM.210,Flatwhite ice,24,1296,1296,54
05/01/2023,VOL,ST001,QAR,RM.211,Volume Special ice,28,756,756,27
05/01/2023,VOL,ST001,QAR,RM.212,Coconut Latte,28,2268,2240,81
05/01/2023,VOL,ST001,QAR,RM.213,Cereal Latte,28,1652,1652,59
05/01/2023,VOL,ST001,QAR,RM.215,Ice Mocha,35,805,805,23
05/01/2023,VOL,ST001,QAR,RM.216,Volume special hot,28,392,392,14
05/01/2023,VOL,ST001,QAR,RM.218,Dulce de leche hot,28,532,532,19
05/01/2023,VOL,ST001,QAR,RM.220,Dulce de Leche ice,28,1092,1064,39
05/01/2023,VOL,ST001,QAR,RM.221,Drink in Love,28,1960,1904,70
05/01/2023,VOL,ST001,QAR,RM.223,Spanish Ice latte,28,18368,18368,656
05/01/2023,VOL,ST001,QAR,RM.224,Hot Chocolate,32,3552,3488,111
05/01/2023,VOL,ST001,QAR,RM.227,Spanish hot latte,28,14728,14728,526
05/01/2023,VOL,ST001,QAR,RM.230,Frappe,28,2128,2100,76
05/01/2023,VOL,ST001,QAR,RM.231,Cinnamon Latte,28,2604,2604,93
05/01/2023,VOL,ST001,QAR,RM.233,Ginger Latte,28,1848,1848,66
05/01/2023,VOL,ST001,QAR,RM.236,Cafe crema,24,240,216,10
05/01/2023,VOL,ST001,QAR,RM.242,Acqua Panna 250ml,17,18241,18207,1073
05/01/2023,VOL,ST001,QAR,RM.243,Acqua panna 0.5,25,12925,12925,517
05/01/2023,VOL,ST001,QAR,RM.244,Perrier medium 330ml,19,2945,2945,155
05/01/2023,VOL,ST001,QAR,RM.245,Cola regular,10,2310,2250,231
05/01/2023,VOL,ST001,QAR,RM.246,Coca cola light,10,1820,1820,182
05/01/2023,VOL,ST001,QAR,RM.247,Sprite,10,760,750,76
05/01/2023,VOL,ST001,QAR,RM.248,Fanta,10,220,220,22
05/01/2023,VOL,ST001,QAR,RM.250,Highland water 500ml,5,145,0,29
05/01/2023,VOL,ST001,QAR,RM.253,Perrier small 200ml,17,1462,1462,86
05/01/2023,VOL,ST001,QAR,RM.271,Orange Juice,24,15384,15384,641
05/01/2023,VOL,ST001,QAR,RM.272,Green Apple Juice,24,2904,2904,121
05/01/2023,VOL,ST001,QAR,RM.273,Lemon Mint Juice,24,7992,7968,333
05/01/2023,VOL,ST001,QAR,RM.275,Carrot Juice,24,2520,2520,105
05/01/2023,VOL,ST001,QAR,RM.331,Chili Lime Fried Shrimp,45,4320,4230,96
05/01/2023,VOL,ST001,QAR,RM.332,Popcorn Chicken,45,6120,5940,136
05/01/2023,VOL,ST001,QAR,RM.333,Chicken Kebab with spicy,48,6336,6240,132
05/01/2023,VOL,ST001,QAR,RM.361,Slice Monkey bread,35,6615,6615,189
05/01/2023,VOL,ST001,QAR,RM.363,Slice Coconut Cake,45,4320,4320,96
05/01/2023,VOL,ST001,QAR,RM.364,Slice Mango cake,45,25515,25425,567
05/01/2023,VOL,ST001,QAR,RM.366,Slice Kunafa Tres leches,40,1120,1120,28
05/01/2023,VOL,ST001,QAR,RM.367,Chocolate babka,30,2730,2700,91
05/01/2023,VOL,ST001,QAR,RM.368,Slice Bluberry cheesecake,40,8920,8880,223
05/01/2023,VOL,ST001,QAR,RM.369,Slice Raspberry swissroll,35,3290,3290,94
05/01/2023,VOL,ST001,QAR,RM.370,Slice of Victoria cake,35,3780,3780,108
05/01/2023,VOL,ST001,QAR,RM.371,Slice choc swissroll,35,3150,3150,90
05/01/2023,VOL,ST001,QAR,RM.373,Slice Safron Milky Cake,45,6120,6120,136
05/01/2023,VOL,ST001,QAR,RM.374,Zaatar babka,30,1830,1830,61
05/01/2023,VOL,ST001,QAR,RM.375,Caramel Brownie,15,1005,1005,67
05/01/2023,VOL,ST001,QAR,RM.380,Slice Cereal milky  Cake,40,7400,7400,185
05/01/2023,VOL,ST001,QAR,RM.386,Slice Pecan Carmel Pie,35,5355,5355,153
05/01/2023,VOL,ST001,QAR,RM.388,Slice Chocolate Pudding,45,19485,19471.5,433
05/01/2023,VOL,ST001,QAR,RM.389,Slice Honey Pudding,45,22455,22428,499
05/01/2023,VOL,ST001,QAR,RM.390,ST.DATES CAKE,40,5800,5760,145
05/01/2023,VOL,ST001,QAR,RM.662,Virgin Mojito,35,12425,12390,355
05/01/2023,VOL,ST001,QAR,RM.664,Hawaiian Coconut,35,32690,32690,934
05/01/2023,VOL,ST001,QAR,RM.671,Berry coconut,35,2520,2520,72
05/01/2023,VOL,ST001,QAR,RM.673,Berry mojito,35,9100,9100,260
05/01/2023,VOL,ST001,QAR,RM.674,Summer drink box {6pcs},245,980,980,4
05/01/2023,VOL,ST001,QAR,RM.676,Lemon ginger Iced tea,29,2175,2146,75
05/01/2023,VOL,ST001,QAR,RM.677,Jade passion Iced tea,29,5887,5887,203
05/01/2023,VOL,ST001,QAR,RM.691,English Breakfast Tea,25,4800,4700,192
05/01/2023,VOL,ST001,QAR,RM.692,Peppermint Tea,25,325,325,13
05/01/2023,VOL,ST001,QAR,RM.693,Earl Grey Tea,25,625,625,25
05/01/2023,VOL,ST001,QAR,RM.694,Jasmine Tea,25,725,725,29
05/01/2023,VOL,ST001,QAR,RM.695,Organic Green Tea,25,250,250,10
05/01/2023,VOL,ST001,QAR,RM.697,Lemon Grass tea,25,50,50,2
05/01/2023,VOL,ST001,QAR,RM.698,Chamomile,25,725,725,29
05/01/2023,VOL,ST001,QAR,RM.699,Green Tea,25,1350,1350,54
05/01/2023,VOL,ST001,QAR,RM.721,Labneh With Zaatar,36,10656,10584,296
05/01/2023,VOL,ST001,QAR,RM.722,Egg Shakshouka,40,4640,4560,116
05/01/2023,VOL,ST001,QAR,RM.723,Eggs Menemen,35,3920,3885,112
05/01/2023,VOL,ST001,QAR,RM.726,Foul with tahini,30,930,900,31
05/01/2023,VOL,ST001,QAR,RM.727,Mushroom Egg Benedict,45,19755,19755,439
05/01/2023,VOL,ST001,QAR,RM.728,Stuffed Croissants,30,5310,5310,177
05/01/2023,VOL,ST001,QAR,RM.729,Falafel Peta,55,25135,24970,457
05/01/2023,VOL,ST001,QAR,RM.730,Greek Avocado Toast,49,20090,20041,410
05/01/2023,VOL,ST001,QAR,RM.731,Granola with yogurt,55,12595,12485,229
05/01/2023,VOL,ST001,QAR,RM.737,Egg and cheese slinders,35,9940,9905,284
05/01/2023,VOL,ST001,QAR,RM.739,Pancake rouges,55,7645,7590,139
05/01/2023,VOL,ST001,QAR,RM.740,Breakfast oat porridge,50,6350,6300,127
05/01/2023,VOL,ST001,QAR,RM.741,Plain Croissant,12,600,588,50
05/01/2023,VOL,ST001,QAR,RM.742,Zaatar Croissant,14,210,210,15
05/01/2023,VOL,ST001,QAR,RM.743,Cheese Croissant,16,544,544,34
05/01/2023,VOL,ST001,QAR,RM.745,Crispy sesame falafel,50,4350,4350,87
05/01/2023,VOL,ST001,QAR,RM.750,Grilled Halloumi,30,2070,2010,69
05/01/2023,VOL,ST001,QAR,RM.760,Big Blueberry cheesecake,360,1440,1440,4
05/01/2023,VOL,ST001,QAR,RM.770,Whole Victoria cake,200,2400,2400,12
05/01/2023,VOL,ST001,QAR,RM.771,Whole chocolate swiss rol,200,1600,1600,8
05/01/2023,VOL,ST001,QAR,RM.787,Hazelnut Warm chocolate,50,12500,12500,250
05/01/2023,VOL,ST001,QAR,RM.788,Whole hazelnut warm choco,350,2450,2450,7
05/01/2023,VOL,ST001,QAR,RM.811,Big Honey pudding,250,16000,16000,64
05/01/2023,VOL,ST001,QAR,RM.812,Small Honey pudding,100,8200,8200,82
05/01/2023,VOL,ST001,QAR,RM.813,Big Chocolate pudding,350,8750,8750,25
05/01/2023,VOL,ST001,QAR,RM.814,Small Chocolate pudding,180,8100,8100,45
05/01/2023,VOL,ST001,QAR,RM.815,Big Cereal milky cake,250,750,750,3
05/01/2023,VOL,ST001,QAR,RM.816,Small Cereal milky cake,150,900,900,6
05/01/2023,VOL,ST001,QAR,RM.817,Big Safron milky cake,300,2100,2100,7
05/01/2023,VOL,ST001,QAR,RM.818,Small Safron milky cake,150,1350,1350,9
05/01/2023,VOL,ST001,QAR,RM.823,Big Pecan Caramel,350,1050,1050,3
05/01/2023,VOL,ST001,QAR,RM.825, Whole Coconut Cake,360,1800,1800,5
05/01/2023,VOL,ST001,QAR,RM.826,BIG MANGO CAKE,350,7350,7350,21
05/01/2023,VOL,ST001,QAR,RM.827,EID BOX,390,390,390,1
05/01/2023,VOL,ST001,QAR,RM.828,Whole Monkey bread,220,1320,1320,6
05/01/2023,VOL,ST001,QAR,RM.836,Mix Sandwich box,220,8360,8360,38
05/01/2023,VOL,ST001,QAR,RM.837,Small mango cake,120,3240,3240,27
05/01/2023,VOL,ST001,QAR,RM.838,Mini falafel box,40,3400,3400,85
05/01/2023,VOL,ST001,QAR,RM.839,Whole Portofinol Tiramisu,350,1750,1750,5
05/01/2023,VOL,ST001,QAR,RM.840,Whole Raspberry Swissroll,180,3420,3420,19
05/01/2023,VOL,ST001,QAR,RM.842,Crispy Cheese rolls with,40,2600,2560,65
05/01/2023,VOL,ST001,QAR,RM.844,Honey Mustard Chicken SLD,55,44220,41838.5,804
05/01/2023,VOL,ST001,QAR,RM.845,Smoked Turkey Sandwich,35,4655,4620,133
05/01/2023,VOL,ST001,QAR,RM.846,Roasted Beef Sandwich,65,7475,7410,115
05/01/2023,VOL,ST001,QAR,RM.847,Truffle slider burger,50,10450,10350,209
05/01/2023,VOL,ST001,QAR,RM.848,Risotto Balls,40,5120,5120,128
05/01/2023,VOL,ST001,QAR,RM.850,Chicken taco,45,6885,6885,153
05/01/2023,VOL,ST001,QAR,RM.852,Chicken spaghetti,60,22560,22560,376
05/01/2023,VOL,ST001,QAR,RM.853,Baked salmon with lemon c,68,6256,6188,92
05/01/2023,VOL,ST001,QAR,RM.855,Marinated Burata Toast,55,5060,5060,92
05/01/2023,VOL,ST001,QAR,RM.857,Chicken Moussakan rolls,45,3645,3555,81
05/01/2023,VOL,ST001,QAR,RM.858,Spicy club sandwich,35,25305,24346,723
05/01/2023,VOL,ST001,QAR,RM.861,Lasagna Bolognese,55,7645,7590,139
05/01/2023,VOL,ST001,QAR,RM.862,Quinoa kale garden greens,50,10850,10750,217
05/01/2023,VOL,ST001,QAR,RM.863,Burrito chicken salad,55,21615,21543.5,393
05/01/2023,VOL,ST001,QAR,RM.864,Bread basket,45,1440,1440,32
05/01/2023,VOL,ST001,QAR,RM.869,Chicken Slider,48,11184,11073.6,233
05/01/2023,VOL,ST001,QAR,RM.871,French Toast,50,6200,6100,124
05/01/2023,VOL,ST001,QAR,RM.873,Crushed Cookies,50,21650,21650,433
05/01/2023,VOL,ST001,QAR,RM.3697,together w food,0,0,0,556
05/01/2023,VOL,ST001,QAR,RM.3698,together w drinks,0,0,0,532
05/01/2023,VOL,ST001,QAR,RM.3711,together With Cakes,0,0,0,23
05/01/2023,VOL,ST001,QAR,RM.3812,Well Done,0,0,0,136
05/01/2023,VOL,ST001,QAR,RM.3814,Medium,0,0,0,136
05/01/2023,VOL,ST001,QAR,RM.3815,Runny,0,0,0,47
05/01/2023,VOL,ST001,QAR,RM.6361,WITH CREAM,0,0,0,29
05/01/2023,VOL,ST001,QAR,RM.6362,WITHOUT CREAM,0,0,0,14
05/01/2023,VOL,ST001,QAR,RM.6363,Almond Milk,0,0,0,95
05/01/2023,VOL,ST001,QAR,RM.6364,Coconut Milk,0,0,0,48
05/01/2023,VOL,ST001,QAR,RM.6374,Soya milk,0,0,0,18
