DATE,BRANCHCODE,WAREHOUSECODE,CURRENCY,ERPCODE,ITEMNAME,RAWPRICE,GROSSAMT,NETVALUE,QTYSOLD
04/01/2023,VOL,ST001,QAR,RM.1,Salmon,14,56,56,4
04/01/2023,VOL,ST001,QAR,RM.2,Bacon,14,182,182,13
04/01/2023,VOL,ST001,QAR,RM.3,Cheese,14,560,560,40
04/01/2023,VOL,ST001,QAR,RM.4,Turkey,14,42,42,3
04/01/2023,VOL,ST001,QAR,RM.5,Extra chicken,10,10,10,1
04/01/2023,VOL,ST001,QAR,RM.6,Egg,6,174,174,29
04/01/2023,VOL,ST001,QAR,RM.7,Mushroom,12,12,12,1
04/01/2023,VOL,ST001,QAR,RM.8,Avocado,12,60,60,5
04/01/2023,VOL,ST001,QAR,RM.62,Halloumi Fries,20,2480,2480,124
04/01/2023,VOL,ST001,QAR,RM.63,Baked Potato Wedges,20,2260,2260,113
04/01/2023,VOL,ST001,QAR,RM.64,French fries,15,3855,3855,257
04/01/2023,VOL,ST001,QAR,RM.125,Small cereal ice cream,7,336,336,48
04/01/2023,VOL,ST001,QAR,RM.126,Medium cereal ice cream,15,300,300,20
04/01/2023,VOL,ST001,QAR,RM.127,Mango ice pudding,40,160,120,4
04/01/2023,VOL,ST001,QAR,RM.128,MAHALABIA ICE CREAM,35,1260,1260,36
04/01/2023,VOL,ST001,QAR,RM.157,Slice Tiramisu Portofino,40,8880,8880,222
04/01/2023,VOL,ST001,QAR,RM.181,Espreso,18,1674,1368,93
04/01/2023,VOL,ST001,QAR,RM.182,Double Espreso,20,1440,1440,72
04/01/2023,VOL,ST001,QAR,RM.183,Americano,20,7920,7920,396
04/01/2023,VOL,ST001,QAR,RM.184,Cappucino,24,10872,10848,453
04/01/2023,VOL,ST001,QAR,RM.186,Latte Cold,24,2592,2592,108
04/01/2023,VOL,ST001,QAR,RM.187,V60 Pour Over,24,11928,11904,497
04/01/2023,VOL,ST001,QAR,RM.188,French Press,24,768,768,32
04/01/2023,VOL,ST001,QAR,RM.189,Mocha Pot,24,216,216,9
04/01/2023,VOL,ST001,QAR,RM.191,Cold Drip,24,48,48,2
04/01/2023,VOL,ST001,QAR,RM.193,Flat White hot,24,12216,12192,509
04/01/2023,VOL,ST001,QAR,RM.194,Macciatto,20,600,600,30
04/01/2023,VOL,ST001,QAR,RM.197,Morochino,24,360,360,15
04/01/2023,VOL,ST001,QAR,RM.198,cortado,24,5664,5664,236
04/01/2023,VOL,ST001,QAR,RM.200,Latte Hot,24,7728,7680,322
04/01/2023,VOL,ST001,QAR,RM.201,Milk,20,20,20,1
04/01/2023,VOL,ST001,QAR,RM.206,Double espresso Machiatto,24,312,312,13
04/01/2023,VOL,ST001,QAR,RM.207,Americano ice,20,1760,1760,88
04/01/2023,VOL,ST001,QAR,RM.210,Flatwhite ice,24,840,840,35
04/01/2023,VOL,ST001,QAR,RM.211,Volume Special ice,28,308,308,11
04/01/2023,VOL,ST001,QAR,RM.212,Coconut Latte,28,2744,2744,98
04/01/2023,VOL,ST001,QAR,RM.213,Cereal Latte,28,840,840,30
04/01/2023,VOL,ST001,QAR,RM.215,Ice Mocha,35,630,630,18
04/01/2023,VOL,ST001,QAR,RM.216,Volume special hot,28,84,84,3
04/01/2023,VOL,ST001,QAR,RM.218,Dulce de leche hot,28,280,280,10
04/01/2023,VOL,ST001,QAR,RM.220,Dulce de Leche ice,28,560,560,20
04/01/2023,VOL,ST001,QAR,RM.221,Drink in Love,28,1680,1680,60
04/01/2023,VOL,ST001,QAR,RM.223,Spanish Ice latte,28,12684,12684,453
04/01/2023,VOL,ST001,QAR,RM.224,Hot Chocolate,32,4896,4896,153
04/01/2023,VOL,ST001,QAR,RM.227,Spanish hot latte,28,10472,10472,374
04/01/2023,VOL,ST001,QAR,RM.230,Frappe,28,1652,1652,59
04/01/2023,VOL,ST001,QAR,RM.231,Cinnamon Latte,28,2632,2632,94
04/01/2023,VOL,ST001,QAR,RM.233,Ginger Latte,28,1036,1036,37
04/01/2023,VOL,ST001,QAR,RM.236,Cafe crema,24,96,96,4
04/01/2023,VOL,ST001,QAR,RM.242,Acqua Panna 250ml,17,13362,13328,786
04/01/2023,VOL,ST001,QAR,RM.243,Acqua panna 0.5,25,11950,11950,478
04/01/2023,VOL,ST001,QAR,RM.244,Perrier medium 330ml,19,1634,1634,86
04/01/2023,VOL,ST001,QAR,RM.245,Cola regular,10,1810,1800,181
04/01/2023,VOL,ST001,QAR,RM.246,Coca cola light,10,980,980,98
04/01/2023,VOL,ST001,QAR,RM.247,Sprite,10,710,710,71
04/01/2023,VOL,ST001,QAR,RM.248,Fanta,10,210,210,21
04/01/2023,VOL,ST001,QAR,RM.250,Highland water 500ml,5,70,0,14
04/01/2023,VOL,ST001,QAR,RM.253,Perrier small 200ml,17,1343,1343,79
04/01/2023,VOL,ST001,QAR,RM.271,Orange Juice,24,9384,9384,391
04/01/2023,VOL,ST001,QAR,RM.272,Green Apple Juice,24,1704,1704,71
04/01/2023,VOL,ST001,QAR,RM.273,Lemon Mint Juice,24,6264,6264,261
04/01/2023,VOL,ST001,QAR,RM.275,Carrot Juice,24,1176,1176,49
04/01/2023,VOL,ST001,QAR,RM.331,Chili Lime Fried Shrimp,45,2295,2295,51
04/01/2023,VOL,ST001,QAR,RM.332,Popcorn Chicken,45,3780,3780,84
04/01/2023,VOL,ST001,QAR,RM.333,Chicken Kebab with spicy,48,1680,1680,35
04/01/2023,VOL,ST001,QAR,RM.361,Slice Monkey bread,35,6580,6545,188
04/01/2023,VOL,ST001,QAR,RM.363,Slice Coconut Cake,45,2115,2115,47
04/01/2023,VOL,ST001,QAR,RM.364,Slice Mango cake,45,27225,27135,605
04/01/2023,VOL,ST001,QAR,RM.366,Slice Kunafa Tres leches,40,5080,5040,127
04/01/2023,VOL,ST001,QAR,RM.367,Chocolate babka,30,2160,2100,72
04/01/2023,VOL,ST001,QAR,RM.368,Slice Bluberry cheesecake,40,7520,7480,188
04/01/2023,VOL,ST001,QAR,RM.369,Slice Raspberry swissroll,35,2520,2520,72
04/01/2023,VOL,ST001,QAR,RM.370,Slice of Victoria cake,35,4095,4095,117
04/01/2023,VOL,ST001,QAR,RM.371,Slice choc swissroll,35,3570,3570,102
04/01/2023,VOL,ST001,QAR,RM.373,Slice Safron Milky Cake,45,6705,6705,149
04/01/2023,VOL,ST001,QAR,RM.374,Zaatar babka,30,1320,1320,44
04/01/2023,VOL,ST001,QAR,RM.375,Caramel Brownie,15,585,585,39
04/01/2023,VOL,ST001,QAR,RM.380,Slice Cereal milky  Cake,40,7600,7600,190
04/01/2023,VOL,ST001,QAR,RM.386,Slice Pecan Carmel Pie,35,6335,6300,181
04/01/2023,VOL,ST001,QAR,RM.388,Slice Chocolate Pudding,45,22275,22275,495
04/01/2023,VOL,ST001,QAR,RM.389,Slice Honey Pudding,45,21870,21870,486
04/01/2023,VOL,ST001,QAR,RM.390,ST.DATES CAKE,40,4240,4240,106
04/01/2023,VOL,ST001,QAR,RM.662,Virgin Mojito,35,5950,5950,170
04/01/2023,VOL,ST001,QAR,RM.664,Hawaiian Coconut,35,14630,14630,418
04/01/2023,VOL,ST001,QAR,RM.671,Berry coconut,35,1400,1400,40
04/01/2023,VOL,ST001,QAR,RM.673,Berry mojito,35,5600,5600,160
04/01/2023,VOL,ST001,QAR,RM.674,Summer drink box {6pcs},245,735,735,3
04/01/2023,VOL,ST001,QAR,RM.676,Lemon ginger Iced tea,29,1566,1566,54
04/01/2023,VOL,ST001,QAR,RM.677,Jade passion Iced tea,29,3451,3451,119
04/01/2023,VOL,ST001,QAR,RM.691,English Breakfast Tea,25,5275,5275,211
04/01/2023,VOL,ST001,QAR,RM.692,Peppermint Tea,25,375,375,15
04/01/2023,VOL,ST001,QAR,RM.693,Earl Grey Tea,25,725,725,29
04/01/2023,VOL,ST001,QAR,RM.694,Jasmine Tea,25,600,600,24
04/01/2023,VOL,ST001,QAR,RM.695,Organic Green Tea,25,175,175,7
04/01/2023,VOL,ST001,QAR,RM.697,Lemon Grass tea,25,325,325,13
04/01/2023,VOL,ST001,QAR,RM.698,Chamomile,25,850,850,34
04/01/2023,VOL,ST001,QAR,RM.699,Green Tea,25,900,900,36
04/01/2023,VOL,ST001,QAR,RM.721,Labneh With Zaatar,36,5616,5616,156
04/01/2023,VOL,ST001,QAR,RM.722,Egg Shakshouka,40,3320,3320,83
04/01/2023,VOL,ST001,QAR,RM.723,Eggs Menemen,35,2800,2800,80
04/01/2023,VOL,ST001,QAR,RM.726,Foul with tahini,30,1380,1380,46
04/01/2023,VOL,ST001,QAR,RM.727,Mushroom Egg Benedict,45,9855,9855,219
04/01/2023,VOL,ST001,QAR,RM.728,Stuffed Croissants,30,3570,3570,119
04/01/2023,VOL,ST001,QAR,RM.729,Falafel Peta,55,11275,11275,205
04/01/2023,VOL,ST001,QAR,RM.730,Greek Avocado Toast,49,9212,9212,188
04/01/2023,VOL,ST001,QAR,RM.731,Granola with yogurt,55,5280,5280,96
04/01/2023,VOL,ST001,QAR,RM.737,Egg and cheese slinders,35,5460,5460,156
04/01/2023,VOL,ST001,QAR,RM.738,Berry smoothie,55,715,715,13
04/01/2023,VOL,ST001,QAR,RM.739,Pancake rouges,55,6050,6050,110
04/01/2023,VOL,ST001,QAR,RM.740,Breakfast oat porridge,50,2450,2450,49
04/01/2023,VOL,ST001,QAR,RM.741,Plain Croissant,12,240,240,20
04/01/2023,VOL,ST001,QAR,RM.742,Zaatar Croissant,14,140,140,10
04/01/2023,VOL,ST001,QAR,RM.743,Cheese Croissant,16,304,304,19
04/01/2023,VOL,ST001,QAR,RM.744,Crispy sweet corn fritter,55,550,550,10
04/01/2023,VOL,ST001,QAR,RM.745,Crispy sesame falafel,50,4800,4800,96
04/01/2023,VOL,ST001,QAR,RM.746,Baked Feta on Citrus Toma,55,495,495,9
04/01/2023,VOL,ST001,QAR,RM.750,Grilled Halloumi,30,1530,1530,51
04/01/2023,VOL,ST001,QAR,RM.760,Big Blueberry cheesecake,360,360,360,1
04/01/2023,VOL,ST001,QAR,RM.770,Whole Victoria cake,200,2400,2400,12
04/01/2023,VOL,ST001,QAR,RM.771,Whole chocolate swiss rol,200,4000,3800,20
04/01/2023,VOL,ST001,QAR,RM.772,Small Mango Triffle,180,34380,34380,191
04/01/2023,VOL,ST001,QAR,RM.774,Big Mango Triffle,280,27720,27720,99
04/01/2023,VOL,ST001,QAR,RM.775,Whole Kunafa Tres leches,350,14700,14700,42
04/01/2023,VOL,ST001,QAR,RM.787,Hazelnut Warm chocolate,50,14100,14100,282
04/01/2023,VOL,ST001,QAR,RM.788,Whole hazelnut warm choco,350,8750,8750,25
04/01/2023,VOL,ST001,QAR,RM.811,Big Honey pudding,250,39750,39750,159
04/01/2023,VOL,ST001,QAR,RM.812,Small Honey pudding,100,21900,21900,219
04/01/2023,VOL,ST001,QAR,RM.813,Big Chocolate pudding,350,15750,15750,45
04/01/2023,VOL,ST001,QAR,RM.814,Small Chocolate pudding,180,22860,22860,127
04/01/2023,VOL,ST001,QAR,RM.815,Big Cereal milky cake,250,4750,4750,19
04/01/2023,VOL,ST001,QAR,RM.816,Small Cereal milky cake,150,2550,2550,17
04/01/2023,VOL,ST001,QAR,RM.817,Big Safron milky cake,300,2100,2100,7
04/01/2023,VOL,ST001,QAR,RM.818,Small Safron milky cake,150,3600,3600,24
04/01/2023,VOL,ST001,QAR,RM.823,Big Pecan Caramel,350,8400,8400,24
04/01/2023,VOL,ST001,QAR,RM.825, Whole Coconut Cake,360,2520,2520,7
04/01/2023,VOL,ST001,QAR,RM.826,BIG MANGO CAKE,350,26950,26950,77
04/01/2023,VOL,ST001,QAR,RM.827,EID BOX,390,41730,41730,107
04/01/2023,VOL,ST001,QAR,RM.828,Whole Monkey bread,220,5280,5280,24
04/01/2023,VOL,ST001,QAR,RM.829,Molten Rahash,250,12500,12500,50
04/01/2023,VOL,ST001,QAR,RM.836,Mix Sandwich box,220,9460,9460,43
04/01/2023,VOL,ST001,QAR,RM.837,Small mango cake,120,17160,17160,143
04/01/2023,VOL,ST001,QAR,RM.838,Mini falafel box,40,1680,1640,42
04/01/2023,VOL,ST001,QAR,RM.839,Whole Portofinol Tiramisu,350,3850,3850,11
04/01/2023,VOL,ST001,QAR,RM.840,Whole Raspberry Swissroll,180,4500,4500,25
04/01/2023,VOL,ST001,QAR,RM.842,Crispy Cheese rolls with,40,2600,2560,65
04/01/2023,VOL,ST001,QAR,RM.844,Honey Mustard Chicken SLD,55,23980,23980,436
04/01/2023,VOL,ST001,QAR,RM.845,Smoked Turkey Sandwich,35,3255,3255,93
04/01/2023,VOL,ST001,QAR,RM.846,Roasted Beef Sandwich,65,6175,6175,95
04/01/2023,VOL,ST001,QAR,RM.847,Truffle slider burger,50,9850,9850,197
04/01/2023,VOL,ST001,QAR,RM.848,Risotto Balls,40,4320,4320,108
04/01/2023,VOL,ST001,QAR,RM.850,Chicken taco,45,6120,6075,136
04/01/2023,VOL,ST001,QAR,RM.852,Chicken spaghetti,60,16860,16860,281
04/01/2023,VOL,ST001,QAR,RM.853,Baked salmon with lemon c,68,5780,5780,85
04/01/2023,VOL,ST001,QAR,RM.854,Grilled Chicken Breast wi,58,3770,3770,65
04/01/2023,VOL,ST001,QAR,RM.855,Marinated Burata Toast,55,3355,3355,61
04/01/2023,VOL,ST001,QAR,RM.856,Asia Beef Salad,58,1450,1450,25
04/01/2023,VOL,ST001,QAR,RM.857,Chicken Moussakan rolls,45,5265,5265,117
04/01/2023,VOL,ST001,QAR,RM.858,Spicy club sandwich,35,15610,15575,446
04/01/2023,VOL,ST001,QAR,RM.861,Lasagna Bolognese,55,6050,6050,110
04/01/2023,VOL,ST001,QAR,RM.862,Quinoa kale garden greens,50,7950,7950,159
04/01/2023,VOL,ST001,QAR,RM.863,Burrito chicken salad,55,12705,12705,231
04/01/2023,VOL,ST001,QAR,RM.864,Bread basket,45,1440,1440,32
04/01/2023,VOL,ST001,QAR,RM.869,Chicken Slider,48,9744,9744,203
04/01/2023,VOL,ST001,QAR,RM.871,French Toast,50,4700,4700,94
04/01/2023,VOL,ST001,QAR,RM.873,Crushed Cookies,50,18000,18000,360
04/01/2023,VOL,ST001,QAR,RM.3691,extra hot,0,0,0,15
04/01/2023,VOL,ST001,QAR,RM.3692,TAKE AWAY,0,0,0,1
04/01/2023,VOL,ST001,QAR,RM.3697,together w food,0,0,0,623
04/01/2023,VOL,ST001,QAR,RM.3698,together w drinks,0,0,0,445
04/01/2023,VOL,ST001,QAR,RM.3705,lowfat,0,0,0,24
04/01/2023,VOL,ST001,QAR,RM.3706,decaf,0,0,0,10
04/01/2023,VOL,ST001,QAR,RM.3707,now,0,0,0,9
04/01/2023,VOL,ST001,QAR,RM.3710,xtra dressing,0,0,0,9
04/01/2023,VOL,ST001,QAR,RM.3711,together With Cakes,0,0,0,10
04/01/2023,VOL,ST001,QAR,RM.3781,LESS ICE,0,0,0,6
04/01/2023,VOL,ST001,QAR,RM.3782,NO ICE,0,0,0,6
04/01/2023,VOL,ST001,QAR,RM.3812,Well Done,0,0,0,80
04/01/2023,VOL,ST001,QAR,RM.3814,Medium,0,0,0,68
04/01/2023,VOL,ST001,QAR,RM.3815,Runny,0,0,0,23
04/01/2023,VOL,ST001,QAR,RM.6361,WITH CREAM,0,0,0,26
04/01/2023,VOL,ST001,QAR,RM.6362,WITHOUT CREAM,0,0,0,7
04/01/2023,VOL,ST001,QAR,RM.6363,Almond Milk,0,0,0,75
04/01/2023,VOL,ST001,QAR,RM.6364,Coconut Milk,0,0,0,28
04/01/2023,VOL,ST001,QAR,RM.6374,Soya milk,0,0,0,13
