DATE,BRANCHCODE,WAREHOUSECODE,CURRENCY,ERPCODE,ITEMNAME,RAWPRICE,GROSSAMT,NETVALUE,QTYSOLD
07/01/2023,VOL,ST001,QAR,RM.1,Salmon,14,42,42,3
07/01/2023,VOL,ST001,QAR,RM.2,Bacon,14,210,210,15
07/01/2023,VOL,ST001,QAR,RM.3,Cheese,14,462,462,33
07/01/2023,VOL,ST001,QAR,RM.4,Turkey,14,210,210,15
07/01/2023,VOL,ST001,QAR,RM.5,Extra chicken,10,150,140,15
07/01/2023,VOL,ST001,QAR,RM.6,Egg,6,246,246,41
07/01/2023,VOL,ST001,QAR,RM.8,Avocado,12,24,24,2
07/01/2023,VOL,ST001,QAR,RM.62,Halloumi Fries,20,2620,2620,131
07/01/2023,VOL,ST001,QAR,RM.63,Baked Potato Wedges,20,2420,2420,121
07/01/2023,VOL,ST001,QAR,RM.64,French fries,15,3570,3570,238
07/01/2023,VOL,ST001,QAR,RM.125,Small cereal ice cream,7,560,560,80
07/01/2023,VOL,ST001,QAR,RM.126,Medium cereal ice cream,15,690,690,46
07/01/2023,VOL,ST001,QAR,RM.127,Mango ice pudding,40,1640,1640,41
07/01/2023,VOL,ST001,QAR,RM.128,MAHALABIA ICE CREAM,35,1120,1120,32
07/01/2023,VOL,ST001,QAR,RM.129,Affogato,28,1512,1456,54
07/01/2023,VOL,ST001,QAR,RM.157,Slice Tiramisu Portofino,40,8400,8400,210
07/01/2023,VOL,ST001,QAR,RM.181,Espreso,18,1746,1170,98
07/01/2023,VOL,ST001,QAR,RM.182,Double Espreso,20,920,920,46
07/01/2023,VOL,ST001,QAR,RM.183,Americano,20,5180,5180,260
07/01/2023,VOL,ST001,QAR,RM.184,Cappucino,24,9168,9168,382
07/01/2023,VOL,ST001,QAR,RM.186,Latte Cold,24,2664,2664,111
07/01/2023,VOL,ST001,QAR,RM.187,V60 Pour Over,24,9528,9528,397
07/01/2023,VOL,ST001,QAR,RM.188,French Press,24,552,552,23
07/01/2023,VOL,ST001,QAR,RM.193,Flat White hot,24,7416,7416,309
07/01/2023,VOL,ST001,QAR,RM.194,Macciatto,20,180,180,9
07/01/2023,VOL,ST001,QAR,RM.197,Morochino,24,144,144,6
07/01/2023,VOL,ST001,QAR,RM.198,cortado,24,3456,3456,144
07/01/2023,VOL,ST001,QAR,RM.200,Latte Hot,24,4584,4584,191
07/01/2023,VOL,ST001,QAR,RM.201,Milk,0,0,0,1
07/01/2023,VOL,ST001,QAR,RM.206,Double espresso Machiatto,24,96,96,4
07/01/2023,VOL,ST001,QAR,RM.207,Americano ice,20,2680,2680,135
07/01/2023,VOL,ST001,QAR,RM.210,Flatwhite ice,24,792,792,33
07/01/2023,VOL,ST001,QAR,RM.211,Volume Special ice,28,336,336,12
07/01/2023,VOL,ST001,QAR,RM.212,Coconut Latte,28,1540,1540,55
07/01/2023,VOL,ST001,QAR,RM.213,Cereal Latte,28,1316,1316,47
07/01/2023,VOL,ST001,QAR,RM.215,Ice Mocha,35,770,770,22
07/01/2023,VOL,ST001,QAR,RM.216,Volume special hot,28,112,112,4
07/01/2023,VOL,ST001,QAR,RM.218,Dulce de leche hot,28,168,168,6
07/01/2023,VOL,ST001,QAR,RM.220,Dulce de Leche ice,28,336,336,12
07/01/2023,VOL,ST001,QAR,RM.221,Drink in Love,28,1036,1036,37
07/01/2023,VOL,ST001,QAR,RM.223,Spanish Ice latte,28,12124,12124,434
07/01/2023,VOL,ST001,QAR,RM.224,Hot Chocolate,32,1728,1728,54
07/01/2023,VOL,ST001,QAR,RM.227,Spanish hot latte,28,8960,8932,321
07/01/2023,VOL,ST001,QAR,RM.230,Frappe,28,1064,1064,38
07/01/2023,VOL,ST001,QAR,RM.231,Cinnamon Latte,28,1932,1932,69
07/01/2023,VOL,ST001,QAR,RM.233,Ginger Latte,28,812,812,29
07/01/2023,VOL,ST001,QAR,RM.236,Cafe crema,24,120,120,5
07/01/2023,VOL,ST001,QAR,RM.242,Acqua Panna 250ml,17,11050,11050,650
07/01/2023,VOL,ST001,QAR,RM.243,Acqua panna 0.5,25,3700,3700,148
07/01/2023,VOL,ST001,QAR,RM.244,Perrier medium 330ml,19,1045,1045,55
07/01/2023,VOL,ST001,QAR,RM.245,Cola regular,10,2020,2020,202
07/01/2023,VOL,ST001,QAR,RM.246,Coca cola light,10,1030,1030,103
07/01/2023,VOL,ST001,QAR,RM.247,Sprite,10,980,980,98
07/01/2023,VOL,ST001,QAR,RM.248,Fanta,10,190,190,19
07/01/2023,VOL,ST001,QAR,RM.250,Highland water 500ml,5,140,0,32
07/01/2023,VOL,ST001,QAR,RM.253,Perrier small 200ml,17,1224,1224,73
07/01/2023,VOL,ST001,QAR,RM.254,Rayyan 750ml,25,4100,4100,164
07/01/2023,VOL,ST001,QAR,RM.255,Rayyan 250ml,17,2108,2108,125
07/01/2023,VOL,ST001,QAR,RM.271,Orange Juice,24,9000,9000,375
07/01/2023,VOL,ST001,QAR,RM.272,Green Apple Juice,24,1872,1872,78
07/01/2023,VOL,ST001,QAR,RM.273,Lemon Mint Juice,24,4800,4800,200
07/01/2023,VOL,ST001,QAR,RM.275,Carrot Juice,24,1152,1104,48
07/01/2023,VOL,ST001,QAR,RM.331,Chili Lime Fried Shrimp,45,3105,3060,69
07/01/2023,VOL,ST001,QAR,RM.332,Popcorn Chicken,45,5580,5490,124
07/01/2023,VOL,ST001,QAR,RM.333,Chicken Kebab with spicy,48,4560,4560,95
07/01/2023,VOL,ST001,QAR,RM.361,Slice Monkey bread,35,4725,4725,135
07/01/2023,VOL,ST001,QAR,RM.363,Slice Coconut Cake,45,2880,2880,64
07/01/2023,VOL,ST001,QAR,RM.364,Slice Mango cake,45,18225,18180,406
07/01/2023,VOL,ST001,QAR,RM.366,Slice Kunafa Tres leches,40,880,880,22
07/01/2023,VOL,ST001,QAR,RM.367,Chocolate babka,30,1710,1710,57
07/01/2023,VOL,ST001,QAR,RM.368,Slice Bluberry cheesecake,40,6360,6360,159
07/01/2023,VOL,ST001,QAR,RM.369,Slice Raspberry swissroll,35,2310,2275,66
07/01/2023,VOL,ST001,QAR,RM.370,Slice of Victoria cake,35,3360,3360,96
07/01/2023,VOL,ST001,QAR,RM.371,Slice choc swissroll,35,2835,2835,81
07/01/2023,VOL,ST001,QAR,RM.373,Slice Safron Milky Cake,45,3960,3960,88
07/01/2023,VOL,ST001,QAR,RM.374,Zaatar babka,30,1500,1500,50
07/01/2023,VOL,ST001,QAR,RM.375,Caramel Brownie,15,930,930,62
07/01/2023,VOL,ST001,QAR,RM.380,Slice Cereal milky  Cake,40,5960,5960,149
07/01/2023,VOL,ST001,QAR,RM.386,Slice Pecan Carmel Pie,35,4305,4305,123
07/01/2023,VOL,ST001,QAR,RM.388,Slice Chocolate Pudding,45,18000,18000,400
07/01/2023,VOL,ST001,QAR,RM.389,Slice Honey Pudding,45,17820,17775,397
07/01/2023,VOL,ST001,QAR,RM.390,ST.DATES CAKE,40,4200,4200,105
07/01/2023,VOL,ST001,QAR,RM.662,Virgin Mojito,35,7175,7175,205
07/01/2023,VOL,ST001,QAR,RM.664,Hawaiian Coconut,35,19250,19250,550
07/01/2023,VOL,ST001,QAR,RM.671,Berry coconut,35,1540,1540,44
07/01/2023,VOL,ST001,QAR,RM.673,Berry mojito,35,7980,7980,228
07/01/2023,VOL,ST001,QAR,RM.674,Summer drink box {6pcs},245,245,245,1
07/01/2023,VOL,ST001,QAR,RM.675,Summer drink box {7pcs},280,560,560,2
07/01/2023,VOL,ST001,QAR,RM.676,Lemon ginger Iced tea,29,725,725,25
07/01/2023,VOL,ST001,QAR,RM.677,Jade passion Iced tea,29,5133,5133,177
07/01/2023,VOL,ST001,QAR,RM.691,English Breakfast Tea,25,3025,3025,122
07/01/2023,VOL,ST001,QAR,RM.692,Peppermint Tea,25,25,25,1
07/01/2023,VOL,ST001,QAR,RM.693,Earl Grey Tea,25,525,525,21
07/01/2023,VOL,ST001,QAR,RM.694,Jasmine Tea,25,525,525,21
07/01/2023,VOL,ST001,QAR,RM.695,Organic Green Tea,25,100,100,4
07/01/2023,VOL,ST001,QAR,RM.697,Lemon Grass tea,25,75,75,3
07/01/2023,VOL,ST001,QAR,RM.698,Chamomile,25,675,675,27
07/01/2023,VOL,ST001,QAR,RM.699,Green Tea,25,800,775,32
07/01/2023,VOL,ST001,QAR,RM.721,Labneh With Zaatar,36,6444,6444,179
07/01/2023,VOL,ST001,QAR,RM.722,Egg Shakshouka,40,2520,2520,63
07/01/2023,VOL,ST001,QAR,RM.723,Eggs Menemen,35,2065,2065,60
07/01/2023,VOL,ST001,QAR,RM.726,Foul with tahini,30,870,870,29
07/01/2023,VOL,ST001,QAR,RM.727,Mushroom Egg Benedict,45,10935,10935,243
07/01/2023,VOL,ST001,QAR,RM.728,Stuffed Croissants,30,3600,3600,121
07/01/2023,VOL,ST001,QAR,RM.729,Falafel Peta,55,17765,17765,323
07/01/2023,VOL,ST001,QAR,RM.730,Greek Avocado Toast,49,12299,12299,251
07/01/2023,VOL,ST001,QAR,RM.731,Granola with yogurt,55,9130,9130,166
07/01/2023,VOL,ST001,QAR,RM.737,Egg and cheese slinders,35,5425,5425,156
07/01/2023,VOL,ST001,QAR,RM.739,Pancake rouges,55,3960,3960,72
07/01/2023,VOL,ST001,QAR,RM.740,Breakfast oat porridge,50,3050,3050,61
07/01/2023,VOL,ST001,QAR,RM.741,Plain Croissant,12,348,348,29
07/01/2023,VOL,ST001,QAR,RM.742,Zaatar Croissant,14,140,140,10
07/01/2023,VOL,ST001,QAR,RM.743,Cheese Croissant,16,464,464,29
07/01/2023,VOL,ST001,QAR,RM.745,Crispy sesame falafel,50,3600,3600,72
07/01/2023,VOL,ST001,QAR,RM.750,Grilled Halloumi,30,1110,1110,38
07/01/2023,VOL,ST001,QAR,RM.760,Big Blueberry cheesecake,360,1800,1800,5
07/01/2023,VOL,ST001,QAR,RM.770,Whole Victoria cake,200,1400,1400,9
07/01/2023,VOL,ST001,QAR,RM.771,Whole chocolate swiss rol,200,800,800,4
07/01/2023,VOL,ST001,QAR,RM.787,Hazelnut Warm chocolate,50,10600,10600,213
07/01/2023,VOL,ST001,QAR,RM.788,Whole hazelnut warm choco,350,2800,2800,8
07/01/2023,VOL,ST001,QAR,RM.811,Big Honey pudding,250,12500,12500,51
07/01/2023,VOL,ST001,QAR,RM.812,Small Honey pudding,100,5500,5500,56
07/01/2023,VOL,ST001,QAR,RM.813,Big Chocolate pudding,350,8750,8750,25
07/01/2023,VOL,ST001,QAR,RM.814,Small Chocolate pudding,180,7200,7200,40
07/01/2023,VOL,ST001,QAR,RM.815,Big Cereal milky cake,250,1250,1250,5
07/01/2023,VOL,ST001,QAR,RM.816,Small Cereal milky cake,150,150,150,1
07/01/2023,VOL,ST001,QAR,RM.817,Big Safron milky cake,300,900,900,3
07/01/2023,VOL,ST001,QAR,RM.818,Small Safron milky cake,150,900,900,6
07/01/2023,VOL,ST001,QAR,RM.823,Big Pecan Caramel,350,2450,2450,7
07/01/2023,VOL,ST001,QAR,RM.825, Whole Coconut Cake,360,1800,1800,5
07/01/2023,VOL,ST001,QAR,RM.826,BIG MANGO CAKE,350,7700,7700,22
07/01/2023,VOL,ST001,QAR,RM.827,EID BOX,390,780,780,2
07/01/2023,VOL,ST001,QAR,RM.828,Whole Monkey bread,220,1320,1320,6
07/01/2023,VOL,ST001,QAR,RM.836,Mix Sandwich box,220,6820,6820,31
07/01/2023,VOL,ST001,QAR,RM.837,Small mango cake,120,3840,3840,32
07/01/2023,VOL,ST001,QAR,RM.838,Mini falafel box,40,2320,2320,58
07/01/2023,VOL,ST001,QAR,RM.839,Whole Portofinol Tiramisu,350,350,350,1
07/01/2023,VOL,ST001,QAR,RM.840,Whole Raspberry Swissroll,180,1080,1080,6
07/01/2023,VOL,ST001,QAR,RM.842,Crispy Cheese rolls with,40,1400,1360,37
07/01/2023,VOL,ST001,QAR,RM.844,Honey Mustard Chicken SLD,55,32890,32780,598
07/01/2023,VOL,ST001,QAR,RM.845,Smoked Turkey Sandwich,35,3605,3596.25,103
07/01/2023,VOL,ST001,QAR,RM.846,Roasted Beef Sandwich,65,4550,4550,70
07/01/2023,VOL,ST001,QAR,RM.847,Truffle slider burger,50,9800,9700,197
07/01/2023,VOL,ST001,QAR,RM.848,Risotto Balls,40,3880,3880,97
07/01/2023,VOL,ST001,QAR,RM.850,Chicken taco,45,3690,3690,82
07/01/2023,VOL,ST001,QAR,RM.852,Chicken spaghetti,60,18300,18240,305
07/01/2023,VOL,ST001,QAR,RM.853,Baked salmon with lemon c,68,5372,5304,79
07/01/2023,VOL,ST001,QAR,RM.855,Marinated Burata Toast,55,2035,2035,38
07/01/2023,VOL,ST001,QAR,RM.857,Chicken Moussakan rolls,45,2475,2430,55
07/01/2023,VOL,ST001,QAR,RM.858,Spicy club sandwich,35,17850,17771.25,510
07/01/2023,VOL,ST001,QAR,RM.861,Lasagna Bolognese,55,6325,6325,115
07/01/2023,VOL,ST001,QAR,RM.862,Quinoa kale garden greens,50,9100,9100,182
07/01/2023,VOL,ST001,QAR,RM.863,Burrito chicken salad,55,15015,14905,273
07/01/2023,VOL,ST001,QAR,RM.864,Bread basket,45,1260,1248.75,29
07/01/2023,VOL,ST001,QAR,RM.869,Chicken Slider,48,10512,10464,219
07/01/2023,VOL,ST001,QAR,RM.871,French Toast,50,5100,5100,103
07/01/2023,VOL,ST001,QAR,RM.873,Crushed Cookies,50,16750,16750,337
07/01/2023,VOL,ST001,QAR,RM.3601,Ex/ Cheese,0,0,0,1
07/01/2023,VOL,ST001,QAR,RM.3617,Turkey,0,0,0,1
07/01/2023,VOL,ST001,QAR,RM.3619,Ex/ Tea Bag,5,5,0,1
07/01/2023,VOL,ST001,QAR,RM.3691,extra hot,0,0,0,4
07/01/2023,VOL,ST001,QAR,RM.3692,TAKE AWAY,0,0,0,2
07/01/2023,VOL,ST001,QAR,RM.3694,with mint,0,0,0,1
07/01/2023,VOL,ST001,QAR,RM.3697,together w food,0,0,0,577
07/01/2023,VOL,ST001,QAR,RM.3698,together w drinks,0,0,0,312
07/01/2023,VOL,ST001,QAR,RM.3700,well done,0,0,0,1
07/01/2023,VOL,ST001,QAR,RM.3705,lowfat,0,0,0,7
07/01/2023,VOL,ST001,QAR,RM.3706,decaf,0,0,0,3
07/01/2023,VOL,ST001,QAR,RM.3707,now,0,0,0,10
07/01/2023,VOL,ST001,QAR,RM.3710,xtra dressing,0,0,0,6
07/01/2023,VOL,ST001,QAR,RM.3721,EXTRA SAUCE,0,0,0,1
07/01/2023,VOL,ST001,QAR,RM.3722,NO AVACADO,0,0,0,2
07/01/2023,VOL,ST001,QAR,RM.3753,NO CREAM,0,0,0,1
07/01/2023,VOL,ST001,QAR,RM.3782,NO ICE,0,0,0,1
07/01/2023,VOL,ST001,QAR,RM.3812,Well Done,0,0,0,87
07/01/2023,VOL,ST001,QAR,RM.3814,Medium,0,0,0,72
07/01/2023,VOL,ST001,QAR,RM.3815,Runny,0,0,0,13
07/01/2023,VOL,ST001,QAR,RM.6361,WITH CREAM,0,0,0,18
07/01/2023,VOL,ST001,QAR,RM.6362,WITHOUT CREAM,0,0,0,4
07/01/2023,VOL,ST001,QAR,RM.6363,Almond Milk,0,0,0,42
07/01/2023,VOL,ST001,QAR,RM.6364,Coconut Milk,0,0,0,27
07/01/2023,VOL,ST001,QAR,RM.6374,Soya milk,0,0,0,12
