DATE,BRANCHCODE,WAREHOUSECODE,CURRENCY,ERPCODE,ITEMNAME,RAWPRICE,GROSSAMT,NETVALUE,QTYSOLD
03/01/2023,VOL,ST001,QAR,RM.1,Salmon,14,196,196,14
03/01/2023,VOL,ST001,QAR,RM.2,Bacon,14,112,112,8
03/01/2023,VOL,ST001,QAR,RM.3,Cheese,14,378,378,27
03/01/2023,VOL,ST001,QAR,RM.4,Turkey,14,308,308,22
03/01/2023,VOL,ST001,QAR,RM.5,Extra chicken,10,80,80,8
03/01/2023,VOL,ST001,QAR,RM.6,Egg,6,570,570,95
03/01/2023,VOL,ST001,QAR,RM.7,Mushroom,12,36,36,3
03/01/2023,VOL,ST001,QAR,RM.8,Avocado,12,84,84,7
03/01/2023,VOL,ST001,QAR,RM.62,Halloumi Fries,20,3660,3660,183
03/01/2023,VOL,ST001,QAR,RM.63,Baked Potato Wedges,20,2900,2900,145
03/01/2023,VOL,ST001,QAR,RM.64,French fries,15,5235,5235,349
03/01/2023,VOL,ST001,QAR,RM.125,Small cereal ice cream,7,371,371,53
03/01/2023,VOL,ST001,QAR,RM.126,Medium cereal ice cream,15,375,375,25
03/01/2023,VOL,ST001,QAR,RM.127,Mango ice pudding,40,880,880,22
03/01/2023,VOL,ST001,QAR,RM.157,Slice Tiramisu Portofino,40,16440,16440,411
03/01/2023,VOL,ST001,QAR,RM.181,Espreso,18,2718,2538,151
03/01/2023,VOL,ST001,QAR,RM.182,Double Espreso,20,2240,2240,112
03/01/2023,VOL,ST001,QAR,RM.183,Americano,20,12800,12740,640
03/01/2023,VOL,ST001,QAR,RM.184,Cappucino,24,20136,20136,839
03/01/2023,VOL,ST001,QAR,RM.186,Latte Cold,24,2976,2976,124
03/01/2023,VOL,ST001,QAR,RM.187,V60 Pour Over,24,17832,17832,743
03/01/2023,VOL,ST001,QAR,RM.188,French Press,24,1392,1392,58
03/01/2023,VOL,ST001,QAR,RM.189,Mocha Pot,24,168,168,7
03/01/2023,VOL,ST001,QAR,RM.193,Flat White hot,24,19080,19080,795
03/01/2023,VOL,ST001,QAR,RM.194,Macciatto,20,320,320,16
03/01/2023,VOL,ST001,QAR,RM.197,Morochino,24,360,360,15
03/01/2023,VOL,ST001,QAR,RM.198,cortado,24,6912,6912,288
03/01/2023,VOL,ST001,QAR,RM.200,Latte Hot,24,13872,13872,578
03/01/2023,VOL,ST001,QAR,RM.201,Milk,20,140,140,7
03/01/2023,VOL,ST001,QAR,RM.206,Double espresso Machiatto,24,360,360,15
03/01/2023,VOL,ST001,QAR,RM.207,Americano ice,20,2780,2780,139
03/01/2023,VOL,ST001,QAR,RM.210,Flatwhite ice,24,864,864,36
03/01/2023,VOL,ST001,QAR,RM.211,Volume Special ice,28,420,420,15
03/01/2023,VOL,ST001,QAR,RM.212,Coconut Latte,28,2660,2660,95
03/01/2023,VOL,ST001,QAR,RM.213,Cereal Latte,28,1764,1764,63
03/01/2023,VOL,ST001,QAR,RM.215,Ice Mocha,35,840,840,24
03/01/2023,VOL,ST001,QAR,RM.216,Volume special hot,28,420,420,15
03/01/2023,VOL,ST001,QAR,RM.218,Dulce de leche hot,28,868,868,31
03/01/2023,VOL,ST001,QAR,RM.220,Dulce de Leche ice,28,476,448,17
03/01/2023,VOL,ST001,QAR,RM.221,Drink in Love,28,1876,1876,67
03/01/2023,VOL,ST001,QAR,RM.223,Spanish Ice latte,28,13552,13552,484
03/01/2023,VOL,ST001,QAR,RM.224,Hot Chocolate,32,3648,3648,114
03/01/2023,VOL,ST001,QAR,RM.227,Spanish hot latte,28,15568,15568,556
03/01/2023,VOL,ST001,QAR,RM.230,Frappe,28,1904,1904,68
03/01/2023,VOL,ST001,QAR,RM.231,Cinnamon Latte,28,4032,4004,144
03/01/2023,VOL,ST001,QAR,RM.233,Ginger Latte,28,2156,2156,77
03/01/2023,VOL,ST001,QAR,RM.236,Cafe crema,24,144,144,6
03/01/2023,VOL,ST001,QAR,RM.242,Acqua Panna 250ml,17,17102,17102,1006
03/01/2023,VOL,ST001,QAR,RM.243,Acqua panna 0.5,25,12125,12100,485
03/01/2023,VOL,ST001,QAR,RM.244,Perrier medium 330ml,19,1786,1786,94
03/01/2023,VOL,ST001,QAR,RM.245,Cola regular,10,2550,2540,255
03/01/2023,VOL,ST001,QAR,RM.246,Coca cola light,10,1580,1580,158
03/01/2023,VOL,ST001,QAR,RM.247,Sprite,10,750,750,75
03/01/2023,VOL,ST001,QAR,RM.248,Fanta,10,260,260,26
03/01/2023,VOL,ST001,QAR,RM.253,Perrier small 200ml,17,1819,1819,107
03/01/2023,VOL,ST001,QAR,RM.271,Orange Juice,24,14928,14928,622
03/01/2023,VOL,ST001,QAR,RM.272,Green Apple Juice,24,2832,2832,118
03/01/2023,VOL,ST001,QAR,RM.273,Lemon Mint Juice,24,7056,7056,294
03/01/2023,VOL,ST001,QAR,RM.275,Carrot Juice,24,2952,2952,123
03/01/2023,VOL,ST001,QAR,RM.361,Slice Monkey bread,35,9695,9695,277
03/01/2023,VOL,ST001,QAR,RM.363,Slice Coconut Cake,45,4770,4770,106
03/01/2023,VOL,ST001,QAR,RM.364,Slice Mango cake,45,39825,39825,885
03/01/2023,VOL,ST001,QAR,RM.366,Slice Kunafa Tres leches,40,2840,2800,71
03/01/2023,VOL,ST001,QAR,RM.367,Chocolate babka,30,2760,2730,92
03/01/2023,VOL,ST001,QAR,RM.368,Slice Bluberry cheesecake,40,13840,13840,346
03/01/2023,VOL,ST001,QAR,RM.369,Slice Raspberry swissroll,35,4165,4165,119
03/01/2023,VOL,ST001,QAR,RM.370,Slice of Victoria cake,35,4480,4445,128
03/01/2023,VOL,ST001,QAR,RM.371,Slice choc swissroll,35,5180,5180,148
03/01/2023,VOL,ST001,QAR,RM.373,Slice Safron Milky Cake,45,7380,7380,164
03/01/2023,VOL,ST001,QAR,RM.374,Zaatar babka,30,1890,1890,63
03/01/2023,VOL,ST001,QAR,RM.375,Caramel Brownie,15,1260,1260,84
03/01/2023,VOL,ST001,QAR,RM.380,Slice Cereal milky  Cake,40,8280,8280,207
03/01/2023,VOL,ST001,QAR,RM.386,Slice Pecan Carmel Pie,35,7035,7000,201
03/01/2023,VOL,ST001,QAR,RM.388,Slice Chocolate Pudding,45,27270,27270,606
03/01/2023,VOL,ST001,QAR,RM.389,Slice Honey Pudding,45,32130,32130,714
03/01/2023,VOL,ST001,QAR,RM.390,ST.DATES CAKE,40,7440,7440,186
03/01/2023,VOL,ST001,QAR,RM.662,Virgin Mojito,35,8015,7980,229
03/01/2023,VOL,ST001,QAR,RM.664,Hawaiian Coconut,35,17360,17360,496
03/01/2023,VOL,ST001,QAR,RM.671,Berry coconut,35,2065,2065,59
03/01/2023,VOL,ST001,QAR,RM.673,Berry mojito,35,6265,6230,179
03/01/2023,VOL,ST001,QAR,RM.675,Summer drink box {7pcs},280,560,560,2
03/01/2023,VOL,ST001,QAR,RM.676,Lemon ginger Iced tea,29,1972,1972,68
03/01/2023,VOL,ST001,QAR,RM.677,Jade passion Iced tea,29,4582,4582,158
03/01/2023,VOL,ST001,QAR,RM.691,English Breakfast Tea,25,8925,8925,357
03/01/2023,VOL,ST001,QAR,RM.692,Peppermint Tea,25,250,250,10
03/01/2023,VOL,ST001,QAR,RM.693,Earl Grey Tea,25,1225,1225,49
03/01/2023,VOL,ST001,QAR,RM.694,Jasmine Tea,25,1300,1300,52
03/01/2023,VOL,ST001,QAR,RM.695,Organic Green Tea,25,400,400,16
03/01/2023,VOL,ST001,QAR,RM.697,Lemon Grass tea,25,350,350,14
03/01/2023,VOL,ST001,QAR,RM.698,Chamomile,25,1075,1075,43
03/01/2023,VOL,ST001,QAR,RM.699,Green Tea,25,1375,1375,55
03/01/2023,VOL,ST001,QAR,RM.721,Labneh With Zaatar,36,12924,12888,359
03/01/2023,VOL,ST001,QAR,RM.727,Mushroom Egg Benedict,45,21960,21960,488
03/01/2023,VOL,ST001,QAR,RM.728,Stuffed Croissants,30,6750,6750,225
03/01/2023,VOL,ST001,QAR,RM.729,Falafel Peta,55,22000,21945,400
03/01/2023,VOL,ST001,QAR,RM.730,Greek Avocado Toast,49,19551,19502,399
03/01/2023,VOL,ST001,QAR,RM.731,Granola with yogurt,55,12595,12595,229
03/01/2023,VOL,ST001,QAR,RM.737,Egg and cheese slinders,35,12005,12005,343
03/01/2023,VOL,ST001,QAR,RM.738,Berry smoothie,55,1485,1485,27
03/01/2023,VOL,ST001,QAR,RM.739,Pancake rouges,55,12595,12595,229
03/01/2023,VOL,ST001,QAR,RM.740,Breakfast oat porridge,50,5500,5500,110
03/01/2023,VOL,ST001,QAR,RM.741,Plain Croissant,12,336,336,28
03/01/2023,VOL,ST001,QAR,RM.744,Crispy sweet corn fritter,55,3575,3575,65
03/01/2023,VOL,ST001,QAR,RM.745,Crispy sesame falafel,50,9400,9350,188
03/01/2023,VOL,ST001,QAR,RM.746,Baked Feta on Citrus Toma,55,5500,5500,100
03/01/2023,VOL,ST001,QAR,RM.760,Big Blueberry cheesecake,360,1800,1800,5
03/01/2023,VOL,ST001,QAR,RM.770,Whole Victoria cake,200,3200,3200,16
03/01/2023,VOL,ST001,QAR,RM.771,Whole chocolate swiss rol,200,3000,3000,15
03/01/2023,VOL,ST001,QAR,RM.772,Small Mango Triffle,180,23400,23220,130
03/01/2023,VOL,ST001,QAR,RM.774,Big Mango Triffle,280,22680,22400,81
03/01/2023,VOL,ST001,QAR,RM.775,Whole Kunafa Tres leches,350,9100,8750,26
03/01/2023,VOL,ST001,QAR,RM.781,Winter hot choco,28,5936,5936,212
03/01/2023,VOL,ST001,QAR,RM.783,Chouquette,35,280,280,8
03/01/2023,VOL,ST001,QAR,RM.784,Mini Pancakes,40,3960,3960,99
03/01/2023,VOL,ST001,QAR,RM.785,Box winter chocolate,180,1980,1980,11
03/01/2023,VOL,ST001,QAR,RM.787,Hazelnut Warm chocolate,50,19250,19250,385
03/01/2023,VOL,ST001,QAR,RM.788,Whole hazelnut warm choco,350,9450,9450,27
03/01/2023,VOL,ST001,QAR,RM.811,Big Honey pudding,250,30750,30750,123
03/01/2023,VOL,ST001,QAR,RM.812,Small Honey pudding,100,19000,19000,190
03/01/2023,VOL,ST001,QAR,RM.813,Big Chocolate pudding,350,22750,22750,65
03/01/2023,VOL,ST001,QAR,RM.814,Small Chocolate pudding,180,20880,20880,116
03/01/2023,VOL,ST001,QAR,RM.815,Big Cereal milky cake,250,1750,1750,7
03/01/2023,VOL,ST001,QAR,RM.816,Small Cereal milky cake,150,2100,2100,14
03/01/2023,VOL,ST001,QAR,RM.817,Big Safron milky cake,300,2700,2700,9
03/01/2023,VOL,ST001,QAR,RM.818,Small Safron milky cake,150,4050,4050,27
03/01/2023,VOL,ST001,QAR,RM.823,Big Pecan Caramel,350,5250,5250,15
03/01/2023,VOL,ST001,QAR,RM.825, Whole Coconut Cake,360,4320,4320,12
03/01/2023,VOL,ST001,QAR,RM.826,BIG MANGO CAKE,350,21700,21700,62
03/01/2023,VOL,ST001,QAR,RM.827,EID BOX,390,22230,22230,57
03/01/2023,VOL,ST001,QAR,RM.828,Whole Monkey bread,220,4400,4400,20
03/01/2023,VOL,ST001,QAR,RM.829,Molten Rahash,250,10750,10500,43
03/01/2023,VOL,ST001,QAR,RM.836,Mix Sandwich box,220,10560,10560,48
03/01/2023,VOL,ST001,QAR,RM.837,Small mango cake,120,15720,15720,131
03/01/2023,VOL,ST001,QAR,RM.838,Mini falafel box,40,4000,4000,100
03/01/2023,VOL,ST001,QAR,RM.839,Whole Portofinol Tiramisu,350,3850,3850,11
03/01/2023,VOL,ST001,QAR,RM.840,Whole Raspberry Swissroll,180,3960,3960,22
03/01/2023,VOL,ST001,QAR,RM.842,Crispy Cheese rolls with,40,1040,1000,26
03/01/2023,VOL,ST001,QAR,RM.844,Honey Mustard Chicken SLD,55,39325,39325,715
03/01/2023,VOL,ST001,QAR,RM.845,Smoked Turkey Sandwich,35,4795,4795,137
03/01/2023,VOL,ST001,QAR,RM.846,Roasted Beef Sandwich,65,7280,7280,112
03/01/2023,VOL,ST001,QAR,RM.847,Truffle slider burger,50,12850,12850,257
03/01/2023,VOL,ST001,QAR,RM.848,Risotto Balls,40,6440,6440,161
03/01/2023,VOL,ST001,QAR,RM.850,Chicken taco,45,8415,8415,187
03/01/2023,VOL,ST001,QAR,RM.852,Chicken spaghetti,60,23460,23400,391
03/01/2023,VOL,ST001,QAR,RM.853,Baked salmon with lemon c,68,7004,7004,103
03/01/2023,VOL,ST001,QAR,RM.854,Grilled Chicken Breast wi,58,11716,11716,202
03/01/2023,VOL,ST001,QAR,RM.855,Marinated Burata Toast,55,3685,3630,67
03/01/2023,VOL,ST001,QAR,RM.856,Asia Beef Salad,58,2784,2784,48
03/01/2023,VOL,ST001,QAR,RM.857,Chicken Moussakan rolls,45,1575,1530,35
03/01/2023,VOL,ST001,QAR,RM.858,Spicy club sandwich,35,27090,27090,774
03/01/2023,VOL,ST001,QAR,RM.861,Lasagna Bolognese,55,8580,8580,156
03/01/2023,VOL,ST001,QAR,RM.862,Quinoa kale garden greens,50,10100,10050,202
03/01/2023,VOL,ST001,QAR,RM.863,Burrito chicken salad,55,19360,19360,352
03/01/2023,VOL,ST001,QAR,RM.864,Bread basket,45,2430,2430,54
03/01/2023,VOL,ST001,QAR,RM.869,Chicken Slider,48,13152,13104,274
03/01/2023,VOL,ST001,QAR,RM.871,French Toast,50,9100,9100,182
03/01/2023,VOL,ST001,QAR,RM.873,Crushed Cookies,50,28900,28900,578
03/01/2023,VOL,ST001,QAR,RM.3666,No/ Tomato,0,0,0,1
03/01/2023,VOL,ST001,QAR,RM.3691,extra hot,0,0,0,20
03/01/2023,VOL,ST001,QAR,RM.3696,less sweet,0,0,0,1
03/01/2023,VOL,ST001,QAR,RM.3697,together w food,0,0,0,819
03/01/2023,VOL,ST001,QAR,RM.3698,together w drinks,0,0,0,674
03/01/2023,VOL,ST001,QAR,RM.3700,well done,0,0,0,1
03/01/2023,VOL,ST001,QAR,RM.3701,runny,0,0,0,1
03/01/2023,VOL,ST001,QAR,RM.3702,meduim,0,0,0,1
03/01/2023,VOL,ST001,QAR,RM.3705,lowfat,0,0,0,17
03/01/2023,VOL,ST001,QAR,RM.3706,decaf,0,0,0,17
03/01/2023,VOL,ST001,QAR,RM.3710,xtra dressing,0,0,0,10
03/01/2023,VOL,ST001,QAR,RM.3711,together With Cakes,0,0,0,14
03/01/2023,VOL,ST001,QAR,RM.3722,NO AVACADO,0,0,0,1
03/01/2023,VOL,ST001,QAR,RM.3723,NO TOMATO,0,0,0,1
03/01/2023,VOL,ST001,QAR,RM.3782,NO ICE,0,0,0,4
03/01/2023,VOL,ST001,QAR,RM.3812,Well Done,0,0,0,177
03/01/2023,VOL,ST001,QAR,RM.3814,Medium,0,0,0,138
03/01/2023,VOL,ST001,QAR,RM.3815,Runny,0,0,0,41
03/01/2023,VOL,ST001,QAR,RM.6361,WITH CREAM,0,0,0,28
03/01/2023,VOL,ST001,QAR,RM.6362,WITHOUT CREAM,0,0,0,10
03/01/2023,VOL,ST001,QAR,RM.6363,Almond Milk,0,0,0,80
03/01/2023,VOL,ST001,QAR,RM.6364,Coconut Milk,0,0,0,42
03/01/2023,VOL,ST001,QAR,RM.6374,Soya milk,0,0,0,21
