DATE,BRANCHCODE,WAREHOUSECODE,CURRENCY,ERPCODE,ITEMNAME,RAWPRICE,GROSSAMT,NETVALUE,QTYSOLD
06/01/2023,VOL,ST001,QAR,RM.1,Salmon,14,154,154,11
06/01/2023,VOL,ST001,QAR,RM.2,Bacon,14,182,182,13
06/01/2023,VOL,ST001,QAR,RM.3,Cheese,14,602,602,43
06/01/2023,VOL,ST001,QAR,RM.4,Turkey,14,252,252,18
06/01/2023,VOL,ST001,QAR,RM.5,Extra chicken,10,180,180,18
06/01/2023,VOL,ST001,QAR,RM.6,Egg,6,300,300,50
06/01/2023,VOL,ST001,QAR,RM.7,Mushroom,12,36,36,3
06/01/2023,VOL,ST001,QAR,RM.8,Avocado,12,72,72,6
06/01/2023,VOL,ST001,QAR,RM.62,Halloumi Fries,20,3660,3660,183
06/01/2023,VOL,ST001,QAR,RM.63,Baked Potato Wedges,20,3000,3000,150
06/01/2023,VOL,ST001,QAR,RM.64,French fries,15,4215,4207.5,281
06/01/2023,VOL,ST001,QAR,RM.125,Small cereal ice cream,7,343,343,49
06/01/2023,VOL,ST001,QAR,RM.126,Medium cereal ice cream,15,345,345,23
06/01/2023,VOL,ST001,QAR,RM.127,Mango ice pudding,40,1200,1200,30
06/01/2023,VOL,ST001,QAR,RM.128,MAHALABIA ICE CREAM,35,1365,1365,39
06/01/2023,VOL,ST001,QAR,RM.129,Affogato,28,364,364,13
06/01/2023,VOL,ST001,QAR,RM.157,Slice Tiramisu Portofino,40,8960,8960,224
06/01/2023,VOL,ST001,QAR,RM.181,Espreso,18,1566,1260,87
06/01/2023,VOL,ST001,QAR,RM.182,Double Espreso,20,1100,1100,55
06/01/2023,VOL,ST001,QAR,RM.183,Americano,20,6420,6300,321
06/01/2023,VOL,ST001,QAR,RM.184,Cappucino,24,10752,10584,448
06/01/2023,VOL,ST001,QAR,RM.186,Latte Cold,24,3192,3192,133
06/01/2023,VOL,ST001,QAR,RM.187,V60 Pour Over,24,9576,9456,399
06/01/2023,VOL,ST001,QAR,RM.188,French Press,24,384,384,16
06/01/2023,VOL,ST001,QAR,RM.189,Mocha Pot,24,168,168,7
06/01/2023,VOL,ST001,QAR,RM.193,Flat White hot,24,10272,10248,428
06/01/2023,VOL,ST001,QAR,RM.194,Macciatto,20,80,80,4
06/01/2023,VOL,ST001,QAR,RM.197,Morochino,24,120,120,5
06/01/2023,VOL,ST001,QAR,RM.198,cortado,24,4008,4008,167
06/01/2023,VOL,ST001,QAR,RM.200,Latte Hot,24,6336,6240,264
06/01/2023,VOL,ST001,QAR,RM.201,Milk,20,40,40,2
06/01/2023,VOL,ST001,QAR,RM.206,Double espresso Machiatto,24,120,120,5
06/01/2023,VOL,ST001,QAR,RM.207,Americano ice,20,2620,2620,131
06/01/2023,VOL,ST001,QAR,RM.210,Flatwhite ice,24,936,936,39
06/01/2023,VOL,ST001,QAR,RM.211,Volume Special ice,28,700,700,25
06/01/2023,VOL,ST001,QAR,RM.212,Coconut Latte,28,2548,2520,91
06/01/2023,VOL,ST001,QAR,RM.213,Cereal Latte,28,1260,1260,45
06/01/2023,VOL,ST001,QAR,RM.215,Ice Mocha,35,1015,980,29
06/01/2023,VOL,ST001,QAR,RM.216,Volume special hot,28,252,252,9
06/01/2023,VOL,ST001,QAR,RM.218,Dulce de leche hot,28,420,364,15
06/01/2023,VOL,ST001,QAR,RM.220,Dulce de Leche ice,28,588,560,21
06/01/2023,VOL,ST001,QAR,RM.221,Drink in Love,28,1456,1456,52
06/01/2023,VOL,ST001,QAR,RM.223,Spanish Ice latte,28,11648,11592,416
06/01/2023,VOL,ST001,QAR,RM.224,Hot Chocolate,32,1984,1984,62
06/01/2023,VOL,ST001,QAR,RM.227,Spanish hot latte,28,8932,8904,319
06/01/2023,VOL,ST001,QAR,RM.230,Frappe,28,1764,1764,63
06/01/2023,VOL,ST001,QAR,RM.231,Cinnamon Latte,28,2240,2212,80
06/01/2023,VOL,ST001,QAR,RM.233,Ginger Latte,28,1036,1036,37
06/01/2023,VOL,ST001,QAR,RM.236,Cafe crema,24,240,240,10
06/01/2023,VOL,ST001,QAR,RM.242,Acqua Panna 250ml,17,11577,11492,681
06/01/2023,VOL,ST001,QAR,RM.243,Acqua panna 0.5,25,7775,7775,311
06/01/2023,VOL,ST001,QAR,RM.244,Perrier medium 330ml,19,1691,1691,89
06/01/2023,VOL,ST001,QAR,RM.245,Cola regular,10,1910,1910,191
06/01/2023,VOL,ST001,QAR,RM.246,Coca cola light,10,1730,1720,173
06/01/2023,VOL,ST001,QAR,RM.247,Sprite,10,640,640,64
06/01/2023,VOL,ST001,QAR,RM.248,Fanta,10,190,190,19
06/01/2023,VOL,ST001,QAR,RM.250,Highland water 500ml,5,295,0,59
06/01/2023,VOL,ST001,QAR,RM.253,Perrier small 200ml,17,1326,1326,78
06/01/2023,VOL,ST001,QAR,RM.254,Rayyan 750ml,25,2650,2650,106
06/01/2023,VOL,ST001,QAR,RM.255,Rayyan 250ml,17,2159,2159,127
06/01/2023,VOL,ST001,QAR,RM.271,Orange Juice,24,9552,9552,398
06/01/2023,VOL,ST001,QAR,RM.272,Green Apple Juice,24,2184,2160,91
06/01/2023,VOL,ST001,QAR,RM.273,Lemon Mint Juice,24,5496,5496,229
06/01/2023,VOL,ST001,QAR,RM.275,Carrot Juice,24,2040,2016,85
06/01/2023,VOL,ST001,QAR,RM.331,Chili Lime Fried Shrimp,45,3645,3645,81
06/01/2023,VOL,ST001,QAR,RM.332,Popcorn Chicken,45,6390,6390,142
06/01/2023,VOL,ST001,QAR,RM.333,Chicken Kebab with spicy,48,5088,5040,106
06/01/2023,VOL,ST001,QAR,RM.361,Slice Monkey bread,35,4235,4235,121
06/01/2023,VOL,ST001,QAR,RM.363,Slice Coconut Cake,45,2115,1980,47
06/01/2023,VOL,ST001,QAR,RM.364,Slice Mango cake,45,20340,20340,452
06/01/2023,VOL,ST001,QAR,RM.366,Slice Kunafa Tres leches,40,1360,1360,34
06/01/2023,VOL,ST001,QAR,RM.367,Chocolate babka,30,1530,1530,51
06/01/2023,VOL,ST001,QAR,RM.368,Slice Bluberry cheesecake,40,7440,7400,186
06/01/2023,VOL,ST001,QAR,RM.369,Slice Raspberry swissroll,35,2765,2730,79
06/01/2023,VOL,ST001,QAR,RM.370,Slice of Victoria cake,35,3430,3430,98
06/01/2023,VOL,ST001,QAR,RM.371,Slice choc swissroll,35,2520,2485,72
06/01/2023,VOL,ST001,QAR,RM.373,Slice Safron Milky Cake,45,5175,5175,115
06/01/2023,VOL,ST001,QAR,RM.374,Zaatar babka,30,1230,1230,41
06/01/2023,VOL,ST001,QAR,RM.375,Caramel Brownie,15,1140,1140,76
06/01/2023,VOL,ST001,QAR,RM.380,Slice Cereal milky  Cake,40,5760,5760,144
06/01/2023,VOL,ST001,QAR,RM.386,Slice Pecan Carmel Pie,35,4935,4935,141
06/01/2023,VOL,ST001,QAR,RM.388,Slice Chocolate Pudding,45,16740,16695,372
06/01/2023,VOL,ST001,QAR,RM.389,Slice Honey Pudding,45,17550,17550,390
06/01/2023,VOL,ST001,QAR,RM.390,ST.DATES CAKE,40,3320,3320,83
06/01/2023,VOL,ST001,QAR,RM.662,Virgin Mojito,35,8750,8697.5,250
06/01/2023,VOL,ST001,QAR,RM.664,Hawaiian Coconut,35,24885,24885,711
06/01/2023,VOL,ST001,QAR,RM.671,Berry coconut,35,1540,1540,44
06/01/2023,VOL,ST001,QAR,RM.673,Berry mojito,35,6895,6895,197
06/01/2023,VOL,ST001,QAR,RM.674,Summer drink box {6pcs},245,490,490,2
06/01/2023,VOL,ST001,QAR,RM.675,Summer drink box {7pcs},280,560,560,2
06/01/2023,VOL,ST001,QAR,RM.677,Jade passion Iced tea,29,5249,5220,181
06/01/2023,VOL,ST001,QAR,RM.691,English Breakfast Tea,25,3175,3150,127
06/01/2023,VOL,ST001,QAR,RM.692,Peppermint Tea,25,75,75,3
06/01/2023,VOL,ST001,QAR,RM.693,Earl Grey Tea,25,625,625,25
06/01/2023,VOL,ST001,QAR,RM.694,Jasmine Tea,25,625,625,25
06/01/2023,VOL,ST001,QAR,RM.695,Organic Green Tea,25,75,75,3
06/01/2023,VOL,ST001,QAR,RM.698,Chamomile,25,850,850,34
06/01/2023,VOL,ST001,QAR,RM.699,Green Tea,25,600,600,24
06/01/2023,VOL,ST001,QAR,RM.721,Labneh With Zaatar,36,8424,8424,234
06/01/2023,VOL,ST001,QAR,RM.722,Egg Shakshouka,40,3640,3640,91
06/01/2023,VOL,ST001,QAR,RM.723,Eggs Menemen,35,2695,2660,77
06/01/2023,VOL,ST001,QAR,RM.726,Foul with tahini,30,840,840,28
06/01/2023,VOL,ST001,QAR,RM.727,Mushroom Egg Benedict,45,14400,14400,320
06/01/2023,VOL,ST001,QAR,RM.728,Stuffed Croissants,30,3930,3930,131
06/01/2023,VOL,ST001,QAR,RM.729,Falafel Peta,55,16610,16555,302
06/01/2023,VOL,ST001,QAR,RM.730,Greek Avocado Toast,49,14455,14455,295
06/01/2023,VOL,ST001,QAR,RM.731,Granola with yogurt,55,9295,9295,169
06/01/2023,VOL,ST001,QAR,RM.737,Egg and cheese slinders,35,6825,6825,195
06/01/2023,VOL,ST001,QAR,RM.739,Pancake rouges,55,5885,5885,107
06/01/2023,VOL,ST001,QAR,RM.740,Breakfast oat porridge,50,3650,3600,73
06/01/2023,VOL,ST001,QAR,RM.741,Plain Croissant,12,528,528,44
06/01/2023,VOL,ST001,QAR,RM.742,Zaatar Croissant,14,238,238,17
06/01/2023,VOL,ST001,QAR,RM.743,Cheese Croissant,16,368,368,23
06/01/2023,VOL,ST001,QAR,RM.745,Crispy sesame falafel,50,3900,3900,78
06/01/2023,VOL,ST001,QAR,RM.750,Grilled Halloumi,30,1140,1140,38
06/01/2023,VOL,ST001,QAR,RM.760,Big Blueberry cheesecake,360,2160,2160,6
06/01/2023,VOL,ST001,QAR,RM.770,Whole Victoria cake,200,1600,1600,8
06/01/2023,VOL,ST001,QAR,RM.771,Whole chocolate swiss rol,200,800,800,4
06/01/2023,VOL,ST001,QAR,RM.787,Hazelnut Warm chocolate,50,9950,9950,199
06/01/2023,VOL,ST001,QAR,RM.788,Whole hazelnut warm choco,350,6300,6300,18
06/01/2023,VOL,ST001,QAR,RM.811,Big Honey pudding,250,16750,16500,67
06/01/2023,VOL,ST001,QAR,RM.812,Small Honey pudding,100,8700,8700,87
06/01/2023,VOL,ST001,QAR,RM.813,Big Chocolate pudding,350,11550,11550,33
06/01/2023,VOL,ST001,QAR,RM.814,Small Chocolate pudding,180,8640,8640,48
06/01/2023,VOL,ST001,QAR,RM.815,Big Cereal milky cake,250,1250,1250,5
06/01/2023,VOL,ST001,QAR,RM.816,Small Cereal milky cake,150,300,300,2
06/01/2023,VOL,ST001,QAR,RM.817,Big Safron milky cake,300,1800,1800,6
06/01/2023,VOL,ST001,QAR,RM.818,Small Safron milky cake,150,1350,1350,9
06/01/2023,VOL,ST001,QAR,RM.823,Big Pecan Caramel,350,3500,3500,10
06/01/2023,VOL,ST001,QAR,RM.825, Whole Coconut Cake,360,1800,1800,5
06/01/2023,VOL,ST001,QAR,RM.826,BIG MANGO CAKE,350,10150,10150,29
06/01/2023,VOL,ST001,QAR,RM.827,EID BOX,390,3510,2340,9
06/01/2023,VOL,ST001,QAR,RM.828,Whole Monkey bread,220,1760,1760,8
06/01/2023,VOL,ST001,QAR,RM.836,Mix Sandwich box,220,9460,9460,43
06/01/2023,VOL,ST001,QAR,RM.837,Small mango cake,120,4200,4200,35
06/01/2023,VOL,ST001,QAR,RM.838,Mini falafel box,40,2200,2200,55
06/01/2023,VOL,ST001,QAR,RM.839,Whole Portofinol Tiramisu,350,4550,4550,13
06/01/2023,VOL,ST001,QAR,RM.840,Whole Raspberry Swissroll,180,3780,3780,21
06/01/2023,VOL,ST001,QAR,RM.842,Crispy Cheese rolls with,40,1960,1960,49
06/01/2023,VOL,ST001,QAR,RM.844,Honey Mustard Chicken SLD,55,38280,37565,696
06/01/2023,VOL,ST001,QAR,RM.845,Smoked Turkey Sandwich,35,3045,3045,87
06/01/2023,VOL,ST001,QAR,RM.846,Roasted Beef Sandwich,65,8255,8255,127
06/01/2023,VOL,ST001,QAR,RM.847,Truffle slider burger,50,10800,10750,216
06/01/2023,VOL,ST001,QAR,RM.848,Risotto Balls,40,5120,5120,128
06/01/2023,VOL,ST001,QAR,RM.850,Chicken taco,45,5760,5760,128
06/01/2023,VOL,ST001,QAR,RM.852,Chicken spaghetti,60,17700,17670,295
06/01/2023,VOL,ST001,QAR,RM.853,Baked salmon with lemon c,68,6596,6596,97
06/01/2023,VOL,ST001,QAR,RM.855,Marinated Burata Toast,55,2585,2585,47
06/01/2023,VOL,ST001,QAR,RM.857,Chicken Moussakan rolls,45,2790,2778.75,62
06/01/2023,VOL,ST001,QAR,RM.858,Spicy club sandwich,35,20475,20104,585
06/01/2023,VOL,ST001,QAR,RM.861,Lasagna Bolognese,55,7040,7040,128
06/01/2023,VOL,ST001,QAR,RM.862,Quinoa kale garden greens,50,11800,11800,236
06/01/2023,VOL,ST001,QAR,RM.863,Burrito chicken salad,55,19360,19250,352
06/01/2023,VOL,ST001,QAR,RM.864,Bread basket,45,1395,1395,31
06/01/2023,VOL,ST001,QAR,RM.869,Chicken Slider,48,8928,8928,186
06/01/2023,VOL,ST001,QAR,RM.871,French Toast,50,4600,4600,92
06/01/2023,VOL,ST001,QAR,RM.873,Crushed Cookies,50,16500,16500,330
06/01/2023,VOL,ST001,QAR,RM.3617,Turkey,0,0,0,1
06/01/2023,VOL,ST001,QAR,RM.3691,extra hot,0,0,0,14
06/01/2023,VOL,ST001,QAR,RM.3697,together w food,0,0,0,532
06/01/2023,VOL,ST001,QAR,RM.3698,together w drinks,0,0,0,353
06/01/2023,VOL,ST001,QAR,RM.3699,room temp.,0,0,0,1
06/01/2023,VOL,ST001,QAR,RM.3705,lowfat,0,0,0,4
06/01/2023,VOL,ST001,QAR,RM.3706,decaf,0,0,0,5
06/01/2023,VOL,ST001,QAR,RM.3707,now,0,0,0,2
06/01/2023,VOL,ST001,QAR,RM.3710,xtra dressing,0,0,0,4
06/01/2023,VOL,ST001,QAR,RM.3711,together With Cakes,0,0,0,12
06/01/2023,VOL,ST001,QAR,RM.3812,Well Done,0,0,0,84
06/01/2023,VOL,ST001,QAR,RM.3814,Medium,0,0,0,121
06/01/2023,VOL,ST001,QAR,RM.3815,Runny,0,0,0,28
06/01/2023,VOL,ST001,QAR,RM.6361,WITH CREAM,0,0,0,28
06/01/2023,VOL,ST001,QAR,RM.6362,WITHOUT CREAM,0,0,0,7
06/01/2023,VOL,ST001,QAR,RM.6363,Almond Milk,0,0,0,77
06/01/2023,VOL,ST001,QAR,RM.6364,Coconut Milk,0,0,0,23
06/01/2023,VOL,ST001,QAR,RM.6374,Soya milk,0,0,0,25
