DATE,BRANCHCODE,WAREHOUSECODE,CURRENCY,ERPCODE,ITEMNAME,RAWPRICE,GROSSAMT,NETVALUE,QTYSOLD
09/01/2022,GRA,ST019,QAR,PRK.902,Granola,55,550,495,10
09/01/2022,GRA,ST019,QAR,PRK.903,Graze Spicy  Mix,55,55,49.5,1
09/01/2022,GRA,ST019,QAR,PRK.904,Graze House Mix,55,165,148.5,3
09/01/2022,GRA,ST019,QAR,PRK.907,Zaatar Chips,6,120,108,20
09/01/2022,GRA,ST019,QAR,PRK.909,Spicy Pesto Chips,6,162,145.8,27
09/01/2022,GRA,ST019,QAR,PRK.910,Graze Spicy Mix Sml,25,150,135,6
09/01/2022,GRA,ST019,QAR,PRK.911,Graze House Mix Sml,25,400,360,16
09/01/2022,GRA,ST019,QAR,PRK.962,Extra flavor,3,171,153.9,57
09/01/2022,GRA,ST019,QAR,PRK.994,Crsnt w Egg/Avaca/ SunTom,24,4656,4190.39999999999,194
09/01/2022,GRA,ST019,QAR,PRK.995,Egg Burrito,20,2060,1854,103
09/01/2022,GRA,ST019,QAR,PRK.996,Blueberry Granola parfait,25,3975,3580,159
09/01/2022,GRA,ST019,QAR,PRK.997,Yog Dates Chia Pista Alm,22,2816,2534.4,128
09/01/2022,GRA,ST019,QAR,PRK.1003,Cheese Croissant,16,160,144,10
09/01/2022,GRA,ST019,QAR,PRK.1007,Zatar Croissant,16,640,576,40
09/01/2022,GRA,ST019,QAR,PRK.1008,Chocolate Croissant,16,352,316.8,22
09/01/2022,GRA,ST019,QAR,PRK.1010,Tomato Puff Pastry,16,672,604.8,42
09/01/2022,GRA,ST019,QAR,PRK.1012,Three Berry Yogurt & Date,25,850,765,34
09/01/2022,GRA,ST019,QAR,PRK.1015,Kiri Cheese Danish,14,798,718.200000000001,57
09/01/2022,GRA,ST019,QAR,PRK.1016,Plain Croissant,10,470,423,47
09/01/2022,GRA,ST019,QAR,PRK.1020,Almond Croissant,16,192,172.8,12
09/01/2022,GRA,ST019,QAR,PRK.1021,Shirazi Salad,12,324,291.6,27
09/01/2022,GRA,ST019,QAR,PRK.1023,Falafel Salad,45,5220,4698,116
09/01/2022,GRA,ST019,QAR,PRK.1024,Quinoa Swt potato Salad,40,1560,1404,39
09/01/2022,GRA,ST019,QAR,PRK.1027,Mex Chkn Chilli Bean Sld,40,3200,2880,80
09/01/2022,GRA,ST019,QAR,PRK.1029,Burrata Salad,50,1300,1170,26
09/01/2022,GRA,ST019,QAR,PRK.1031,Teriyaki GRAZE Salmn,55,6600,5940,120
09/01/2022,GRA,ST019,QAR,PRK.1034,BBQ Chick Peas,38,950,855,25
09/01/2022,GRA,ST019,QAR,PRK.1039,Keto Chicken Salad,40,4360,3924,109
09/01/2022,GRA,ST019,QAR,PRK.1044,Southern Chicken Salad,45,2205,1984.5,49
09/01/2022,GRA,ST019,QAR,PRK.1046,Greek Salad,30,1650,1485,55
09/01/2022,GRA,ST019,QAR,PRK.1048,Mexican  Caesar Salad chk,39,4953,4457.7,127
09/01/2022,GRA,ST019,QAR,PRK.1049,ROCCA SALAD,22,550,495,25
09/01/2022,GRA,ST019,QAR,PRK.1052,Smoke Turkey Sandwich,34,4386,3947.39999999999,129
09/01/2022,GRA,ST019,QAR,PRK.1054,lemon&Rosemary Chkn,36,7308,6577.19999999998,203
09/01/2022,GRA,ST019,QAR,PRK.1057,Steak & Philly Chz SW,32,3456,3110.4,108
09/01/2022,GRA,ST019,QAR,PRK.1063,Egg Mayo with Rocket,20,1620,1458,81
09/01/2022,GRA,ST019,QAR,PRK.1068,Crispy Chicken Bun,24,1152,1036.8,48
09/01/2022,GRA,ST019,QAR,PRK.1070,Chicken Pesto & Mozzarell,32,2336,2102.4,73
09/01/2022,GRA,ST019,QAR,PRK.1075,Avocado Toast,40,1160,1044,29
09/01/2022,GRA,ST019,QAR,PRK.1077,Spicy Halloumi,38,3116,2804.4,82
09/01/2022,GRA,ST019,QAR,PRK.1078,Graze Breakfast (egg box),32,2080,1872,65
09/01/2022,GRA,ST019,QAR,PRK.1079,Smoked Salmon Sandwich,35,910,819,26
09/01/2022,GRA,ST019,QAR,PRK.1083,Chkn Soup,19,836,752.400000000001,44
09/01/2022,GRA,ST019,QAR,PRK.1087,Lentil Soup,20,1780,1602,89
09/01/2022,GRA,ST019,QAR,PRK.1089,Vegetable soup,16,576,518.4,36
09/01/2022,GRA,ST019,QAR,PRK.1113,Chkn Katsu Curry,45,2835,2551.5,63
09/01/2022,GRA,ST019,QAR,PRK.1115,Mushroom Pasta,40,2800,2520,70
09/01/2022,GRA,ST019,QAR,PRK.1118,Steak With Mushroom Sauce,45,6075,5467.5,135
09/01/2022,GRA,ST019,QAR,PRK.1119,Chicken Biryani,45,4545,4090.5,101
09/01/2022,GRA,ST019,QAR,PRK.1121,Chinese Sesame Chicken,40,4920,4428,123
09/01/2022,GRA,ST019,QAR,PRK.1127,Rock Shrimp,45,3015,2713.5,67
09/01/2022,GRA,ST019,QAR,PRK.1133,Lamb  Kabsa,45,4275,3847.5,95
09/01/2022,GRA,ST019,QAR,PRK.1140,Chicken Curry & Saffron r,43,3225,2902.5,75
09/01/2022,GRA,ST019,QAR,PRK.1141,CRAB BOWL,28,616,554.4,22
09/01/2022,GRA,ST019,QAR,PRK.1145,Yoghurt & Cucumber dip,12,324,291.6,27
09/01/2022,GRA,ST019,QAR,PRK.1146,Spicy Guacamole Pot,13,156,140.4,12
09/01/2022,GRA,ST019,QAR,PRK.1149,Edamame Pot,12,156,140.4,13
09/01/2022,GRA,ST019,QAR,PRK.1155,Classic hummus pot,18,144,129.6,8
09/01/2022,GRA,ST019,QAR,PRK.1159,Greek Tabbouleh,20,600,540,30
09/01/2022,GRA,ST019,QAR,PRK.1160,Egg pot,16,896,806.399999999999,56
09/01/2022,GRA,ST019,QAR,PRK.1161,Labneh Beetroot,12,84,75.6,7
09/01/2022,GRA,ST019,QAR,PRK.1173,Choco Chia Energy Ball,30,540,486,18
09/01/2022,GRA,ST019,QAR,PRK.1175,Pecan Bars,14,280,252,20
09/01/2022,GRA,ST019,QAR,PRK.1177,Carrot Cake,15,585,526.5,39
09/01/2022,GRA,ST019,QAR,PRK.1178,Sweet Potatoe Choco Cake,15,120,108,8
09/01/2022,GRA,ST019,QAR,PRK.1180,Tropical Fruits,18,324,291.6,18
09/01/2022,GRA,ST019,QAR,PRK.1181,Green Apple,2,52,46.8,26
09/01/2022,GRA,ST019,QAR,PRK.1182,Red Apple,2,68,61.4,34
09/01/2022,GRA,ST019,QAR,PRK.1183,Bannana,2,422,380.000000000001,211
09/01/2022,GRA,ST019,QAR,PRK.1184,Watermelon,18,1386,1247.4,77
09/01/2022,GRA,ST019,QAR,PRK.1185,Pineapplemix,18,1458,1312.2,81
09/01/2022,GRA,ST019,QAR,PRK.1186,Mixed Berries,22,1694,1524.6,77
09/01/2022,GRA,ST019,QAR,PRK.1194,Lotus Cheesecake,15,465,418.5,31
09/01/2022,GRA,ST019,QAR,PRK.1196,Chia Blueberry Yodurt,24,768,691.2,32
09/01/2022,GRA,ST019,QAR,PRK.1201,Iced Flat White,18,270,243,15
09/01/2022,GRA,ST019,QAR,PRK.1203,Iced Spanish Latte,20,180,162,9
09/01/2022,GRA,ST019,QAR,PRK.1204,Iced Latte,18,378,340.2,21
09/01/2022,GRA,ST019,QAR,PRK.1205,Iced Americano,15,480,432,32
09/01/2022,GRA,ST019,QAR,PRK.1234,Pepperoni Pizza small,40,80,72,2
09/01/2022,GRA,ST019,QAR,PRK.1235,Margherita Pizza small,30,90,81,3
09/01/2022,GRA,ST019,QAR,PRK.1236,BBQ chicken Pizza small,35,70,63,2
09/01/2022,GRA,ST019,QAR,PRK.1262,Highland Still,5,210,189,42
09/01/2022,GRA,ST019,QAR,PRK.1265,Perrier Sparkling,9,936,842.400000000001,104
09/01/2022,GRA,ST019,QAR,PRK.1291,Coke,5,340,306,68
09/01/2022,GRA,ST019,QAR,PRK.1292,Diet Coke,5,1000,900,200
09/01/2022,GRA,ST019,QAR,PRK.1351,Espresso Single,12,444,399.6,37
09/01/2022,GRA,ST019,QAR,PRK.1352,Macchiato,18,900,810,50
09/01/2022,GRA,ST019,QAR,PRK.1353,Americano Hot,15,5850,5265,390
09/01/2022,GRA,ST019,QAR,PRK.1354,Flat White Hot,18,6750,6074.99999999996,375
09/01/2022,GRA,ST019,QAR,PRK.1355,Cappucino,18,4518,4066.19999999998,251
09/01/2022,GRA,ST019,QAR,PRK.1356,Cortado,18,3204,2883.6,178
09/01/2022,GRA,ST019,QAR,PRK.1358,Spanish Latte,20,1760,1584,88
09/01/2022,GRA,ST019,QAR,PRK.1359,Classic Mocha,25,300,270,12
09/01/2022,GRA,ST019,QAR,PRK.1360,Slated Caramel Mocha,25,600,540,24
09/01/2022,GRA,ST019,QAR,PRK.1362,Double Espresso,14,1764,1587.6,126
09/01/2022,GRA,ST019,QAR,PRK.1363,Latte Hot,18,4374,3936.59999999999,243
09/01/2022,GRA,ST019,QAR,PRK.1364,English B/F,12,276,248.4,23
09/01/2022,GRA,ST019,QAR,PRK.1365,Green Tea,12,144,129.6,12
09/01/2022,GRA,ST019,QAR,PRK.1366,Earl Grey,12,72,64.8,6
09/01/2022,GRA,ST019,QAR,PRK.1367,Pepper Mint,12,144,129.6,12
09/01/2022,GRA,ST019,QAR,PRK.1368,Lemon Grass/ Ginger,12,48,43.2,4
09/01/2022,GRA,ST019,QAR,PRK.1369,Jasmine,12,24,21.6,2
09/01/2022,GRA,ST019,QAR,PRK.1372,Hot Cocoa,24,192,172.8,8
09/01/2022,GRA,ST019,QAR,PRK.1373,Hibiscus Iced tea,18,792,712.8,44
09/01/2022,GRA,ST019,QAR,PRK.1374,Peach Iced Tea,18,612,550.8,34
09/01/2022,GRA,ST019,QAR,PRK.1375,Matcha Latte,25,100,90,4
09/01/2022,GRA,ST019,QAR,PRK.1376,Cinnamon Latte,25,150,135,6
09/01/2022,GRA,ST019,QAR,PRK.1377,Fresh Milk,10,10,9,1
09/01/2022,GRA,ST019,QAR,PRK.1383,Watermelon & Coconut cool,20,240,216,12
09/01/2022,GRA,ST019,QAR,PRK.1386,Orange Juice,22,6116,5508.80000000003,278
09/01/2022,GRA,ST019,QAR,PRK.1387,Carrot Juice,22,2222,1999.8,101
09/01/2022,GRA,ST019,QAR,PRK.1390,Morning Boost,24,2064,1857.6,86
09/01/2022,GRA,ST019,QAR,PRK.1392,Immune Boost,22,1474,1326.6,67
09/01/2022,GRA,ST019,QAR,PRK.1396,Ginger Aid Shot,18,4050,3644.99999999999,225
09/01/2022,GRA,ST019,QAR,PRK.1402,Laban Drink,18,936,842.400000000001,52
09/01/2022,GRA,ST019,QAR,PRK.1404,Green Boost Juice,24,1488,1339.2,62
09/01/2022,GRA,ST019,QAR,PRK.1406,Beetroot & Apple Juice,20,1460,1314,73
09/01/2022,GRA,ST019,QAR,PRK.1407,Coconut & Pineapple Juice,24,312,280.8,13
09/01/2022,GRA,ST019,QAR,PRK.1409,Turmeric wellness shot,16,1664,1497.6,104
09/01/2022,GRA,ST019,QAR,PRK.1412, Mini Cup Yogurt,14,126,113.4,9
09/01/2022,GRA,ST019,QAR,PRK.1413,Regular Cup Yogurt,21,84,75.6,4
09/01/2022,GRA,ST019,QAR,PRK.1418, Mini Cup Yogurt/Topping,18,216,194.4,12
09/01/2022,GRA,ST019,QAR,PRK.1419,Reg Cup Yogurt/Toping,26,156,140.4,6
09/01/2022,GRA,ST019,QAR,PRK.1422,Large Cup Yogurt/Topping,30,30,27,1
09/01/2022,GRA,ST019,QAR,PRK.1429,Mini Mango Ice Cream,14,280,252,20
09/01/2022,GRA,ST019,QAR,PRK.1430,Regular Mango Ice Cream,21,273,245.7,13
09/01/2022,GRA,ST019,QAR,PRK.1432,Mini Mango Ice Cream/Topp,18,270,243,15
09/01/2022,GRA,ST019,QAR,PRK.1433,Reg Mango Ice cream/Topp,26,182,163.8,7
09/01/2022,GRA,ST019,QAR,PRK.1435,Mini Cup Milky Ice Cream,14,210,189,15
09/01/2022,GRA,ST019,QAR,PRK.1436,Reg Cup Milky Ice Cream,21,84,75.6,4
09/01/2022,GRA,ST019,QAR,PRK.1437,Lrge Cup Milky Ice Cream,23,23,20.7,1
09/01/2022,GRA,ST019,QAR,PRK.1438,Mini Cup Milky Ice C/Top,18,72,64.8,4
09/01/2022,GRA,ST019,QAR,PRK.1439,Reg Cup Milky Ice Cre/Top,26,52,46.8,2
09/01/2022,GRA,ST019,QAR,PRK.1472,CHICKEN CURRY & RICE,48,1728,1555.2,36
09/01/2022,GRA,ST019,QAR,PRK.1473,BEEF STROGANOFF,50,2350,2115,47
09/01/2022,GRA,ST019,QAR,PRK.1474,Spaghetti Bolognese,45,1755,1579.5,39
09/01/2022,GRA,ST019,QAR,PRK.1475,Salmon with Cilantro Rice,65,7020,6318,108
09/01/2022,GRA,ST019,QAR,PRK.1476,Chicken Noodle Bowl,40,1840,1656,46
09/01/2022,GRA,ST019,QAR,PRK.1501,pomegranate,3,6,5.4,2
09/01/2022,GRA,ST019,QAR,PRK.1502,Strawberry,3,18,16.2,6
09/01/2022,GRA,ST019,QAR,PRK.1505,Salted Caramel,3,3,2.7,1
09/01/2022,GRA,ST019,QAR,PRK.1508,Granola,3,15,13.5,5
09/01/2022,GRA,ST019,QAR,PRK.1509,Coconut Flakes,3,6,5.4,2
09/01/2022,GRA,ST019,QAR,PRK.1514,Dulce de Leche,3,15,13.5,5
09/01/2022,GRA,ST019,QAR,PRK.1523,Peanut Butter Sauce,3,12,10.8,4
09/01/2022,GRA,ST019,QAR,PRK.1527,Mango,3,3,2.7,1
09/01/2022,GRA,ST019,QAR,PRK.1531,Power Shake,35,140,126,4
09/01/2022,GRA,ST019,QAR,PRK.1532,Peanut Power Shake,35,70,63,2
09/01/2022,GRA,ST019,QAR,PRK.1533,Pre-workout protein shak,45,90,81,2
09/01/2022,GRA,ST019,QAR,PRK.1536,Energizer protine Shakes,45,90,81,2
09/01/2022,GRA,ST019,QAR,PRK.1540,Energizer shakes,35,70,63,2
09/01/2022,GRA,ST019,QAR,PRK.1542,14oz Pre-work out Protein,40,80,72,2
09/01/2022,GRA,ST019,QAR,PRK.1545,14oz Energizer protine,40,320,288,8
09/01/2022,GRA,ST019,QAR,PRK.1550,Extra Protein,10,20,18,2
09/01/2022,GRA,ST019,QAR,PRK.1581,Mini coconut frz yog I/C,14,14,12.6,1
09/01/2022,GRA,ST019,QAR,PRK.1582,Regular coconut frz yog I,21,84,75.6,4
09/01/2022,GRA,ST019,QAR,PRK.1584,Mini coconut frz yog top,18,54,48.6,3
09/01/2022,GRA,ST019,QAR,PRK.1585,Reg- coconut frz yog Topp,26,78,70.2,3
09/01/2022,GRA,ST019,QAR,PRK.1587,Supersize,45,45,40.5,1
09/01/2022,GRA,ST019,QAR,PRK.1588,Acai Small,35,2240,2016,64
09/01/2022,GRA,ST019,QAR,PRK.1589,Acai Large,40,640,576,16
09/01/2022,GRA,ST019,QAR,PRK.1621,Orange loaf,12,1200,1080,100
09/01/2022,GRA,ST019,QAR,PRK.1623,Brownie flavour cookies,10,2240,2016,224
09/01/2022,GRA,ST019,QAR,PRK.1626,Cinnamon Roll,13,598,538.2,46
09/01/2022,GRA,ST019,QAR,PRK.1627,Custard Raisin Roll,14,168,151.2,12
09/01/2022,GRA,ST019,QAR,PRK.1628,Brownie bites,13,390,351,30
09/01/2022,GRA,ST019,QAR,PRK.1632,Turkey cheese roll,19,551,495.9,29
09/01/2022,GRA,ST019,QAR,PRK.1633,Spinach feta roll,18,756,680.4,42
09/01/2022,GRA,ST019,QAR,PRK.1651,■PB & Jam sourdough bread,18,522,469.8,29
09/01/2022,GRA,ST019,QAR,PRK.1652,■Italian Poached Eggs,32,384,345.6,12
09/01/2022,GRA,ST019,QAR,PRK.1655,Graze Oatmeal,30,7470,6723,249
09/01/2022,GRA,ST019,QAR,PRK.1681,Salted Caramel Mocha,24,24,21.6,1
09/01/2022,GRA,ST019,QAR,PRK.1682,■Matcha Frappe,26,702,631.8,27
09/01/2022,GRA,ST019,QAR,PRK.1711,Pomegranate Pot,18,378,340.2,21
09/01/2022,GRA,ST019,QAR,PRK.1712,Mango Peach Muesli Pot,24,744,669.6,31
09/01/2022,GRA,ST019,QAR,PRK.1713,Overnight oats PB&Jam,25,2125,1912.5,85
09/01/2022,GRA,ST019,QAR,PRK.1741,Spicy Tuna sandwich,26,2080,1874.6,80
09/01/2022,GRA,ST019,QAR,PRK.1742,Three cheese,22,2200,1980,100
09/01/2022,GRA,ST019,QAR,PRK.1743,Falafel and Labna,25,1025,922.5,41
09/01/2022,GRA,ST019,QAR,PRK.1746,GRAZE CLUB SANDWICH,42,1848,1663.2,44
09/01/2022,GRA,ST019,QAR,PRK.1747,BEEF BURGER,35,490,441,14
09/01/2022,GRA,ST019,QAR,PRK.1748,Chicken Shawarma,18,4230,3806.99999999999,235
09/01/2022,GRA,ST019,QAR,PRK.1749,Tenderloin Beef Shawarma,22,2178,1960.2,99
09/01/2022,GRA,ST019,QAR,PRK.1771,Pistachio Arabeshi,5,140,126,28
09/01/2022,GRA,ST019,QAR,PRK.1772,Fresh Raspberry,5,85,76.5,17
09/01/2022,GRA,ST019,QAR,PRK.1773,Fresh blueberry,5,90,81,18
09/01/2022,GRA,ST019,QAR,PRK.1774,Chocolate Flakes,5,15,13.5,3
09/01/2022,GRA,ST019,QAR,PRK.1775,Honey Comb,5,85,76.5,17
09/01/2022,GRA,ST019,QAR,PRK.4501,Full Fat Milk,0,0,0,1
09/01/2022,GRA,ST019,QAR,PRK.4502,Low Fat Milk,0,0,0,163
09/01/2022,GRA,ST019,QAR,PRK.4503,Almond Milk,2,218,196.2,109
09/01/2022,GRA,ST019,QAR,PRK.4504,Soya Milk,2,56,50.4,28
09/01/2022,GRA,ST019,QAR,PRK.4505,Less Sweet,0,0,0,6
09/01/2022,GRA,ST019,QAR,PRK.4508,Single Shot,0,0,0,10
09/01/2022,GRA,ST019,QAR,PRK.4509,Double Shot,0,0,0,39
09/01/2022,GRA,ST019,QAR,PRK.4516,Decaf,0,0,0,39
09/01/2022,GRA,ST019,QAR,PRK.4517,Vanilla Flavor,0,0,0,30
09/01/2022,GRA,ST019,QAR,PRK.4519,caramel flavor,0,0,0,11
09/01/2022,GRA,ST019,QAR,PRK.4520,hazelnut flavor,0,0,0,5
09/01/2022,GRA,ST019,QAR,PRK.4531,w/ Granola,0,0,0,14
09/01/2022,GRA,ST019,QAR,PRK.4533,w/ Pretzel,0,0,0,3
09/01/2022,GRA,ST019,QAR,PRK.4534,w/ Coconut Flakes,0,0,0,5
09/01/2022,GRA,ST019,QAR,PRK.4535,w/ Crispy Crepe,0,0,0,6
09/01/2022,GRA,ST019,QAR,PRK.4537,w/ Mixed Berries Sauce,0,0,0,2
09/01/2022,GRA,ST019,QAR,PRK.4541,w/ Strawberry,0,0,0,1
09/01/2022,GRA,ST019,QAR,PRK.4544,w/ Pomegranate,0,0,0,13
09/01/2022,GRA,ST019,QAR,PRK.4549,w/ Mango Sauce,0,0,0,2
09/01/2022,GRA,ST019,QAR,PRK.4550,w/ Mango,0,0,0,11
09/01/2022,GRA,ST019,QAR,PRK.4552,w/ Crushed Grahams,0,0,0,3
09/01/2022,GRA,ST019,QAR,PRK.4558,w/Fresh Pineapple,0,0,0,1
09/01/2022,GRA,ST019,QAR,PRK.4562,MIXED MANGO YOGURT,0,0,0,3
