DATE,BRANCHCODE,WAREHOUSECODE,CURRENCY,ERPCODE,ITEMNAME,RAWPRICE,GROSSAMT,NETVALUE,QTYSOLD
07/01/2022,GRA,ST019,QAR,PRK.902,Granola,55,55,49.5,1
07/01/2022,GRA,ST019,QAR,PRK.903,Graze Spicy  Mix,55,55,49.5,1
07/01/2022,GRA,ST019,QAR,PRK.904,Graze House Mix,55,55,49.5,1
07/01/2022,GRA,ST019,QAR,PRK.907,Zaatar Chips,6,48,43.2,8
07/01/2022,GRA,ST019,QAR,PRK.909,Spicy Pesto Chips,6,54,48.6,9
07/01/2022,GRA,ST019,QAR,PRK.910,Graze Spicy Mix Sml,25,125,112.5,5
07/01/2022,GRA,ST019,QAR,PRK.911,Graze House Mix Sml,25,200,180,8
07/01/2022,GRA,ST019,QAR,PRK.961,Extra cheese,5,5,4.5,1
07/01/2022,GRA,ST019,QAR,PRK.962,Extra flavor,3,69,62.1,23
07/01/2022,GRA,ST019,QAR,PRK.994,Crsnt w Egg/Avaca/ SunTom,24,2256,2030.4,94
07/01/2022,GRA,ST019,QAR,PRK.995,Egg Burrito,20,740,666,37
07/01/2022,GRA,ST019,QAR,PRK.996,Blueberry Granola parfait,25,2050,1845,82
07/01/2022,GRA,ST019,QAR,PRK.997,Yog Dates Chia Pista Alm,22,1518,1366.2,69
07/01/2022,GRA,ST019,QAR,PRK.1003,Cheese Croissant,16,80,72,5
07/01/2022,GRA,ST019,QAR,PRK.1007,Zatar Croissant,16,336,302.4,21
07/01/2022,GRA,ST019,QAR,PRK.1008,Chocolate Croissant,16,128,115.2,8
07/01/2022,GRA,ST019,QAR,PRK.1010,Tomato Puff Pastry,16,432,388.8,27
07/01/2022,GRA,ST019,QAR,PRK.1012,Three Berry Yogurt & Date,25,450,405,18
07/01/2022,GRA,ST019,QAR,PRK.1015,Kiri Cheese Danish,14,406,365.4,29
07/01/2022,GRA,ST019,QAR,PRK.1016,Plain Croissant,10,280,252,28
07/01/2022,GRA,ST019,QAR,PRK.1020,Almond Croissant,16,48,43.2,3
07/01/2022,GRA,ST019,QAR,PRK.1021,Shirazi Salad,12,336,302.4,28
07/01/2022,GRA,ST019,QAR,PRK.1023,Falafel Salad,35,770,693,22
07/01/2022,GRA,ST019,QAR,PRK.1024,Quinoa Swt potato Salad,40,640,576,16
07/01/2022,GRA,ST019,QAR,PRK.1027,Mex Chkn Chilli Bean Sld,40,1800,1620,45
07/01/2022,GRA,ST019,QAR,PRK.1029,Burrata Salad,50,900,815,18
07/01/2022,GRA,ST019,QAR,PRK.1031,Teriyaki GRAZE Salmn,55,2915,2623.5,53
07/01/2022,GRA,ST019,QAR,PRK.1034,BBQ Chick Peas,38,608,547.2,16
07/01/2022,GRA,ST019,QAR,PRK.1039,Keto Chicken Salad,40,3240,2916,81
07/01/2022,GRA,ST019,QAR,PRK.1044,Southern Chicken Salad,45,1395,1255.5,31
07/01/2022,GRA,ST019,QAR,PRK.1048,Mexican  Caesar Salad chk,39,2886,2597.4,74
07/01/2022,GRA,ST019,QAR,PRK.1049,ROCCA SALAD,22,682,613.8,31
07/01/2022,GRA,ST019,QAR,PRK.1052,Smoke Turkey Sandwich,34,3638,3274.19999999999,107
07/01/2022,GRA,ST019,QAR,PRK.1054,lemon&Rosemary Chkn,36,4968,4471.2,138
07/01/2022,GRA,ST019,QAR,PRK.1057,Steak & Philly Chz SW,32,2016,1814.4,63
07/01/2022,GRA,ST019,QAR,PRK.1063,Egg Mayo with Rocket,20,1240,1116,62
07/01/2022,GRA,ST019,QAR,PRK.1068,Crispy Chicken Bun,24,1344,1209.6,56
07/01/2022,GRA,ST019,QAR,PRK.1070,Chicken Pesto & Mozzarell,32,1792,1612.8,56
07/01/2022,GRA,ST019,QAR,PRK.1075,Avocado Toast,40,1160,1044,29
07/01/2022,GRA,ST019,QAR,PRK.1077,Spicy Halloumi,38,1710,1539,45
07/01/2022,GRA,ST019,QAR,PRK.1078,Graze Breakfast (egg box),32,1056,950.399999999999,33
07/01/2022,GRA,ST019,QAR,PRK.1079,Smoked Salmon Sandwich,35,875,787.5,25
07/01/2022,GRA,ST019,QAR,PRK.1083,Chkn Soup,19,323,290.7,17
07/01/2022,GRA,ST019,QAR,PRK.1086,Lamb Soup,28,196,176.4,7
07/01/2022,GRA,ST019,QAR,PRK.1087,Lentil Soup,20,800,720,40
07/01/2022,GRA,ST019,QAR,PRK.1111,Penne Bolognese,50,1800,1620,36
07/01/2022,GRA,ST019,QAR,PRK.1113,Chkn Katsu Curry,45,1980,1782,44
07/01/2022,GRA,ST019,QAR,PRK.1115,Mushroom Pasta,40,1720,1548,43
07/01/2022,GRA,ST019,QAR,PRK.1118,Steak With Mushroom Sauce,45,3465,3118.5,77
07/01/2022,GRA,ST019,QAR,PRK.1119,Chicken Biryani,45,3195,2875.5,71
07/01/2022,GRA,ST019,QAR,PRK.1121,Chinese Sesame Chicken,40,2240,2016,56
07/01/2022,GRA,ST019,QAR,PRK.1127,Rock Shrimp,45,1935,1741.5,43
07/01/2022,GRA,ST019,QAR,PRK.1133,Lamb  Kabsa,45,2880,2592,64
07/01/2022,GRA,ST019,QAR,PRK.1140,Chicken Curry & Saffron r,43,1677,1509.3,39
07/01/2022,GRA,ST019,QAR,PRK.1141,CRAB BOWL,28,280,252,10
07/01/2022,GRA,ST019,QAR,PRK.1145,Yoghurt & Cucumber dip,12,336,302.4,28
07/01/2022,GRA,ST019,QAR,PRK.1146,Spicy Guacamole Pot,13,182,163.8,14
07/01/2022,GRA,ST019,QAR,PRK.1149,Edamame Pot,12,60,54,5
07/01/2022,GRA,ST019,QAR,PRK.1159,Greek Tabbouleh,20,260,234,13
07/01/2022,GRA,ST019,QAR,PRK.1160,Egg pot,16,496,446.4,31
07/01/2022,GRA,ST019,QAR,PRK.1173,Choco Chia Energy Ball,30,390,351,13
07/01/2022,GRA,ST019,QAR,PRK.1175,Pecan Bars,14,84,75.6,6
07/01/2022,GRA,ST019,QAR,PRK.1177,Carrot Cake,15,210,189,14
07/01/2022,GRA,ST019,QAR,PRK.1178,Sweet Potatoe Choco Cake,15,135,121.5,9
07/01/2022,GRA,ST019,QAR,PRK.1180,Tropical Fruits,18,306,275.4,17
07/01/2022,GRA,ST019,QAR,PRK.1181,Green Apple,2,8,7.2,4
07/01/2022,GRA,ST019,QAR,PRK.1182,Red Apple,2,32,28.8,16
07/01/2022,GRA,ST019,QAR,PRK.1183,Bannana,2,308,277.200000000001,154
07/01/2022,GRA,ST019,QAR,PRK.1184,Watermelon,18,630,568.8,35
07/01/2022,GRA,ST019,QAR,PRK.1185,Pineapplemix,18,846,761.4,47
07/01/2022,GRA,ST019,QAR,PRK.1186,Mixed Berries,22,1078,970.199999999999,49
07/01/2022,GRA,ST019,QAR,PRK.1194,Lotus Cheesecake,15,270,243,18
07/01/2022,GRA,ST019,QAR,PRK.1196,Chia Blueberry Yodurt,24,264,237.6,11
07/01/2022,GRA,ST019,QAR,PRK.1201,Iced Flat White,18,270,243,15
07/01/2022,GRA,ST019,QAR,PRK.1203,Iced Spanish Latte,20,140,126,7
07/01/2022,GRA,ST019,QAR,PRK.1204,Iced Latte,18,144,129.6,8
07/01/2022,GRA,ST019,QAR,PRK.1205,Iced Americano,15,450,405,30
07/01/2022,GRA,ST019,QAR,PRK.1234,Pepperoni Pizza small,40,80,72,2
07/01/2022,GRA,ST019,QAR,PRK.1236,BBQ chicken Pizza small,35,105,94.5,3
07/01/2022,GRA,ST019,QAR,PRK.1262,Highland Still,5,215,193.5,43
07/01/2022,GRA,ST019,QAR,PRK.1265,Perrier Sparkling,9,414,372.6,46
07/01/2022,GRA,ST019,QAR,PRK.1291,Coke,5,265,238.5,53
07/01/2022,GRA,ST019,QAR,PRK.1292,Diet Coke,5,505,454.5,101
07/01/2022,GRA,ST019,QAR,PRK.1351,Espresso Single,12,156,141.6,13
07/01/2022,GRA,ST019,QAR,PRK.1352,Macchiato,18,396,356.4,22
07/01/2022,GRA,ST019,QAR,PRK.1353,Americano Hot,15,2175,1957.5,145
07/01/2022,GRA,ST019,QAR,PRK.1354,Flat White Hot,18,2178,1960.2,121
07/01/2022,GRA,ST019,QAR,PRK.1355,Cappucino,18,2466,2219.4,137
07/01/2022,GRA,ST019,QAR,PRK.1356,Cortado,18,1350,1215,75
07/01/2022,GRA,ST019,QAR,PRK.1358,Spanish Latte,20,940,846,47
07/01/2022,GRA,ST019,QAR,PRK.1359,Classic Mocha,25,200,180,8
07/01/2022,GRA,ST019,QAR,PRK.1360,Slated Caramel Mocha,25,150,135,6
07/01/2022,GRA,ST019,QAR,PRK.1362,Double Espresso,14,980,882.000000000001,70
07/01/2022,GRA,ST019,QAR,PRK.1363,Latte Hot,18,2574,2318.4,143
07/01/2022,GRA,ST019,QAR,PRK.1364,English B/F,12,168,151.2,14
07/01/2022,GRA,ST019,QAR,PRK.1365,Green Tea,12,12,10.8,1
07/01/2022,GRA,ST019,QAR,PRK.1366,Earl Grey,12,36,32.4,3
07/01/2022,GRA,ST019,QAR,PRK.1367,Pepper Mint,12,108,97.2,9
07/01/2022,GRA,ST019,QAR,PRK.1368,Lemon Grass/ Ginger,12,12,10.8,1
07/01/2022,GRA,ST019,QAR,PRK.1369,Jasmine,12,48,43.2,4
07/01/2022,GRA,ST019,QAR,PRK.1372,Hot Cocoa,24,48,43.2,2
07/01/2022,GRA,ST019,QAR,PRK.1373,Hibiscus Iced tea,18,414,372.6,23
07/01/2022,GRA,ST019,QAR,PRK.1374,Peach Iced Tea,18,144,129.6,8
07/01/2022,GRA,ST019,QAR,PRK.1375,Matcha Latte,25,50,45,2
07/01/2022,GRA,ST019,QAR,PRK.1376,Cinnamon Latte,25,125,112.5,5
07/01/2022,GRA,ST019,QAR,PRK.1383,Watermelon & Coconut cool,20,360,324,18
07/01/2022,GRA,ST019,QAR,PRK.1386,Orange Juice,22,4818,4338.40000000002,219
07/01/2022,GRA,ST019,QAR,PRK.1387,Carrot Juice,22,1034,930.599999999999,47
07/01/2022,GRA,ST019,QAR,PRK.1390,Morning Boost,24,1008,907.200000000001,42
07/01/2022,GRA,ST019,QAR,PRK.1392,Immune Boost,22,616,554.4,28
07/01/2022,GRA,ST019,QAR,PRK.1396,Ginger Aid Shot,18,1800,1620,100
07/01/2022,GRA,ST019,QAR,PRK.1402,Laban Drink,18,468,421.2,26
07/01/2022,GRA,ST019,QAR,PRK.1404,Green Boost Juice,24,504,453.6,21
07/01/2022,GRA,ST019,QAR,PRK.1406,Beetroot & Apple Juice,20,780,702,39
07/01/2022,GRA,ST019,QAR,PRK.1407,Coconut & Pineapple Juice,24,144,129.6,6
07/01/2022,GRA,ST019,QAR,PRK.1409,Turmeric wellness shot,16,896,806.399999999999,56
07/01/2022,GRA,ST019,QAR,PRK.1412, Mini Cup Yogurt,14,70,63,5
07/01/2022,GRA,ST019,QAR,PRK.1413,Regular Cup Yogurt,21,147,132.3,7
07/01/2022,GRA,ST019,QAR,PRK.1418, Mini Cup Yogurt/Topping,18,90,81,5
07/01/2022,GRA,ST019,QAR,PRK.1419,Reg Cup Yogurt/Toping,26,26,23.4,1
07/01/2022,GRA,ST019,QAR,PRK.1429,Mini Mango Ice Cream,14,266,239.4,19
07/01/2022,GRA,ST019,QAR,PRK.1430,Regular Mango Ice Cream,21,189,170.1,9
07/01/2022,GRA,ST019,QAR,PRK.1432,Mini Mango Ice Cream/Topp,18,180,162,10
07/01/2022,GRA,ST019,QAR,PRK.1433,Reg Mango Ice cream/Topp,26,286,257.4,11
07/01/2022,GRA,ST019,QAR,PRK.1435,Mini Cup Milky Ice Cream,14,84,75.6,6
07/01/2022,GRA,ST019,QAR,PRK.1436,Reg Cup Milky Ice Cream,21,168,151.2,8
07/01/2022,GRA,ST019,QAR,PRK.1437,Lrge Cup Milky Ice Cream,23,69,62.1,3
07/01/2022,GRA,ST019,QAR,PRK.1438,Mini Cup Milky Ice C/Top,18,36,32.4,2
07/01/2022,GRA,ST019,QAR,PRK.1439,Reg Cup Milky Ice Cre/Top,26,104,93.6,4
07/01/2022,GRA,ST019,QAR,PRK.1471,NOODLES BOWL,45,1080,972,24
07/01/2022,GRA,ST019,QAR,PRK.1472,CHICKEN CURRY & RICE,48,1200,1080,25
07/01/2022,GRA,ST019,QAR,PRK.1473,BEEF STROGANOFF,50,1150,1035,23
07/01/2022,GRA,ST019,QAR,PRK.1501,pomegranate,3,6,5.4,2
07/01/2022,GRA,ST019,QAR,PRK.1502,Strawberry,3,3,2.7,1
07/01/2022,GRA,ST019,QAR,PRK.1508,Granola,3,3,2.7,1
07/01/2022,GRA,ST019,QAR,PRK.1531,Power Shake,35,105,94.5,3
07/01/2022,GRA,ST019,QAR,PRK.1536,Energizer protine Shakes,45,180,162,4
07/01/2022,GRA,ST019,QAR,PRK.1540,Energizer shakes,35,70,63,2
07/01/2022,GRA,ST019,QAR,PRK.1545,14oz Energizer protine,40,200,180,5
07/01/2022,GRA,ST019,QAR,PRK.1561,Mini Pomegranate i/c,14,56,50.4,4
07/01/2022,GRA,ST019,QAR,PRK.1562,Regular Pomegranate i/c,21,21,18.9,1
07/01/2022,GRA,ST019,QAR,PRK.1564,Mini pomegranate /topping,18,18,16.2,1
07/01/2022,GRA,ST019,QAR,PRK.1565,Regular Pomegrante /topp,26,26,23.4,1
07/01/2022,GRA,ST019,QAR,PRK.1621,Orange loaf,12,540,486,45
07/01/2022,GRA,ST019,QAR,PRK.1623,Brownie flavour cookies,10,890,801,89
07/01/2022,GRA,ST019,QAR,PRK.1626,Cinnamon Roll,13,208,188.5,16
07/01/2022,GRA,ST019,QAR,PRK.1627,Custard Raisin Roll,14,112,100.8,8
07/01/2022,GRA,ST019,QAR,PRK.1628,Brownie bites,13,234,210.6,18
07/01/2022,GRA,ST019,QAR,PRK.1632,Turkey cheese roll,19,190,171,10
07/01/2022,GRA,ST019,QAR,PRK.1633,Spinach feta roll,18,198,178.2,11
07/01/2022,GRA,ST019,QAR,PRK.1651,■PB & Jam sourdough bread,18,360,324,20
07/01/2022,GRA,ST019,QAR,PRK.1652,■Italian Poached Eggs,32,256,230.4,8
07/01/2022,GRA,ST019,QAR,PRK.1655,Graze Oatmeal,30,4770,4293,159
07/01/2022,GRA,ST019,QAR,PRK.1682,■Matcha Frappe,26,312,280.8,12
07/01/2022,GRA,ST019,QAR,PRK.1711,Pomegranate Pot,18,414,372.6,23
07/01/2022,GRA,ST019,QAR,PRK.1712,Mango Peach Muesli Pot,24,504,453.6,21
07/01/2022,GRA,ST019,QAR,PRK.1713,Overnight oats PB&Jam,25,825,742.5,33
07/01/2022,GRA,ST019,QAR,PRK.1741,Spicy Tuna sandwich,26,1378,1240.2,53
07/01/2022,GRA,ST019,QAR,PRK.1742,Three cheese,22,1276,1148.4,58
07/01/2022,GRA,ST019,QAR,PRK.1743,Falafel and Labna,25,825,742.5,33
07/01/2022,GRA,ST019,QAR,PRK.1746,GRAZE CLUB SANDWICH,42,1806,1625.4,43
07/01/2022,GRA,ST019,QAR,PRK.1747,BEEF BURGER,35,700,630,20
07/01/2022,GRA,ST019,QAR,PRK.1771,Pistachio Arabeshi,5,120,108,24
07/01/2022,GRA,ST019,QAR,PRK.1772,Fresh Raspberry,5,10,9,2
07/01/2022,GRA,ST019,QAR,PRK.1773,Fresh blueberry,5,30,27,6
07/01/2022,GRA,ST019,QAR,PRK.1775,Honey Comb,5,10,9,2
07/01/2022,GRA,ST019,QAR,PRK.4501,Full Fat Milk,0,0,0,2
07/01/2022,GRA,ST019,QAR,PRK.4502,Low Fat Milk,0,0,0,64
07/01/2022,GRA,ST019,QAR,PRK.4503,Almond Milk,2,120,108,60
07/01/2022,GRA,ST019,QAR,PRK.4504,Soya Milk,2,30,27,15
07/01/2022,GRA,ST019,QAR,PRK.4505,Less Sweet,0,0,0,1
07/01/2022,GRA,ST019,QAR,PRK.4508,Single Shot,0,0,0,6
07/01/2022,GRA,ST019,QAR,PRK.4509,Double Shot,0,0,0,14
07/01/2022,GRA,ST019,QAR,PRK.4511,More Hot,0,0,0,2
07/01/2022,GRA,ST019,QAR,PRK.4516,Decaf,0,0,0,24
07/01/2022,GRA,ST019,QAR,PRK.4517,Vanilla Flavor,0,0,0,8
07/01/2022,GRA,ST019,QAR,PRK.4519,caramel flavor,0,0,0,3
07/01/2022,GRA,ST019,QAR,PRK.4531,w/ Granola,0,0,0,2
07/01/2022,GRA,ST019,QAR,PRK.4534,w/ Coconut Flakes,0,0,0,1
07/01/2022,GRA,ST019,QAR,PRK.4535,w/ Crispy Crepe,0,0,0,2
07/01/2022,GRA,ST019,QAR,PRK.4537,w/ Mixed Berries Sauce,0,0,0,3
07/01/2022,GRA,ST019,QAR,PRK.4541,w/ Strawberry,0,0,0,7
07/01/2022,GRA,ST019,QAR,PRK.4543,w/ Salted Caramel,0,0,0,1
07/01/2022,GRA,ST019,QAR,PRK.4544,w/ Pomegranate,0,0,0,5
07/01/2022,GRA,ST019,QAR,PRK.4545,w/ Dulce de leche,0,0,0,2
07/01/2022,GRA,ST019,QAR,PRK.4550,w/ Mango,0,0,0,17
07/01/2022,GRA,ST019,QAR,PRK.4558,w/Fresh Pineapple,0,0,0,2
07/01/2022,GRA,ST019,QAR,PRK.4561,MIXED FROZEN YOGURT,0,0,0,3
07/01/2022,GRA,ST019,QAR,PRK.4562,MIXED MANGO YOGURT,0,0,0,6
07/01/2022,GRA,ST019,QAR,PRK.4564,MIXED MILKY ICE CREAM,0,0,0,3
