DATE,BRANCHCODE,WAREHOUSECODE,CURRENCY,ERPCODE,ITEMNAME,RAWPRICE,GROSSAMT,NETVALUE,QTYSOLD
10/01/2022,GRA,ST019,QAR,PRK.902,Granola,55,495,445.5,9
10/01/2022,GRA,ST019,QAR,PRK.903,Graze Spicy  Mix,55,110,99,2
10/01/2022,GRA,ST019,QAR,PRK.904,Graze House Mix,55,385,346.5,7
10/01/2022,GRA,ST019,QAR,PRK.907,Zaatar Chips,6,132,118.8,22
10/01/2022,GRA,ST019,QAR,PRK.909,Spicy Pesto Chips,6,180,162,30
10/01/2022,GRA,ST019,QAR,PRK.910,Graze Spicy Mix Sml,25,325,292.5,13
10/01/2022,GRA,ST019,QAR,PRK.911,Graze House Mix Sml,25,425,382.5,17
10/01/2022,GRA,ST019,QAR,PRK.961,Extra cheese,5,10,9,2
10/01/2022,GRA,ST019,QAR,PRK.962,Extra flavor,3,126,113.4,42
10/01/2022,GRA,ST019,QAR,PRK.994,Crsnt w Egg/Avaca/ SunTom,24,5232,4708.8,218
10/01/2022,GRA,ST019,QAR,PRK.995,Egg Burrito,20,2360,2124,118
10/01/2022,GRA,ST019,QAR,PRK.996,Blueberry Granola parfait,25,3025,2722.5,121
10/01/2022,GRA,ST019,QAR,PRK.997,Yog Dates Chia Pista Alm,22,2508,2257.2,114
10/01/2022,GRA,ST019,QAR,PRK.1003,Cheese Croissant,16,112,100.8,7
10/01/2022,GRA,ST019,QAR,PRK.1007,Zatar Croissant,16,576,518.4,36
10/01/2022,GRA,ST019,QAR,PRK.1008,Chocolate Croissant,16,192,172.8,12
10/01/2022,GRA,ST019,QAR,PRK.1010,Tomato Puff Pastry,16,720,647.999999999999,45
10/01/2022,GRA,ST019,QAR,PRK.1012,Three Berry Yogurt & Date,25,1125,1012.5,45
10/01/2022,GRA,ST019,QAR,PRK.1015,Kiri Cheese Danish,14,882,793.800000000001,63
10/01/2022,GRA,ST019,QAR,PRK.1016,Plain Croissant,10,390,351,39
10/01/2022,GRA,ST019,QAR,PRK.1020,Almond Croissant,16,240,216,15
10/01/2022,GRA,ST019,QAR,PRK.1021,Shirazi Salad,12,624,561.6,52
10/01/2022,GRA,ST019,QAR,PRK.1023,Falafel Salad,45,4905,4414.5,109
10/01/2022,GRA,ST019,QAR,PRK.1024,Quinoa Swt potato Salad,40,1960,1764,49
10/01/2022,GRA,ST019,QAR,PRK.1027,Mex Chkn Chilli Bean Sld,40,3440,3096,86
10/01/2022,GRA,ST019,QAR,PRK.1029,Burrata Salad,50,1400,1260,28
10/01/2022,GRA,ST019,QAR,PRK.1031,Teriyaki GRAZE Salmn,55,7040,6336,128
10/01/2022,GRA,ST019,QAR,PRK.1034,BBQ Chick Peas,38,38,34.2,1
10/01/2022,GRA,ST019,QAR,PRK.1039,Keto Chicken Salad,40,4520,4068,113
10/01/2022,GRA,ST019,QAR,PRK.1044,Southern Chicken Salad,45,135,121.5,3
10/01/2022,GRA,ST019,QAR,PRK.1046,Greek Salad,30,1470,1323,49
10/01/2022,GRA,ST019,QAR,PRK.1048,Mexican  Caesar Salad chk,39,4758,4282.19999999999,122
10/01/2022,GRA,ST019,QAR,PRK.1049,ROCCA SALAD,22,814,732.6,37
10/01/2022,GRA,ST019,QAR,PRK.1052,Smoke Turkey Sandwich,34,6086,5477.40000000001,179
10/01/2022,GRA,ST019,QAR,PRK.1054,lemon&Rosemary Chkn,36,8676,7811.99999999997,241
10/01/2022,GRA,ST019,QAR,PRK.1057,Steak & Philly Chz SW,32,3200,2880,100
10/01/2022,GRA,ST019,QAR,PRK.1063,Egg Mayo with Rocket,20,1180,1062,59
10/01/2022,GRA,ST019,QAR,PRK.1068,Crispy Chicken Bun,24,1680,1512,70
10/01/2022,GRA,ST019,QAR,PRK.1070,Chicken Pesto & Mozzarell,32,2112,1900.8,66
10/01/2022,GRA,ST019,QAR,PRK.1075,Avocado Toast,40,1440,1296,36
10/01/2022,GRA,ST019,QAR,PRK.1077,Spicy Halloumi,38,3496,3146.4,92
10/01/2022,GRA,ST019,QAR,PRK.1078,Graze Breakfast (egg box),32,2336,2102.4,73
10/01/2022,GRA,ST019,QAR,PRK.1083,Chkn Soup,19,1311,1179.9,69
10/01/2022,GRA,ST019,QAR,PRK.1087,Lentil Soup,20,1720,1548,86
10/01/2022,GRA,ST019,QAR,PRK.1089,Vegetable soup,16,576,518.4,36
10/01/2022,GRA,ST019,QAR,PRK.1113,Chkn Katsu Curry,45,3465,3118.5,77
10/01/2022,GRA,ST019,QAR,PRK.1115,Mushroom Pasta,40,2480,2232,62
10/01/2022,GRA,ST019,QAR,PRK.1118,Steak With Mushroom Sauce,45,5040,4536,112
10/01/2022,GRA,ST019,QAR,PRK.1119,Chicken Biryani,45,6615,5953.5,147
10/01/2022,GRA,ST019,QAR,PRK.1121,Chinese Sesame Chicken,40,4040,3636,101
10/01/2022,GRA,ST019,QAR,PRK.1127,Rock Shrimp,45,2880,2596.5,64
10/01/2022,GRA,ST019,QAR,PRK.1133,Lamb  Kabsa,45,3645,3280.5,81
10/01/2022,GRA,ST019,QAR,PRK.1140,Chicken Curry & Saffron r,43,3397,3057.3,79
10/01/2022,GRA,ST019,QAR,PRK.1141,CRAB BOWL,28,476,428.4,17
10/01/2022,GRA,ST019,QAR,PRK.1145,Yoghurt & Cucumber dip,12,408,367.2,34
10/01/2022,GRA,ST019,QAR,PRK.1146,Spicy Guacamole Pot,13,130,117,10
10/01/2022,GRA,ST019,QAR,PRK.1149,Edamame Pot,12,192,172.8,16
10/01/2022,GRA,ST019,QAR,PRK.1155,Classic hummus pot,18,126,113.4,7
10/01/2022,GRA,ST019,QAR,PRK.1159,Greek Tabbouleh,20,740,668,37
10/01/2022,GRA,ST019,QAR,PRK.1160,Egg pot,16,896,806.399999999999,56
10/01/2022,GRA,ST019,QAR,PRK.1161,Labneh Beetroot,12,84,75.6,7
10/01/2022,GRA,ST019,QAR,PRK.1173,Choco Chia Energy Ball,30,360,324,12
10/01/2022,GRA,ST019,QAR,PRK.1175,Pecan Bars,14,490,441,35
10/01/2022,GRA,ST019,QAR,PRK.1177,Carrot Cake,15,435,391.5,29
10/01/2022,GRA,ST019,QAR,PRK.1178,Sweet Potatoe Choco Cake,15,300,270,20
10/01/2022,GRA,ST019,QAR,PRK.1180,Tropical Fruits,18,18,16.2,1
10/01/2022,GRA,ST019,QAR,PRK.1181,Green Apple,2,14,12.6,7
10/01/2022,GRA,ST019,QAR,PRK.1182,Red Apple,2,42,37.8,21
10/01/2022,GRA,ST019,QAR,PRK.1183,Bannana,2,474,426.600000000001,237
10/01/2022,GRA,ST019,QAR,PRK.1184,Watermelon,18,1368,1231.2,76
10/01/2022,GRA,ST019,QAR,PRK.1185,Pineapplemix,18,1728,1555.2,96
10/01/2022,GRA,ST019,QAR,PRK.1186,Mixed Berries,22,2266,2039.4,103
10/01/2022,GRA,ST019,QAR,PRK.1194,Lotus Cheesecake,15,540,486,36
10/01/2022,GRA,ST019,QAR,PRK.1196,Chia Blueberry Yodurt,24,864,777.6,36
10/01/2022,GRA,ST019,QAR,PRK.1201,Iced Flat White,18,234,210.6,13
10/01/2022,GRA,ST019,QAR,PRK.1203,Iced Spanish Latte,20,280,252,14
10/01/2022,GRA,ST019,QAR,PRK.1204,Iced Latte,18,288,259.2,16
10/01/2022,GRA,ST019,QAR,PRK.1205,Iced Americano,15,225,202.5,15
10/01/2022,GRA,ST019,QAR,PRK.1236,BBQ chicken Pizza small,35,35,31.5,1
10/01/2022,GRA,ST019,QAR,PRK.1262,Highland Still,5,380,342.5,76
10/01/2022,GRA,ST019,QAR,PRK.1265,Perrier Sparkling,9,819,737.100000000001,91
10/01/2022,GRA,ST019,QAR,PRK.1291,Coke,5,280,252,56
10/01/2022,GRA,ST019,QAR,PRK.1292,Diet Coke,5,1130,1018,226
10/01/2022,GRA,ST019,QAR,PRK.1321,Mini Cup /Pina Colada,14,70,63,5
10/01/2022,GRA,ST019,QAR,PRK.1322,Regular Cup / Pina Colada,21,63,56.7,3
10/01/2022,GRA,ST019,QAR,PRK.1323,Large cup /Pina Colada,23,46,41.4,2
10/01/2022,GRA,ST019,QAR,PRK.1324,Mini Pina Colada/Topping,18,54,48.6,3
10/01/2022,GRA,ST019,QAR,PRK.1325,Regular Pina Colada/Toppi,26,156,140.4,6
10/01/2022,GRA,ST019,QAR,PRK.1326,Large Pina Colada/Topping,30,30,27,1
10/01/2022,GRA,ST019,QAR,PRK.1351,Espresso Single,12,588,529.2,49
10/01/2022,GRA,ST019,QAR,PRK.1352,Macchiato,18,558,502.2,31
10/01/2022,GRA,ST019,QAR,PRK.1353,Americano Hot,15,6600,5940,440
10/01/2022,GRA,ST019,QAR,PRK.1354,Flat White Hot,18,8712,7840.79999999995,484
10/01/2022,GRA,ST019,QAR,PRK.1355,Cappucino,18,4608,4147.19999999998,256
10/01/2022,GRA,ST019,QAR,PRK.1356,Cortado,18,4266,3839.39999999999,237
10/01/2022,GRA,ST019,QAR,PRK.1358,Spanish Latte,20,2920,2628,146
10/01/2022,GRA,ST019,QAR,PRK.1359,Classic Mocha,25,225,202.5,9
10/01/2022,GRA,ST019,QAR,PRK.1360,Slated Caramel Mocha,25,625,562.5,25
10/01/2022,GRA,ST019,QAR,PRK.1362,Double Espresso,14,2310,2079,165
10/01/2022,GRA,ST019,QAR,PRK.1363,Latte Hot,18,6084,5475.59999999997,338
10/01/2022,GRA,ST019,QAR,PRK.1364,English B/F,12,408,367.2,34
10/01/2022,GRA,ST019,QAR,PRK.1365,Green Tea,12,96,86.4,8
10/01/2022,GRA,ST019,QAR,PRK.1366,Earl Grey,12,120,108,10
10/01/2022,GRA,ST019,QAR,PRK.1367,Pepper Mint,12,48,43.2,4
10/01/2022,GRA,ST019,QAR,PRK.1368,Lemon Grass/ Ginger,12,156,140.4,13
10/01/2022,GRA,ST019,QAR,PRK.1369,Jasmine,12,12,10.8,1
10/01/2022,GRA,ST019,QAR,PRK.1370,Habiscuss & Black Currant,12,12,10.8,1
10/01/2022,GRA,ST019,QAR,PRK.1371,Chamomile,12,12,10.8,1
10/01/2022,GRA,ST019,QAR,PRK.1372,Hot Cocoa,24,240,216,10
10/01/2022,GRA,ST019,QAR,PRK.1373,Hibiscus Iced tea,18,954,858.600000000001,53
10/01/2022,GRA,ST019,QAR,PRK.1374,Peach Iced Tea,18,666,599.4,37
10/01/2022,GRA,ST019,QAR,PRK.1375,Matcha Latte,25,475,427.5,19
10/01/2022,GRA,ST019,QAR,PRK.1376,Cinnamon Latte,25,225,202.5,9
10/01/2022,GRA,ST019,QAR,PRK.1377,Fresh Milk,10,10,9,1
10/01/2022,GRA,ST019,QAR,PRK.1383,Watermelon & Coconut cool,20,340,306,17
10/01/2022,GRA,ST019,QAR,PRK.1386,Orange Juice,22,5852,5266.80000000002,266
10/01/2022,GRA,ST019,QAR,PRK.1387,Carrot Juice,22,2486,2237.4,113
10/01/2022,GRA,ST019,QAR,PRK.1390,Morning Boost,24,2208,1987.2,92
10/01/2022,GRA,ST019,QAR,PRK.1392,Immune Boost,22,1892,1702.8,86
10/01/2022,GRA,ST019,QAR,PRK.1396,Ginger Aid Shot,18,3924,3531.59999999999,218
10/01/2022,GRA,ST019,QAR,PRK.1402,Laban Drink,18,1152,1036.8,64
10/01/2022,GRA,ST019,QAR,PRK.1404,Green Boost Juice,24,1752,1576.8,73
10/01/2022,GRA,ST019,QAR,PRK.1406,Beetroot & Apple Juice,20,1580,1422,79
10/01/2022,GRA,ST019,QAR,PRK.1407,Coconut & Pineapple Juice,24,408,367.2,17
10/01/2022,GRA,ST019,QAR,PRK.1409,Turmeric wellness shot,16,1840,1656,115
10/01/2022,GRA,ST019,QAR,PRK.1412, Mini Cup Yogurt,14,14,12.6,1
10/01/2022,GRA,ST019,QAR,PRK.1413,Regular Cup Yogurt,21,21,18.9,1
10/01/2022,GRA,ST019,QAR,PRK.1418, Mini Cup Yogurt/Topping,18,18,16.2,1
10/01/2022,GRA,ST019,QAR,PRK.1429,Mini Mango Ice Cream,14,434,390.6,31
10/01/2022,GRA,ST019,QAR,PRK.1430,Regular Mango Ice Cream,21,336,302.4,16
10/01/2022,GRA,ST019,QAR,PRK.1431,Large Mango Ice Cream,23,23,20.7,1
10/01/2022,GRA,ST019,QAR,PRK.1432,Mini Mango Ice Cream/Topp,18,288,259.2,16
10/01/2022,GRA,ST019,QAR,PRK.1433,Reg Mango Ice cream/Topp,26,78,70.2,3
10/01/2022,GRA,ST019,QAR,PRK.1469,Kiwi Fruit,3,3,2.7,1
10/01/2022,GRA,ST019,QAR,PRK.1472,CHICKEN CURRY & RICE,48,1680,1512,35
10/01/2022,GRA,ST019,QAR,PRK.1473,BEEF STROGANOFF,50,50,45,1
10/01/2022,GRA,ST019,QAR,PRK.1474,Spaghetti Bolognese,45,1665,1498.5,37
10/01/2022,GRA,ST019,QAR,PRK.1475,Salmon with Cilantro Rice,65,7475,6727.5,115
10/01/2022,GRA,ST019,QAR,PRK.1476,Chicken Noodle Bowl,40,2720,2448,68
10/01/2022,GRA,ST019,QAR,PRK.1501,pomegranate,3,18,16.2,6
10/01/2022,GRA,ST019,QAR,PRK.1502,Strawberry,3,15,13.5,5
10/01/2022,GRA,ST019,QAR,PRK.1507,Crispy Crepe,3,3,2.7,1
10/01/2022,GRA,ST019,QAR,PRK.1508,Granola,3,39,35.1,13
10/01/2022,GRA,ST019,QAR,PRK.1509,Coconut Flakes,3,27,24.3,9
10/01/2022,GRA,ST019,QAR,PRK.1510,Crushed Graham,3,3,2.7,1
10/01/2022,GRA,ST019,QAR,PRK.1514,Dulce de Leche,3,15,13.5,5
10/01/2022,GRA,ST019,QAR,PRK.1523,Peanut Butter Sauce,3,30,27,10
10/01/2022,GRA,ST019,QAR,PRK.1527,Mango,3,3,2.7,1
10/01/2022,GRA,ST019,QAR,PRK.1531,Power Shake,35,245,220.5,7
10/01/2022,GRA,ST019,QAR,PRK.1532,Peanut Power Shake,35,245,220.5,7
10/01/2022,GRA,ST019,QAR,PRK.1536,Energizer protine Shakes,45,180,162,4
10/01/2022,GRA,ST019,QAR,PRK.1540,Energizer shakes,35,35,31.5,1
10/01/2022,GRA,ST019,QAR,PRK.1545,14oz Energizer protine,40,120,108,3
10/01/2022,GRA,ST019,QAR,PRK.1548,14oz Energizer shakes,30,180,162,6
10/01/2022,GRA,ST019,QAR,PRK.1550,Extra Protein,10,30,27,3
10/01/2022,GRA,ST019,QAR,PRK.1581,Mini coconut frz yog I/C,14,196,176.4,14
10/01/2022,GRA,ST019,QAR,PRK.1582,Regular coconut frz yog I,21,63,56.7,3
10/01/2022,GRA,ST019,QAR,PRK.1583,Large coconut frz yog I/C,23,23,20.7,1
10/01/2022,GRA,ST019,QAR,PRK.1584,Mini coconut frz yog top,18,396,356.4,22
10/01/2022,GRA,ST019,QAR,PRK.1585,Reg- coconut frz yog Topp,26,312,280.8,12
10/01/2022,GRA,ST019,QAR,PRK.1586,Large coconut frz yog Top,30,90,81,3
10/01/2022,GRA,ST019,QAR,PRK.1588,Acai Small,35,3955,3559.5,113
10/01/2022,GRA,ST019,QAR,PRK.1589,Acai Large,40,1040,936,26
10/01/2022,GRA,ST019,QAR,PRK.1621,Orange loaf,12,732,658.8,61
10/01/2022,GRA,ST019,QAR,PRK.1623,Brownie flavour cookies,10,1490,1341,149
10/01/2022,GRA,ST019,QAR,PRK.1626,Cinnamon Roll,13,663,596.7,51
10/01/2022,GRA,ST019,QAR,PRK.1628,Brownie bites,13,1040,936.000000000001,80
10/01/2022,GRA,ST019,QAR,PRK.1632,Turkey cheese roll,19,475,427.5,25
10/01/2022,GRA,ST019,QAR,PRK.1633,Spinach feta roll,18,360,324,20
10/01/2022,GRA,ST019,QAR,PRK.1634,Madeleine,12,1644,1479.6,137
10/01/2022,GRA,ST019,QAR,PRK.1651,■PB & Jam sourdough bread,18,558,502.2,31
10/01/2022,GRA,ST019,QAR,PRK.1652,■Italian Poached Eggs,32,448,403.2,14
10/01/2022,GRA,ST019,QAR,PRK.1655,Graze Oatmeal,30,8400,7560,280
10/01/2022,GRA,ST019,QAR,PRK.1681,Salted Caramel Mocha,24,96,86.4,4
10/01/2022,GRA,ST019,QAR,PRK.1682,■Matcha Frappe,26,1014,912.6,39
10/01/2022,GRA,ST019,QAR,PRK.1711,Pomegranate Pot,18,594,534.6,33
10/01/2022,GRA,ST019,QAR,PRK.1712,Mango Peach Muesli Pot,24,768,691.2,32
10/01/2022,GRA,ST019,QAR,PRK.1713,Overnight oats PB&Jam,25,2000,1800,80
10/01/2022,GRA,ST019,QAR,PRK.1741,Spicy Tuna sandwich,26,2990,2691.00000000001,115
10/01/2022,GRA,ST019,QAR,PRK.1742,Three cheese,22,2684,2415.6,122
10/01/2022,GRA,ST019,QAR,PRK.1743,Falafel and Labna,25,875,787.5,35
10/01/2022,GRA,ST019,QAR,PRK.1746,GRAZE CLUB SANDWICH,42,714,642.6,17
10/01/2022,GRA,ST019,QAR,PRK.1747,BEEF BURGER,35,560,504,16
10/01/2022,GRA,ST019,QAR,PRK.1748,Chicken Shawarma,18,3420,3079.79999999999,190
10/01/2022,GRA,ST019,QAR,PRK.1749,Tenderloin Beef Shawarma,22,2112,1903,96
10/01/2022,GRA,ST019,QAR,PRK.1750,Cream Cheese Roll,9,2412,2171.69999999999,268
10/01/2022,GRA,ST019,QAR,PRK.1751,Egg Mayo Roll,9,2637,2375.09999999999,293
10/01/2022,GRA,ST019,QAR,PRK.1771,Pistachio Arabeshi,5,95,85.5,19
10/01/2022,GRA,ST019,QAR,PRK.1772,Fresh Raspberry,5,95,85.5,19
10/01/2022,GRA,ST019,QAR,PRK.1773,Fresh blueberry,5,130,117,26
10/01/2022,GRA,ST019,QAR,PRK.1774,Chocolate Flakes,5,5,4.5,1
10/01/2022,GRA,ST019,QAR,PRK.1775,Honey Comb,5,100,90,20
10/01/2022,GRA,ST019,QAR,PRK.1776,Milk powder,3,21,18.9,7
10/01/2022,GRA,ST019,QAR,PRK.4502,Low Fat Milk,0,0,0,181
10/01/2022,GRA,ST019,QAR,PRK.4503,Almond Milk,2,312,280.800000000001,156
10/01/2022,GRA,ST019,QAR,PRK.4504,Soya Milk,2,82,73.8,41
10/01/2022,GRA,ST019,QAR,PRK.4505,Less Sweet,0,0,0,4
10/01/2022,GRA,ST019,QAR,PRK.4506,More Sweet,0,0,0,4
10/01/2022,GRA,ST019,QAR,PRK.4508,Single Shot,0,0,0,4
10/01/2022,GRA,ST019,QAR,PRK.4509,Double Shot,0,0,0,41
10/01/2022,GRA,ST019,QAR,PRK.4511,More Hot,0,0,0,3
10/01/2022,GRA,ST019,QAR,PRK.4516,Decaf,0,0,0,45
10/01/2022,GRA,ST019,QAR,PRK.4517,Vanilla Flavor,0,0,0,18
10/01/2022,GRA,ST019,QAR,PRK.4519,caramel flavor,0,0,0,12
10/01/2022,GRA,ST019,QAR,PRK.4520,hazelnut flavor,0,0,0,7
10/01/2022,GRA,ST019,QAR,PRK.4531,w/ Granola,0,0,0,12
10/01/2022,GRA,ST019,QAR,PRK.4534,w/ Coconut Flakes,0,0,0,9
10/01/2022,GRA,ST019,QAR,PRK.4535,w/ Crispy Crepe,0,0,0,3
10/01/2022,GRA,ST019,QAR,PRK.4537,w/ Mixed Berries Sauce,0,0,0,4
10/01/2022,GRA,ST019,QAR,PRK.4541,w/ Strawberry,0,0,0,10
10/01/2022,GRA,ST019,QAR,PRK.4544,w/ Pomegranate,0,0,0,11
10/01/2022,GRA,ST019,QAR,PRK.4545,w/ Dulce de leche,0,0,0,1
10/01/2022,GRA,ST019,QAR,PRK.4550,w/ Mango,0,0,0,9
10/01/2022,GRA,ST019,QAR,PRK.4557,w/Lotus Biscut,0,0,0,2
10/01/2022,GRA,ST019,QAR,PRK.4558,w/Fresh Pineapple,0,0,0,4
10/01/2022,GRA,ST019,QAR,PRK.4562,MIXED MANGO YOGURT,0,0,0,4
