DATE,BRANCHCODE,WAREHOUSECODE,CURRENCY,ERPCODE,ITEMNAME,RAWPRICE,GROSSAMT,NETVALUE,QTYSOLD
11/01/2022,GRA,ST019,QAR,PRK.902,Granola,55,605,544.5,11
11/01/2022,GRA,ST019,QAR,PRK.904,Graze House Mix,55,110,99,2
11/01/2022,GRA,ST019,QAR,PRK.907,Zaatar Chips,6,96,86.4,16
11/01/2022,GRA,ST019,QAR,PRK.909,Spicy Pesto Chips,6,102,91.8,17
11/01/2022,GRA,ST019,QAR,PRK.910,Graze Spicy Mix Sml,25,225,202.5,9
11/01/2022,GRA,ST019,QAR,PRK.911,Graze House Mix Sml,25,375,337.5,15
11/01/2022,GRA,ST019,QAR,PRK.962,Extra flavor,3,123,110.7,41
11/01/2022,GRA,ST019,QAR,PRK.994,Crsnt w Egg/Avaca/ SunTom,24,6432,5788.80000000001,268
11/01/2022,GRA,ST019,QAR,PRK.995,Egg Burrito,20,2680,2412,134
11/01/2022,GRA,ST019,QAR,PRK.996,Blueberry Granola parfait,25,2200,1980,88
11/01/2022,GRA,ST019,QAR,PRK.997,Yog Dates Chia Pista Alm,22,1826,1643.4,83
11/01/2022,GRA,ST019,QAR,PRK.1003,Cheese Croissant,16,224,201.6,14
11/01/2022,GRA,ST019,QAR,PRK.1007,Zatar Croissant,16,848,763.199999999999,53
11/01/2022,GRA,ST019,QAR,PRK.1008,Chocolate Croissant,16,208,187.2,13
11/01/2022,GRA,ST019,QAR,PRK.1010,Tomato Puff Pastry,16,1056,950.399999999999,66
11/01/2022,GRA,ST019,QAR,PRK.1012,Three Berry Yogurt & Date,25,725,652.5,29
11/01/2022,GRA,ST019,QAR,PRK.1015,Kiri Cheese Danish,14,994,894.600000000001,71
11/01/2022,GRA,ST019,QAR,PRK.1016,Plain Croissant,10,430,387,43
11/01/2022,GRA,ST019,QAR,PRK.1020,Almond Croissant,16,464,417.6,29
11/01/2022,GRA,ST019,QAR,PRK.1021,Shirazi Salad,12,180,162,15
11/01/2022,GRA,ST019,QAR,PRK.1023,Falafel Salad,45,3330,2997,74
11/01/2022,GRA,ST019,QAR,PRK.1024,Quinoa Swt potato Salad,40,720,648,18
11/01/2022,GRA,ST019,QAR,PRK.1027,Mex Chkn Chilli Bean Sld,40,1320,1188,33
11/01/2022,GRA,ST019,QAR,PRK.1029,Burrata Salad,50,550,495,11
11/01/2022,GRA,ST019,QAR,PRK.1031,Teriyaki GRAZE Salmn,55,4125,3712.5,75
11/01/2022,GRA,ST019,QAR,PRK.1039,Keto Chicken Salad,40,3120,2808,78
11/01/2022,GRA,ST019,QAR,PRK.1046,Greek Salad,30,1380,1242,46
11/01/2022,GRA,ST019,QAR,PRK.1048,Mexican  Caesar Salad chk,39,2145,1930.5,55
11/01/2022,GRA,ST019,QAR,PRK.1049,ROCCA SALAD,22,704,633.6,32
11/01/2022,GRA,ST019,QAR,PRK.1052,Smoke Turkey Sandwich,34,6052,5446.80000000001,178
11/01/2022,GRA,ST019,QAR,PRK.1054,lemon&Rosemary Chkn,36,7272,6544.79999999998,202
11/01/2022,GRA,ST019,QAR,PRK.1057,Steak & Philly Chz SW,32,2208,1987.2,69
11/01/2022,GRA,ST019,QAR,PRK.1063,Egg Mayo with Rocket,20,1440,1296,72
11/01/2022,GRA,ST019,QAR,PRK.1068,Crispy Chicken Bun,24,1104,993.600000000001,46
11/01/2022,GRA,ST019,QAR,PRK.1070,Chicken Pesto & Mozzarell,32,2432,2188.8,76
11/01/2022,GRA,ST019,QAR,PRK.1075,Avocado Toast,40,1680,1512,42
11/01/2022,GRA,ST019,QAR,PRK.1077,Spicy Halloumi,38,4180,3761.99999999999,110
11/01/2022,GRA,ST019,QAR,PRK.1078,Graze Breakfast (egg box),32,2624,2361.6,82
11/01/2022,GRA,ST019,QAR,PRK.1079,Smoked Salmon Sandwich,35,35,31.5,1
11/01/2022,GRA,ST019,QAR,PRK.1083,Chkn Soup,19,874,786.600000000001,46
11/01/2022,GRA,ST019,QAR,PRK.1087,Lentil Soup,20,720,650,36
11/01/2022,GRA,ST019,QAR,PRK.1089,Vegetable soup,16,496,446.4,31
11/01/2022,GRA,ST019,QAR,PRK.1113,Chkn Katsu Curry,45,1125,1012.5,25
11/01/2022,GRA,ST019,QAR,PRK.1115,Mushroom Pasta,40,880,792,22
11/01/2022,GRA,ST019,QAR,PRK.1118,Steak With Mushroom Sauce,45,2385,2146.5,53
11/01/2022,GRA,ST019,QAR,PRK.1119,Chicken Biryani,45,2835,2556,63
11/01/2022,GRA,ST019,QAR,PRK.1121,Chinese Sesame Chicken,40,2120,1908,53
11/01/2022,GRA,ST019,QAR,PRK.1127,Rock Shrimp,45,1665,1498.5,37
11/01/2022,GRA,ST019,QAR,PRK.1133,Lamb  Kabsa,45,2340,2106,52
11/01/2022,GRA,ST019,QAR,PRK.1140,Chicken Curry & Saffron r,43,1290,1161,30
11/01/2022,GRA,ST019,QAR,PRK.1141,CRAB BOWL,28,280,252,10
11/01/2022,GRA,ST019,QAR,PRK.1145,Yoghurt & Cucumber dip,12,240,216,20
11/01/2022,GRA,ST019,QAR,PRK.1146,Spicy Guacamole Pot,13,117,105.3,9
11/01/2022,GRA,ST019,QAR,PRK.1149,Edamame Pot,12,204,183.6,17
11/01/2022,GRA,ST019,QAR,PRK.1155,Classic hummus pot,18,54,48.6,3
11/01/2022,GRA,ST019,QAR,PRK.1159,Greek Tabbouleh,20,320,288,16
11/01/2022,GRA,ST019,QAR,PRK.1160,Egg pot,16,720,647.999999999999,45
11/01/2022,GRA,ST019,QAR,PRK.1161,Labneh Beetroot,12,24,21.6,2
11/01/2022,GRA,ST019,QAR,PRK.1173,Choco Chia Energy Ball,30,510,459,17
11/01/2022,GRA,ST019,QAR,PRK.1175,Pecan Bars,14,574,516.6,41
11/01/2022,GRA,ST019,QAR,PRK.1177,Carrot Cake,15,255,229.5,17
11/01/2022,GRA,ST019,QAR,PRK.1178,Sweet Potatoe Choco Cake,15,45,40.5,3
11/01/2022,GRA,ST019,QAR,PRK.1181,Green Apple,2,12,10.8,6
11/01/2022,GRA,ST019,QAR,PRK.1182,Red Apple,2,32,28.8,16
11/01/2022,GRA,ST019,QAR,PRK.1183,Bannana,2,370,333.400000000001,185
11/01/2022,GRA,ST019,QAR,PRK.1184,Watermelon,18,1242,1117.8,69
11/01/2022,GRA,ST019,QAR,PRK.1185,Pineapplemix,18,1134,1020.6,63
11/01/2022,GRA,ST019,QAR,PRK.1186,Mixed Berries,22,1562,1405.8,71
11/01/2022,GRA,ST019,QAR,PRK.1194,Lotus Cheesecake,15,420,378,28
11/01/2022,GRA,ST019,QAR,PRK.1196,Chia Blueberry Yodurt,24,888,799.200000000001,37
11/01/2022,GRA,ST019,QAR,PRK.1201,Iced Flat White,18,36,32.4,2
11/01/2022,GRA,ST019,QAR,PRK.1203,Iced Spanish Latte,20,260,234,13
11/01/2022,GRA,ST019,QAR,PRK.1204,Iced Latte,18,306,275.4,17
11/01/2022,GRA,ST019,QAR,PRK.1205,Iced Americano,15,45,40.5,3
11/01/2022,GRA,ST019,QAR,PRK.1234,Pepperoni Pizza small,40,80,72,2
11/01/2022,GRA,ST019,QAR,PRK.1235,Margherita Pizza small,30,60,54,2
11/01/2022,GRA,ST019,QAR,PRK.1236,BBQ chicken Pizza small,35,35,31.5,1
11/01/2022,GRA,ST019,QAR,PRK.1262,Highland Still,5,185,166.5,37
11/01/2022,GRA,ST019,QAR,PRK.1265,Perrier Sparkling,9,837,753.300000000001,93
11/01/2022,GRA,ST019,QAR,PRK.1291,Coke,5,240,216,48
11/01/2022,GRA,ST019,QAR,PRK.1292,Diet Coke,5,730,657,146
11/01/2022,GRA,ST019,QAR,PRK.1351,Espresso Single,12,576,518.4,48
11/01/2022,GRA,ST019,QAR,PRK.1352,Macchiato,18,882,793.800000000001,49
11/01/2022,GRA,ST019,QAR,PRK.1353,Americano Hot,15,6210,5589,414
11/01/2022,GRA,ST019,QAR,PRK.1354,Flat White Hot,18,7020,6317.99999999996,390
11/01/2022,GRA,ST019,QAR,PRK.1355,Cappucino,18,4446,4001.39999999998,247
11/01/2022,GRA,ST019,QAR,PRK.1356,Cortado,18,4248,3823.19999999999,236
11/01/2022,GRA,ST019,QAR,PRK.1358,Spanish Latte,20,2580,2322,129
11/01/2022,GRA,ST019,QAR,PRK.1359,Classic Mocha,25,225,202.5,9
11/01/2022,GRA,ST019,QAR,PRK.1360,Slated Caramel Mocha,25,425,382.5,17
11/01/2022,GRA,ST019,QAR,PRK.1362,Double Espresso,14,1834,1650.6,131
11/01/2022,GRA,ST019,QAR,PRK.1363,Latte Hot,18,6678,6010.19999999996,371
11/01/2022,GRA,ST019,QAR,PRK.1364,English B/F,12,240,216,20
11/01/2022,GRA,ST019,QAR,PRK.1365,Green Tea,12,72,64.8,6
11/01/2022,GRA,ST019,QAR,PRK.1366,Earl Grey,12,24,21.6,2
11/01/2022,GRA,ST019,QAR,PRK.1367,Pepper Mint,12,96,86.4,8
11/01/2022,GRA,ST019,QAR,PRK.1368,Lemon Grass/ Ginger,12,108,97.2,9
11/01/2022,GRA,ST019,QAR,PRK.1369,Jasmine,12,24,21.6,2
11/01/2022,GRA,ST019,QAR,PRK.1371,Chamomile,12,36,32.4,3
11/01/2022,GRA,ST019,QAR,PRK.1372,Hot Cocoa,24,288,259.2,12
11/01/2022,GRA,ST019,QAR,PRK.1373,Hibiscus Iced tea,18,882,793.8,49
11/01/2022,GRA,ST019,QAR,PRK.1374,Peach Iced Tea,18,684,615.6,38
11/01/2022,GRA,ST019,QAR,PRK.1375,Matcha Latte,25,275,247.5,11
11/01/2022,GRA,ST019,QAR,PRK.1377,Fresh Milk,10,20,18,2
11/01/2022,GRA,ST019,QAR,PRK.1386,Orange Juice,22,4136,3722.40000000001,188
11/01/2022,GRA,ST019,QAR,PRK.1387,Carrot Juice,22,1628,1465.2,74
11/01/2022,GRA,ST019,QAR,PRK.1390,Morning Boost,24,1392,1252.8,58
11/01/2022,GRA,ST019,QAR,PRK.1392,Immune Boost,22,902,813.999999999999,41
11/01/2022,GRA,ST019,QAR,PRK.1396,Ginger Aid Shot,18,2646,2381.4,147
11/01/2022,GRA,ST019,QAR,PRK.1402,Laban Drink,18,846,761.4,47
11/01/2022,GRA,ST019,QAR,PRK.1404,Green Boost Juice,24,1464,1317.6,61
11/01/2022,GRA,ST019,QAR,PRK.1406,Beetroot & Apple Juice,20,1260,1134,63
11/01/2022,GRA,ST019,QAR,PRK.1409,Turmeric wellness shot,16,1424,1281.6,89
11/01/2022,GRA,ST019,QAR,PRK.1412, Mini Cup Yogurt,14,112,100.8,8
11/01/2022,GRA,ST019,QAR,PRK.1418, Mini Cup Yogurt/Topping,18,18,16.2,1
11/01/2022,GRA,ST019,QAR,PRK.1419,Reg Cup Yogurt/Toping,26,104,93.6,4
11/01/2022,GRA,ST019,QAR,PRK.1429,Mini Mango Ice Cream,14,168,151.2,12
11/01/2022,GRA,ST019,QAR,PRK.1430,Regular Mango Ice Cream,21,147,132.3,7
11/01/2022,GRA,ST019,QAR,PRK.1432,Mini Mango Ice Cream/Topp,18,252,226.8,14
11/01/2022,GRA,ST019,QAR,PRK.1433,Reg Mango Ice cream/Topp,26,130,117,5
11/01/2022,GRA,ST019,QAR,PRK.1472,CHICKEN CURRY & RICE,48,528,475.2,11
11/01/2022,GRA,ST019,QAR,PRK.1474,Spaghetti Bolognese,45,765,688.5,17
11/01/2022,GRA,ST019,QAR,PRK.1475,Salmon with Cilantro Rice,65,3120,2808,48
11/01/2022,GRA,ST019,QAR,PRK.1476,Chicken Noodle Bowl,40,1120,1008,28
11/01/2022,GRA,ST019,QAR,PRK.1501,pomegranate,3,33,29.7,11
11/01/2022,GRA,ST019,QAR,PRK.1502,Strawberry,3,24,21.6,8
11/01/2022,GRA,ST019,QAR,PRK.1506,Pretzel,3,3,2.7,1
11/01/2022,GRA,ST019,QAR,PRK.1507,Crispy Crepe,3,30,27,10
11/01/2022,GRA,ST019,QAR,PRK.1508,Granola,3,27,24.3,9
11/01/2022,GRA,ST019,QAR,PRK.1509,Coconut Flakes,3,24,21.6,8
11/01/2022,GRA,ST019,QAR,PRK.1514,Dulce de Leche,3,6,5.4,2
11/01/2022,GRA,ST019,QAR,PRK.1523,Peanut Butter Sauce,3,69,62.1,23
11/01/2022,GRA,ST019,QAR,PRK.1531,Power Shake,35,70,63,2
11/01/2022,GRA,ST019,QAR,PRK.1532,Peanut Power Shake,35,175,157.5,5
11/01/2022,GRA,ST019,QAR,PRK.1536,Energizer protine Shakes,45,135,121.5,3
11/01/2022,GRA,ST019,QAR,PRK.1545,14oz Energizer protine,40,80,72,2
11/01/2022,GRA,ST019,QAR,PRK.1548,14oz Energizer shakes,30,60,54,2
11/01/2022,GRA,ST019,QAR,PRK.1581,Mini coconut frz yog I/C,14,126,113.4,9
11/01/2022,GRA,ST019,QAR,PRK.1582,Regular coconut frz yog I,21,21,18.9,1
11/01/2022,GRA,ST019,QAR,PRK.1584,Mini coconut frz yog top,18,288,259.2,16
11/01/2022,GRA,ST019,QAR,PRK.1585,Reg- coconut frz yog Topp,26,52,46.8,2
11/01/2022,GRA,ST019,QAR,PRK.1586,Large coconut frz yog Top,30,30,27,1
11/01/2022,GRA,ST019,QAR,PRK.1587,Supersize,45,45,40.5,1
11/01/2022,GRA,ST019,QAR,PRK.1588,Acai Small,35,1820,1638,52
11/01/2022,GRA,ST019,QAR,PRK.1589,Acai Large,40,440,396,11
11/01/2022,GRA,ST019,QAR,PRK.1621,Orange loaf,12,924,831.599999999999,77
11/01/2022,GRA,ST019,QAR,PRK.1623,Brownie flavour cookies,10,1400,1260,140
11/01/2022,GRA,ST019,QAR,PRK.1626,Cinnamon Roll,13,598,538.2,46
11/01/2022,GRA,ST019,QAR,PRK.1628,Brownie bites,13,832,752.700000000001,64
11/01/2022,GRA,ST019,QAR,PRK.1632,Turkey cheese roll,19,513,461.7,27
11/01/2022,GRA,ST019,QAR,PRK.1633,Spinach feta roll,18,684,615.6,38
11/01/2022,GRA,ST019,QAR,PRK.1634,Madeleine,12,1764,1587.6,147
11/01/2022,GRA,ST019,QAR,PRK.1651,■PB & Jam sourdough bread,18,576,518.4,32
11/01/2022,GRA,ST019,QAR,PRK.1652,■Italian Poached Eggs,32,128,115.2,4
11/01/2022,GRA,ST019,QAR,PRK.1655,Graze Oatmeal,30,7890,7101,263
11/01/2022,GRA,ST019,QAR,PRK.1682,■Matcha Frappe,26,468,421.2,18
11/01/2022,GRA,ST019,QAR,PRK.1711,Pomegranate Pot,18,432,388.8,24
11/01/2022,GRA,ST019,QAR,PRK.1712,Mango Peach Muesli Pot,24,768,691.2,32
11/01/2022,GRA,ST019,QAR,PRK.1713,Overnight oats PB&Jam,25,1350,1215,54
11/01/2022,GRA,ST019,QAR,PRK.1741,Spicy Tuna sandwich,26,2938,2644.20000000001,113
11/01/2022,GRA,ST019,QAR,PRK.1742,Three cheese,22,2112,1900.8,96
11/01/2022,GRA,ST019,QAR,PRK.1743,Falafel and Labna,25,575,517.5,23
11/01/2022,GRA,ST019,QAR,PRK.1747,BEEF BURGER,35,490,441,14
11/01/2022,GRA,ST019,QAR,PRK.1748,Chicken Shawarma,18,2016,1814.4,112
11/01/2022,GRA,ST019,QAR,PRK.1749,Tenderloin Beef Shawarma,22,968,871.199999999999,44
11/01/2022,GRA,ST019,QAR,PRK.1750,Cream Cheese Roll,9,1998,1798.19999999999,222
11/01/2022,GRA,ST019,QAR,PRK.1751,Egg Mayo Roll,9,2187,1968.29999999999,243
11/01/2022,GRA,ST019,QAR,PRK.1771,Pistachio Arabeshi,5,385,346.5,77
11/01/2022,GRA,ST019,QAR,PRK.1772,Fresh Raspberry,5,70,63,14
11/01/2022,GRA,ST019,QAR,PRK.1773,Fresh blueberry,5,80,72,16
11/01/2022,GRA,ST019,QAR,PRK.1774,Chocolate Flakes,5,15,13.5,3
11/01/2022,GRA,ST019,QAR,PRK.1775,Honey Comb,5,20,18,4
11/01/2022,GRA,ST019,QAR,PRK.1776,Milk powder,3,9,8.1,3
11/01/2022,GRA,ST019,QAR,PRK.4502,Low Fat Milk,0,0,0,110
11/01/2022,GRA,ST019,QAR,PRK.4503,Almond Milk,2,214,192.6,107
11/01/2022,GRA,ST019,QAR,PRK.4504,Soya Milk,2,66,59.4,33
11/01/2022,GRA,ST019,QAR,PRK.4508,Single Shot,0,0,0,7
11/01/2022,GRA,ST019,QAR,PRK.4509,Double Shot,0,0,0,28
11/01/2022,GRA,ST019,QAR,PRK.4510,Less Hot,0,0,0,2
11/01/2022,GRA,ST019,QAR,PRK.4511,More Hot,0,0,0,6
11/01/2022,GRA,ST019,QAR,PRK.4516,Decaf,0,0,0,27
11/01/2022,GRA,ST019,QAR,PRK.4517,Vanilla Flavor,0,0,0,16
11/01/2022,GRA,ST019,QAR,PRK.4519,caramel flavor,0,0,0,9
11/01/2022,GRA,ST019,QAR,PRK.4520,hazelnut flavor,0,0,0,5
11/01/2022,GRA,ST019,QAR,PRK.4521,Oat Milk,2,6,5.4,3
11/01/2022,GRA,ST019,QAR,PRK.4522,Skimmed Milk,2,34,30.6,17
11/01/2022,GRA,ST019,QAR,PRK.4523,Coconut Milk,2,4,3.6,2
11/01/2022,GRA,ST019,QAR,PRK.4531,w/ Granola,0,0,0,6
11/01/2022,GRA,ST019,QAR,PRK.4534,w/ Coconut Flakes,0,0,0,5
11/01/2022,GRA,ST019,QAR,PRK.4535,w/ Crispy Crepe,0,0,0,1
11/01/2022,GRA,ST019,QAR,PRK.4537,w/ Mixed Berries Sauce,0,0,0,2
11/01/2022,GRA,ST019,QAR,PRK.4541,w/ Strawberry,0,0,0,5
11/01/2022,GRA,ST019,QAR,PRK.4544,w/ Pomegranate,0,0,0,6
11/01/2022,GRA,ST019,QAR,PRK.4550,w/ Mango,0,0,0,11
