DATE,BRANCHCODE,WAREHOUSECODE,CURRENCY,ERPCODE,ITEMNAME,RAWPRICE,GROSSAMT,NETVALUE,QTYSOLD
08/01/2022,GRA,ST019,QAR,PRK.902,Granola,55,330,297,6
08/01/2022,GRA,ST019,QAR,PRK.904,Graze House Mix,55,110,99,2
08/01/2022,GRA,ST019,QAR,PRK.907,Zaatar Chips,6,60,54,10
08/01/2022,GRA,ST019,QAR,PRK.909,Spicy Pesto Chips,6,144,129.6,24
08/01/2022,GRA,ST019,QAR,PRK.910,Graze Spicy Mix Sml,25,300,270,12
08/01/2022,GRA,ST019,QAR,PRK.911,Graze House Mix Sml,25,575,517.5,23
08/01/2022,GRA,ST019,QAR,PRK.961,Extra cheese,5,20,18,4
08/01/2022,GRA,ST019,QAR,PRK.962,Extra flavor,3,216,194.4,72
08/01/2022,GRA,ST019,QAR,PRK.994,Crsnt w Egg/Avaca/ SunTom,24,4920,4427.99999999999,205
08/01/2022,GRA,ST019,QAR,PRK.995,Egg Burrito,20,2020,1818,101
08/01/2022,GRA,ST019,QAR,PRK.996,Blueberry Granola parfait,25,4200,3780,168
08/01/2022,GRA,ST019,QAR,PRK.997,Yog Dates Chia Pista Alm,22,3256,2930.40000000001,148
08/01/2022,GRA,ST019,QAR,PRK.1003,Cheese Croissant,16,192,172.8,12
08/01/2022,GRA,ST019,QAR,PRK.1007,Zatar Croissant,16,576,518.4,36
08/01/2022,GRA,ST019,QAR,PRK.1008,Chocolate Croissant,16,224,201.6,14
08/01/2022,GRA,ST019,QAR,PRK.1010,Tomato Puff Pastry,16,768,691.199999999999,48
08/01/2022,GRA,ST019,QAR,PRK.1012,Three Berry Yogurt & Date,25,850,765,34
08/01/2022,GRA,ST019,QAR,PRK.1015,Kiri Cheese Danish,14,924,831.600000000001,66
08/01/2022,GRA,ST019,QAR,PRK.1016,Plain Croissant,10,440,396,44
08/01/2022,GRA,ST019,QAR,PRK.1020,Almond Croissant,16,96,86.4,6
08/01/2022,GRA,ST019,QAR,PRK.1021,Shirazi Salad,12,552,496.8,46
08/01/2022,GRA,ST019,QAR,PRK.1023,Falafel Salad,45,2185,1966.5,57
08/01/2022,GRA,ST019,QAR,PRK.1024,Quinoa Swt potato Salad,40,1640,1476,41
08/01/2022,GRA,ST019,QAR,PRK.1027,Mex Chkn Chilli Bean Sld,40,3800,3420,95
08/01/2022,GRA,ST019,QAR,PRK.1029,Burrata Salad,50,1150,1035,23
08/01/2022,GRA,ST019,QAR,PRK.1031,Teriyaki GRAZE Salmn,55,6160,5544,112
08/01/2022,GRA,ST019,QAR,PRK.1034,BBQ Chick Peas,38,1064,957.6,28
08/01/2022,GRA,ST019,QAR,PRK.1039,Keto Chicken Salad,40,6040,5440,151
08/01/2022,GRA,ST019,QAR,PRK.1044,Southern Chicken Salad,45,1980,1782,44
08/01/2022,GRA,ST019,QAR,PRK.1046,Greek Salad,30,630,567,21
08/01/2022,GRA,ST019,QAR,PRK.1048,Mexican  Caesar Salad chk,39,5031,4527.9,129
08/01/2022,GRA,ST019,QAR,PRK.1049,ROCCA SALAD,22,638,574.2,29
08/01/2022,GRA,ST019,QAR,PRK.1052,Smoke Turkey Sandwich,34,6494,5844.60000000001,191
08/01/2022,GRA,ST019,QAR,PRK.1054,lemon&Rosemary Chkn,36,7020,6317.99999999998,195
08/01/2022,GRA,ST019,QAR,PRK.1057,Steak & Philly Chz SW,32,3616,3254.4,113
08/01/2022,GRA,ST019,QAR,PRK.1063,Egg Mayo with Rocket,20,2140,1926,107
08/01/2022,GRA,ST019,QAR,PRK.1068,Crispy Chicken Bun,24,1680,1512,70
08/01/2022,GRA,ST019,QAR,PRK.1070,Chicken Pesto & Mozzarell,32,3456,3110.4,108
08/01/2022,GRA,ST019,QAR,PRK.1075,Avocado Toast,40,1440,1296,36
08/01/2022,GRA,ST019,QAR,PRK.1077,Spicy Halloumi,38,3876,3488.39999999999,102
08/01/2022,GRA,ST019,QAR,PRK.1078,Graze Breakfast (egg box),32,1984,1785.6,62
08/01/2022,GRA,ST019,QAR,PRK.1079,Smoked Salmon Sandwich,35,630,567,18
08/01/2022,GRA,ST019,QAR,PRK.1083,Chkn Soup,19,608,547.2,32
08/01/2022,GRA,ST019,QAR,PRK.1087,Lentil Soup,20,1100,990,55
08/01/2022,GRA,ST019,QAR,PRK.1089,Vegetable soup,16,128,115.2,8
08/01/2022,GRA,ST019,QAR,PRK.1111,Penne Bolognese,50,2750,2475,55
08/01/2022,GRA,ST019,QAR,PRK.1113,Chkn Katsu Curry,45,3105,2794.5,69
08/01/2022,GRA,ST019,QAR,PRK.1115,Mushroom Pasta,40,3000,2700,75
08/01/2022,GRA,ST019,QAR,PRK.1118,Steak With Mushroom Sauce,45,5490,4941,122
08/01/2022,GRA,ST019,QAR,PRK.1119,Chicken Biryani,45,6255,5629.5,139
08/01/2022,GRA,ST019,QAR,PRK.1121,Chinese Sesame Chicken,40,5160,4644,129
08/01/2022,GRA,ST019,QAR,PRK.1127,Rock Shrimp,45,2880,2592,64
08/01/2022,GRA,ST019,QAR,PRK.1133,Lamb  Kabsa,45,4815,4333.5,107
08/01/2022,GRA,ST019,QAR,PRK.1140,Chicken Curry & Saffron r,43,3827,3444.3,89
08/01/2022,GRA,ST019,QAR,PRK.1141,CRAB BOWL,28,756,680.4,27
08/01/2022,GRA,ST019,QAR,PRK.1145,Yoghurt & Cucumber dip,12,552,496.8,46
08/01/2022,GRA,ST019,QAR,PRK.1146,Spicy Guacamole Pot,13,208,187.2,16
08/01/2022,GRA,ST019,QAR,PRK.1149,Edamame Pot,12,240,216,20
08/01/2022,GRA,ST019,QAR,PRK.1155,Classic hummus pot,18,288,259.2,16
08/01/2022,GRA,ST019,QAR,PRK.1159,Greek Tabbouleh,20,640,576,32
08/01/2022,GRA,ST019,QAR,PRK.1160,Egg pot,16,816,734.399999999999,51
08/01/2022,GRA,ST019,QAR,PRK.1161,Labneh Beetroot,12,60,54,5
08/01/2022,GRA,ST019,QAR,PRK.1173,Choco Chia Energy Ball,30,420,378,14
08/01/2022,GRA,ST019,QAR,PRK.1175,Pecan Bars,14,322,289.8,23
08/01/2022,GRA,ST019,QAR,PRK.1177,Carrot Cake,15,435,391.5,29
08/01/2022,GRA,ST019,QAR,PRK.1178,Sweet Potatoe Choco Cake,15,255,229.5,17
08/01/2022,GRA,ST019,QAR,PRK.1180,Tropical Fruits,18,558,502.2,31
08/01/2022,GRA,ST019,QAR,PRK.1181,Green Apple,2,18,16.2,9
08/01/2022,GRA,ST019,QAR,PRK.1182,Red Apple,2,56,50.4,28
08/01/2022,GRA,ST019,QAR,PRK.1183,Bannana,2,558,502.200000000002,279
08/01/2022,GRA,ST019,QAR,PRK.1184,Watermelon,18,1854,1668.6,103
08/01/2022,GRA,ST019,QAR,PRK.1185,Pineapplemix,18,2106,1895.4,117
08/01/2022,GRA,ST019,QAR,PRK.1186,Mixed Berries,22,2134,1920.6,97
08/01/2022,GRA,ST019,QAR,PRK.1194,Lotus Cheesecake,15,495,445.5,33
08/01/2022,GRA,ST019,QAR,PRK.1196,Chia Blueberry Yodurt,24,744,669.6,31
08/01/2022,GRA,ST019,QAR,PRK.1201,Iced Flat White,18,306,275.4,17
08/01/2022,GRA,ST019,QAR,PRK.1203,Iced Spanish Latte,20,360,324,18
08/01/2022,GRA,ST019,QAR,PRK.1204,Iced Latte,18,414,372.6,23
08/01/2022,GRA,ST019,QAR,PRK.1205,Iced Americano,15,600,540,40
08/01/2022,GRA,ST019,QAR,PRK.1234,Pepperoni Pizza small,40,40,36,1
08/01/2022,GRA,ST019,QAR,PRK.1235,Margherita Pizza small,30,60,54,2
08/01/2022,GRA,ST019,QAR,PRK.1236,BBQ chicken Pizza small,35,70,63,2
08/01/2022,GRA,ST019,QAR,PRK.1262,Highland Still,5,390,351,78
08/01/2022,GRA,ST019,QAR,PRK.1265,Perrier Sparkling,9,549,494.100000000001,61
08/01/2022,GRA,ST019,QAR,PRK.1291,Coke,5,355,319.5,71
08/01/2022,GRA,ST019,QAR,PRK.1292,Diet Coke,5,1130,1017,226
08/01/2022,GRA,ST019,QAR,PRK.1351,Espresso Single,12,540,486,45
08/01/2022,GRA,ST019,QAR,PRK.1352,Macchiato,18,612,550.8,34
08/01/2022,GRA,ST019,QAR,PRK.1353,Americano Hot,15,5025,4524,335
08/01/2022,GRA,ST019,QAR,PRK.1354,Flat White Hot,18,6192,5574.59999999997,344
08/01/2022,GRA,ST019,QAR,PRK.1355,Cappucino,18,5634,5070.59999999997,313
08/01/2022,GRA,ST019,QAR,PRK.1356,Cortado,18,2880,2592,160
08/01/2022,GRA,ST019,QAR,PRK.1358,Spanish Latte,20,1520,1368,76
08/01/2022,GRA,ST019,QAR,PRK.1359,Classic Mocha,25,500,450,20
08/01/2022,GRA,ST019,QAR,PRK.1360,Slated Caramel Mocha,25,300,270,12
08/01/2022,GRA,ST019,QAR,PRK.1362,Double Espresso,14,1652,1486.8,118
08/01/2022,GRA,ST019,QAR,PRK.1363,Latte Hot,18,5454,4908.59999999997,303
08/01/2022,GRA,ST019,QAR,PRK.1364,English B/F,12,228,205.2,19
08/01/2022,GRA,ST019,QAR,PRK.1365,Green Tea,12,60,54,5
08/01/2022,GRA,ST019,QAR,PRK.1366,Earl Grey,12,120,108,10
08/01/2022,GRA,ST019,QAR,PRK.1367,Pepper Mint,12,144,129.6,12
08/01/2022,GRA,ST019,QAR,PRK.1368,Lemon Grass/ Ginger,12,24,21.6,2
08/01/2022,GRA,ST019,QAR,PRK.1369,Jasmine,12,144,129.6,12
08/01/2022,GRA,ST019,QAR,PRK.1371,Chamomile,12,48,43.2,4
08/01/2022,GRA,ST019,QAR,PRK.1372,Hot Cocoa,24,120,108,5
08/01/2022,GRA,ST019,QAR,PRK.1373,Hibiscus Iced tea,18,882,793.800000000001,49
08/01/2022,GRA,ST019,QAR,PRK.1374,Peach Iced Tea,18,522,469.8,29
08/01/2022,GRA,ST019,QAR,PRK.1375,Matcha Latte,25,100,90,4
08/01/2022,GRA,ST019,QAR,PRK.1376,Cinnamon Latte,25,250,225,10
08/01/2022,GRA,ST019,QAR,PRK.1383,Watermelon & Coconut cool,20,340,306,17
08/01/2022,GRA,ST019,QAR,PRK.1386,Orange Juice,22,7018,6316.20000000004,319
08/01/2022,GRA,ST019,QAR,PRK.1387,Carrot Juice,22,1650,1485,75
08/01/2022,GRA,ST019,QAR,PRK.1390,Morning Boost,24,1848,1663.2,77
08/01/2022,GRA,ST019,QAR,PRK.1392,Immune Boost,22,1122,1009.8,51
08/01/2022,GRA,ST019,QAR,PRK.1396,Ginger Aid Shot,18,2754,2478.6,153
08/01/2022,GRA,ST019,QAR,PRK.1402,Laban Drink,18,900,810.000000000001,50
08/01/2022,GRA,ST019,QAR,PRK.1404,Green Boost Juice,24,1488,1339.2,62
08/01/2022,GRA,ST019,QAR,PRK.1406,Beetroot & Apple Juice,20,1660,1494,83
08/01/2022,GRA,ST019,QAR,PRK.1407,Coconut & Pineapple Juice,24,168,151.2,7
08/01/2022,GRA,ST019,QAR,PRK.1409,Turmeric wellness shot,16,1472,1324.8,92
08/01/2022,GRA,ST019,QAR,PRK.1412, Mini Cup Yogurt,14,84,75.6,6
08/01/2022,GRA,ST019,QAR,PRK.1413,Regular Cup Yogurt,21,147,132.3,7
08/01/2022,GRA,ST019,QAR,PRK.1416,Large Cup Yogurt,23,23,20.7,1
08/01/2022,GRA,ST019,QAR,PRK.1418, Mini Cup Yogurt/Topping,18,234,210.6,13
08/01/2022,GRA,ST019,QAR,PRK.1419,Reg Cup Yogurt/Toping,26,234,210.6,9
08/01/2022,GRA,ST019,QAR,PRK.1422,Large Cup Yogurt/Topping,30,60,54,2
08/01/2022,GRA,ST019,QAR,PRK.1429,Mini Mango Ice Cream,14,308,277.2,22
08/01/2022,GRA,ST019,QAR,PRK.1430,Regular Mango Ice Cream,21,273,245.7,13
08/01/2022,GRA,ST019,QAR,PRK.1432,Mini Mango Ice Cream/Topp,18,144,129.6,8
08/01/2022,GRA,ST019,QAR,PRK.1433,Reg Mango Ice cream/Topp,26,286,257.4,11
08/01/2022,GRA,ST019,QAR,PRK.1434,Large Mango Ice Cream/Top,30,60,54,2
08/01/2022,GRA,ST019,QAR,PRK.1435,Mini Cup Milky Ice Cream,14,224,201.6,16
08/01/2022,GRA,ST019,QAR,PRK.1436,Reg Cup Milky Ice Cream,21,210,189,10
08/01/2022,GRA,ST019,QAR,PRK.1437,Lrge Cup Milky Ice Cream,23,46,41.4,2
08/01/2022,GRA,ST019,QAR,PRK.1438,Mini Cup Milky Ice C/Top,18,162,145.8,9
08/01/2022,GRA,ST019,QAR,PRK.1439,Reg Cup Milky Ice Cre/Top,26,104,93.6,4
08/01/2022,GRA,ST019,QAR,PRK.1440,Lrge Cup Milky Ice Cr/Top,30,30,27,1
08/01/2022,GRA,ST019,QAR,PRK.1471,NOODLES BOWL,45,1665,1498.5,37
08/01/2022,GRA,ST019,QAR,PRK.1472,CHICKEN CURRY & RICE,48,1680,1512,35
08/01/2022,GRA,ST019,QAR,PRK.1473,BEEF STROGANOFF,50,2550,2295,51
08/01/2022,GRA,ST019,QAR,PRK.1474,Spaghetti Bolognese,45,315,283.5,7
08/01/2022,GRA,ST019,QAR,PRK.1475,Salmon with Cilantro Rice,65,1625,1462.5,25
08/01/2022,GRA,ST019,QAR,PRK.1476,Chicken Noodle Bowl,40,760,684,19
08/01/2022,GRA,ST019,QAR,PRK.1501,pomegranate,3,18,16.2,6
08/01/2022,GRA,ST019,QAR,PRK.1502,Strawberry,3,21,18.9,7
08/01/2022,GRA,ST019,QAR,PRK.1505,Salted Caramel,3,3,2.7,1
08/01/2022,GRA,ST019,QAR,PRK.1508,Granola,3,3,2.7,1
08/01/2022,GRA,ST019,QAR,PRK.1514,Dulce de Leche,3,3,2.7,1
08/01/2022,GRA,ST019,QAR,PRK.1531,Power Shake,35,210,189,6
08/01/2022,GRA,ST019,QAR,PRK.1532,Peanut Power Shake,35,210,189,6
08/01/2022,GRA,ST019,QAR,PRK.1536,Energizer protine Shakes,45,540,486,12
08/01/2022,GRA,ST019,QAR,PRK.1540,Energizer shakes,35,70,63,2
08/01/2022,GRA,ST019,QAR,PRK.1542,14oz Pre-work out Protein,40,80,72,2
08/01/2022,GRA,ST019,QAR,PRK.1545,14oz Energizer protine,40,400,360,10
08/01/2022,GRA,ST019,QAR,PRK.1548,14oz Energizer shakes,30,180,162,6
08/01/2022,GRA,ST019,QAR,PRK.1550,Extra Protein,10,20,18,2
08/01/2022,GRA,ST019,QAR,PRK.1561,Mini Pomegranate i/c,14,42,37.8,3
08/01/2022,GRA,ST019,QAR,PRK.1562,Regular Pomegranate i/c,21,21,18.9,1
08/01/2022,GRA,ST019,QAR,PRK.1564,Mini pomegranate /topping,18,36,32.4,2
08/01/2022,GRA,ST019,QAR,PRK.1565,Regular Pomegrante /topp,26,26,23.4,1
08/01/2022,GRA,ST019,QAR,PRK.1581,Mini coconut frz yog I/C,14,84,75.6,6
08/01/2022,GRA,ST019,QAR,PRK.1584,Mini coconut frz yog top,18,54,48.6,3
08/01/2022,GRA,ST019,QAR,PRK.1585,Reg- coconut frz yog Topp,26,78,70.2,3
08/01/2022,GRA,ST019,QAR,PRK.1586,Large coconut frz yog Top,30,30,27,1
08/01/2022,GRA,ST019,QAR,PRK.1621,Orange loaf,12,1092,982.799999999999,91
08/01/2022,GRA,ST019,QAR,PRK.1623,Brownie flavour cookies,10,1990,1792,199
08/01/2022,GRA,ST019,QAR,PRK.1626,Cinnamon Roll,13,572,514.8,44
08/01/2022,GRA,ST019,QAR,PRK.1627,Custard Raisin Roll,14,168,151.2,12
08/01/2022,GRA,ST019,QAR,PRK.1628,Brownie bites,13,364,327.6,28
08/01/2022,GRA,ST019,QAR,PRK.1632,Turkey cheese roll,19,627,564.3,33
08/01/2022,GRA,ST019,QAR,PRK.1633,Spinach feta roll,18,810,729,45
08/01/2022,GRA,ST019,QAR,PRK.1651,■PB & Jam sourdough bread,18,576,518.4,32
08/01/2022,GRA,ST019,QAR,PRK.1652,■Italian Poached Eggs,32,224,201.6,7
08/01/2022,GRA,ST019,QAR,PRK.1655,Graze Oatmeal,30,7350,6618,245
08/01/2022,GRA,ST019,QAR,PRK.1681,Salted Caramel Mocha,24,96,86.4,4
08/01/2022,GRA,ST019,QAR,PRK.1682,■Matcha Frappe,26,1014,912.6,39
08/01/2022,GRA,ST019,QAR,PRK.1711,Pomegranate Pot,18,486,437.4,27
08/01/2022,GRA,ST019,QAR,PRK.1712,Mango Peach Muesli Pot,24,1104,993.600000000001,46
08/01/2022,GRA,ST019,QAR,PRK.1713,Overnight oats PB&Jam,25,1500,1352.5,60
08/01/2022,GRA,ST019,QAR,PRK.1741,Spicy Tuna sandwich,26,1846,1661.4,71
08/01/2022,GRA,ST019,QAR,PRK.1742,Three cheese,22,2574,2316.6,117
08/01/2022,GRA,ST019,QAR,PRK.1743,Falafel and Labna,25,1150,1035,46
08/01/2022,GRA,ST019,QAR,PRK.1746,GRAZE CLUB SANDWICH,42,2688,2419.2,64
08/01/2022,GRA,ST019,QAR,PRK.1747,BEEF BURGER,35,980,882,28
08/01/2022,GRA,ST019,QAR,PRK.1748,Chicken Shawarma,18,504,453.6,28
08/01/2022,GRA,ST019,QAR,PRK.1749,Tenderloin Beef Shawarma,22,572,514.8,26
08/01/2022,GRA,ST019,QAR,PRK.1771,Pistachio Arabeshi,5,115,103.5,23
08/01/2022,GRA,ST019,QAR,PRK.1772,Fresh Raspberry,5,115,103.5,23
08/01/2022,GRA,ST019,QAR,PRK.1773,Fresh blueberry,5,75,67.5,15
08/01/2022,GRA,ST019,QAR,PRK.1774,Chocolate Flakes,5,10,9,2
08/01/2022,GRA,ST019,QAR,PRK.1775,Honey Comb,5,35,31.5,7
08/01/2022,GRA,ST019,QAR,PRK.4502,Low Fat Milk,0,0,0,149
08/01/2022,GRA,ST019,QAR,PRK.4503,Almond Milk,2,236,212.4,118
08/01/2022,GRA,ST019,QAR,PRK.4504,Soya Milk,2,66,59.4,33
08/01/2022,GRA,ST019,QAR,PRK.4505,Less Sweet,0,0,0,1
08/01/2022,GRA,ST019,QAR,PRK.4506,More Sweet,0,0,0,2
08/01/2022,GRA,ST019,QAR,PRK.4507,Half Shot,0,0,0,1
08/01/2022,GRA,ST019,QAR,PRK.4508,Single Shot,0,0,0,11
08/01/2022,GRA,ST019,QAR,PRK.4509,Double Shot,0,0,0,30
08/01/2022,GRA,ST019,QAR,PRK.4511,More Hot,0,0,0,3
08/01/2022,GRA,ST019,QAR,PRK.4516,Decaf,0,0,0,43
08/01/2022,GRA,ST019,QAR,PRK.4517,Vanilla Flavor,0,0,0,28
08/01/2022,GRA,ST019,QAR,PRK.4519,caramel flavor,0,0,0,11
08/01/2022,GRA,ST019,QAR,PRK.4520,hazelnut flavor,0,0,0,2
08/01/2022,GRA,ST019,QAR,PRK.4534,w/ Coconut Flakes,0,0,0,2
08/01/2022,GRA,ST019,QAR,PRK.4535,w/ Crispy Crepe,0,0,0,5
08/01/2022,GRA,ST019,QAR,PRK.4537,w/ Mixed Berries Sauce,0,0,0,1
08/01/2022,GRA,ST019,QAR,PRK.4541,w/ Strawberry,0,0,0,5
08/01/2022,GRA,ST019,QAR,PRK.4543,w/ Salted Caramel,0,0,0,9
08/01/2022,GRA,ST019,QAR,PRK.4544,w/ Pomegranate,0,0,0,15
08/01/2022,GRA,ST019,QAR,PRK.4545,w/ Dulce de leche,0,0,0,1
08/01/2022,GRA,ST019,QAR,PRK.4550,w/ Mango,0,0,0,17
08/01/2022,GRA,ST019,QAR,PRK.4552,w/ Crushed Grahams,0,0,0,2
08/01/2022,GRA,ST019,QAR,PRK.4556,w/Kiwi Fruit,0,0,0,1
08/01/2022,GRA,ST019,QAR,PRK.4558,w/Fresh Pineapple,0,0,0,2
08/01/2022,GRA,ST019,QAR,PRK.4561,MIXED FROZEN YOGURT,0,0,0,1
08/01/2022,GRA,ST019,QAR,PRK.4562,MIXED MANGO YOGURT,0,0,0,8
08/01/2022,GRA,ST019,QAR,PRK.4564,MIXED MILKY ICE CREAM,0,0,0,1
