DATE,BRANCHCODE,WAREHOUSECODE,CURRENCY,ERPCODE,ITEMNAME,RAWPRICE,GROSSAMT,NETVALUE,QTYSOLD
06/01/2022,GRA,ST019,QAR,PRK.902,Granola,55,440,396,8
06/01/2022,GRA,ST019,QAR,PRK.903,Graze Spicy  Mix,55,275,247.5,5
06/01/2022,GRA,ST019,QAR,PRK.904,Graze House Mix,55,330,297,6
06/01/2022,GRA,ST019,QAR,PRK.907,Zaatar Chips,6,288,259.2,48
06/01/2022,GRA,ST019,QAR,PRK.909,Spicy Pesto Chips,6,234,210.6,39
06/01/2022,GRA,ST019,QAR,PRK.910,Graze Spicy Mix Sml,25,975,877.5,39
06/01/2022,GRA,ST019,QAR,PRK.911,Graze House Mix Sml,25,1150,1035,46
06/01/2022,GRA,ST019,QAR,PRK.961,Extra cheese,5,45,40.5,9
06/01/2022,GRA,ST019,QAR,PRK.962,Extra flavor,3,210,189,70
06/01/2022,GRA,ST019,QAR,PRK.963,Crispy bread,2,4,3.6,2
06/01/2022,GRA,ST019,QAR,PRK.964,Homemade Arabic Bread PKt,2,10,9,5
06/01/2022,GRA,ST019,QAR,PRK.994,Crsnt w Egg/Avaca/ SunTom,24,6000,5400.00000000001,250
06/01/2022,GRA,ST019,QAR,PRK.995,Egg Burrito,20,2580,2322,129
06/01/2022,GRA,ST019,QAR,PRK.996,Blueberry Granola parfait,25,5525,4972.5,221
06/01/2022,GRA,ST019,QAR,PRK.997,Yog Dates Chia Pista Alm,22,4686,4217.40000000002,213
06/01/2022,GRA,ST019,QAR,PRK.1003,Cheese Croissant,16,512,460.8,32
06/01/2022,GRA,ST019,QAR,PRK.1007,Zatar Croissant,16,1200,1080,75
06/01/2022,GRA,ST019,QAR,PRK.1008,Chocolate Croissant,16,576,518.4,36
06/01/2022,GRA,ST019,QAR,PRK.1010,Tomato Puff Pastry,16,1968,1771.2,123
06/01/2022,GRA,ST019,QAR,PRK.1012,Three Berry Yogurt & Date,25,1925,1732.5,77
06/01/2022,GRA,ST019,QAR,PRK.1015,Kiri Cheese Danish,14,1274,1146.6,91
06/01/2022,GRA,ST019,QAR,PRK.1016,Plain Croissant,10,1000,900,100
06/01/2022,GRA,ST019,QAR,PRK.1020,Almond Croissant,16,704,633.6,44
06/01/2022,GRA,ST019,QAR,PRK.1021,Shirazi Salad,12,852,766.799999999999,71
06/01/2022,GRA,ST019,QAR,PRK.1023,Falafel Salad,35,2275,2047.5,65
06/01/2022,GRA,ST019,QAR,PRK.1024,Quinoa Swt potato Salad,40,2160,1944,54
06/01/2022,GRA,ST019,QAR,PRK.1027,Mex Chkn Chilli Bean Sld,40,3840,3456,96
06/01/2022,GRA,ST019,QAR,PRK.1029,Burrata Salad,50,1850,1665,37
06/01/2022,GRA,ST019,QAR,PRK.1031,Teriyaki GRAZE Salmn,55,6875,6187.5,125
06/01/2022,GRA,ST019,QAR,PRK.1034,BBQ Chick Peas,38,1368,1231.2,36
06/01/2022,GRA,ST019,QAR,PRK.1039,Keto Chicken Salad,40,6160,5544,154
06/01/2022,GRA,ST019,QAR,PRK.1044,Southern Chicken Salad,45,3060,2758.5,68
06/01/2022,GRA,ST019,QAR,PRK.1048,Mexican  Caesar Salad chk,39,5577,5019.3,143
06/01/2022,GRA,ST019,QAR,PRK.1049,ROCCA SALAD,22,1342,1207.8,61
06/01/2022,GRA,ST019,QAR,PRK.1052,Smoke Turkey Sandwich,34,8466,7622.80000000003,249
06/01/2022,GRA,ST019,QAR,PRK.1054,lemon&Rosemary Chkn,36,11448,10303.1999999999,318
06/01/2022,GRA,ST019,QAR,PRK.1057,Steak & Philly Chz SW,32,4832,4348.80000000001,151
06/01/2022,GRA,ST019,QAR,PRK.1063,Egg Mayo with Rocket,20,3140,2826,157
06/01/2022,GRA,ST019,QAR,PRK.1068,Crispy Chicken Bun,24,2136,1922.4,89
06/01/2022,GRA,ST019,QAR,PRK.1069,Spicy Courgette Falafel W,24,192,172.8,8
06/01/2022,GRA,ST019,QAR,PRK.1070,Chicken Pesto & Mozzarell,32,5152,4636.80000000001,161
06/01/2022,GRA,ST019,QAR,PRK.1075,Avocado Toast,40,2640,2376,66
06/01/2022,GRA,ST019,QAR,PRK.1077,Spicy Halloumi,38,4446,4001.39999999999,117
06/01/2022,GRA,ST019,QAR,PRK.1078,Graze Breakfast (egg box),32,2208,1987.2,69
06/01/2022,GRA,ST019,QAR,PRK.1079,Smoked Salmon Sandwich,35,315,283.5,9
06/01/2022,GRA,ST019,QAR,PRK.1083,Chkn Soup,19,1425,1282.5,75
06/01/2022,GRA,ST019,QAR,PRK.1086,Lamb Soup,28,392,352.8,14
06/01/2022,GRA,ST019,QAR,PRK.1087,Lentil Soup,20,1460,1314,73
06/01/2022,GRA,ST019,QAR,PRK.1111,Penne Bolognese,50,3150,2835,63
06/01/2022,GRA,ST019,QAR,PRK.1113,Chkn Katsu Curry,45,3285,2956.5,73
06/01/2022,GRA,ST019,QAR,PRK.1115,Mushroom Pasta,40,2880,2592,72
06/01/2022,GRA,ST019,QAR,PRK.1118,Steak With Mushroom Sauce,45,4815,4333.5,107
06/01/2022,GRA,ST019,QAR,PRK.1119,Chicken Biryani,45,6120,5508,136
06/01/2022,GRA,ST019,QAR,PRK.1121,Chinese Sesame Chicken,40,4600,4140,115
06/01/2022,GRA,ST019,QAR,PRK.1127,Rock Shrimp,45,3150,2835,70
06/01/2022,GRA,ST019,QAR,PRK.1133,Lamb  Kabsa,45,4680,4212,104
06/01/2022,GRA,ST019,QAR,PRK.1140,Chicken Curry & Saffron r,43,3741,3366.9,87
06/01/2022,GRA,ST019,QAR,PRK.1141,CRAB BOWL,28,476,428.4,17
06/01/2022,GRA,ST019,QAR,PRK.1145,Yoghurt & Cucumber dip,12,540,486,45
06/01/2022,GRA,ST019,QAR,PRK.1146,Spicy Guacamole Pot,13,403,362.7,31
06/01/2022,GRA,ST019,QAR,PRK.1149,Edamame Pot,12,60,54,5
06/01/2022,GRA,ST019,QAR,PRK.1155,Classic hummus pot,18,252,226.8,14
06/01/2022,GRA,ST019,QAR,PRK.1159,Greek Tabbouleh,20,780,702,39
06/01/2022,GRA,ST019,QAR,PRK.1160,Egg pot,16,976,878.399999999999,61
06/01/2022,GRA,ST019,QAR,PRK.1173,Choco Chia Energy Ball,30,1080,972,36
06/01/2022,GRA,ST019,QAR,PRK.1175,Pecan Bars,14,826,743.400000000001,59
06/01/2022,GRA,ST019,QAR,PRK.1177,Carrot Cake,15,735,661.5,49
06/01/2022,GRA,ST019,QAR,PRK.1178,Sweet Potatoe Choco Cake,15,405,364.5,27
06/01/2022,GRA,ST019,QAR,PRK.1180,Tropical Fruits,18,666,599.4,37
06/01/2022,GRA,ST019,QAR,PRK.1181,Green Apple,2,56,50.4,28
06/01/2022,GRA,ST019,QAR,PRK.1182,Red Apple,2,104,93.5999999999999,52
06/01/2022,GRA,ST019,QAR,PRK.1183,Bannana,2,622,559.800000000001,311
06/01/2022,GRA,ST019,QAR,PRK.1184,Watermelon,18,2862,2575.8,159
06/01/2022,GRA,ST019,QAR,PRK.1185,Pineapplemix,18,2808,2527.2,156
06/01/2022,GRA,ST019,QAR,PRK.1186,Mixed Berries,22,4136,3722.40000000001,188
06/01/2022,GRA,ST019,QAR,PRK.1194,Lotus Cheesecake,15,1425,1282.5,95
06/01/2022,GRA,ST019,QAR,PRK.1196,Chia Blueberry Yodurt,24,2040,1836,85
06/01/2022,GRA,ST019,QAR,PRK.1201,Iced Flat White,18,900,810.000000000001,50
06/01/2022,GRA,ST019,QAR,PRK.1203,Iced Spanish Latte,20,840,756,42
06/01/2022,GRA,ST019,QAR,PRK.1204,Iced Latte,18,1026,923.400000000001,57
06/01/2022,GRA,ST019,QAR,PRK.1205,Iced Americano,15,1065,958.5,71
06/01/2022,GRA,ST019,QAR,PRK.1234,Pepperoni Pizza small,40,160,144,4
06/01/2022,GRA,ST019,QAR,PRK.1235,Margherita Pizza small,30,90,81,3
06/01/2022,GRA,ST019,QAR,PRK.1236,BBQ chicken Pizza small,35,140,126,4
06/01/2022,GRA,ST019,QAR,PRK.1262,Highland Still,5,680,612,136
06/01/2022,GRA,ST019,QAR,PRK.1265,Perrier Sparkling,9,1971,1773.89999999999,219
06/01/2022,GRA,ST019,QAR,PRK.1291,Coke,5,690,621,138
06/01/2022,GRA,ST019,QAR,PRK.1292,Diet Coke,5,1740,1567,348
06/01/2022,GRA,ST019,QAR,PRK.1321,Mini Cup /Pina Colada,14,280,252,20
06/01/2022,GRA,ST019,QAR,PRK.1322,Regular Cup / Pina Colada,21,21,18.9,1
06/01/2022,GRA,ST019,QAR,PRK.1324,Mini Pina Colada/Topping,18,378,340.2,21
06/01/2022,GRA,ST019,QAR,PRK.1325,Regular Pina Colada/Toppi,26,104,93.6,4
06/01/2022,GRA,ST019,QAR,PRK.1326,Large Pina Colada/Topping,30,30,27,1
06/01/2022,GRA,ST019,QAR,PRK.1351,Espresso Single,12,552,496.8,46
06/01/2022,GRA,ST019,QAR,PRK.1352,Macchiato,18,756,680.4,42
06/01/2022,GRA,ST019,QAR,PRK.1353,Americano Hot,15,7440,6697.5,496
06/01/2022,GRA,ST019,QAR,PRK.1354,Flat White Hot,18,9126,8213.39999999994,507
06/01/2022,GRA,ST019,QAR,PRK.1355,Cappucino,18,7596,6836.39999999995,422
06/01/2022,GRA,ST019,QAR,PRK.1356,Cortado,18,4068,3661.19999999999,226
06/01/2022,GRA,ST019,QAR,PRK.1358,Spanish Latte,20,3320,2988,166
06/01/2022,GRA,ST019,QAR,PRK.1359,Classic Mocha,25,400,360,16
06/01/2022,GRA,ST019,QAR,PRK.1360,Slated Caramel Mocha,25,1225,1102.5,49
06/01/2022,GRA,ST019,QAR,PRK.1361,Extra Shot,0,0,0,1
06/01/2022,GRA,ST019,QAR,PRK.1362,Double Espresso,14,2660,2393.99999999999,190
06/01/2022,GRA,ST019,QAR,PRK.1363,Latte Hot,18,8658,7792.19999999994,481
06/01/2022,GRA,ST019,QAR,PRK.1364,English B/F,12,360,324,30
06/01/2022,GRA,ST019,QAR,PRK.1365,Green Tea,12,156,140.4,13
06/01/2022,GRA,ST019,QAR,PRK.1366,Earl Grey,12,336,302.4,28
06/01/2022,GRA,ST019,QAR,PRK.1367,Pepper Mint,12,168,151.2,14
06/01/2022,GRA,ST019,QAR,PRK.1368,Lemon Grass/ Ginger,12,48,43.2,4
06/01/2022,GRA,ST019,QAR,PRK.1369,Jasmine,12,48,43.2,4
06/01/2022,GRA,ST019,QAR,PRK.1371,Chamomile,12,48,43.2,4
06/01/2022,GRA,ST019,QAR,PRK.1372,Hot Cocoa,24,432,388.8,18
06/01/2022,GRA,ST019,QAR,PRK.1373,Hibiscus Iced tea,18,1152,1036.8,64
06/01/2022,GRA,ST019,QAR,PRK.1374,Peach Iced Tea,18,1026,923.400000000001,57
06/01/2022,GRA,ST019,QAR,PRK.1375,Matcha Latte,25,350,315,14
06/01/2022,GRA,ST019,QAR,PRK.1376,Cinnamon Latte,25,125,112.5,5
06/01/2022,GRA,ST019,QAR,PRK.1383,Watermelon & Coconut cool,20,1020,918,51
06/01/2022,GRA,ST019,QAR,PRK.1386,Orange Juice,22,10494,9444.60000000001,477
06/01/2022,GRA,ST019,QAR,PRK.1387,Carrot Juice,22,2816,2534.4,128
06/01/2022,GRA,ST019,QAR,PRK.1390,Morning Boost,24,2616,2354.4,109
06/01/2022,GRA,ST019,QAR,PRK.1392,Immune Boost,22,2178,1960.2,99
06/01/2022,GRA,ST019,QAR,PRK.1396,Ginger Aid Shot,18,4158,3742.19999999998,231
06/01/2022,GRA,ST019,QAR,PRK.1402,Laban Drink,18,1188,1069.2,66
06/01/2022,GRA,ST019,QAR,PRK.1404,Green Boost Juice,24,1560,1404,65
06/01/2022,GRA,ST019,QAR,PRK.1406,Beetroot & Apple Juice,20,2340,2106,117
06/01/2022,GRA,ST019,QAR,PRK.1407,Coconut & Pineapple Juice,24,888,799.200000000001,37
06/01/2022,GRA,ST019,QAR,PRK.1409,Turmeric wellness shot,16,1360,1224,85
06/01/2022,GRA,ST019,QAR,PRK.1412, Mini Cup Yogurt,14,364,327.6,26
06/01/2022,GRA,ST019,QAR,PRK.1413,Regular Cup Yogurt,21,252,226.8,12
06/01/2022,GRA,ST019,QAR,PRK.1416,Large Cup Yogurt,23,46,41.4,2
06/01/2022,GRA,ST019,QAR,PRK.1418, Mini Cup Yogurt/Topping,18,288,259.2,16
06/01/2022,GRA,ST019,QAR,PRK.1419,Reg Cup Yogurt/Toping,26,208,187.2,8
06/01/2022,GRA,ST019,QAR,PRK.1429,Mini Mango Ice Cream,14,1120,1008,80
06/01/2022,GRA,ST019,QAR,PRK.1430,Regular Mango Ice Cream,21,378,340.2,18
06/01/2022,GRA,ST019,QAR,PRK.1432,Mini Mango Ice Cream/Topp,18,504,453.6,28
06/01/2022,GRA,ST019,QAR,PRK.1433,Reg Mango Ice cream/Topp,26,468,421.2,18
06/01/2022,GRA,ST019,QAR,PRK.1434,Large Mango Ice Cream/Top,30,30,27,1
06/01/2022,GRA,ST019,QAR,PRK.1435,Mini Cup Milky Ice Cream,14,140,126,10
06/01/2022,GRA,ST019,QAR,PRK.1436,Reg Cup Milky Ice Cream,21,231,207.9,11
06/01/2022,GRA,ST019,QAR,PRK.1438,Mini Cup Milky Ice C/Top,18,252,226.8,14
06/01/2022,GRA,ST019,QAR,PRK.1439,Reg Cup Milky Ice Cre/Top,26,26,23.4,1
06/01/2022,GRA,ST019,QAR,PRK.1440,Lrge Cup Milky Ice Cr/Top,30,30,27,1
06/01/2022,GRA,ST019,QAR,PRK.1471,NOODLES BOWL,45,1800,1620,40
06/01/2022,GRA,ST019,QAR,PRK.1472,CHICKEN CURRY & RICE,48,2640,2376,55
06/01/2022,GRA,ST019,QAR,PRK.1473,BEEF STROGANOFF,50,2150,1935,43
06/01/2022,GRA,ST019,QAR,PRK.1501,pomegranate,3,15,13.5,5
06/01/2022,GRA,ST019,QAR,PRK.1502,Strawberry,3,12,10.8,4
06/01/2022,GRA,ST019,QAR,PRK.1507,Crispy Crepe,3,6,5.4,2
06/01/2022,GRA,ST019,QAR,PRK.1508,Granola,3,27,24.3,9
06/01/2022,GRA,ST019,QAR,PRK.1520,Mixed Berries Sauce,3,3,2.7,1
06/01/2022,GRA,ST019,QAR,PRK.1521,Mango Sauce,3,3,2.7,1
06/01/2022,GRA,ST019,QAR,PRK.1531,Power Shake,35,245,220.5,7
06/01/2022,GRA,ST019,QAR,PRK.1532,Peanut Power Shake,35,175,157.5,5
06/01/2022,GRA,ST019,QAR,PRK.1533,Pre-workout protein shak,45,90,81,2
06/01/2022,GRA,ST019,QAR,PRK.1534,Choco Power Shake,35,35,31.5,1
06/01/2022,GRA,ST019,QAR,PRK.1536,Energizer protine Shakes,45,1035,931.5,23
06/01/2022,GRA,ST019,QAR,PRK.1538,Pre-workout shake,35,35,31.5,1
06/01/2022,GRA,ST019,QAR,PRK.1540,Energizer shakes,35,735,661.5,21
06/01/2022,GRA,ST019,QAR,PRK.1545,14oz Energizer protine,40,160,144,4
06/01/2022,GRA,ST019,QAR,PRK.1548,14oz Energizer shakes,30,180,162,6
06/01/2022,GRA,ST019,QAR,PRK.1550,Extra Protein,10,60,54,6
06/01/2022,GRA,ST019,QAR,PRK.1587,Supersize,45,90,81,2
06/01/2022,GRA,ST019,QAR,PRK.1621,Orange loaf,12,1296,1166.4,108
06/01/2022,GRA,ST019,QAR,PRK.1623,Brownie flavour cookies,10,3870,3483,387
06/01/2022,GRA,ST019,QAR,PRK.1626,Cinnamon Roll,13,1105,994.500000000001,85
06/01/2022,GRA,ST019,QAR,PRK.1627,Custard Raisin Roll,14,476,428.4,34
06/01/2022,GRA,ST019,QAR,PRK.1628,Brownie bites,13,1053,947.700000000001,81
06/01/2022,GRA,ST019,QAR,PRK.1632,Turkey cheese roll,19,1197,1077.3,63
06/01/2022,GRA,ST019,QAR,PRK.1633,Spinach feta roll,18,1260,1134,70
06/01/2022,GRA,ST019,QAR,PRK.1651,■PB & Jam sourdough bread,18,882,793.800000000001,49
06/01/2022,GRA,ST019,QAR,PRK.1652,■Italian Poached Eggs,32,544,489.6,17
06/01/2022,GRA,ST019,QAR,PRK.1655,Graze Oatmeal,30,9180,8262,306
06/01/2022,GRA,ST019,QAR,PRK.1681,Salted Caramel Mocha,24,312,280.8,13
06/01/2022,GRA,ST019,QAR,PRK.1682,■Matcha Frappe,26,1196,1076.4,46
06/01/2022,GRA,ST019,QAR,PRK.1711,Pomegranate Pot,18,1314,1182.6,73
06/01/2022,GRA,ST019,QAR,PRK.1712,Mango Peach Muesli Pot,24,1920,1728,80
06/01/2022,GRA,ST019,QAR,PRK.1713,Overnight oats PB&Jam,25,2225,2002.5,89
06/01/2022,GRA,ST019,QAR,PRK.1741,Spicy Tuna sandwich,26,4264,3837.60000000001,164
06/01/2022,GRA,ST019,QAR,PRK.1742,Three cheese,22,3916,3524.40000000001,178
06/01/2022,GRA,ST019,QAR,PRK.1743,Falafel and Labna,25,1525,1372.5,61
06/01/2022,GRA,ST019,QAR,PRK.1746,GRAZE CLUB SANDWICH,42,3948,3553.20000000001,94
06/01/2022,GRA,ST019,QAR,PRK.1747,BEEF BURGER,35,1190,1071,34
06/01/2022,GRA,ST019,QAR,PRK.1771,Pistachio Arabeshi,5,120,108,24
06/01/2022,GRA,ST019,QAR,PRK.1772,Fresh Raspberry,5,90,81,18
06/01/2022,GRA,ST019,QAR,PRK.1773,Fresh blueberry,5,75,67.5,15
06/01/2022,GRA,ST019,QAR,PRK.1774,Chocolate Flakes,5,20,18,4
06/01/2022,GRA,ST019,QAR,PRK.1775,Honey Comb,5,85,76.5,17
06/01/2022,GRA,ST019,QAR,PRK.4501,Full Fat Milk,0,0,0,52
06/01/2022,GRA,ST019,QAR,PRK.4502,Low Fat Milk,0,0,0,397
06/01/2022,GRA,ST019,QAR,PRK.4503,Almond Milk,2,364,327.600000000001,182
06/01/2022,GRA,ST019,QAR,PRK.4504,Soya Milk,2,78,70.1999999999999,39
06/01/2022,GRA,ST019,QAR,PRK.4505,Less Sweet,0,0,0,8
06/01/2022,GRA,ST019,QAR,PRK.4506,More Sweet,0,0,0,1
06/01/2022,GRA,ST019,QAR,PRK.4507,Half Shot,0,0,0,13
06/01/2022,GRA,ST019,QAR,PRK.4508,Single Shot,0,0,0,38
06/01/2022,GRA,ST019,QAR,PRK.4509,Double Shot,0,0,0,94
06/01/2022,GRA,ST019,QAR,PRK.4511,More Hot,0,0,0,43
06/01/2022,GRA,ST019,QAR,PRK.4516,Decaf,0,0,0,51
06/01/2022,GRA,ST019,QAR,PRK.4517,Vanilla Flavor,0,0,0,31
06/01/2022,GRA,ST019,QAR,PRK.4518,Chocolate Flavor,0,0,0,1
06/01/2022,GRA,ST019,QAR,PRK.4519,caramel flavor,0,0,0,30
06/01/2022,GRA,ST019,QAR,PRK.4520,hazelnut flavor,0,0,0,3
06/01/2022,GRA,ST019,QAR,PRK.4531,w/ Granola,0,0,0,16
06/01/2022,GRA,ST019,QAR,PRK.4533,w/ Pretzel,0,0,0,1
06/01/2022,GRA,ST019,QAR,PRK.4534,w/ Coconut Flakes,0,0,0,3
06/01/2022,GRA,ST019,QAR,PRK.4535,w/ Crispy Crepe,0,0,0,40
06/01/2022,GRA,ST019,QAR,PRK.4537,w/ Mixed Berries Sauce,0,0,0,4
06/01/2022,GRA,ST019,QAR,PRK.4541,w/ Strawberry,0,0,0,11
06/01/2022,GRA,ST019,QAR,PRK.4543,w/ Salted Caramel,0,0,0,13
06/01/2022,GRA,ST019,QAR,PRK.4544,w/ Pomegranate,0,0,0,30
06/01/2022,GRA,ST019,QAR,PRK.4549,w/ Mango Sauce,0,0,0,6
06/01/2022,GRA,ST019,QAR,PRK.4550,w/ Mango,0,0,0,41
06/01/2022,GRA,ST019,QAR,PRK.4556,w/Kiwi Fruit,0,0,0,2
06/01/2022,GRA,ST019,QAR,PRK.4558,w/Fresh Pineapple,0,0,0,8
06/01/2022,GRA,ST019,QAR,PRK.4561,MIXED FROZEN YOGURT,0,0,0,3
06/01/2022,GRA,ST019,QAR,PRK.4562,MIXED MANGO YOGURT,0,0,0,12
