DATE,BRANCHCODE,WAREHOUSECODE,CURRENCY,ERPCODE,ITEMNAME,RAWPRICE,GROSSAMT,NETVALUE,QTYSOLD
12/01/2022,GRA,ST019,QAR,PRK.902,Granola,55,440,396,8
12/01/2022,GRA,ST019,QAR,PRK.903,Graze Spicy  Mix,55,55,49.5,1
12/01/2022,GRA,ST019,QAR,PRK.904,Graze House Mix,55,110,99,2
12/01/2022,GRA,ST019,QAR,PRK.907,Zaatar Chips,6,48,43.2,8
12/01/2022,GRA,ST019,QAR,PRK.909,Spicy Pesto Chips,6,24,21.6,4
12/01/2022,GRA,ST019,QAR,PRK.910,Graze Spicy Mix Sml,25,75,67.5,3
12/01/2022,GRA,ST019,QAR,PRK.911,Graze House Mix Sml,25,50,45,2
12/01/2022,GRA,ST019,QAR,PRK.962,Extra flavor,3,117,105.3,39
12/01/2022,GRA,ST019,QAR,PRK.994,Crsnt w Egg/Avaca/ SunTom,24,5040,4535.99999999999,210
12/01/2022,GRA,ST019,QAR,PRK.995,Egg Burrito,20,2060,1854,103
12/01/2022,GRA,ST019,QAR,PRK.996,Blueberry Granola parfait,25,1750,1575,70
12/01/2022,GRA,ST019,QAR,PRK.997,Yog Dates Chia Pista Alm,22,1430,1287,65
12/01/2022,GRA,ST019,QAR,PRK.1003,Cheese Croissant,16,176,158.4,11
12/01/2022,GRA,ST019,QAR,PRK.1007,Zatar Croissant,16,640,576,40
12/01/2022,GRA,ST019,QAR,PRK.1008,Chocolate Croissant,16,96,86.4,6
12/01/2022,GRA,ST019,QAR,PRK.1010,Tomato Puff Pastry,16,736,662.399999999999,46
12/01/2022,GRA,ST019,QAR,PRK.1012,Three Berry Yogurt & Date,25,650,585,26
12/01/2022,GRA,ST019,QAR,PRK.1015,Kiri Cheese Danish,14,924,831.600000000001,66
12/01/2022,GRA,ST019,QAR,PRK.1016,Plain Croissant,10,300,270,30
12/01/2022,GRA,ST019,QAR,PRK.1020,Almond Croissant,16,464,417.6,29
12/01/2022,GRA,ST019,QAR,PRK.1021,Shirazi Salad,12,156,140.4,13
12/01/2022,GRA,ST019,QAR,PRK.1023,Falafel Salad,45,1935,1741.5,43
12/01/2022,GRA,ST019,QAR,PRK.1024,Quinoa Swt potato Salad,40,480,432,12
12/01/2022,GRA,ST019,QAR,PRK.1027,Mex Chkn Chilli Bean Sld,40,920,828,23
12/01/2022,GRA,ST019,QAR,PRK.1029,Burrata Salad,50,150,135,3
12/01/2022,GRA,ST019,QAR,PRK.1031,Teriyaki GRAZE Salmn,55,2475,2227.5,45
12/01/2022,GRA,ST019,QAR,PRK.1039,Keto Chicken Salad,40,1760,1584,44
12/01/2022,GRA,ST019,QAR,PRK.1046,Greek Salad,30,870,783,29
12/01/2022,GRA,ST019,QAR,PRK.1048,Mexican  Caesar Salad chk,39,1755,1579.5,45
12/01/2022,GRA,ST019,QAR,PRK.1049,ROCCA SALAD,22,264,237.6,12
12/01/2022,GRA,ST019,QAR,PRK.1052,Smoke Turkey Sandwich,34,3400,3059.99999999999,100
12/01/2022,GRA,ST019,QAR,PRK.1054,lemon&Rosemary Chkn,36,4824,4341.6,134
12/01/2022,GRA,ST019,QAR,PRK.1057,Steak & Philly Chz SW,32,1824,1641.6,57
12/01/2022,GRA,ST019,QAR,PRK.1063,Egg Mayo with Rocket,20,1060,954,53
12/01/2022,GRA,ST019,QAR,PRK.1068,Crispy Chicken Bun,24,624,561.6,26
12/01/2022,GRA,ST019,QAR,PRK.1070,Chicken Pesto & Mozzarell,32,1952,1756.8,61
12/01/2022,GRA,ST019,QAR,PRK.1075,Avocado Toast,40,1200,1080,30
12/01/2022,GRA,ST019,QAR,PRK.1077,Spicy Halloumi,38,3154,2838.6,83
12/01/2022,GRA,ST019,QAR,PRK.1078,Graze Breakfast (egg box),32,1760,1584,55
12/01/2022,GRA,ST019,QAR,PRK.1083,Chkn Soup,19,285,256.5,15
12/01/2022,GRA,ST019,QAR,PRK.1087,Lentil Soup,20,360,324,18
12/01/2022,GRA,ST019,QAR,PRK.1089,Vegetable soup,16,304,273.6,19
12/01/2022,GRA,ST019,QAR,PRK.1113,Chkn Katsu Curry,45,810,729,18
12/01/2022,GRA,ST019,QAR,PRK.1115,Mushroom Pasta,40,480,432,12
12/01/2022,GRA,ST019,QAR,PRK.1118,Steak With Mushroom Sauce,45,1305,1174.5,29
12/01/2022,GRA,ST019,QAR,PRK.1119,Chicken Biryani,45,1845,1660.5,41
12/01/2022,GRA,ST019,QAR,PRK.1121,Chinese Sesame Chicken,40,1640,1476,41
12/01/2022,GRA,ST019,QAR,PRK.1127,Rock Shrimp,45,720,648,16
12/01/2022,GRA,ST019,QAR,PRK.1133,Lamb  Kabsa,45,1575,1417.5,35
12/01/2022,GRA,ST019,QAR,PRK.1140,Chicken Curry & Saffron r,43,946,851.4,22
12/01/2022,GRA,ST019,QAR,PRK.1141,CRAB BOWL,28,84,75.6,3
12/01/2022,GRA,ST019,QAR,PRK.1145,Yoghurt & Cucumber dip,12,192,172.8,16
12/01/2022,GRA,ST019,QAR,PRK.1146,Spicy Guacamole Pot,13,169,152.1,13
12/01/2022,GRA,ST019,QAR,PRK.1149,Edamame Pot,12,60,54,5
12/01/2022,GRA,ST019,QAR,PRK.1155,Classic hummus pot,18,18,16.2,1
12/01/2022,GRA,ST019,QAR,PRK.1159,Greek Tabbouleh,20,120,108,6
12/01/2022,GRA,ST019,QAR,PRK.1160,Egg pot,16,592,532.8,37
12/01/2022,GRA,ST019,QAR,PRK.1161,Labneh Beetroot,12,48,43.2,4
12/01/2022,GRA,ST019,QAR,PRK.1173,Choco Chia Energy Ball,30,300,270,10
12/01/2022,GRA,ST019,QAR,PRK.1175,Pecan Bars,14,252,226.8,18
12/01/2022,GRA,ST019,QAR,PRK.1177,Carrot Cake,15,210,189,14
12/01/2022,GRA,ST019,QAR,PRK.1181,Green Apple,2,2,1.8,1
12/01/2022,GRA,ST019,QAR,PRK.1182,Red Apple,2,22,19.8,11
12/01/2022,GRA,ST019,QAR,PRK.1183,Bannana,2,238,214.2,119
12/01/2022,GRA,ST019,QAR,PRK.1184,Watermelon,18,936,842.400000000001,52
12/01/2022,GRA,ST019,QAR,PRK.1185,Pineapplemix,18,576,518.4,32
12/01/2022,GRA,ST019,QAR,PRK.1186,Mixed Berries,22,1122,1009.8,51
12/01/2022,GRA,ST019,QAR,PRK.1194,Lotus Cheesecake,15,360,324,24
12/01/2022,GRA,ST019,QAR,PRK.1196,Chia Blueberry Yodurt,24,624,561.6,26
12/01/2022,GRA,ST019,QAR,PRK.1203,Iced Spanish Latte,20,220,198,11
12/01/2022,GRA,ST019,QAR,PRK.1204,Iced Latte,18,126,113.4,7
12/01/2022,GRA,ST019,QAR,PRK.1205,Iced Americano,15,240,216,16
12/01/2022,GRA,ST019,QAR,PRK.1234,Pepperoni Pizza small,40,40,36,1
12/01/2022,GRA,ST019,QAR,PRK.1236,BBQ chicken Pizza small,35,70,63,2
12/01/2022,GRA,ST019,QAR,PRK.1262,Highland Still,5,205,184.5,41
12/01/2022,GRA,ST019,QAR,PRK.1265,Perrier Sparkling,9,342,307.8,38
12/01/2022,GRA,ST019,QAR,PRK.1291,Coke,5,95,85.5,19
12/01/2022,GRA,ST019,QAR,PRK.1292,Diet Coke,5,230,207,46
12/01/2022,GRA,ST019,QAR,PRK.1351,Espresso Single,12,492,442.8,41
12/01/2022,GRA,ST019,QAR,PRK.1352,Macchiato,18,666,599.4,37
12/01/2022,GRA,ST019,QAR,PRK.1353,Americano Hot,15,4680,4212,312
12/01/2022,GRA,ST019,QAR,PRK.1354,Flat White Hot,18,3762,3385.79999999999,209
12/01/2022,GRA,ST019,QAR,PRK.1355,Cappucino,18,3294,2964.6,183
12/01/2022,GRA,ST019,QAR,PRK.1356,Cortado,18,3708,3337.19999999999,206
12/01/2022,GRA,ST019,QAR,PRK.1358,Spanish Latte,20,2080,1872,104
12/01/2022,GRA,ST019,QAR,PRK.1359,Classic Mocha,25,75,67.5,3
12/01/2022,GRA,ST019,QAR,PRK.1360,Slated Caramel Mocha,25,400,360,16
12/01/2022,GRA,ST019,QAR,PRK.1362,Double Espresso,14,1442,1297.8,103
12/01/2022,GRA,ST019,QAR,PRK.1363,Latte Hot,18,5814,5232.59999999997,323
12/01/2022,GRA,ST019,QAR,PRK.1364,English B/F,12,144,129.6,12
12/01/2022,GRA,ST019,QAR,PRK.1365,Green Tea,12,24,21.6,2
12/01/2022,GRA,ST019,QAR,PRK.1366,Earl Grey,12,12,10.8,1
12/01/2022,GRA,ST019,QAR,PRK.1367,Pepper Mint,12,108,97.2,9
12/01/2022,GRA,ST019,QAR,PRK.1368,Lemon Grass/ Ginger,12,168,151.2,14
12/01/2022,GRA,ST019,QAR,PRK.1371,Chamomile,12,24,21.6,2
12/01/2022,GRA,ST019,QAR,PRK.1372,Hot Cocoa,24,336,302.4,14
12/01/2022,GRA,ST019,QAR,PRK.1373,Hibiscus Iced tea,18,432,388.8,24
12/01/2022,GRA,ST019,QAR,PRK.1374,Peach Iced Tea,18,342,307.8,19
12/01/2022,GRA,ST019,QAR,PRK.1375,Matcha Latte,25,50,45,2
12/01/2022,GRA,ST019,QAR,PRK.1376,Cinnamon Latte,25,150,135,6
12/01/2022,GRA,ST019,QAR,PRK.1377,Fresh Milk,10,30,27,3
12/01/2022,GRA,ST019,QAR,PRK.1386,Orange Juice,22,2574,2316.6,117
12/01/2022,GRA,ST019,QAR,PRK.1387,Carrot Juice,22,990,890.999999999999,45
12/01/2022,GRA,ST019,QAR,PRK.1390,Morning Boost,24,936,842.400000000001,39
12/01/2022,GRA,ST019,QAR,PRK.1392,Immune Boost,22,616,534.6,28
12/01/2022,GRA,ST019,QAR,PRK.1396,Ginger Aid Shot,18,2304,2073.6,128
12/01/2022,GRA,ST019,QAR,PRK.1402,Laban Drink,18,522,469.8,29
12/01/2022,GRA,ST019,QAR,PRK.1404,Green Boost Juice,24,912,820.800000000001,38
12/01/2022,GRA,ST019,QAR,PRK.1406,Beetroot & Apple Juice,20,840,756,42
12/01/2022,GRA,ST019,QAR,PRK.1409,Turmeric wellness shot,16,1008,907.199999999999,63
12/01/2022,GRA,ST019,QAR,PRK.1412, Mini Cup Yogurt,14,42,37.8,3
12/01/2022,GRA,ST019,QAR,PRK.1413,Regular Cup Yogurt,21,84,75.6,4
12/01/2022,GRA,ST019,QAR,PRK.1418, Mini Cup Yogurt/Topping,18,54,48.6,3
12/01/2022,GRA,ST019,QAR,PRK.1419,Reg Cup Yogurt/Toping,26,130,117,5
12/01/2022,GRA,ST019,QAR,PRK.1429,Mini Mango Ice Cream,14,210,189,15
12/01/2022,GRA,ST019,QAR,PRK.1430,Regular Mango Ice Cream,21,147,132.3,7
12/01/2022,GRA,ST019,QAR,PRK.1432,Mini Mango Ice Cream/Topp,18,108,97.2,6
12/01/2022,GRA,ST019,QAR,PRK.1433,Reg Mango Ice cream/Topp,26,78,70.2,3
12/01/2022,GRA,ST019,QAR,PRK.1472,CHICKEN CURRY & RICE,48,336,302.4,7
12/01/2022,GRA,ST019,QAR,PRK.1474,Spaghetti Bolognese,45,585,526.5,13
12/01/2022,GRA,ST019,QAR,PRK.1475,Salmon with Cilantro Rice,65,1755,1521,27
12/01/2022,GRA,ST019,QAR,PRK.1476,Chicken Noodle Bowl,40,760,684,19
12/01/2022,GRA,ST019,QAR,PRK.1501,pomegranate,3,12,10.8,4
12/01/2022,GRA,ST019,QAR,PRK.1502,Strawberry,3,18,16.2,6
12/01/2022,GRA,ST019,QAR,PRK.1507,Crispy Crepe,3,33,29.7,11
12/01/2022,GRA,ST019,QAR,PRK.1508,Granola,3,69,62.1,23
12/01/2022,GRA,ST019,QAR,PRK.1523,Peanut Butter Sauce,3,60,54,20
12/01/2022,GRA,ST019,QAR,PRK.1532,Peanut Power Shake,35,105,94.5,3
12/01/2022,GRA,ST019,QAR,PRK.1536,Energizer protine Shakes,45,90,81,2
12/01/2022,GRA,ST019,QAR,PRK.1545,14oz Energizer protine,40,120,108,3
12/01/2022,GRA,ST019,QAR,PRK.1548,14oz Energizer shakes,30,30,27,1
12/01/2022,GRA,ST019,QAR,PRK.1550,Extra Protein,10,40,36,4
12/01/2022,GRA,ST019,QAR,PRK.1581,Mini coconut frz yog I/C,14,56,50.4,4
12/01/2022,GRA,ST019,QAR,PRK.1584,Mini coconut frz yog top,18,18,16.2,1
12/01/2022,GRA,ST019,QAR,PRK.1586,Large coconut frz yog Top,30,30,27,1
12/01/2022,GRA,ST019,QAR,PRK.1588,Acai Small,35,945,850.5,27
12/01/2022,GRA,ST019,QAR,PRK.1589,Acai Large,40,280,252,7
12/01/2022,GRA,ST019,QAR,PRK.1590,Peanut Choco Ice Cream,30,240,216,8
12/01/2022,GRA,ST019,QAR,PRK.1621,Orange loaf,12,588,529.2,49
12/01/2022,GRA,ST019,QAR,PRK.1623,Brownie flavour cookies,10,560,504,56
12/01/2022,GRA,ST019,QAR,PRK.1626,Cinnamon Roll,13,377,339.3,29
12/01/2022,GRA,ST019,QAR,PRK.1628,Brownie bites,13,533,479.7,41
12/01/2022,GRA,ST019,QAR,PRK.1632,Turkey cheese roll,19,361,324.9,19
12/01/2022,GRA,ST019,QAR,PRK.1633,Spinach feta roll,18,450,405,25
12/01/2022,GRA,ST019,QAR,PRK.1634,Madeleine,12,984,874.799999999999,82
12/01/2022,GRA,ST019,QAR,PRK.1635,Poppy Lemon seeds,12,564,507.6,47
12/01/2022,GRA,ST019,QAR,PRK.1651,■PB & Jam sourdough bread,18,486,437.4,27
12/01/2022,GRA,ST019,QAR,PRK.1655,Graze Oatmeal,30,7620,6858,254
12/01/2022,GRA,ST019,QAR,PRK.1682,■Matcha Frappe,26,312,283.4,12
12/01/2022,GRA,ST019,QAR,PRK.1711,Pomegranate Pot,18,288,259.2,16
12/01/2022,GRA,ST019,QAR,PRK.1712,Mango Peach Muesli Pot,24,624,561.6,26
12/01/2022,GRA,ST019,QAR,PRK.1713,Overnight oats PB&Jam,25,1300,1170,52
12/01/2022,GRA,ST019,QAR,PRK.1741,Spicy Tuna sandwich,26,2028,1827.8,78
12/01/2022,GRA,ST019,QAR,PRK.1742,Three cheese,22,1144,1029.6,52
12/01/2022,GRA,ST019,QAR,PRK.1743,Falafel and Labna,25,725,652.5,29
12/01/2022,GRA,ST019,QAR,PRK.1747,BEEF BURGER,35,280,252,8
12/01/2022,GRA,ST019,QAR,PRK.1748,Chicken Shawarma,18,882,793.800000000001,49
12/01/2022,GRA,ST019,QAR,PRK.1749,Tenderloin Beef Shawarma,22,814,732.6,37
12/01/2022,GRA,ST019,QAR,PRK.1750,Cream Cheese Roll,9,1323,1190.7,147
12/01/2022,GRA,ST019,QAR,PRK.1751,Egg Mayo Roll,9,1719,1547.1,191
12/01/2022,GRA,ST019,QAR,PRK.1771,Pistachio Arabeshi,5,355,319.5,71
12/01/2022,GRA,ST019,QAR,PRK.1772,Fresh Raspberry,5,120,108,24
12/01/2022,GRA,ST019,QAR,PRK.1773,Fresh blueberry,5,65,58.5,13
12/01/2022,GRA,ST019,QAR,PRK.1774,Chocolate Flakes,5,5,4.5,1
12/01/2022,GRA,ST019,QAR,PRK.1776,Milk powder,3,3,2.7,1
12/01/2022,GRA,ST019,QAR,PRK.4501,Full Fat Milk,0,0,0,2
12/01/2022,GRA,ST019,QAR,PRK.4502,Low Fat Milk,0,0,0,44
12/01/2022,GRA,ST019,QAR,PRK.4503,Almond Milk,2,146,131.6,73
12/01/2022,GRA,ST019,QAR,PRK.4504,Soya Milk,2,48,43.2,24
12/01/2022,GRA,ST019,QAR,PRK.4508,Single Shot,0,0,0,3
12/01/2022,GRA,ST019,QAR,PRK.4509,Double Shot,0,0,0,23
12/01/2022,GRA,ST019,QAR,PRK.4511,More Hot,0,0,0,2
12/01/2022,GRA,ST019,QAR,PRK.4516,Decaf,0,0,0,39
12/01/2022,GRA,ST019,QAR,PRK.4517,Vanilla Flavor,0,0,0,15
12/01/2022,GRA,ST019,QAR,PRK.4519,caramel flavor,0,0,0,10
12/01/2022,GRA,ST019,QAR,PRK.4520,hazelnut flavor,0,0,0,4
12/01/2022,GRA,ST019,QAR,PRK.4521,Oat Milk,2,32,28.8,16
12/01/2022,GRA,ST019,QAR,PRK.4523,Coconut Milk,2,8,7.2,4
12/01/2022,GRA,ST019,QAR,PRK.4535,w/ Crispy Crepe,0,0,0,1
12/01/2022,GRA,ST019,QAR,PRK.4541,w/ Strawberry,0,0,0,2
12/01/2022,GRA,ST019,QAR,PRK.4543,w/ Salted Caramel,0,0,0,1
12/01/2022,GRA,ST019,QAR,PRK.4544,w/ Pomegranate,0,0,0,4
12/01/2022,GRA,ST019,QAR,PRK.4550,w/ Mango,0,0,0,4
12/01/2022,GRA,ST019,QAR,PRK.4551,w/ Peanut Butter Sauce,0,0,0,1
12/01/2022,GRA,ST019,QAR,PRK.4561,MIXED FROZEN YOGURT,0,0,0,4
12/01/2022,GRA,ST019,QAR,PRK.4562,MIXED MANGO YOGURT,0,0,0,2
