DATE,BRANCHCODE,WAREHOUSECODE,CURRENCY,ERPCODE,ITEMNAME,RAWPRICE,GROSSAMT,NETVALUE,QTYSOLD
05/01/2022,GRA,ST019,QAR,PRK.902,Granola,55,330,297,6
05/01/2022,GRA,ST019,QAR,PRK.903,Graze Spicy  Mix,55,55,49.5,1
05/01/2022,GRA,ST019,QAR,PRK.904,Graze House Mix,55,440,396,8
05/01/2022,GRA,ST019,QAR,PRK.907,Zaatar Chips,6,378,340.2,63
05/01/2022,GRA,ST019,QAR,PRK.909,Spicy Pesto Chips,6,324,291.6,54
05/01/2022,GRA,ST019,QAR,PRK.910,Graze Spicy Mix Sml,25,450,405,18
05/01/2022,GRA,ST019,QAR,PRK.911,Graze House Mix Sml,25,1350,1215,54
05/01/2022,GRA,ST019,QAR,PRK.961,Extra cheese,5,45,40.5,9
05/01/2022,GRA,ST019,QAR,PRK.962,Extra flavor,3,174,156.6,58
05/01/2022,GRA,ST019,QAR,PRK.963,Crispy bread,2,16,14.4,8
05/01/2022,GRA,ST019,QAR,PRK.964,Homemade Arabic Bread PKt,2,2,1.8,1
05/01/2022,GRA,ST019,QAR,PRK.994,Crsnt w Egg/Avaca/ SunTom,24,4512,4060.79999999999,188
05/01/2022,GRA,ST019,QAR,PRK.995,Egg Burrito,20,1920,1728,96
05/01/2022,GRA,ST019,QAR,PRK.996,Blueberry Granola parfait,25,3500,3150,140
05/01/2022,GRA,ST019,QAR,PRK.997,Yog Dates Chia Pista Alm,22,3630,3267.00000000001,165
05/01/2022,GRA,ST019,QAR,PRK.1003,Cheese Croissant,16,464,417.6,29
05/01/2022,GRA,ST019,QAR,PRK.1007,Zatar Croissant,16,928,835.199999999999,58
05/01/2022,GRA,ST019,QAR,PRK.1008,Chocolate Croissant,16,400,360,25
05/01/2022,GRA,ST019,QAR,PRK.1010,Tomato Puff Pastry,16,1632,1468.8,102
05/01/2022,GRA,ST019,QAR,PRK.1012,Three Berry Yogurt & Date,25,1825,1642.5,73
05/01/2022,GRA,ST019,QAR,PRK.1015,Kiri Cheese Danish,14,1302,1171.8,93
05/01/2022,GRA,ST019,QAR,PRK.1016,Plain Croissant,10,840,756,84
05/01/2022,GRA,ST019,QAR,PRK.1020,Almond Croissant,16,752,676.799999999999,47
05/01/2022,GRA,ST019,QAR,PRK.1021,Shirazi Salad,12,564,507.6,47
05/01/2022,GRA,ST019,QAR,PRK.1023,Falafel Salad,35,1435,1291.5,41
05/01/2022,GRA,ST019,QAR,PRK.1024,Quinoa Swt potato Salad,40,1680,1512,42
05/01/2022,GRA,ST019,QAR,PRK.1027,Mex Chkn Chilli Bean Sld,40,3480,3132,87
05/01/2022,GRA,ST019,QAR,PRK.1029,Burrata Salad,50,1900,1710,38
05/01/2022,GRA,ST019,QAR,PRK.1031,Teriyaki GRAZE Salmn,55,4730,4257,86
05/01/2022,GRA,ST019,QAR,PRK.1034,BBQ Chick Peas,38,1292,1162.8,34
05/01/2022,GRA,ST019,QAR,PRK.1039,Keto Chicken Salad,40,6000,5400,150
05/01/2022,GRA,ST019,QAR,PRK.1044,Southern Chicken Salad,45,1890,1701,42
05/01/2022,GRA,ST019,QAR,PRK.1047,Chicken Noodle Salad,40,40,36,1
05/01/2022,GRA,ST019,QAR,PRK.1048,Mexican  Caesar Salad chk,39,6630,5967.00000000001,170
05/01/2022,GRA,ST019,QAR,PRK.1049,ROCCA SALAD,22,1034,930.599999999999,47
05/01/2022,GRA,ST019,QAR,PRK.1052,Smoke Turkey Sandwich,34,8092,7282.80000000003,238
05/01/2022,GRA,ST019,QAR,PRK.1054,lemon&Rosemary Chkn,36,8748,7873.19999999997,243
05/01/2022,GRA,ST019,QAR,PRK.1057,Steak & Philly Chz SW,32,3424,3081.6,107
05/01/2022,GRA,ST019,QAR,PRK.1063,Egg Mayo with Rocket,20,2360,2124,118
05/01/2022,GRA,ST019,QAR,PRK.1068,Crispy Chicken Bun,24,1656,1490.4,69
05/01/2022,GRA,ST019,QAR,PRK.1069,Spicy Courgette Falafel W,24,1440,1296,60
05/01/2022,GRA,ST019,QAR,PRK.1070,Chicken Pesto & Mozzarell,32,5248,4723.20000000001,164
05/01/2022,GRA,ST019,QAR,PRK.1075,Avocado Toast,40,2080,1872,52
05/01/2022,GRA,ST019,QAR,PRK.1077,Spicy Halloumi,38,4978,4480.19999999999,131
05/01/2022,GRA,ST019,QAR,PRK.1078,Graze Breakfast (egg box),32,1120,1008,35
05/01/2022,GRA,ST019,QAR,PRK.1079,Smoked Salmon Sandwich,35,70,63,2
05/01/2022,GRA,ST019,QAR,PRK.1083,Chkn Soup,19,950,855.000000000001,50
05/01/2022,GRA,ST019,QAR,PRK.1086,Lamb Soup,28,448,403.2,16
05/01/2022,GRA,ST019,QAR,PRK.1087,Lentil Soup,20,1120,1008,56
05/01/2022,GRA,ST019,QAR,PRK.1111,Penne Bolognese,50,1300,1170,26
05/01/2022,GRA,ST019,QAR,PRK.1113,Chkn Katsu Curry,45,1980,1782,44
05/01/2022,GRA,ST019,QAR,PRK.1115,Mushroom Pasta,40,1680,1512,42
05/01/2022,GRA,ST019,QAR,PRK.1118,Steak With Mushroom Sauce,45,2565,2308.5,57
05/01/2022,GRA,ST019,QAR,PRK.1119,Chicken Biryani,45,4005,3604.5,89
05/01/2022,GRA,ST019,QAR,PRK.1121,Chinese Sesame Chicken,40,3160,2844,79
05/01/2022,GRA,ST019,QAR,PRK.1127,Rock Shrimp,45,2115,1903.5,47
05/01/2022,GRA,ST019,QAR,PRK.1133,Lamb  Kabsa,45,3105,2794.5,69
05/01/2022,GRA,ST019,QAR,PRK.1140,Chicken Curry & Saffron r,43,3784,3405.6,88
05/01/2022,GRA,ST019,QAR,PRK.1141,CRAB BOWL,28,532,478.8,19
05/01/2022,GRA,ST019,QAR,PRK.1145,Yoghurt & Cucumber dip,12,504,453.6,42
05/01/2022,GRA,ST019,QAR,PRK.1146,Spicy Guacamole Pot,13,351,315.9,27
05/01/2022,GRA,ST019,QAR,PRK.1149,Edamame Pot,12,192,172.8,16
05/01/2022,GRA,ST019,QAR,PRK.1155,Classic hummus pot,18,180,162,10
05/01/2022,GRA,ST019,QAR,PRK.1159,Greek Tabbouleh,20,560,504,28
05/01/2022,GRA,ST019,QAR,PRK.1160,Egg pot,16,240,216,15
05/01/2022,GRA,ST019,QAR,PRK.1173,Choco Chia Energy Ball,30,750,675,25
05/01/2022,GRA,ST019,QAR,PRK.1175,Pecan Bars,14,546,491.4,39
05/01/2022,GRA,ST019,QAR,PRK.1177,Carrot Cake,15,480,432,32
05/01/2022,GRA,ST019,QAR,PRK.1178,Sweet Potatoe Choco Cake,15,300,270,20
05/01/2022,GRA,ST019,QAR,PRK.1180,Tropical Fruits,18,558,502.2,31
05/01/2022,GRA,ST019,QAR,PRK.1181,Green Apple,2,78,70.2,39
05/01/2022,GRA,ST019,QAR,PRK.1182,Red Apple,2,76,68.6,38
05/01/2022,GRA,ST019,QAR,PRK.1183,Bannana,2,476,428.400000000002,238
05/01/2022,GRA,ST019,QAR,PRK.1184,Watermelon,18,2070,1863,115
05/01/2022,GRA,ST019,QAR,PRK.1185,Pineapplemix,18,1854,1668.6,103
05/01/2022,GRA,ST019,QAR,PRK.1186,Mixed Berries,22,3586,3227.40000000001,163
05/01/2022,GRA,ST019,QAR,PRK.1194,Lotus Cheesecake,15,1080,972,72
05/01/2022,GRA,ST019,QAR,PRK.1196,Chia Blueberry Yodurt,24,1608,1447.2,67
05/01/2022,GRA,ST019,QAR,PRK.1201,Iced Flat White,18,504,453.6,28
05/01/2022,GRA,ST019,QAR,PRK.1203,Iced Spanish Latte,20,460,416,23
05/01/2022,GRA,ST019,QAR,PRK.1204,Iced Latte,18,540,486,30
05/01/2022,GRA,ST019,QAR,PRK.1205,Iced Americano,15,1035,931.5,69
05/01/2022,GRA,ST019,QAR,PRK.1234,Pepperoni Pizza small,40,40,36,1
05/01/2022,GRA,ST019,QAR,PRK.1235,Margherita Pizza small,30,150,135,5
05/01/2022,GRA,ST019,QAR,PRK.1236,BBQ chicken Pizza small,35,175,157.5,5
05/01/2022,GRA,ST019,QAR,PRK.1262,Highland Still,5,475,428,95
05/01/2022,GRA,ST019,QAR,PRK.1265,Perrier Sparkling,9,1557,1401.3,173
05/01/2022,GRA,ST019,QAR,PRK.1291,Coke,5,520,468,104
05/01/2022,GRA,ST019,QAR,PRK.1292,Diet Coke,5,1285,1156.5,257
05/01/2022,GRA,ST019,QAR,PRK.1321,Mini Cup /Pina Colada,14,196,177.8,14
05/01/2022,GRA,ST019,QAR,PRK.1322,Regular Cup / Pina Colada,21,42,37.8,2
05/01/2022,GRA,ST019,QAR,PRK.1324,Mini Pina Colada/Topping,18,234,212.4,13
05/01/2022,GRA,ST019,QAR,PRK.1351,Espresso Single,12,528,476.4,44
05/01/2022,GRA,ST019,QAR,PRK.1352,Macchiato,18,414,372.6,23
05/01/2022,GRA,ST019,QAR,PRK.1353,Americano Hot,15,8250,7425,550
05/01/2022,GRA,ST019,QAR,PRK.1354,Flat White Hot,18,7614,6852.59999999995,423
05/01/2022,GRA,ST019,QAR,PRK.1355,Cappucino,18,6840,6157.79999999996,380
05/01/2022,GRA,ST019,QAR,PRK.1356,Cortado,18,3744,3371.39999999999,208
05/01/2022,GRA,ST019,QAR,PRK.1358,Spanish Latte,20,3820,3438,191
05/01/2022,GRA,ST019,QAR,PRK.1359,Classic Mocha,25,700,632.5,28
05/01/2022,GRA,ST019,QAR,PRK.1360,Slated Caramel Mocha,25,1550,1395,62
05/01/2022,GRA,ST019,QAR,PRK.1362,Double Espresso,14,1330,1197,95
05/01/2022,GRA,ST019,QAR,PRK.1363,Latte Hot,18,7740,6973.19999999995,430
05/01/2022,GRA,ST019,QAR,PRK.1364,English B/F,12,288,259.2,24
05/01/2022,GRA,ST019,QAR,PRK.1365,Green Tea,12,120,108,10
05/01/2022,GRA,ST019,QAR,PRK.1366,Earl Grey,12,84,75.6,7
05/01/2022,GRA,ST019,QAR,PRK.1367,Pepper Mint,12,48,43.2,4
05/01/2022,GRA,ST019,QAR,PRK.1368,Lemon Grass/ Ginger,12,48,43.2,4
05/01/2022,GRA,ST019,QAR,PRK.1371,Chamomile,12,36,32.4,3
05/01/2022,GRA,ST019,QAR,PRK.1372,Hot Cocoa,24,384,345.6,16
05/01/2022,GRA,ST019,QAR,PRK.1373,Hibiscus Iced tea,18,1134,1020.6,63
05/01/2022,GRA,ST019,QAR,PRK.1374,Peach Iced Tea,18,774,696.6,43
05/01/2022,GRA,ST019,QAR,PRK.1375,Matcha Latte,25,375,337.5,15
05/01/2022,GRA,ST019,QAR,PRK.1376,Cinnamon Latte,25,25,22.5,1
05/01/2022,GRA,ST019,QAR,PRK.1383,Watermelon & Coconut cool,20,900,810,45
05/01/2022,GRA,ST019,QAR,PRK.1386,Orange Juice,22,8558,7702.20000000005,389
05/01/2022,GRA,ST019,QAR,PRK.1387,Carrot Juice,22,2178,1960.2,99
05/01/2022,GRA,ST019,QAR,PRK.1390,Morning Boost,24,2016,1814.4,84
05/01/2022,GRA,ST019,QAR,PRK.1392,Immune Boost,22,1848,1663.2,84
05/01/2022,GRA,ST019,QAR,PRK.1396,Ginger Aid Shot,18,3510,3158.99999999999,195
05/01/2022,GRA,ST019,QAR,PRK.1402,Laban Drink,18,990,891.000000000001,55
05/01/2022,GRA,ST019,QAR,PRK.1404,Green Boost Juice,24,1728,1555.2,72
05/01/2022,GRA,ST019,QAR,PRK.1406,Beetroot & Apple Juice,20,2500,2250,125
05/01/2022,GRA,ST019,QAR,PRK.1407,Coconut & Pineapple Juice,24,1200,1080,50
05/01/2022,GRA,ST019,QAR,PRK.1409,Turmeric wellness shot,16,1040,935.999999999999,65
05/01/2022,GRA,ST019,QAR,PRK.1412, Mini Cup Yogurt,14,266,240.8,19
05/01/2022,GRA,ST019,QAR,PRK.1413,Regular Cup Yogurt,21,105,94.5,5
05/01/2022,GRA,ST019,QAR,PRK.1416,Large Cup Yogurt,23,92,82.8,4
05/01/2022,GRA,ST019,QAR,PRK.1418, Mini Cup Yogurt/Topping,18,216,194.4,12
05/01/2022,GRA,ST019,QAR,PRK.1419,Reg Cup Yogurt/Toping,26,104,93.6,4
05/01/2022,GRA,ST019,QAR,PRK.1422,Large Cup Yogurt/Topping,30,30,27,1
05/01/2022,GRA,ST019,QAR,PRK.1427,Reg Cup Choco /Topping,25,25,22.5,1
05/01/2022,GRA,ST019,QAR,PRK.1429,Mini Mango Ice Cream,14,798,718.200000000001,57
05/01/2022,GRA,ST019,QAR,PRK.1430,Regular Mango Ice Cream,21,252,226.8,12
05/01/2022,GRA,ST019,QAR,PRK.1431,Large Mango Ice Cream,23,23,20.7,1
05/01/2022,GRA,ST019,QAR,PRK.1432,Mini Mango Ice Cream/Topp,18,360,327.6,20
05/01/2022,GRA,ST019,QAR,PRK.1433,Reg Mango Ice cream/Topp,26,338,304.2,13
05/01/2022,GRA,ST019,QAR,PRK.1435,Mini Cup Milky Ice Cream,14,280,252,20
05/01/2022,GRA,ST019,QAR,PRK.1436,Reg Cup Milky Ice Cream,21,231,207.9,11
05/01/2022,GRA,ST019,QAR,PRK.1438,Mini Cup Milky Ice C/Top,18,198,178.2,11
05/01/2022,GRA,ST019,QAR,PRK.1439,Reg Cup Milky Ice Cre/Top,26,52,49.4,2
05/01/2022,GRA,ST019,QAR,PRK.1464,Fresh Pineapple,3,3,2.7,1
05/01/2022,GRA,ST019,QAR,PRK.1471,NOODLES BOWL,45,1170,1053,26
05/01/2022,GRA,ST019,QAR,PRK.1472,CHICKEN CURRY & RICE,48,1536,1382.4,32
05/01/2022,GRA,ST019,QAR,PRK.1473,BEEF STROGANOFF,50,1400,1260,28
05/01/2022,GRA,ST019,QAR,PRK.1501,pomegranate,3,9,8.1,3
05/01/2022,GRA,ST019,QAR,PRK.1502,Strawberry,3,9,8.1,3
05/01/2022,GRA,ST019,QAR,PRK.1505,Salted Caramel,3,3,2.7,1
05/01/2022,GRA,ST019,QAR,PRK.1507,Crispy Crepe,3,15,13.5,5
05/01/2022,GRA,ST019,QAR,PRK.1508,Granola,3,18,16.2,6
05/01/2022,GRA,ST019,QAR,PRK.1509,Coconut Flakes,3,9,8.1,3
05/01/2022,GRA,ST019,QAR,PRK.1514,Dulce de Leche,3,3,2.7,1
05/01/2022,GRA,ST019,QAR,PRK.1520,Mixed Berries Sauce,3,9,8.1,3
05/01/2022,GRA,ST019,QAR,PRK.1521,Mango Sauce,3,3,2.7,1
05/01/2022,GRA,ST019,QAR,PRK.1527,Mango,3,6,5.4,2
05/01/2022,GRA,ST019,QAR,PRK.1531,Power Shake,35,210,189,6
05/01/2022,GRA,ST019,QAR,PRK.1532,Peanut Power Shake,35,35,31.5,1
05/01/2022,GRA,ST019,QAR,PRK.1536,Energizer protine Shakes,45,450,405,10
05/01/2022,GRA,ST019,QAR,PRK.1540,Energizer shakes,35,175,157.5,5
05/01/2022,GRA,ST019,QAR,PRK.1545,14oz Energizer protine,40,80,72,2
05/01/2022,GRA,ST019,QAR,PRK.1548,14oz Energizer shakes,30,30,27,1
05/01/2022,GRA,ST019,QAR,PRK.1550,Extra Protein,10,80,72,8
05/01/2022,GRA,ST019,QAR,PRK.1587,Supersize,45,225,202.5,5
05/01/2022,GRA,ST019,QAR,PRK.1621,Orange loaf,12,1284,1155.6,107
05/01/2022,GRA,ST019,QAR,PRK.1623,Brownie flavour cookies,10,3350,3015,335
05/01/2022,GRA,ST019,QAR,PRK.1626,Cinnamon Roll,13,663,596.7,51
05/01/2022,GRA,ST019,QAR,PRK.1627,Custard Raisin Roll,14,406,365.4,29
05/01/2022,GRA,ST019,QAR,PRK.1628,Brownie bites,13,858,772.200000000001,66
05/01/2022,GRA,ST019,QAR,PRK.1632,Turkey cheese roll,19,874,786.600000000001,46
05/01/2022,GRA,ST019,QAR,PRK.1633,Spinach feta roll,18,900,810.000000000001,50
05/01/2022,GRA,ST019,QAR,PRK.1651,■PB & Jam sourdough bread,18,540,486,30
05/01/2022,GRA,ST019,QAR,PRK.1652,■Italian Poached Eggs,32,288,259.2,9
05/01/2022,GRA,ST019,QAR,PRK.1655,Graze Oatmeal,30,5820,5238,194
05/01/2022,GRA,ST019,QAR,PRK.1681,Salted Caramel Mocha,24,120,108,5
05/01/2022,GRA,ST019,QAR,PRK.1682,■Matcha Frappe,26,1144,1029.6,44
05/01/2022,GRA,ST019,QAR,PRK.1711,Pomegranate Pot,18,738,664.2,41
05/01/2022,GRA,ST019,QAR,PRK.1712,Mango Peach Muesli Pot,24,1392,1252.8,58
05/01/2022,GRA,ST019,QAR,PRK.1713,Overnight oats PB&Jam,25,2050,1845,82
05/01/2022,GRA,ST019,QAR,PRK.1741,Spicy Tuna sandwich,26,3666,3299.40000000001,141
05/01/2022,GRA,ST019,QAR,PRK.1742,Three cheese,22,3168,2851.2,144
05/01/2022,GRA,ST019,QAR,PRK.1743,Falafel and Labna,25,1325,1192.5,53
05/01/2022,GRA,ST019,QAR,PRK.1746,GRAZE CLUB SANDWICH,42,6174,5556.60000000001,147
05/01/2022,GRA,ST019,QAR,PRK.1747,BEEF BURGER,35,1365,1228.5,39
05/01/2022,GRA,ST019,QAR,PRK.1771,Pistachio Arabeshi,5,125,112.5,25
05/01/2022,GRA,ST019,QAR,PRK.1772,Fresh Raspberry,5,75,68.5,15
05/01/2022,GRA,ST019,QAR,PRK.1773,Fresh blueberry,5,60,54.5,12
05/01/2022,GRA,ST019,QAR,PRK.1774,Chocolate Flakes,5,50,45.5,10
05/01/2022,GRA,ST019,QAR,PRK.1775,Honey Comb,5,40,36,8
05/01/2022,GRA,ST019,QAR,PRK.4501,Full Fat Milk,0,0,0,41
05/01/2022,GRA,ST019,QAR,PRK.4502,Low Fat Milk,0,0,0,442
05/01/2022,GRA,ST019,QAR,PRK.4503,Almond Milk,2,284,255.600000000001,142
05/01/2022,GRA,ST019,QAR,PRK.4504,Soya Milk,2,34,30.6,17
05/01/2022,GRA,ST019,QAR,PRK.4505,Less Sweet,0,0,0,14
05/01/2022,GRA,ST019,QAR,PRK.4506,More Sweet,0,0,0,1
05/01/2022,GRA,ST019,QAR,PRK.4507,Half Shot,0,0,0,13
05/01/2022,GRA,ST019,QAR,PRK.4508,Single Shot,0,0,0,15
05/01/2022,GRA,ST019,QAR,PRK.4509,Double Shot,0,0,0,44
05/01/2022,GRA,ST019,QAR,PRK.4510,Less Hot,0,0,0,1
05/01/2022,GRA,ST019,QAR,PRK.4511,More Hot,0,0,0,51
05/01/2022,GRA,ST019,QAR,PRK.4516,Decaf,0,0,0,55
05/01/2022,GRA,ST019,QAR,PRK.4517,Vanilla Flavor,0,0,0,24
05/01/2022,GRA,ST019,QAR,PRK.4519,caramel flavor,0,0,0,22
05/01/2022,GRA,ST019,QAR,PRK.4520,hazelnut flavor,0,0,0,3
05/01/2022,GRA,ST019,QAR,PRK.4531,w/ Granola,0,0,0,14
05/01/2022,GRA,ST019,QAR,PRK.4533,w/ Pretzel,0,0,0,2
05/01/2022,GRA,ST019,QAR,PRK.4534,w/ Coconut Flakes,0,0,0,13
05/01/2022,GRA,ST019,QAR,PRK.4535,w/ Crispy Crepe,0,0,0,13
05/01/2022,GRA,ST019,QAR,PRK.4537,w/ Mixed Berries Sauce,0,0,0,3
05/01/2022,GRA,ST019,QAR,PRK.4541,w/ Strawberry,0,0,0,14
05/01/2022,GRA,ST019,QAR,PRK.4543,w/ Salted Caramel,0,0,0,8
05/01/2022,GRA,ST019,QAR,PRK.4544,w/ Pomegranate,0,0,0,17
05/01/2022,GRA,ST019,QAR,PRK.4545,w/ Dulce de leche,0,0,0,2
05/01/2022,GRA,ST019,QAR,PRK.4549,w/ Mango Sauce,0,0,0,4
05/01/2022,GRA,ST019,QAR,PRK.4550,w/ Mango,0,0,0,23
05/01/2022,GRA,ST019,QAR,PRK.4552,w/ Crushed Grahams,0,0,0,4
05/01/2022,GRA,ST019,QAR,PRK.4556,w/Kiwi Fruit,0,0,0,1
05/01/2022,GRA,ST019,QAR,PRK.4557,w/Lotus Biscut,0,0,0,3
05/01/2022,GRA,ST019,QAR,PRK.4561,MIXED FROZEN YOGURT,0,0,0,38
05/01/2022,GRA,ST019,QAR,PRK.4562,MIXED MANGO YOGURT,0,0,0,1
