DATE,BRANCHCODE,WAREHOUSECODE,CURRENCY,ERPCODE,ITEMNAME,RAWPRICE,GROSSAMT,NETVALUE,QTYSOLD
12/01/2022,GRA,ST006,QAR,PRK.902,Granola,55,880,880,16
12/01/2022,GRA,ST006,QAR,PRK.903,Graze Spicy  Mix,55,55,55,1
12/01/2022,GRA,ST006,QAR,PRK.904,Graze House Mix,55,110,110,2
12/01/2022,GRA,ST006,QAR,PRK.907,Zaatar Chips,6,72,72,12
12/01/2022,GRA,ST006,QAR,PRK.909,Spicy Pesto Chips,6,60,60,10
12/01/2022,GRA,ST006,QAR,PRK.910,Graze Spicy Mix Sml,25,225,225,9
12/01/2022,GRA,ST006,QAR,PRK.911,Graze House Mix Sml,25,300,300,12
12/01/2022,GRA,ST006,QAR,PRK.962,Extra flavor,3,33,33,11
12/01/2022,GRA,ST006,QAR,PRK.994,Crsnt w Egg/Avaca/ SunTom,24,864,864,36
12/01/2022,GRA,ST006,QAR,PRK.995,Egg Burrito,20,880,880,44
12/01/2022,GRA,ST006,QAR,PRK.996,Blueberry Granola parfait,25,600,600,24
12/01/2022,GRA,ST006,QAR,PRK.997,Yog Dates Chia Pista Alm,22,440,440,20
12/01/2022,GRA,ST006,QAR,PRK.1007,Zatar Croissant,16,80,80,5
12/01/2022,GRA,ST006,QAR,PRK.1008,Chocolate Croissant,16,112,112,7
12/01/2022,GRA,ST006,QAR,PRK.1015,Kiri Cheese Danish,14,490,490,35
12/01/2022,GRA,ST006,QAR,PRK.1016,Plain Croissant,10,60,60,6
12/01/2022,GRA,ST006,QAR,PRK.1021,Shirazi Salad,12,144,144,12
12/01/2022,GRA,ST006,QAR,PRK.1023,Falafel Salad,45,945,945,21
12/01/2022,GRA,ST006,QAR,PRK.1024,Quinoa Swt potato Salad,40,40,40,1
12/01/2022,GRA,ST006,QAR,PRK.1027,Mex Chkn Chilli Bean Sld,40,1120,1120,28
12/01/2022,GRA,ST006,QAR,PRK.1031,Teriyaki GRAZE Salmn,55,2200,2200,40
12/01/2022,GRA,ST006,QAR,PRK.1039,Keto Chicken Salad,40,1040,1040,26
12/01/2022,GRA,ST006,QAR,PRK.1046,Greek Salad,30,660,660,22
12/01/2022,GRA,ST006,QAR,PRK.1048,Mexican  Caesar Salad chk,39,1833,1833,47
12/01/2022,GRA,ST006,QAR,PRK.1049,ROCCA SALAD,22,264,264,12
12/01/2022,GRA,ST006,QAR,PRK.1052,Smoke Turkey Sandwich,34,884,884,26
12/01/2022,GRA,ST006,QAR,PRK.1054,lemon&Rosemary Chkn,36,2412,2412,67
12/01/2022,GRA,ST006,QAR,PRK.1057,Steak & Philly Chz SW,32,512,512,16
12/01/2022,GRA,ST006,QAR,PRK.1063,Egg Mayo with Rocket,20,800,800,40
12/01/2022,GRA,ST006,QAR,PRK.1068,Crispy Chicken Bun,24,192,192,8
12/01/2022,GRA,ST006,QAR,PRK.1070,Chicken Pesto & Mozzarell,32,1248,1248,39
12/01/2022,GRA,ST006,QAR,PRK.1075,Avocado Toast,40,440,440,11
12/01/2022,GRA,ST006,QAR,PRK.1077,Spicy Halloumi,38,418,418,11
12/01/2022,GRA,ST006,QAR,PRK.1083,Chkn Soup,19,437,437,23
12/01/2022,GRA,ST006,QAR,PRK.1087,Lentil Soup,20,280,280,14
12/01/2022,GRA,ST006,QAR,PRK.1089,Vegetable soup,16,272,272,17
12/01/2022,GRA,ST006,QAR,PRK.1113,Chkn Katsu Curry,45,2565,2565,57
12/01/2022,GRA,ST006,QAR,PRK.1115,Mushroom Pasta,40,1240,1240,31
12/01/2022,GRA,ST006,QAR,PRK.1118,Steak With Mushroom Sauce,45,2295,2295,51
12/01/2022,GRA,ST006,QAR,PRK.1119,Chicken Biryani,45,3060,3060,68
12/01/2022,GRA,ST006,QAR,PRK.1121,Chinese Sesame Chicken,40,2720,2720,68
12/01/2022,GRA,ST006,QAR,PRK.1127,Rock Shrimp,45,1845,1845,41
12/01/2022,GRA,ST006,QAR,PRK.1133,Lamb  Kabsa,45,1710,1710,38
12/01/2022,GRA,ST006,QAR,PRK.1140,Chicken Curry & Saffron r,43,1806,1806,42
12/01/2022,GRA,ST006,QAR,PRK.1141,CRAB BOWL,28,280,280,10
12/01/2022,GRA,ST006,QAR,PRK.1145,Yoghurt & Cucumber dip,12,84,84,7
12/01/2022,GRA,ST006,QAR,PRK.1146,Spicy Guacamole Pot,13,117,117,9
12/01/2022,GRA,ST006,QAR,PRK.1149,Edamame Pot,12,240,240,20
12/01/2022,GRA,ST006,QAR,PRK.1155,Classic hummus pot,18,72,72,4
12/01/2022,GRA,ST006,QAR,PRK.1159,Greek Tabbouleh,20,120,120,6
12/01/2022,GRA,ST006,QAR,PRK.1160,Egg pot,16,192,192,12
12/01/2022,GRA,ST006,QAR,PRK.1161,Labneh Beetroot,12,24,24,2
12/01/2022,GRA,ST006,QAR,PRK.1173,Choco Chia Energy Ball,30,1320,1320,44
12/01/2022,GRA,ST006,QAR,PRK.1175,Pecan Bars,14,434,434,31
12/01/2022,GRA,ST006,QAR,PRK.1177,Carrot Cake,15,450,450,30
12/01/2022,GRA,ST006,QAR,PRK.1183,Bannana,2,558,558,279
12/01/2022,GRA,ST006,QAR,PRK.1184,Watermelon,18,738,738,41
12/01/2022,GRA,ST006,QAR,PRK.1185,Pineapplemix,18,756,756,42
12/01/2022,GRA,ST006,QAR,PRK.1186,Mixed Berries,22,1078,1078,49
12/01/2022,GRA,ST006,QAR,PRK.1194,Lotus Cheesecake,15,360,360,24
12/01/2022,GRA,ST006,QAR,PRK.1196,Chia Blueberry Yodurt,24,336,336,14
12/01/2022,GRA,ST006,QAR,PRK.1201,Iced Flat White,18,90,90,5
12/01/2022,GRA,ST006,QAR,PRK.1203,Iced Spanish Latte,20,220,220,11
12/01/2022,GRA,ST006,QAR,PRK.1204,Iced Latte,18,270,270,15
12/01/2022,GRA,ST006,QAR,PRK.1205,Iced Americano,15,300,300,20
12/01/2022,GRA,ST006,QAR,PRK.1234,Pepperoni Pizza small,40,320,320,8
12/01/2022,GRA,ST006,QAR,PRK.1235,Margherita Pizza small,30,180,180,6
12/01/2022,GRA,ST006,QAR,PRK.1236,BBQ chicken Pizza small,35,245,245,7
12/01/2022,GRA,ST006,QAR,PRK.1262,Highland Still,5,3690,3690,738
12/01/2022,GRA,ST006,QAR,PRK.1265,Perrier Sparkling,9,180,180,20
12/01/2022,GRA,ST006,QAR,PRK.1291,Coke,5,175,175,35
12/01/2022,GRA,ST006,QAR,PRK.1292,Diet Coke,5,150,150,30
12/01/2022,GRA,ST006,QAR,PRK.1351,Espresso Single,12,1224,1224,102
12/01/2022,GRA,ST006,QAR,PRK.1352,Macchiato,18,36,36,2
12/01/2022,GRA,ST006,QAR,PRK.1353,Americano Hot,15,1365,1365,91
12/01/2022,GRA,ST006,QAR,PRK.1354,Flat White Hot,18,324,324,18
12/01/2022,GRA,ST006,QAR,PRK.1355,Cappucino,18,1080,1080,60
12/01/2022,GRA,ST006,QAR,PRK.1356,Cortado,18,324,324,18
12/01/2022,GRA,ST006,QAR,PRK.1358,Spanish Latte,20,320,320,16
12/01/2022,GRA,ST006,QAR,PRK.1359,Classic Mocha,25,75,75,3
12/01/2022,GRA,ST006,QAR,PRK.1360,Slated Caramel Mocha,25,100,100,4
12/01/2022,GRA,ST006,QAR,PRK.1362,Double Espresso,14,532,532,38
12/01/2022,GRA,ST006,QAR,PRK.1363,Latte Hot,18,414,414,23
12/01/2022,GRA,ST006,QAR,PRK.1372,Hot Cocoa,24,120,120,5
12/01/2022,GRA,ST006,QAR,PRK.1373,Hibiscus Iced tea,18,144,144,8
12/01/2022,GRA,ST006,QAR,PRK.1375,Matcha Latte,25,175,175,7
12/01/2022,GRA,ST006,QAR,PRK.1376,Cinnamon Latte,25,50,50,2
12/01/2022,GRA,ST006,QAR,PRK.1377,Fresh Milk,10,380,380,38
12/01/2022,GRA,ST006,QAR,PRK.1386,Orange Juice,22,1892,1892,86
12/01/2022,GRA,ST006,QAR,PRK.1387,Carrot Juice,22,22,22,1
12/01/2022,GRA,ST006,QAR,PRK.1390,Morning Boost,24,648,648,27
12/01/2022,GRA,ST006,QAR,PRK.1392,Immune Boost,22,572,572,26
12/01/2022,GRA,ST006,QAR,PRK.1396,Ginger Aid Shot,18,1584,1584,88
12/01/2022,GRA,ST006,QAR,PRK.1402,Laban Drink,18,198,198,11
12/01/2022,GRA,ST006,QAR,PRK.1404,Green Boost Juice,24,192,192,8
12/01/2022,GRA,ST006,QAR,PRK.1406,Beetroot & Apple Juice,20,440,440,22
12/01/2022,GRA,ST006,QAR,PRK.1409,Turmeric wellness shot,16,464,464,29
12/01/2022,GRA,ST006,QAR,PRK.1412, Mini Cup Yogurt,14,112,112,8
12/01/2022,GRA,ST006,QAR,PRK.1413,Regular Cup Yogurt,21,273,273,13
12/01/2022,GRA,ST006,QAR,PRK.1416,Large Cup Yogurt,23,207,207,9
12/01/2022,GRA,ST006,QAR,PRK.1418, Mini Cup Yogurt/Topping,18,36,36,2
12/01/2022,GRA,ST006,QAR,PRK.1419,Reg Cup Yogurt/Toping,26,130,130,5
12/01/2022,GRA,ST006,QAR,PRK.1429,Mini Mango Ice Cream,14,1050,1050,75
12/01/2022,GRA,ST006,QAR,PRK.1430,Regular Mango Ice Cream,21,420,420,20
12/01/2022,GRA,ST006,QAR,PRK.1431,Large Mango Ice Cream,23,575,575,25
12/01/2022,GRA,ST006,QAR,PRK.1432,Mini Mango Ice Cream/Topp,18,288,288,16
12/01/2022,GRA,ST006,QAR,PRK.1433,Reg Mango Ice cream/Topp,26,546,546,21
12/01/2022,GRA,ST006,QAR,PRK.1434,Large Mango Ice Cream/Top,30,330,330,11
12/01/2022,GRA,ST006,QAR,PRK.1464,Fresh Pineapple,3,3,3,1
12/01/2022,GRA,ST006,QAR,PRK.1470,Lotus Biscuit,3,6,6,2
12/01/2022,GRA,ST006,QAR,PRK.1472,CHICKEN CURRY & RICE,48,960,960,20
12/01/2022,GRA,ST006,QAR,PRK.1474,Spaghetti Bolognese,45,945,945,21
12/01/2022,GRA,ST006,QAR,PRK.1475,Salmon with Cilantro Rice,65,1365,1365,21
12/01/2022,GRA,ST006,QAR,PRK.1476,Chicken Noodle Bowl,40,440,440,11
12/01/2022,GRA,ST006,QAR,PRK.1501,pomegranate,3,6,6,2
12/01/2022,GRA,ST006,QAR,PRK.1502,Strawberry,3,84,84,28
12/01/2022,GRA,ST006,QAR,PRK.1505,Salted Caramel,3,9,9,3
12/01/2022,GRA,ST006,QAR,PRK.1507,Crispy Crepe,3,24,24,8
12/01/2022,GRA,ST006,QAR,PRK.1508,Granola,3,36,36,12
12/01/2022,GRA,ST006,QAR,PRK.1509,Coconut Flakes,3,33,33,11
12/01/2022,GRA,ST006,QAR,PRK.1514,Dulce de Leche,3,3,3,1
12/01/2022,GRA,ST006,QAR,PRK.1520,Mixed Berries Sauce,3,6,6,2
12/01/2022,GRA,ST006,QAR,PRK.1521,Mango Sauce,3,3,3,1
12/01/2022,GRA,ST006,QAR,PRK.1523,Peanut Butter Sauce,3,18,18,6
12/01/2022,GRA,ST006,QAR,PRK.1527,Mango,3,30,30,10
12/01/2022,GRA,ST006,QAR,PRK.1531,Power Shake,35,1750,1750,50
12/01/2022,GRA,ST006,QAR,PRK.1532,Peanut Power Shake,35,4025,4025,115
12/01/2022,GRA,ST006,QAR,PRK.1533,Pre-workout protein shak,45,315,315,7
12/01/2022,GRA,ST006,QAR,PRK.1534,Choco Power Shake,35,4025,4025,115
12/01/2022,GRA,ST006,QAR,PRK.1535,Post workout,40,40,40,1
12/01/2022,GRA,ST006,QAR,PRK.1536,Energizer protine Shakes,45,2160,2160,48
12/01/2022,GRA,ST006,QAR,PRK.1537,Skinny chocolate,40,40,40,1
12/01/2022,GRA,ST006,QAR,PRK.1538,Pre-workout shake,35,70,70,2
12/01/2022,GRA,ST006,QAR,PRK.1540,Energizer shakes,35,385,385,11
12/01/2022,GRA,ST006,QAR,PRK.1541,Caffeine Shake,40,80,80,2
12/01/2022,GRA,ST006,QAR,PRK.1542,14oz Pre-work out Protein,40,200,200,5
12/01/2022,GRA,ST006,QAR,PRK.1545,14oz Energizer protine,40,720,720,18
12/01/2022,GRA,ST006,QAR,PRK.1548,14oz Energizer shakes,30,60,60,2
12/01/2022,GRA,ST006,QAR,PRK.1550,Extra Protein,10,640,640,64
12/01/2022,GRA,ST006,QAR,PRK.1551,Nut Butters,10,190,190,19
12/01/2022,GRA,ST006,QAR,PRK.1554,Chia seeds,10,20,20,2
12/01/2022,GRA,ST006,QAR,PRK.1555,Oats,10,30,30,3
12/01/2022,GRA,ST006,QAR,PRK.1556,BCAA Recovery Booster,20,280,280,14
12/01/2022,GRA,ST006,QAR,PRK.1557,Pre workout charger,20,40,40,2
12/01/2022,GRA,ST006,QAR,PRK.1559,Vegan Vanilla,15,45,45,3
12/01/2022,GRA,ST006,QAR,PRK.1581,Mini coconut frz yog I/C,14,14,14,1
12/01/2022,GRA,ST006,QAR,PRK.1588,Acai Small,35,1540,1540,44
12/01/2022,GRA,ST006,QAR,PRK.1589,Acai Large,40,1120,1120,28
12/01/2022,GRA,ST006,QAR,PRK.1590,Peanut Choco Ice Cream,30,330,330,11
12/01/2022,GRA,ST006,QAR,PRK.1623,Brownie flavour cookies,10,490,490,49
12/01/2022,GRA,ST006,QAR,PRK.1628,Brownie bites,13,273,273,21
12/01/2022,GRA,ST006,QAR,PRK.1634,Madeleine,12,528,528,44
12/01/2022,GRA,ST006,QAR,PRK.1635,Poppy Lemon seeds,12,228,228,19
12/01/2022,GRA,ST006,QAR,PRK.1681,Salted Caramel Mocha,24,72,72,3
12/01/2022,GRA,ST006,QAR,PRK.1682,■Matcha Frappe,26,52,52,2
12/01/2022,GRA,ST006,QAR,PRK.1711,Pomegranate Pot,18,252,252,14
12/01/2022,GRA,ST006,QAR,PRK.1712,Mango Peach Muesli Pot,24,120,120,5
12/01/2022,GRA,ST006,QAR,PRK.1713,Overnight oats PB&Jam,25,525,525,21
12/01/2022,GRA,ST006,QAR,PRK.1741,Spicy Tuna sandwich,26,754,754,29
12/01/2022,GRA,ST006,QAR,PRK.1742,Three cheese,22,154,154,7
12/01/2022,GRA,ST006,QAR,PRK.1743,Falafel and Labna,25,125,125,5
12/01/2022,GRA,ST006,QAR,PRK.1748,Chicken Shawarma,18,720,720,40
12/01/2022,GRA,ST006,QAR,PRK.1749,Tenderloin Beef Shawarma,22,264,264,12
12/01/2022,GRA,ST006,QAR,PRK.1771,Pistachio Arabeshi,5,100,100,20
12/01/2022,GRA,ST006,QAR,PRK.1772,Fresh Raspberry,5,65,65,13
12/01/2022,GRA,ST006,QAR,PRK.1773,Fresh blueberry,5,50,50,10
12/01/2022,GRA,ST006,QAR,PRK.1774,Chocolate Flakes,5,30,30,6
12/01/2022,GRA,ST006,QAR,PRK.1775,Honey Comb,5,20,20,4
12/01/2022,GRA,ST006,QAR,PRK.1776,Milk powder,3,3,3,1
12/01/2022,GRA,ST006,QAR,PRK.4502,Low Fat Milk,0,0,0,9
12/01/2022,GRA,ST006,QAR,PRK.4503,Almond Milk,2,300,300,150
12/01/2022,GRA,ST006,QAR,PRK.4504,Soya Milk,2,32,32,16
12/01/2022,GRA,ST006,QAR,PRK.4516,Decaf,0,0,0,1
12/01/2022,GRA,ST006,QAR,PRK.4517,Vanilla Flavor,0,0,0,9
12/01/2022,GRA,ST006,QAR,PRK.4519,Caramel flavor,0,0,0,1
12/01/2022,GRA,ST006,QAR,PRK.4531,w/ Granola,0,0,0,19
12/01/2022,GRA,ST006,QAR,PRK.4533,w/ Pretzel,0,0,0,3
12/01/2022,GRA,ST006,QAR,PRK.4534,w/ Coconut Flakes,0,0,0,5
12/01/2022,GRA,ST006,QAR,PRK.4535,w/ Crispy Crepe,0,0,0,13
12/01/2022,GRA,ST006,QAR,PRK.4541,w/ Strawberry,0,0,0,14
12/01/2022,GRA,ST006,QAR,PRK.4544,w/ Pomegranate,0,0,0,16
12/01/2022,GRA,ST006,QAR,PRK.4545,w/ Dulce de leche,0,0,0,1
12/01/2022,GRA,ST006,QAR,PRK.4550,w/ Mango,0,0,0,33
12/01/2022,GRA,ST006,QAR,PRK.4552,w/ Crushed Grahams,0,0,0,1
12/01/2022,GRA,ST006,QAR,PRK.4556,w/ Fresh Pineapple,0,0,0,4
12/01/2022,GRA,ST006,QAR,PRK.4557,w/ Kiwi Fruit,0,0,0,1
12/01/2022,GRA,ST006,QAR,PRK.4558,w/ Lotus Biscuit,0,0,0,1
12/01/2022,GRA,ST006,QAR,PRK.4561,MIXED FROZEN YOGURT,0,0,0,2
12/01/2022,GRA,ST006,QAR,PRK.4562,MIXED MANGO YOGURT,0,0,0,1
