DATE,BRANCHCODE,WAREHOUSECODE,CURRENCY,ERPCODE,ITEMNAME,RAWPRICE,GROSSAMT,NETVALUE,QTYSOLD
06/01/2022,GRA,ST006,QAR,PRK.902,Granola,55,880,880,16
06/01/2022,GRA,ST006,QAR,PRK.904,Graze House Mix,55,165,165,3
06/01/2022,GRA,ST006,QAR,PRK.907,Zaatar Chips,6,120,120,20
06/01/2022,GRA,ST006,QAR,PRK.909,Spicy Pesto Chips,6,120,120,20
06/01/2022,GRA,ST006,QAR,PRK.910,Graze Spicy Mix Sml,25,400,400,16
06/01/2022,GRA,ST006,QAR,PRK.911,Graze House Mix Sml,25,500,500,20
06/01/2022,GRA,ST006,QAR,PRK.962,Extra flavor,3,3,3,1
06/01/2022,GRA,ST006,QAR,PRK.994,Crsnt w Egg/Avaca/ SunTom,24,840,840,35
06/01/2022,GRA,ST006,QAR,PRK.995,Egg Burrito,20,1060,1060,53
06/01/2022,GRA,ST006,QAR,PRK.996,Blueberry Granola parfait,25,1800,1800,72
06/01/2022,GRA,ST006,QAR,PRK.997,Yog Dates Chia Pista Alm,22,1320,1320,60
06/01/2022,GRA,ST006,QAR,PRK.1007,Zatar Croissant,16,304,304,19
06/01/2022,GRA,ST006,QAR,PRK.1010,Tomato Puff Pastry,16,48,48,3
06/01/2022,GRA,ST006,QAR,PRK.1012,Three Berry Yogurt & Date,25,675,675,27
06/01/2022,GRA,ST006,QAR,PRK.1015,Kiri Cheese Danish,14,728,728,52
06/01/2022,GRA,ST006,QAR,PRK.1016,Plain Croissant,10,220,220,22
06/01/2022,GRA,ST006,QAR,PRK.1021,Shirazi Salad,12,240,240,20
06/01/2022,GRA,ST006,QAR,PRK.1023,Falafel Salad,35,735,735,21
06/01/2022,GRA,ST006,QAR,PRK.1024,Quinoa Swt potato Salad,40,800,800,20
06/01/2022,GRA,ST006,QAR,PRK.1027,Mex Chkn Chilli Bean Sld,40,1720,1720,43
06/01/2022,GRA,ST006,QAR,PRK.1029,Burrata Salad,50,1250,1250,25
06/01/2022,GRA,ST006,QAR,PRK.1031,Teriyaki GRAZE Salmn,55,4400,4400,80
06/01/2022,GRA,ST006,QAR,PRK.1034,BBQ Chick Peas,38,760,760,20
06/01/2022,GRA,ST006,QAR,PRK.1039,Keto Chicken Salad,40,1240,1240,31
06/01/2022,GRA,ST006,QAR,PRK.1044,Southern Chicken Salad,45,945,945,21
06/01/2022,GRA,ST006,QAR,PRK.1048,Mexican  Caesar Salad chk,39,3159,3159,81
06/01/2022,GRA,ST006,QAR,PRK.1049,ROCCA SALAD,22,528,528,24
06/01/2022,GRA,ST006,QAR,PRK.1052,Smoke Turkey Sandwich,34,2618,2618,77
06/01/2022,GRA,ST006,QAR,PRK.1054,lemon&Rosemary Chkn,36,3420,3420,95
06/01/2022,GRA,ST006,QAR,PRK.1057,Steak & Philly Chz SW,32,736,736,23
06/01/2022,GRA,ST006,QAR,PRK.1063,Egg Mayo with Rocket,20,560,560,28
06/01/2022,GRA,ST006,QAR,PRK.1068,Crispy Chicken Bun,24,528,528,22
06/01/2022,GRA,ST006,QAR,PRK.1069,Spicy Courgette Falafel W,24,120,120,5
06/01/2022,GRA,ST006,QAR,PRK.1070,Chicken Pesto & Mozzarell,32,1472,1472,46
06/01/2022,GRA,ST006,QAR,PRK.1075,Avocado Toast,40,880,880,22
06/01/2022,GRA,ST006,QAR,PRK.1083,Chkn Soup,19,418,418,22
06/01/2022,GRA,ST006,QAR,PRK.1087,Lentil Soup,20,340,340,17
06/01/2022,GRA,ST006,QAR,PRK.1111,Penne Bolognese,50,1250,1250,25
06/01/2022,GRA,ST006,QAR,PRK.1113,Chkn Katsu Curry,45,2970,2970,66
06/01/2022,GRA,ST006,QAR,PRK.1115,Mushroom Pasta,40,1520,1520,38
06/01/2022,GRA,ST006,QAR,PRK.1118,Steak With Mushroom Sauce,45,2880,2880,64
06/01/2022,GRA,ST006,QAR,PRK.1119,Chicken Biryani,45,5130,5130,114
06/01/2022,GRA,ST006,QAR,PRK.1121,Chinese Sesame Chicken,40,4720,4720,118
06/01/2022,GRA,ST006,QAR,PRK.1127,Rock Shrimp,45,2700,2700,60
06/01/2022,GRA,ST006,QAR,PRK.1133,Lamb  Kabsa,45,1620,1620,36
06/01/2022,GRA,ST006,QAR,PRK.1140,Chicken Curry & Saffron r,43,2623,2623,61
06/01/2022,GRA,ST006,QAR,PRK.1141,CRAB BOWL,28,28,28,1
06/01/2022,GRA,ST006,QAR,PRK.1145,Yoghurt & Cucumber dip,12,204,204,17
06/01/2022,GRA,ST006,QAR,PRK.1146,Spicy Guacamole Pot,13,234,234,18
06/01/2022,GRA,ST006,QAR,PRK.1149,Edamame Pot,12,264,264,22
06/01/2022,GRA,ST006,QAR,PRK.1159,Greek Tabbouleh,20,380,380,19
06/01/2022,GRA,ST006,QAR,PRK.1160,Egg pot,16,64,64,4
06/01/2022,GRA,ST006,QAR,PRK.1161,Labneh Beetroot,28,336,336,12
06/01/2022,GRA,ST006,QAR,PRK.1173,Choco Chia Energy Ball,30,1860,1860,62
06/01/2022,GRA,ST006,QAR,PRK.1175,Pecan Bars,14,462,462,33
06/01/2022,GRA,ST006,QAR,PRK.1177,Carrot Cake,15,315,315,21
06/01/2022,GRA,ST006,QAR,PRK.1178,Sweet Potatoe Choco Cake,15,315,315,21
06/01/2022,GRA,ST006,QAR,PRK.1183,Bannana,2,698,698,349
06/01/2022,GRA,ST006,QAR,PRK.1184,Watermelon,18,1458,1458,81
06/01/2022,GRA,ST006,QAR,PRK.1185,Pineapplemix,18,1458,1458,81
06/01/2022,GRA,ST006,QAR,PRK.1186,Mixed Berries,22,2816,2816,128
06/01/2022,GRA,ST006,QAR,PRK.1194,Lotus Cheesecake,15,375,375,25
06/01/2022,GRA,ST006,QAR,PRK.1196,Chia Blueberry Yodurt,24,504,504,21
06/01/2022,GRA,ST006,QAR,PRK.1201,Iced Flat White,18,108,108,6
06/01/2022,GRA,ST006,QAR,PRK.1203,Iced Spanish Latte,20,580,580,29
06/01/2022,GRA,ST006,QAR,PRK.1204,Iced Latte,18,342,342,19
06/01/2022,GRA,ST006,QAR,PRK.1205,Iced Americano,15,600,600,40
06/01/2022,GRA,ST006,QAR,PRK.1234,Pepperoni Pizza small,40,80,80,2
06/01/2022,GRA,ST006,QAR,PRK.1235,Margherita Pizza small,30,300,300,10
06/01/2022,GRA,ST006,QAR,PRK.1236,BBQ chicken Pizza small,35,385,385,11
06/01/2022,GRA,ST006,QAR,PRK.1262,Highland Still,5,5815,5815,1163
06/01/2022,GRA,ST006,QAR,PRK.1265,Perrier Sparkling,9,369,369,41
06/01/2022,GRA,ST006,QAR,PRK.1291,Coke,5,135,135,27
06/01/2022,GRA,ST006,QAR,PRK.1292,Diet Coke,5,360,360,72
06/01/2022,GRA,ST006,QAR,PRK.1321,Mini Cup /Pina Colada,14,588,588,42
06/01/2022,GRA,ST006,QAR,PRK.1322,Regular Cup / Pina Colada,21,399,399,19
06/01/2022,GRA,ST006,QAR,PRK.1324,Mini Pina Colada/Topping,18,90,90,5
06/01/2022,GRA,ST006,QAR,PRK.1325,Regular Pina Colada/Toppi,26,78,78,3
06/01/2022,GRA,ST006,QAR,PRK.1326,Large Pina Colada/Topping,30,30,30,1
06/01/2022,GRA,ST006,QAR,PRK.1327,Stay Home w/ Graze L 4X1,140,140,140,1
06/01/2022,GRA,ST006,QAR,PRK.1329,Stay Home w/ Graze L 8 X1,250,250,250,1
06/01/2022,GRA,ST006,QAR,PRK.1330,Stay Home w/ Graze R 4X1,130,260,260,2
06/01/2022,GRA,ST006,QAR,PRK.1331,Stay Home w/ Graze R 6 X1,185,370,370,2
06/01/2022,GRA,ST006,QAR,PRK.1332,Stay Home w/ Graze R 8 X1,240,240,240,1
06/01/2022,GRA,ST006,QAR,PRK.1333,Stay Home w/Graze M 6 X1,130,130,130,1
06/01/2022,GRA,ST006,QAR,PRK.1334,Stay Home w/Graze M12 X1,240,2880,2880,12
06/01/2022,GRA,ST006,QAR,PRK.1335,Cool Box,15,15,15,1
06/01/2022,GRA,ST006,QAR,PRK.1351,Espresso Single,12,2364,2364,197
06/01/2022,GRA,ST006,QAR,PRK.1352,Macchiato,18,126,126,7
06/01/2022,GRA,ST006,QAR,PRK.1353,Americano Hot,15,1425,1425,95
06/01/2022,GRA,ST006,QAR,PRK.1354,Flat White Hot,18,1026,1026,57
06/01/2022,GRA,ST006,QAR,PRK.1355,Cappucino,18,972,972,54
06/01/2022,GRA,ST006,QAR,PRK.1356,Cortado,18,612,612,34
06/01/2022,GRA,ST006,QAR,PRK.1358,Spanish Latte,20,680,680,34
06/01/2022,GRA,ST006,QAR,PRK.1359,Classic Mocha,25,25,25,1
06/01/2022,GRA,ST006,QAR,PRK.1360,Slated Caramel Mocha,25,150,150,6
06/01/2022,GRA,ST006,QAR,PRK.1362,Double Espresso,14,952,952,68
06/01/2022,GRA,ST006,QAR,PRK.1363,Latte Hot,18,522,522,29
06/01/2022,GRA,ST006,QAR,PRK.1372,Hot Cocoa,24,72,72,3
06/01/2022,GRA,ST006,QAR,PRK.1373,Hibiscus Iced tea,18,414,414,23
06/01/2022,GRA,ST006,QAR,PRK.1374,Peach Iced Tea,18,342,342,19
06/01/2022,GRA,ST006,QAR,PRK.1375,Matcha Latte,25,200,200,8
06/01/2022,GRA,ST006,QAR,PRK.1383,Watermelon & Coconut cool,20,60,60,3
06/01/2022,GRA,ST006,QAR,PRK.1386,Orange Juice,22,2508,2508,114
06/01/2022,GRA,ST006,QAR,PRK.1387,Carrot Juice,22,242,242,11
06/01/2022,GRA,ST006,QAR,PRK.1390,Morning Boost,24,1152,1152,48
06/01/2022,GRA,ST006,QAR,PRK.1392,Immune Boost,22,924,924,42
06/01/2022,GRA,ST006,QAR,PRK.1396,Ginger Aid Shot,18,1872,1872,104
06/01/2022,GRA,ST006,QAR,PRK.1402,Laban Drink,18,360,360,20
06/01/2022,GRA,ST006,QAR,PRK.1404,Green Boost Juice,24,600,600,25
06/01/2022,GRA,ST006,QAR,PRK.1406,Beetroot & Apple Juice,20,1060,1060,53
06/01/2022,GRA,ST006,QAR,PRK.1409,Turmeric wellness shot,16,656,656,41
06/01/2022,GRA,ST006,QAR,PRK.1412, Mini Cup Yogurt,14,560,560,40
06/01/2022,GRA,ST006,QAR,PRK.1413,Regular Cup Yogurt,21,546,546,26
06/01/2022,GRA,ST006,QAR,PRK.1416,Large Cup Yogurt,23,345,345,15
06/01/2022,GRA,ST006,QAR,PRK.1418, Mini Cup Yogurt/Topping,18,522,522,29
06/01/2022,GRA,ST006,QAR,PRK.1419,Reg Cup Yogurt/Toping,26,416,416,16
06/01/2022,GRA,ST006,QAR,PRK.1422,Large Cup Yogurt/Topping,30,60,60,2
06/01/2022,GRA,ST006,QAR,PRK.1429,Mini Mango Ice Cream,14,4312,4312,308
06/01/2022,GRA,ST006,QAR,PRK.1430,Regular Mango Ice Cream,21,2982,2982,142
06/01/2022,GRA,ST006,QAR,PRK.1431,Large Mango Ice Cream,23,2484,2484,108
06/01/2022,GRA,ST006,QAR,PRK.1432,Mini Mango Ice Cream/Topp,18,1944,1944,108
06/01/2022,GRA,ST006,QAR,PRK.1433,Reg Mango Ice cream/Topp,26,1846,1846,71
06/01/2022,GRA,ST006,QAR,PRK.1434,Large Mango Ice Cream/Top,30,960,960,32
06/01/2022,GRA,ST006,QAR,PRK.1435,Mini Cup Milky Ice Cream,14,910,910,65
06/01/2022,GRA,ST006,QAR,PRK.1436,Reg Cup Milky Ice Cream,21,315,315,15
06/01/2022,GRA,ST006,QAR,PRK.1437,Lrge Cup Milky Ice Cream,23,138,138,6
06/01/2022,GRA,ST006,QAR,PRK.1438,Mini Cup Milky Ice C/Top,18,306,306,17
06/01/2022,GRA,ST006,QAR,PRK.1439,Reg Cup Milky Ice Cre/Top,26,26,26,1
06/01/2022,GRA,ST006,QAR,PRK.1440,Lrge Cup Milky Ice Cr/Top,30,30,30,1
06/01/2022,GRA,ST006,QAR,PRK.1464,Fresh Pineapple,3,3,3,1
06/01/2022,GRA,ST006,QAR,PRK.1471,NOODLES BOWL,45,855,855,19
06/01/2022,GRA,ST006,QAR,PRK.1472,CHICKEN CURRY & RICE,48,1920,1920,40
06/01/2022,GRA,ST006,QAR,PRK.1473,BEEF STROGANOFF,50,500,500,10
06/01/2022,GRA,ST006,QAR,PRK.1501,pomegranate,3,42,42,14
06/01/2022,GRA,ST006,QAR,PRK.1502,Strawberry,3,135,135,45
06/01/2022,GRA,ST006,QAR,PRK.1505,Salted Caramel,3,30,30,10
06/01/2022,GRA,ST006,QAR,PRK.1507,Crispy Crepe,3,69,69,23
06/01/2022,GRA,ST006,QAR,PRK.1508,Granola,3,114,114,38
06/01/2022,GRA,ST006,QAR,PRK.1509,Coconut Flakes,3,33,33,11
06/01/2022,GRA,ST006,QAR,PRK.1510,Crushed Graham,3,9,9,3
06/01/2022,GRA,ST006,QAR,PRK.1514,Dulce de Leche,3,9,9,3
06/01/2022,GRA,ST006,QAR,PRK.1520,Mixed Berries Sauce,3,72,72,24
06/01/2022,GRA,ST006,QAR,PRK.1521,Mango Sauce,3,48,48,16
06/01/2022,GRA,ST006,QAR,PRK.1523,Peanut Butter Sauce,3,3,3,1
06/01/2022,GRA,ST006,QAR,PRK.1527,Mango,3,279,279,93
06/01/2022,GRA,ST006,QAR,PRK.1531,Power Shake,35,4550,4515,130
06/01/2022,GRA,ST006,QAR,PRK.1532,Peanut Power Shake,35,6650,6615,190
06/01/2022,GRA,ST006,QAR,PRK.1533,Pre-workout protein shak,45,675,675,15
06/01/2022,GRA,ST006,QAR,PRK.1534,Choco Power Shake,35,4025,3990,115
06/01/2022,GRA,ST006,QAR,PRK.1536,Energizer protine Shakes,45,3285,3060,73
06/01/2022,GRA,ST006,QAR,PRK.1538,Pre-workout shake,35,140,140,4
06/01/2022,GRA,ST006,QAR,PRK.1540,Energizer shakes,35,595,595,17
06/01/2022,GRA,ST006,QAR,PRK.1542,14oz Pre-work out Protein,40,280,280,7
06/01/2022,GRA,ST006,QAR,PRK.1545,14oz Energizer protine,40,1800,1800,45
06/01/2022,GRA,ST006,QAR,PRK.1546,14oz Pre-workout shake,30,180,180,6
06/01/2022,GRA,ST006,QAR,PRK.1548,14oz Energizer shakes,30,420,420,14
06/01/2022,GRA,ST006,QAR,PRK.1550,Extra Protein,10,220,220,22
06/01/2022,GRA,ST006,QAR,PRK.1551,Nut Butters,10,260,260,26
06/01/2022,GRA,ST006,QAR,PRK.1554,Chia seeds,10,10,10,1
06/01/2022,GRA,ST006,QAR,PRK.1555,Oats,10,40,40,4
06/01/2022,GRA,ST006,QAR,PRK.1556,BCAA Recovery Booster,20,440,440,22
06/01/2022,GRA,ST006,QAR,PRK.1557,Pre workout charger,20,20,20,1
06/01/2022,GRA,ST006,QAR,PRK.1558,Vegan Chocolate,15,15,15,1
06/01/2022,GRA,ST006,QAR,PRK.1559,Vegan Vanilla,15,45,45,3
06/01/2022,GRA,ST006,QAR,PRK.1623,Brownie flavour cookies,10,1310,1310,131
06/01/2022,GRA,ST006,QAR,PRK.1628,Brownie bites,13,13,13,1
06/01/2022,GRA,ST006,QAR,PRK.1632,Turkey cheese roll,19,228,228,12
06/01/2022,GRA,ST006,QAR,PRK.1633,Spinach feta roll,18,54,54,3
06/01/2022,GRA,ST006,QAR,PRK.1651,■PB & Jam sourdough bread,18,54,54,3
06/01/2022,GRA,ST006,QAR,PRK.1681,Salted Caramel Mocha,24,96,96,4
06/01/2022,GRA,ST006,QAR,PRK.1682,■Matcha Frappe,26,546,546,21
06/01/2022,GRA,ST006,QAR,PRK.1711,Pomegranate Pot,18,648,648,36
06/01/2022,GRA,ST006,QAR,PRK.1712,Mango Peach Muesli Pot,24,504,504,21
06/01/2022,GRA,ST006,QAR,PRK.1713,Overnight oats PB&Jam,25,675,675,27
06/01/2022,GRA,ST006,QAR,PRK.1741,Spicy Tuna sandwich,26,1092,1092,42
06/01/2022,GRA,ST006,QAR,PRK.1742,Three cheese,22,726,726,33
06/01/2022,GRA,ST006,QAR,PRK.1743,Falafel and Labna,25,425,425,17
06/01/2022,GRA,ST006,QAR,PRK.1744,Three Berry croissant,35,315,315,9
06/01/2022,GRA,ST006,QAR,PRK.1746,GRAZE CLUB SANDWICH,42,672,672,16
06/01/2022,GRA,ST006,QAR,PRK.1747,BEEF BURGER,35,455,455,13
06/01/2022,GRA,ST006,QAR,PRK.1771,Pistachio Arabeshi,5,305,305,61
06/01/2022,GRA,ST006,QAR,PRK.1772,Fresh Raspberry,5,205,205,41
06/01/2022,GRA,ST006,QAR,PRK.1773,Fresh blueberry,5,165,165,33
06/01/2022,GRA,ST006,QAR,PRK.1774,Chocolate Flakes,5,110,110,22
06/01/2022,GRA,ST006,QAR,PRK.1775,Honey Comb,5,160,160,32
06/01/2022,GRA,ST006,QAR,PRK.4501,Full Fat Milk,0,0,0,7
06/01/2022,GRA,ST006,QAR,PRK.4502,Low Fat Milk,0,0,0,12
06/01/2022,GRA,ST006,QAR,PRK.4503,Almond Milk,2,188,188,94
06/01/2022,GRA,ST006,QAR,PRK.4504,Soya Milk,2,32,32,16
06/01/2022,GRA,ST006,QAR,PRK.4516,Decaf,0,0,0,1
06/01/2022,GRA,ST006,QAR,PRK.4517,Vanilla Flavor,0,0,0,1
06/01/2022,GRA,ST006,QAR,PRK.4531,w/ Granola,0,0,0,55
06/01/2022,GRA,ST006,QAR,PRK.4533,w/ Pretzel,0,0,0,5
06/01/2022,GRA,ST006,QAR,PRK.4534,w/ Coconut Flakes,0,0,0,23
06/01/2022,GRA,ST006,QAR,PRK.4535,w/ Crispy Crepe,0,0,0,36
06/01/2022,GRA,ST006,QAR,PRK.4537,w/ Mixed Berries Sauce,0,0,0,28
06/01/2022,GRA,ST006,QAR,PRK.4541,w/ Strawberry,0,0,0,140
06/01/2022,GRA,ST006,QAR,PRK.4543,w/ Salted Caramel,0,0,0,14
06/01/2022,GRA,ST006,QAR,PRK.4544,w/ Pomegranate,0,0,0,74
06/01/2022,GRA,ST006,QAR,PRK.4545,w/ Dulce de leche,0,0,0,26
06/01/2022,GRA,ST006,QAR,PRK.4549,w/ Mango Sauce,0,0,0,38
06/01/2022,GRA,ST006,QAR,PRK.4550,w/ Mango,0,0,0,167
06/01/2022,GRA,ST006,QAR,PRK.4551,w/ Peanut Butter Sauce,0,0,0,5
06/01/2022,GRA,ST006,QAR,PRK.4552,w/ Crushed Grahams,0,0,0,12
06/01/2022,GRA,ST006,QAR,PRK.4556,w/ Fresh Pineapple,0,0,0,14
06/01/2022,GRA,ST006,QAR,PRK.4557,w/ Kiwi Fruit,0,0,0,13
06/01/2022,GRA,ST006,QAR,PRK.4558,w/ Lotus Biscuit,0,0,0,11
06/01/2022,GRA,ST006,QAR,PRK.4561,MIXED FROZEN YOGURT,0,0,0,34
06/01/2022,GRA,ST006,QAR,PRK.4562,MIXED MANGO YOGURT,0,0,0,18
06/01/2022,GRA,ST006,QAR,PRK.4564,MIXED MILKY ICE CREAM,0,0,0,2
