DATE,BRANCHCODE,WAREHOUSECODE,CURRENCY,ERPCODE,ITEMNAME,RAWPRICE,GROSSAMT,NETVALUE,QTYSOLD
07/01/2022,GRA,ST006,QAR,PRK.902,Granola,55,605,605,11
07/01/2022,GRA,ST006,QAR,PRK.903,Graze Spicy  Mix,55,220,220,4
07/01/2022,GRA,ST006,QAR,PRK.904,Graze House Mix,55,330,330,6
07/01/2022,GRA,ST006,QAR,PRK.907,Zaatar Chips,6,120,120,20
07/01/2022,GRA,ST006,QAR,PRK.909,Spicy Pesto Chips,6,108,108,18
07/01/2022,GRA,ST006,QAR,PRK.910,Graze Spicy Mix Sml,25,175,175,7
07/01/2022,GRA,ST006,QAR,PRK.911,Graze House Mix Sml,25,225,225,9
07/01/2022,GRA,ST006,QAR,PRK.962,Extra flavor,3,9,9,3
07/01/2022,GRA,ST006,QAR,PRK.994,Crsnt w Egg/Avaca/ SunTom,24,648,648,27
07/01/2022,GRA,ST006,QAR,PRK.995,Egg Burrito,20,720,720,36
07/01/2022,GRA,ST006,QAR,PRK.996,Blueberry Granola parfait,25,1100,1100,44
07/01/2022,GRA,ST006,QAR,PRK.997,Yog Dates Chia Pista Alm,22,968,968,44
07/01/2022,GRA,ST006,QAR,PRK.1007,Zatar Croissant,16,112,112,7
07/01/2022,GRA,ST006,QAR,PRK.1008,Chocolate Croissant,16,16,16,1
07/01/2022,GRA,ST006,QAR,PRK.1010,Tomato Puff Pastry,16,96,96,6
07/01/2022,GRA,ST006,QAR,PRK.1012,Three Berry Yogurt & Date,25,375,375,15
07/01/2022,GRA,ST006,QAR,PRK.1015,Kiri Cheese Danish,14,420,420,30
07/01/2022,GRA,ST006,QAR,PRK.1016,Plain Croissant,10,70,70,7
07/01/2022,GRA,ST006,QAR,PRK.1020,Almond Croissant,16,16,16,1
07/01/2022,GRA,ST006,QAR,PRK.1021,Shirazi Salad,12,300,300,25
07/01/2022,GRA,ST006,QAR,PRK.1023,Falafel Salad,35,525,525,15
07/01/2022,GRA,ST006,QAR,PRK.1024,Quinoa Swt potato Salad,40,360,360,9
07/01/2022,GRA,ST006,QAR,PRK.1027,Mex Chkn Chilli Bean Sld,40,920,920,23
07/01/2022,GRA,ST006,QAR,PRK.1029,Burrata Salad,50,700,700,14
07/01/2022,GRA,ST006,QAR,PRK.1031,Teriyaki GRAZE Salmn,55,2585,2585,47
07/01/2022,GRA,ST006,QAR,PRK.1034,BBQ Chick Peas,38,646,646,17
07/01/2022,GRA,ST006,QAR,PRK.1039,Keto Chicken Salad,40,760,760,19
07/01/2022,GRA,ST006,QAR,PRK.1044,Southern Chicken Salad,45,1215,1215,27
07/01/2022,GRA,ST006,QAR,PRK.1047,Chicken Noodle Salad,40,40,40,1
07/01/2022,GRA,ST006,QAR,PRK.1048,Mexican  Caesar Salad chk,39,2106,2106,54
07/01/2022,GRA,ST006,QAR,PRK.1049,ROCCA SALAD,22,352,352,16
07/01/2022,GRA,ST006,QAR,PRK.1052,Smoke Turkey Sandwich,34,1700,1700,50
07/01/2022,GRA,ST006,QAR,PRK.1054,lemon&Rosemary Chkn,36,2196,2196,61
07/01/2022,GRA,ST006,QAR,PRK.1057,Steak & Philly Chz SW,32,512,512,16
07/01/2022,GRA,ST006,QAR,PRK.1063,Egg Mayo with Rocket,20,320,320,16
07/01/2022,GRA,ST006,QAR,PRK.1068,Crispy Chicken Bun,24,288,288,12
07/01/2022,GRA,ST006,QAR,PRK.1070,Chicken Pesto & Mozzarell,32,992,992,31
07/01/2022,GRA,ST006,QAR,PRK.1075,Avocado Toast,40,520,520,13
07/01/2022,GRA,ST006,QAR,PRK.1083,Chkn Soup,19,304,304,16
07/01/2022,GRA,ST006,QAR,PRK.1087,Lentil Soup,20,280,280,14
07/01/2022,GRA,ST006,QAR,PRK.1111,Penne Bolognese,50,850,850,17
07/01/2022,GRA,ST006,QAR,PRK.1113,Chkn Katsu Curry,45,2700,2700,60
07/01/2022,GRA,ST006,QAR,PRK.1115,Mushroom Pasta,40,1320,1320,33
07/01/2022,GRA,ST006,QAR,PRK.1118,Steak With Mushroom Sauce,45,2565,2565,57
07/01/2022,GRA,ST006,QAR,PRK.1119,Chicken Biryani,45,3825,3825,85
07/01/2022,GRA,ST006,QAR,PRK.1121,Chinese Sesame Chicken,40,2960,2960,74
07/01/2022,GRA,ST006,QAR,PRK.1127,Rock Shrimp,45,2385,2385,53
07/01/2022,GRA,ST006,QAR,PRK.1133,Lamb  Kabsa,45,1395,1395,31
07/01/2022,GRA,ST006,QAR,PRK.1140,Chicken Curry & Saffron r,43,1677,1677,39
07/01/2022,GRA,ST006,QAR,PRK.1141,CRAB BOWL,28,168,168,6
07/01/2022,GRA,ST006,QAR,PRK.1145,Yoghurt & Cucumber dip,12,72,72,6
07/01/2022,GRA,ST006,QAR,PRK.1146,Spicy Guacamole Pot,13,195,195,15
07/01/2022,GRA,ST006,QAR,PRK.1149,Edamame Pot,12,156,156,13
07/01/2022,GRA,ST006,QAR,PRK.1159,Greek Tabbouleh,20,200,200,10
07/01/2022,GRA,ST006,QAR,PRK.1173,Choco Chia Energy Ball,30,1080,1080,36
07/01/2022,GRA,ST006,QAR,PRK.1175,Pecan Bars,14,336,336,24
07/01/2022,GRA,ST006,QAR,PRK.1177,Carrot Cake,15,315,315,21
07/01/2022,GRA,ST006,QAR,PRK.1178,Sweet Potatoe Choco Cake,15,315,315,21
07/01/2022,GRA,ST006,QAR,PRK.1183,Bannana,2,506,506,253
07/01/2022,GRA,ST006,QAR,PRK.1184,Watermelon,18,1044,1044,58
07/01/2022,GRA,ST006,QAR,PRK.1185,Pineapplemix,18,1404,1404,78
07/01/2022,GRA,ST006,QAR,PRK.1186,Mixed Berries,22,3190,3190,145
07/01/2022,GRA,ST006,QAR,PRK.1194,Lotus Cheesecake,15,240,240,16
07/01/2022,GRA,ST006,QAR,PRK.1196,Chia Blueberry Yodurt,24,288,288,12
07/01/2022,GRA,ST006,QAR,PRK.1201,Iced Flat White,18,126,126,7
07/01/2022,GRA,ST006,QAR,PRK.1203,Iced Spanish Latte,20,460,460,23
07/01/2022,GRA,ST006,QAR,PRK.1204,Iced Latte,18,450,450,25
07/01/2022,GRA,ST006,QAR,PRK.1205,Iced Americano,15,630,630,42
07/01/2022,GRA,ST006,QAR,PRK.1234,Pepperoni Pizza small,40,160,160,4
07/01/2022,GRA,ST006,QAR,PRK.1235,Margherita Pizza small,30,150,150,5
07/01/2022,GRA,ST006,QAR,PRK.1236,BBQ chicken Pizza small,35,245,245,7
07/01/2022,GRA,ST006,QAR,PRK.1262,Highland Still,5,4600,4600,920
07/01/2022,GRA,ST006,QAR,PRK.1265,Perrier Sparkling,9,162,162,18
07/01/2022,GRA,ST006,QAR,PRK.1291,Coke,5,100,100,20
07/01/2022,GRA,ST006,QAR,PRK.1292,Diet Coke,5,230,230,46
07/01/2022,GRA,ST006,QAR,PRK.1331,Stay Home w/ Graze R 6 X1,185,185,185,1
07/01/2022,GRA,ST006,QAR,PRK.1334,Stay Home w/Graze M12 X1,240,1200,1200,5
07/01/2022,GRA,ST006,QAR,PRK.1351,Espresso Single,12,1680,1680,140
07/01/2022,GRA,ST006,QAR,PRK.1353,Americano Hot,15,1245,1245,83
07/01/2022,GRA,ST006,QAR,PRK.1354,Flat White Hot,18,738,738,41
07/01/2022,GRA,ST006,QAR,PRK.1355,Cappucino,18,1026,1026,57
07/01/2022,GRA,ST006,QAR,PRK.1356,Cortado,18,234,234,13
07/01/2022,GRA,ST006,QAR,PRK.1358,Spanish Latte,20,500,500,25
07/01/2022,GRA,ST006,QAR,PRK.1359,Classic Mocha,25,50,50,2
07/01/2022,GRA,ST006,QAR,PRK.1360,Slated Caramel Mocha,25,50,50,2
07/01/2022,GRA,ST006,QAR,PRK.1362,Double Espresso,14,1078,1078,77
07/01/2022,GRA,ST006,QAR,PRK.1363,Latte Hot,18,594,594,33
07/01/2022,GRA,ST006,QAR,PRK.1372,Hot Cocoa,24,48,48,2
07/01/2022,GRA,ST006,QAR,PRK.1373,Hibiscus Iced tea,18,162,162,9
07/01/2022,GRA,ST006,QAR,PRK.1374,Peach Iced Tea,18,90,90,5
07/01/2022,GRA,ST006,QAR,PRK.1375,Matcha Latte,25,100,100,4
07/01/2022,GRA,ST006,QAR,PRK.1386,Orange Juice,22,1936,1936,88
07/01/2022,GRA,ST006,QAR,PRK.1387,Carrot Juice,22,110,110,5
07/01/2022,GRA,ST006,QAR,PRK.1390,Morning Boost,24,1104,1104,46
07/01/2022,GRA,ST006,QAR,PRK.1392,Immune Boost,22,660,660,30
07/01/2022,GRA,ST006,QAR,PRK.1396,Ginger Aid Shot,18,1098,1098,61
07/01/2022,GRA,ST006,QAR,PRK.1402,Laban Drink,18,360,360,20
07/01/2022,GRA,ST006,QAR,PRK.1404,Green Boost Juice,24,432,432,18
07/01/2022,GRA,ST006,QAR,PRK.1406,Beetroot & Apple Juice,20,560,560,28
07/01/2022,GRA,ST006,QAR,PRK.1409,Turmeric wellness shot,16,336,336,21
07/01/2022,GRA,ST006,QAR,PRK.1412, Mini Cup Yogurt,14,364,364,26
07/01/2022,GRA,ST006,QAR,PRK.1413,Regular Cup Yogurt,21,441,441,21
07/01/2022,GRA,ST006,QAR,PRK.1416,Large Cup Yogurt,23,69,69,3
07/01/2022,GRA,ST006,QAR,PRK.1418, Mini Cup Yogurt/Topping,18,198,198,11
07/01/2022,GRA,ST006,QAR,PRK.1419,Reg Cup Yogurt/Toping,26,208,208,8
07/01/2022,GRA,ST006,QAR,PRK.1422,Large Cup Yogurt/Topping,30,180,180,6
07/01/2022,GRA,ST006,QAR,PRK.1429,Mini Mango Ice Cream,14,2366,2366,169
07/01/2022,GRA,ST006,QAR,PRK.1430,Regular Mango Ice Cream,21,2184,2184,104
07/01/2022,GRA,ST006,QAR,PRK.1431,Large Mango Ice Cream,23,1955,1955,85
07/01/2022,GRA,ST006,QAR,PRK.1432,Mini Mango Ice Cream/Topp,18,1026,1026,57
07/01/2022,GRA,ST006,QAR,PRK.1433,Reg Mango Ice cream/Topp,26,1144,1144,44
07/01/2022,GRA,ST006,QAR,PRK.1434,Large Mango Ice Cream/Top,30,690,690,23
07/01/2022,GRA,ST006,QAR,PRK.1435,Mini Cup Milky Ice Cream,14,252,252,18
07/01/2022,GRA,ST006,QAR,PRK.1436,Reg Cup Milky Ice Cream,21,189,189,9
07/01/2022,GRA,ST006,QAR,PRK.1437,Lrge Cup Milky Ice Cream,23,92,92,4
07/01/2022,GRA,ST006,QAR,PRK.1438,Mini Cup Milky Ice C/Top,18,108,108,6
07/01/2022,GRA,ST006,QAR,PRK.1439,Reg Cup Milky Ice Cre/Top,26,234,234,9
07/01/2022,GRA,ST006,QAR,PRK.1464,Fresh Pineapple,3,6,6,2
07/01/2022,GRA,ST006,QAR,PRK.1469,Kiwi Fruit,3,3,3,1
07/01/2022,GRA,ST006,QAR,PRK.1471,NOODLES BOWL,45,630,630,14
07/01/2022,GRA,ST006,QAR,PRK.1472,CHICKEN CURRY & RICE,48,1104,1104,23
07/01/2022,GRA,ST006,QAR,PRK.1473,BEEF STROGANOFF,50,650,650,13
07/01/2022,GRA,ST006,QAR,PRK.1501,pomegranate,3,6,6,2
07/01/2022,GRA,ST006,QAR,PRK.1502,Strawberry,3,36,36,12
07/01/2022,GRA,ST006,QAR,PRK.1505,Salted Caramel,3,12,12,4
07/01/2022,GRA,ST006,QAR,PRK.1506,Pretzel,3,39,39,13
07/01/2022,GRA,ST006,QAR,PRK.1507,Crispy Crepe,3,15,15,5
07/01/2022,GRA,ST006,QAR,PRK.1508,Granola,3,63,63,21
07/01/2022,GRA,ST006,QAR,PRK.1509,Coconut Flakes,3,3,3,1
07/01/2022,GRA,ST006,QAR,PRK.1510,Crushed Graham,3,9,9,3
07/01/2022,GRA,ST006,QAR,PRK.1520,Mixed Berries Sauce,3,27,27,9
07/01/2022,GRA,ST006,QAR,PRK.1521,Mango Sauce,3,18,18,6
07/01/2022,GRA,ST006,QAR,PRK.1527,Mango,3,99,99,33
07/01/2022,GRA,ST006,QAR,PRK.1531,Power Shake,35,2415,2415,69
07/01/2022,GRA,ST006,QAR,PRK.1532,Peanut Power Shake,35,5040,5040,144
07/01/2022,GRA,ST006,QAR,PRK.1533,Pre-workout protein shak,45,225,225,5
07/01/2022,GRA,ST006,QAR,PRK.1534,Choco Power Shake,35,5425,5425,155
07/01/2022,GRA,ST006,QAR,PRK.1536,Energizer protine Shakes,45,2565,2565,57
07/01/2022,GRA,ST006,QAR,PRK.1538,Pre-workout shake,35,105,105,3
07/01/2022,GRA,ST006,QAR,PRK.1540,Energizer shakes,35,350,350,10
07/01/2022,GRA,ST006,QAR,PRK.1542,14oz Pre-work out Protein,40,80,80,2
07/01/2022,GRA,ST006,QAR,PRK.1545,14oz Energizer protine,40,1520,1520,38
07/01/2022,GRA,ST006,QAR,PRK.1546,14oz Pre-workout shake,30,90,90,3
07/01/2022,GRA,ST006,QAR,PRK.1548,14oz Energizer shakes,30,120,120,4
07/01/2022,GRA,ST006,QAR,PRK.1550,Extra Protein,10,360,360,36
07/01/2022,GRA,ST006,QAR,PRK.1551,Nut Butters,10,190,190,19
07/01/2022,GRA,ST006,QAR,PRK.1554,Chia seeds,10,10,10,1
07/01/2022,GRA,ST006,QAR,PRK.1555,Oats,10,100,100,10
07/01/2022,GRA,ST006,QAR,PRK.1556,BCAA Recovery Booster,20,160,160,8
07/01/2022,GRA,ST006,QAR,PRK.1557,Pre workout charger,20,20,20,1
07/01/2022,GRA,ST006,QAR,PRK.1559,Vegan Vanilla,15,45,45,3
07/01/2022,GRA,ST006,QAR,PRK.1561,Mini Pomegranate i/c,14,252,252,18
07/01/2022,GRA,ST006,QAR,PRK.1562,Regular Pomegranate i/c,21,525,525,25
07/01/2022,GRA,ST006,QAR,PRK.1563,Large Pomegranate i/c,23,69,69,3
07/01/2022,GRA,ST006,QAR,PRK.1564,Mini pomegranate /topping,18,54,54,3
07/01/2022,GRA,ST006,QAR,PRK.1565,Regular Pomegrante /topp,26,52,52,2
07/01/2022,GRA,ST006,QAR,PRK.1566,Large Pomegranate/topping,30,210,210,7
07/01/2022,GRA,ST006,QAR,PRK.1623,Brownie flavour cookies,10,1410,1410,141
07/01/2022,GRA,ST006,QAR,PRK.1632,Turkey cheese roll,19,57,57,3
07/01/2022,GRA,ST006,QAR,PRK.1681,Salted Caramel Mocha,24,168,168,7
07/01/2022,GRA,ST006,QAR,PRK.1682,■Matcha Frappe,26,234,234,9
07/01/2022,GRA,ST006,QAR,PRK.1711,Pomegranate Pot,18,486,486,27
07/01/2022,GRA,ST006,QAR,PRK.1712,Mango Peach Muesli Pot,24,264,264,11
07/01/2022,GRA,ST006,QAR,PRK.1713,Overnight oats PB&Jam,25,525,525,21
07/01/2022,GRA,ST006,QAR,PRK.1741,Spicy Tuna sandwich,26,702,702,27
07/01/2022,GRA,ST006,QAR,PRK.1742,Three cheese,22,264,264,12
07/01/2022,GRA,ST006,QAR,PRK.1743,Falafel and Labna,25,200,200,8
07/01/2022,GRA,ST006,QAR,PRK.1746,GRAZE CLUB SANDWICH,42,378,378,9
07/01/2022,GRA,ST006,QAR,PRK.1747,BEEF BURGER,35,420,420,12
07/01/2022,GRA,ST006,QAR,PRK.1771,Pistachio Arabeshi,5,195,195,39
07/01/2022,GRA,ST006,QAR,PRK.1772,Fresh Raspberry,5,120,120,24
07/01/2022,GRA,ST006,QAR,PRK.1773,Fresh blueberry,5,90,90,18
07/01/2022,GRA,ST006,QAR,PRK.1774,Chocolate Flakes,5,50,50,10
07/01/2022,GRA,ST006,QAR,PRK.1775,Honey Comb,5,100,100,20
07/01/2022,GRA,ST006,QAR,PRK.4501,Full Fat Milk,0,0,0,2
07/01/2022,GRA,ST006,QAR,PRK.4502,Low Fat Milk,0,0,0,10
07/01/2022,GRA,ST006,QAR,PRK.4503,Almond Milk,2,192,192,96
07/01/2022,GRA,ST006,QAR,PRK.4504,Soya Milk,2,46,46,23
07/01/2022,GRA,ST006,QAR,PRK.4516,Decaf,0,0,0,1
07/01/2022,GRA,ST006,QAR,PRK.4517,Vanilla Flavor,0,0,0,3
07/01/2022,GRA,ST006,QAR,PRK.4531,w/ Granola,0,0,0,37
07/01/2022,GRA,ST006,QAR,PRK.4533,w/ Pretzel,0,0,0,6
07/01/2022,GRA,ST006,QAR,PRK.4534,w/ Coconut Flakes,0,0,0,12
07/01/2022,GRA,ST006,QAR,PRK.4535,w/ Crispy Crepe,0,0,0,41
07/01/2022,GRA,ST006,QAR,PRK.4537,w/ Mixed Berries Sauce,0,0,0,6
07/01/2022,GRA,ST006,QAR,PRK.4541,w/ Strawberry,0,0,0,77
07/01/2022,GRA,ST006,QAR,PRK.4543,w/ Salted Caramel,0,0,0,7
07/01/2022,GRA,ST006,QAR,PRK.4544,w/ Pomegranate,0,0,0,31
07/01/2022,GRA,ST006,QAR,PRK.4545,w/ Dulce de leche,0,0,0,6
07/01/2022,GRA,ST006,QAR,PRK.4549,w/ Mango Sauce,0,0,0,37
07/01/2022,GRA,ST006,QAR,PRK.4550,w/ Mango,0,0,0,155
07/01/2022,GRA,ST006,QAR,PRK.4551,w/ Peanut Butter Sauce,0,0,0,1
07/01/2022,GRA,ST006,QAR,PRK.4552,w/ Crushed Grahams,0,0,0,5
07/01/2022,GRA,ST006,QAR,PRK.4556,w/ Fresh Pineapple,0,0,0,17
07/01/2022,GRA,ST006,QAR,PRK.4557,w/ Kiwi Fruit,0,0,0,7
07/01/2022,GRA,ST006,QAR,PRK.4558,w/ Lotus Biscuit,0,0,0,6
07/01/2022,GRA,ST006,QAR,PRK.4561,MIXED FROZEN YOGURT,0,0,0,18
07/01/2022,GRA,ST006,QAR,PRK.4562,MIXED MANGO YOGURT,0,0,0,6
07/01/2022,GRA,ST006,QAR,PRK.4564,MIXED MILKY ICE CREAM,0,0,0,2
