DATE,BRANCHCODE,WAREHOUSECODE,CURRENCY,ERPCODE,ITEMNAME,RAWPRICE,GROSSAMT,NETVALUE,QTYSOLD
04/01/2022,GRA,ST006,QAR,PRK.902,Granola,55,440,440,8
04/01/2022,GRA,ST006,QAR,PRK.903,Graze Spicy  Mix,55,220,220,4
04/01/2022,GRA,ST006,QAR,PRK.904,Graze House Mix,55,330,330,6
04/01/2022,GRA,ST006,QAR,PRK.907,Zaatar Chips,6,12,12,2
04/01/2022,GRA,ST006,QAR,PRK.909,Spicy Pesto Chips,6,24,24,4
04/01/2022,GRA,ST006,QAR,PRK.910,Graze Spicy Mix Sml,25,75,75,3
04/01/2022,GRA,ST006,QAR,PRK.911,Graze House Mix Sml,25,125,125,5
04/01/2022,GRA,ST006,QAR,PRK.962,Extra flavor,3,12,12,4
04/01/2022,GRA,ST006,QAR,PRK.995,Egg Burrito,20,60,60,3
04/01/2022,GRA,ST006,QAR,PRK.996,Blueberry Granola parfait,25,50,50,2
04/01/2022,GRA,ST006,QAR,PRK.997,Yog Dates Chia Pista Alm,22,132,132,6
04/01/2022,GRA,ST006,QAR,PRK.1023,Falafel Salad,35,70,70,2
04/01/2022,GRA,ST006,QAR,PRK.1027,Mex Chkn Chilli Bean Sld,40,640,640,16
04/01/2022,GRA,ST006,QAR,PRK.1031,Teriyaki GRAZE Salmn,55,1540,1540,28
04/01/2022,GRA,ST006,QAR,PRK.1034,BBQ Chick Peas,38,418,418,11
04/01/2022,GRA,ST006,QAR,PRK.1039,Keto Chicken Salad,40,600,600,15
04/01/2022,GRA,ST006,QAR,PRK.1044,Southern Chicken Salad,45,90,90,2
04/01/2022,GRA,ST006,QAR,PRK.1048,Mexican  Caesar Salad chk,39,1014,1014,26
04/01/2022,GRA,ST006,QAR,PRK.1049,ROCCA SALAD,22,132,132,6
04/01/2022,GRA,ST006,QAR,PRK.1052,Smoke Turkey Sandwich,34,510,510,15
04/01/2022,GRA,ST006,QAR,PRK.1054,lemon&Rosemary Chkn,36,828,828,23
04/01/2022,GRA,ST006,QAR,PRK.1057,Steak & Philly Chz SW,32,192,192,6
04/01/2022,GRA,ST006,QAR,PRK.1063,Egg Mayo with Rocket,20,100,100,5
04/01/2022,GRA,ST006,QAR,PRK.1068,Crispy Chicken Bun,24,312,312,13
04/01/2022,GRA,ST006,QAR,PRK.1070,Chicken Pesto & Mozzarell,32,448,448,14
04/01/2022,GRA,ST006,QAR,PRK.1083,Chkn Soup,19,114,114,6
04/01/2022,GRA,ST006,QAR,PRK.1087,Lentil Soup,20,80,80,4
04/01/2022,GRA,ST006,QAR,PRK.1113,Chkn Katsu Curry,45,1170,1170,26
04/01/2022,GRA,ST006,QAR,PRK.1115,Mushroom Pasta,40,760,760,19
04/01/2022,GRA,ST006,QAR,PRK.1118,Steak With Mushroom Sauce,45,1530,1530,34
04/01/2022,GRA,ST006,QAR,PRK.1119,Chicken Biryani,45,1620,1620,36
04/01/2022,GRA,ST006,QAR,PRK.1121,Chinese Sesame Chicken,40,1840,1840,46
04/01/2022,GRA,ST006,QAR,PRK.1127,Rock Shrimp,45,810,810,18
04/01/2022,GRA,ST006,QAR,PRK.1133,Lamb  Kabsa,45,585,585,13
04/01/2022,GRA,ST006,QAR,PRK.1140,Chicken Curry & Saffron r,43,1118,1118,26
04/01/2022,GRA,ST006,QAR,PRK.1146,Spicy Guacamole Pot,13,104,104,8
04/01/2022,GRA,ST006,QAR,PRK.1149,Edamame Pot,12,84,84,7
04/01/2022,GRA,ST006,QAR,PRK.1159,Greek Tabbouleh,20,40,40,2
04/01/2022,GRA,ST006,QAR,PRK.1161,Labneh Beetroot,28,140,140,5
04/01/2022,GRA,ST006,QAR,PRK.1173,Choco Chia Energy Ball,30,480,480,16
04/01/2022,GRA,ST006,QAR,PRK.1175,Pecan Bars,14,98,98,7
04/01/2022,GRA,ST006,QAR,PRK.1177,Carrot Cake,15,165,165,11
04/01/2022,GRA,ST006,QAR,PRK.1178,Sweet Potatoe Choco Cake,15,150,150,10
04/01/2022,GRA,ST006,QAR,PRK.1183,Bannana,2,328,328,164
04/01/2022,GRA,ST006,QAR,PRK.1184,Watermelon,18,144,144,8
04/01/2022,GRA,ST006,QAR,PRK.1185,Pineapplemix,18,324,324,18
04/01/2022,GRA,ST006,QAR,PRK.1186,Mixed Berries,22,110,110,5
04/01/2022,GRA,ST006,QAR,PRK.1194,Lotus Cheesecake,15,225,225,15
04/01/2022,GRA,ST006,QAR,PRK.1201,Iced Flat White,18,54,54,3
04/01/2022,GRA,ST006,QAR,PRK.1203,Iced Spanish Latte,20,260,260,13
04/01/2022,GRA,ST006,QAR,PRK.1204,Iced Latte,18,108,108,6
04/01/2022,GRA,ST006,QAR,PRK.1205,Iced Americano,15,240,240,16
04/01/2022,GRA,ST006,QAR,PRK.1262,Highland Still,5,3010,3010,602
04/01/2022,GRA,ST006,QAR,PRK.1265,Perrier Sparkling,9,189,189,21
04/01/2022,GRA,ST006,QAR,PRK.1291,Coke,5,45,45,9
04/01/2022,GRA,ST006,QAR,PRK.1292,Diet Coke,5,110,110,22
04/01/2022,GRA,ST006,QAR,PRK.1327,Stay Home w/ Graze L 4X1,140,140,140,1
04/01/2022,GRA,ST006,QAR,PRK.1333,Stay Home w/Graze M 6 X1,130,130,130,1
04/01/2022,GRA,ST006,QAR,PRK.1335,Cool Box,15,30,30,2
04/01/2022,GRA,ST006,QAR,PRK.1349,Graze complimntry Ice Box,0,0,0,4
04/01/2022,GRA,ST006,QAR,PRK.1351,Espresso Single,12,1332,1332,111
04/01/2022,GRA,ST006,QAR,PRK.1353,Americano Hot,15,435,435,29
04/01/2022,GRA,ST006,QAR,PRK.1354,Flat White Hot,18,792,792,44
04/01/2022,GRA,ST006,QAR,PRK.1355,Cappucino,18,810,810,45
04/01/2022,GRA,ST006,QAR,PRK.1356,Cortado,18,126,126,7
04/01/2022,GRA,ST006,QAR,PRK.1358,Spanish Latte,20,620,620,31
04/01/2022,GRA,ST006,QAR,PRK.1362,Double Espresso,14,406,406,29
04/01/2022,GRA,ST006,QAR,PRK.1363,Latte Hot,18,108,108,6
04/01/2022,GRA,ST006,QAR,PRK.1372,Hot Cocoa,24,24,24,1
04/01/2022,GRA,ST006,QAR,PRK.1373,Hibiscus Iced tea,18,198,198,11
04/01/2022,GRA,ST006,QAR,PRK.1374,Peach Iced Tea,18,36,36,2
04/01/2022,GRA,ST006,QAR,PRK.1375,Matcha Latte,25,25,25,1
04/01/2022,GRA,ST006,QAR,PRK.1376,Cinnamon Latte,25,25,25,1
04/01/2022,GRA,ST006,QAR,PRK.1386,Orange Juice,22,528,528,24
04/01/2022,GRA,ST006,QAR,PRK.1390,Morning Boost,24,360,360,15
04/01/2022,GRA,ST006,QAR,PRK.1392,Immune Boost,22,286,286,13
04/01/2022,GRA,ST006,QAR,PRK.1396,Ginger Aid Shot,18,522,522,29
04/01/2022,GRA,ST006,QAR,PRK.1402,Laban Drink,18,126,126,7
04/01/2022,GRA,ST006,QAR,PRK.1403,Vimto Juice,18,144,144,8
04/01/2022,GRA,ST006,QAR,PRK.1404,Green Boost Juice,24,144,144,6
04/01/2022,GRA,ST006,QAR,PRK.1406,Beetroot & Apple Juice,20,200,200,10
04/01/2022,GRA,ST006,QAR,PRK.1409,Turmeric wellness shot,16,176,176,11
04/01/2022,GRA,ST006,QAR,PRK.1412, Mini Cup Yogurt,14,630,630,45
04/01/2022,GRA,ST006,QAR,PRK.1413,Regular Cup Yogurt,21,168,168,8
04/01/2022,GRA,ST006,QAR,PRK.1416,Large Cup Yogurt,23,184,184,8
04/01/2022,GRA,ST006,QAR,PRK.1418, Mini Cup Yogurt/Topping,18,252,252,14
04/01/2022,GRA,ST006,QAR,PRK.1419,Reg Cup Yogurt/Toping,26,260,260,10
04/01/2022,GRA,ST006,QAR,PRK.1422,Large Cup Yogurt/Topping,30,60,60,2
04/01/2022,GRA,ST006,QAR,PRK.1423,Mini Cup Choco Ice cream,14,28,28,2
04/01/2022,GRA,ST006,QAR,PRK.1429,Mini Mango Ice Cream,14,1456,1456,104
04/01/2022,GRA,ST006,QAR,PRK.1430,Regular Mango Ice Cream,21,1176,1176,56
04/01/2022,GRA,ST006,QAR,PRK.1431,Large Mango Ice Cream,23,713,713,31
04/01/2022,GRA,ST006,QAR,PRK.1432,Mini Mango Ice Cream/Topp,18,720,720,40
04/01/2022,GRA,ST006,QAR,PRK.1433,Reg Mango Ice cream/Topp,26,442,442,17
04/01/2022,GRA,ST006,QAR,PRK.1434,Large Mango Ice Cream/Top,30,330,330,11
04/01/2022,GRA,ST006,QAR,PRK.1435,Mini Cup Milky Ice Cream,14,448,448,32
04/01/2022,GRA,ST006,QAR,PRK.1436,Reg Cup Milky Ice Cream,21,252,252,12
04/01/2022,GRA,ST006,QAR,PRK.1437,Lrge Cup Milky Ice Cream,23,23,23,1
04/01/2022,GRA,ST006,QAR,PRK.1438,Mini Cup Milky Ice C/Top,18,126,126,7
04/01/2022,GRA,ST006,QAR,PRK.1439,Reg Cup Milky Ice Cre/Top,26,104,104,4
04/01/2022,GRA,ST006,QAR,PRK.1440,Lrge Cup Milky Ice Cr/Top,30,30,30,1
04/01/2022,GRA,ST006,QAR,PRK.1464,Fresh Pineapple,3,9,9,3
04/01/2022,GRA,ST006,QAR,PRK.1469,Kiwi Fruit,3,3,3,1
04/01/2022,GRA,ST006,QAR,PRK.1471,NOODLES BOWL,45,225,225,5
04/01/2022,GRA,ST006,QAR,PRK.1472,CHICKEN CURRY & RICE,48,1296,1296,27
04/01/2022,GRA,ST006,QAR,PRK.1473,BEEF STROGANOFF,50,50,50,1
04/01/2022,GRA,ST006,QAR,PRK.1501,pomegranate,3,24,24,8
04/01/2022,GRA,ST006,QAR,PRK.1502,Strawberry,3,6,6,2
04/01/2022,GRA,ST006,QAR,PRK.1505,Salted Caramel,3,15,15,5
04/01/2022,GRA,ST006,QAR,PRK.1507,Crispy Crepe,3,57,57,19
04/01/2022,GRA,ST006,QAR,PRK.1508,Granola,3,36,36,12
04/01/2022,GRA,ST006,QAR,PRK.1509,Coconut Flakes,3,24,24,8
04/01/2022,GRA,ST006,QAR,PRK.1510,Crushed Graham,3,6,6,2
04/01/2022,GRA,ST006,QAR,PRK.1514,Dulce de Leche,3,3,3,1
04/01/2022,GRA,ST006,QAR,PRK.1520,Mixed Berries Sauce,3,12,12,4
04/01/2022,GRA,ST006,QAR,PRK.1521,Mango Sauce,3,12,12,4
04/01/2022,GRA,ST006,QAR,PRK.1523,Peanut Butter Sauce,3,3,3,1
04/01/2022,GRA,ST006,QAR,PRK.1527,Mango,3,15,15,5
04/01/2022,GRA,ST006,QAR,PRK.1531,Power Shake,35,2100,2030,60
04/01/2022,GRA,ST006,QAR,PRK.1532,Peanut Power Shake,35,2975,2975,85
04/01/2022,GRA,ST006,QAR,PRK.1534,Choco Power Shake,35,4305,4235,123
04/01/2022,GRA,ST006,QAR,PRK.1536,Energizer protine Shakes,45,900,810,20
04/01/2022,GRA,ST006,QAR,PRK.1540,Energizer shakes,35,245,245,7
04/01/2022,GRA,ST006,QAR,PRK.1542,14oz Pre-work out Protein,40,40,40,1
04/01/2022,GRA,ST006,QAR,PRK.1545,14oz Energizer protine,40,1440,1440,36
04/01/2022,GRA,ST006,QAR,PRK.1546,14oz Pre-workout shake,30,150,150,5
04/01/2022,GRA,ST006,QAR,PRK.1548,14oz Energizer shakes,30,270,270,9
04/01/2022,GRA,ST006,QAR,PRK.1550,Extra Protein,10,250,250,25
04/01/2022,GRA,ST006,QAR,PRK.1580,Ogaily cardamom ice cream,25,3225,3225,129
04/01/2022,GRA,ST006,QAR,PRK.1623,Brownie flavour cookies,10,650,650,65
04/01/2022,GRA,ST006,QAR,PRK.1681,Salted Caramel Mocha,24,24,24,1
04/01/2022,GRA,ST006,QAR,PRK.1682,■Matcha Frappe,26,52,52,2
04/01/2022,GRA,ST006,QAR,PRK.1711,Pomegranate Pot,18,198,198,11
04/01/2022,GRA,ST006,QAR,PRK.1741,Spicy Tuna sandwich,26,78,78,3
04/01/2022,GRA,ST006,QAR,PRK.1742,Three cheese,22,154,154,7
04/01/2022,GRA,ST006,QAR,PRK.1743,Falafel and Labna,25,50,50,2
04/01/2022,GRA,ST006,QAR,PRK.1746,GRAZE CLUB SANDWICH,42,294,294,7
04/01/2022,GRA,ST006,QAR,PRK.1747,BEEF BURGER,35,455,455,13
04/01/2022,GRA,ST006,QAR,PRK.1771,Pistachio Arabeshi,5,115,115,23
04/01/2022,GRA,ST006,QAR,PRK.1772,Fresh Raspberry,5,50,50,10
04/01/2022,GRA,ST006,QAR,PRK.1773,Fresh blueberry,5,105,105,21
04/01/2022,GRA,ST006,QAR,PRK.1774,Chocolate Flakes,5,25,25,5
04/01/2022,GRA,ST006,QAR,PRK.1775,Honey Comb,5,15,15,3
04/01/2022,GRA,ST006,QAR,PRK.4502,Low Fat Milk,0,0,0,2
04/01/2022,GRA,ST006,QAR,PRK.4503,Almond Milk,2,128,128,64
04/01/2022,GRA,ST006,QAR,PRK.4504,Soya Milk,2,12,12,6
04/01/2022,GRA,ST006,QAR,PRK.4517,Vanilla Flavor,0,0,0,3
04/01/2022,GRA,ST006,QAR,PRK.4531,w/ Granola,0,0,0,24
04/01/2022,GRA,ST006,QAR,PRK.4533,w/ Pretzel,0,0,0,1
04/01/2022,GRA,ST006,QAR,PRK.4534,w/ Coconut Flakes,0,0,0,12
04/01/2022,GRA,ST006,QAR,PRK.4535,w/ Crispy Crepe,0,0,0,19
04/01/2022,GRA,ST006,QAR,PRK.4537,w/ Mixed Berries Sauce,0,0,0,7
04/01/2022,GRA,ST006,QAR,PRK.4541,w/ Strawberry,0,0,0,39
04/01/2022,GRA,ST006,QAR,PRK.4543,w/ Salted Caramel,0,0,0,12
04/01/2022,GRA,ST006,QAR,PRK.4544,w/ Pomegranate,0,0,0,31
04/01/2022,GRA,ST006,QAR,PRK.4545,w/ Dulce de leche,0,0,0,6
04/01/2022,GRA,ST006,QAR,PRK.4549,w/ Mango Sauce,0,0,0,25
04/01/2022,GRA,ST006,QAR,PRK.4550,w/ Mango,0,0,0,44
04/01/2022,GRA,ST006,QAR,PRK.4551,w/ Peanut Butter Sauce,0,0,0,4
04/01/2022,GRA,ST006,QAR,PRK.4552,w/ Crushed Grahams,0,0,0,13
04/01/2022,GRA,ST006,QAR,PRK.4556,w/ Fresh Pineapple,0,0,0,2
04/01/2022,GRA,ST006,QAR,PRK.4557,w/ Kiwi Fruit,0,0,0,6
04/01/2022,GRA,ST006,QAR,PRK.4558,w/ Lotus Biscuit,0,0,0,1
04/01/2022,GRA,ST006,QAR,PRK.4561,MIXED FROZEN YOGURT,0,0,0,3
04/01/2022,GRA,ST006,QAR,PRK.4562,MIXED MANGO YOGURT,0,0,0,1
