DATE,BRANCHCODE,WAREHOUSECODE,CURRENCY,ERPCODE,ITEMNAME,RAWPRICE,GROSSAMT,NETVALUE,QTYSOLD
09/01/2022,GRA,ST006,QAR,PRK.902,Granola,55,1320,1320,24
09/01/2022,GRA,ST006,QAR,PRK.904,Graze House Mix,55,220,220,4
09/01/2022,GRA,ST006,QAR,PRK.907,Zaatar Chips,6,120,120,20
09/01/2022,GRA,ST006,QAR,PRK.909,Spicy Pesto Chips,6,108,108,18
09/01/2022,GRA,ST006,QAR,PRK.910,Graze Spicy Mix Sml,25,425,425,17
09/01/2022,GRA,ST006,QAR,PRK.911,Graze House Mix Sml,25,350,350,14
09/01/2022,GRA,ST006,QAR,PRK.962,Extra flavor,3,15,15,5
09/01/2022,GRA,ST006,QAR,PRK.994,Crsnt w Egg/Avaca/ SunTom,24,840,840,35
09/01/2022,GRA,ST006,QAR,PRK.995,Egg Burrito,20,1120,1120,56
09/01/2022,GRA,ST006,QAR,PRK.996,Blueberry Granola parfait,25,1425,1425,57
09/01/2022,GRA,ST006,QAR,PRK.997,Yog Dates Chia Pista Alm,22,946,946,43
09/01/2022,GRA,ST006,QAR,PRK.1007,Zatar Croissant,16,208,208,13
09/01/2022,GRA,ST006,QAR,PRK.1008,Chocolate Croissant,16,208,208,13
09/01/2022,GRA,ST006,QAR,PRK.1012,Three Berry Yogurt & Date,25,475,475,19
09/01/2022,GRA,ST006,QAR,PRK.1015,Kiri Cheese Danish,14,770,770,55
09/01/2022,GRA,ST006,QAR,PRK.1016,Plain Croissant,10,140,140,14
09/01/2022,GRA,ST006,QAR,PRK.1020,Almond Croissant,16,64,64,4
09/01/2022,GRA,ST006,QAR,PRK.1021,Shirazi Salad,12,324,324,27
09/01/2022,GRA,ST006,QAR,PRK.1023,Falafel Salad,45,495,495,11
09/01/2022,GRA,ST006,QAR,PRK.1024,Quinoa Swt potato Salad,40,560,560,14
09/01/2022,GRA,ST006,QAR,PRK.1027,Mex Chkn Chilli Bean Sld,40,1400,1400,35
09/01/2022,GRA,ST006,QAR,PRK.1029,Burrata Salad,50,750,750,15
09/01/2022,GRA,ST006,QAR,PRK.1031,Teriyaki GRAZE Salmn,55,2530,2530,46
09/01/2022,GRA,ST006,QAR,PRK.1034,BBQ Chick Peas,38,266,266,7
09/01/2022,GRA,ST006,QAR,PRK.1039,Keto Chicken Salad,40,1000,1000,25
09/01/2022,GRA,ST006,QAR,PRK.1044,Southern Chicken Salad,45,1125,1125,25
09/01/2022,GRA,ST006,QAR,PRK.1046,Greek Salad,30,630,630,21
09/01/2022,GRA,ST006,QAR,PRK.1048,Mexican  Caesar Salad chk,39,2496,2496,64
09/01/2022,GRA,ST006,QAR,PRK.1049,ROCCA SALAD,22,132,132,6
09/01/2022,GRA,ST006,QAR,PRK.1052,Smoke Turkey Sandwich,34,1666,1666,49
09/01/2022,GRA,ST006,QAR,PRK.1054,lemon&Rosemary Chkn,36,2484,2484,69
09/01/2022,GRA,ST006,QAR,PRK.1057,Steak & Philly Chz SW,32,1088,1088,34
09/01/2022,GRA,ST006,QAR,PRK.1063,Egg Mayo with Rocket,20,360,360,18
09/01/2022,GRA,ST006,QAR,PRK.1068,Crispy Chicken Bun,24,360,360,15
09/01/2022,GRA,ST006,QAR,PRK.1070,Chicken Pesto & Mozzarell,32,1504,1504,47
09/01/2022,GRA,ST006,QAR,PRK.1075,Avocado Toast,40,520,520,13
09/01/2022,GRA,ST006,QAR,PRK.1083,Chkn Soup,19,342,342,18
09/01/2022,GRA,ST006,QAR,PRK.1087,Lentil Soup,20,340,340,17
09/01/2022,GRA,ST006,QAR,PRK.1089,Vegetable soup,16,288,288,18
09/01/2022,GRA,ST006,QAR,PRK.1113,Chkn Katsu Curry,45,4140,4140,92
09/01/2022,GRA,ST006,QAR,PRK.1115,Mushroom Pasta,40,1720,1720,43
09/01/2022,GRA,ST006,QAR,PRK.1118,Steak With Mushroom Sauce,45,3150,3150,70
09/01/2022,GRA,ST006,QAR,PRK.1119,Chicken Biryani,45,5985,5985,133
09/01/2022,GRA,ST006,QAR,PRK.1121,Chinese Sesame Chicken,40,5240,5240,131
09/01/2022,GRA,ST006,QAR,PRK.1127,Rock Shrimp,45,3015,3015,67
09/01/2022,GRA,ST006,QAR,PRK.1133,Lamb  Kabsa,45,2025,2025,45
09/01/2022,GRA,ST006,QAR,PRK.1140,Chicken Curry & Saffron r,43,2666,2666,62
09/01/2022,GRA,ST006,QAR,PRK.1141,CRAB BOWL,28,476,476,17
09/01/2022,GRA,ST006,QAR,PRK.1145,Yoghurt & Cucumber dip,12,300,300,25
09/01/2022,GRA,ST006,QAR,PRK.1146,Spicy Guacamole Pot,13,195,195,15
09/01/2022,GRA,ST006,QAR,PRK.1149,Edamame Pot,12,216,216,18
09/01/2022,GRA,ST006,QAR,PRK.1159,Greek Tabbouleh,20,320,320,16
09/01/2022,GRA,ST006,QAR,PRK.1160,Egg pot,16,80,80,5
09/01/2022,GRA,ST006,QAR,PRK.1161,Labneh Beetroot,12,12,12,1
09/01/2022,GRA,ST006,QAR,PRK.1173,Choco Chia Energy Ball,30,1830,1830,61
09/01/2022,GRA,ST006,QAR,PRK.1175,Pecan Bars,14,392,392,28
09/01/2022,GRA,ST006,QAR,PRK.1177,Carrot Cake,15,390,390,26
09/01/2022,GRA,ST006,QAR,PRK.1178,Sweet Potatoe Choco Cake,15,375,375,25
09/01/2022,GRA,ST006,QAR,PRK.1183,Bannana,2,770,770,385
09/01/2022,GRA,ST006,QAR,PRK.1184,Watermelon,18,1494,1494,83
09/01/2022,GRA,ST006,QAR,PRK.1185,Pineapplemix,18,1674,1674,93
09/01/2022,GRA,ST006,QAR,PRK.1186,Mixed Berries,22,2178,2178,99
09/01/2022,GRA,ST006,QAR,PRK.1194,Lotus Cheesecake,15,270,270,18
09/01/2022,GRA,ST006,QAR,PRK.1196,Chia Blueberry Yodurt,24,360,360,15
09/01/2022,GRA,ST006,QAR,PRK.1201,Iced Flat White,18,108,108,6
09/01/2022,GRA,ST006,QAR,PRK.1203,Iced Spanish Latte,20,780,780,39
09/01/2022,GRA,ST006,QAR,PRK.1204,Iced Latte,18,324,324,18
09/01/2022,GRA,ST006,QAR,PRK.1205,Iced Americano,15,630,630,42
09/01/2022,GRA,ST006,QAR,PRK.1234,Pepperoni Pizza small,40,160,160,4
09/01/2022,GRA,ST006,QAR,PRK.1235,Margherita Pizza small,30,240,240,8
09/01/2022,GRA,ST006,QAR,PRK.1236,BBQ chicken Pizza small,35,280,280,8
09/01/2022,GRA,ST006,QAR,PRK.1262,Highland Still,5,7085,7085,1417
09/01/2022,GRA,ST006,QAR,PRK.1265,Perrier Sparkling,9,99,99,11
09/01/2022,GRA,ST006,QAR,PRK.1291,Coke,5,155,155,31
09/01/2022,GRA,ST006,QAR,PRK.1292,Diet Coke,5,265,265,53
09/01/2022,GRA,ST006,QAR,PRK.1329,Stay Home w/ Graze L 8 X1,250,250,250,1
09/01/2022,GRA,ST006,QAR,PRK.1333,Stay Home w/Graze M 6 X1,130,130,130,1
09/01/2022,GRA,ST006,QAR,PRK.1335,Cool Box,15,15,15,1
09/01/2022,GRA,ST006,QAR,PRK.1351,Espresso Single,12,3180,3180,265
09/01/2022,GRA,ST006,QAR,PRK.1352,Macchiato,18,18,18,1
09/01/2022,GRA,ST006,QAR,PRK.1353,Americano Hot,15,795,795,53
09/01/2022,GRA,ST006,QAR,PRK.1354,Flat White Hot,18,450,450,25
09/01/2022,GRA,ST006,QAR,PRK.1355,Cappucino,18,1422,1422,79
09/01/2022,GRA,ST006,QAR,PRK.1356,Cortado,18,306,306,17
09/01/2022,GRA,ST006,QAR,PRK.1358,Spanish Latte,20,580,580,29
09/01/2022,GRA,ST006,QAR,PRK.1359,Classic Mocha,25,75,75,3
09/01/2022,GRA,ST006,QAR,PRK.1360,Slated Caramel Mocha,25,75,75,3
09/01/2022,GRA,ST006,QAR,PRK.1362,Double Espresso,14,742,742,53
09/01/2022,GRA,ST006,QAR,PRK.1363,Latte Hot,18,720,720,40
09/01/2022,GRA,ST006,QAR,PRK.1372,Hot Cocoa,24,48,48,2
09/01/2022,GRA,ST006,QAR,PRK.1373,Hibiscus Iced tea,18,180,180,10
09/01/2022,GRA,ST006,QAR,PRK.1374,Peach Iced Tea,18,180,180,10
09/01/2022,GRA,ST006,QAR,PRK.1375,Matcha Latte,25,150,150,6
09/01/2022,GRA,ST006,QAR,PRK.1376,Cinnamon Latte,25,75,75,3
09/01/2022,GRA,ST006,QAR,PRK.1377,Fresh Milk,10,430,430,43
09/01/2022,GRA,ST006,QAR,PRK.1386,Orange Juice,22,2002,2002,91
09/01/2022,GRA,ST006,QAR,PRK.1387,Carrot Juice,22,132,132,6
09/01/2022,GRA,ST006,QAR,PRK.1390,Morning Boost,24,936,936,39
09/01/2022,GRA,ST006,QAR,PRK.1392,Immune Boost,22,726,726,33
09/01/2022,GRA,ST006,QAR,PRK.1396,Ginger Aid Shot,18,1242,1242,69
09/01/2022,GRA,ST006,QAR,PRK.1402,Laban Drink,18,450,450,25
09/01/2022,GRA,ST006,QAR,PRK.1404,Green Boost Juice,24,744,744,31
09/01/2022,GRA,ST006,QAR,PRK.1406,Beetroot & Apple Juice,20,800,800,40
09/01/2022,GRA,ST006,QAR,PRK.1409,Turmeric wellness shot,16,416,416,26
09/01/2022,GRA,ST006,QAR,PRK.1412, Mini Cup Yogurt,14,630,630,45
09/01/2022,GRA,ST006,QAR,PRK.1413,Regular Cup Yogurt,21,588,588,28
09/01/2022,GRA,ST006,QAR,PRK.1416,Large Cup Yogurt,23,115,115,5
09/01/2022,GRA,ST006,QAR,PRK.1418, Mini Cup Yogurt/Topping,18,198,198,11
09/01/2022,GRA,ST006,QAR,PRK.1419,Reg Cup Yogurt/Toping,26,286,286,11
09/01/2022,GRA,ST006,QAR,PRK.1422,Large Cup Yogurt/Topping,30,90,90,3
09/01/2022,GRA,ST006,QAR,PRK.1429,Mini Mango Ice Cream,14,2268,2268,162
09/01/2022,GRA,ST006,QAR,PRK.1430,Regular Mango Ice Cream,21,1533,1533,73
09/01/2022,GRA,ST006,QAR,PRK.1431,Large Mango Ice Cream,23,989,989,43
09/01/2022,GRA,ST006,QAR,PRK.1432,Mini Mango Ice Cream/Topp,18,720,720,40
09/01/2022,GRA,ST006,QAR,PRK.1433,Reg Mango Ice cream/Topp,26,936,936,36
09/01/2022,GRA,ST006,QAR,PRK.1434,Large Mango Ice Cream/Top,30,420,420,14
09/01/2022,GRA,ST006,QAR,PRK.1435,Mini Cup Milky Ice Cream,14,56,56,4
09/01/2022,GRA,ST006,QAR,PRK.1439,Reg Cup Milky Ice Cre/Top,26,26,26,1
09/01/2022,GRA,ST006,QAR,PRK.1464,Fresh Pineapple,3,3,3,1
09/01/2022,GRA,ST006,QAR,PRK.1469,Kiwi Fruit,3,3,3,1
09/01/2022,GRA,ST006,QAR,PRK.1470,Lotus Biscuit,3,9,9,3
09/01/2022,GRA,ST006,QAR,PRK.1472,CHICKEN CURRY & RICE,48,1824,1824,38
09/01/2022,GRA,ST006,QAR,PRK.1473,BEEF STROGANOFF,50,1100,1100,22
09/01/2022,GRA,ST006,QAR,PRK.1474,Spaghetti Bolognese,45,1080,1080,24
09/01/2022,GRA,ST006,QAR,PRK.1475,Salmon with Cilantro Rice,65,3380,3380,52
09/01/2022,GRA,ST006,QAR,PRK.1476,Chicken Noodle Bowl,40,1240,1240,31
09/01/2022,GRA,ST006,QAR,PRK.1501,pomegranate,3,24,24,8
09/01/2022,GRA,ST006,QAR,PRK.1502,Strawberry,3,81,81,27
09/01/2022,GRA,ST006,QAR,PRK.1505,Salted Caramel,3,6,6,2
09/01/2022,GRA,ST006,QAR,PRK.1506,Pretzel,3,21,21,7
09/01/2022,GRA,ST006,QAR,PRK.1507,Crispy Crepe,3,6,6,2
09/01/2022,GRA,ST006,QAR,PRK.1508,Granola,3,51,51,17
09/01/2022,GRA,ST006,QAR,PRK.1509,Coconut Flakes,3,9,9,3
09/01/2022,GRA,ST006,QAR,PRK.1510,Crushed Graham,3,12,12,4
09/01/2022,GRA,ST006,QAR,PRK.1514,Dulce de Leche,3,3,3,1
09/01/2022,GRA,ST006,QAR,PRK.1520,Mixed Berries Sauce,3,42,42,14
09/01/2022,GRA,ST006,QAR,PRK.1521,Mango Sauce,3,6,6,2
09/01/2022,GRA,ST006,QAR,PRK.1523,Peanut Butter Sauce,3,9,9,3
09/01/2022,GRA,ST006,QAR,PRK.1527,Mango,3,84,84,28
09/01/2022,GRA,ST006,QAR,PRK.1531,Power Shake,35,2870,2800,82
09/01/2022,GRA,ST006,QAR,PRK.1532,Peanut Power Shake,35,6965,6965,199
09/01/2022,GRA,ST006,QAR,PRK.1533,Pre-workout protein shak,45,405,405,9
09/01/2022,GRA,ST006,QAR,PRK.1534,Choco Power Shake,35,6650,6580,190
09/01/2022,GRA,ST006,QAR,PRK.1536,Energizer protine Shakes,45,2430,2430,54
09/01/2022,GRA,ST006,QAR,PRK.1537,Skinny chocolate,40,40,40,1
09/01/2022,GRA,ST006,QAR,PRK.1538,Pre-workout shake,35,70,70,2
09/01/2022,GRA,ST006,QAR,PRK.1539,Berry shake,40,40,40,1
09/01/2022,GRA,ST006,QAR,PRK.1540,Energizer shakes,35,385,385,11
09/01/2022,GRA,ST006,QAR,PRK.1541,Caffeine Shake,40,40,40,1
09/01/2022,GRA,ST006,QAR,PRK.1542,14oz Pre-work out Protein,40,320,320,8
09/01/2022,GRA,ST006,QAR,PRK.1545,14oz Energizer protine,40,2840,2840,71
09/01/2022,GRA,ST006,QAR,PRK.1546,14oz Pre-workout shake,30,60,60,2
09/01/2022,GRA,ST006,QAR,PRK.1548,14oz Energizer shakes,30,660,660,22
09/01/2022,GRA,ST006,QAR,PRK.1550,Extra Protein,10,720,720,72
09/01/2022,GRA,ST006,QAR,PRK.1551,Nut Butters,10,320,320,32
09/01/2022,GRA,ST006,QAR,PRK.1554,Chia seeds,10,40,40,4
09/01/2022,GRA,ST006,QAR,PRK.1555,Oats,10,100,100,10
09/01/2022,GRA,ST006,QAR,PRK.1556,BCAA Recovery Booster,20,580,580,29
09/01/2022,GRA,ST006,QAR,PRK.1559,Vegan Vanilla,15,15,15,1
09/01/2022,GRA,ST006,QAR,PRK.1581,Mini coconut frz yog I/C,14,154,154,11
09/01/2022,GRA,ST006,QAR,PRK.1582,Regular coconut frz yog I,21,273,273,13
09/01/2022,GRA,ST006,QAR,PRK.1583,Large coconut frz yog I/C,23,276,276,12
09/01/2022,GRA,ST006,QAR,PRK.1584,Mini coconut frz yog  Top,18,72,72,4
09/01/2022,GRA,ST006,QAR,PRK.1585,Reg- coconut frz yog Top,26,130,130,5
09/01/2022,GRA,ST006,QAR,PRK.1586,Large coconut frz yog  To,30,120,120,4
09/01/2022,GRA,ST006,QAR,PRK.1588,Acai Small,35,805,805,23
09/01/2022,GRA,ST006,QAR,PRK.1589,Acai Large,40,120,120,3
09/01/2022,GRA,ST006,QAR,PRK.1621,Orange loaf,12,576,576,48
09/01/2022,GRA,ST006,QAR,PRK.1623,Brownie flavour cookies,10,790,790,79
09/01/2022,GRA,ST006,QAR,PRK.1628,Brownie bites,13,325,325,25
09/01/2022,GRA,ST006,QAR,PRK.1681,Salted Caramel Mocha,24,48,48,2
09/01/2022,GRA,ST006,QAR,PRK.1682,■Matcha Frappe,26,260,260,10
09/01/2022,GRA,ST006,QAR,PRK.1711,Pomegranate Pot,18,342,342,19
09/01/2022,GRA,ST006,QAR,PRK.1712,Mango Peach Muesli Pot,24,384,384,16
09/01/2022,GRA,ST006,QAR,PRK.1713,Overnight oats PB&Jam,25,625,625,25
09/01/2022,GRA,ST006,QAR,PRK.1741,Spicy Tuna sandwich,26,1066,1066,41
09/01/2022,GRA,ST006,QAR,PRK.1742,Three cheese,22,330,330,15
09/01/2022,GRA,ST006,QAR,PRK.1743,Falafel and Labna,25,500,500,20
09/01/2022,GRA,ST006,QAR,PRK.1746,GRAZE CLUB SANDWICH,42,630,630,15
09/01/2022,GRA,ST006,QAR,PRK.1747,BEEF BURGER,35,245,245,7
09/01/2022,GRA,ST006,QAR,PRK.1748,Chicken Shawarma,18,990,990,55
09/01/2022,GRA,ST006,QAR,PRK.1749,Tenderloin Beef Shawarma,22,770,770,35
09/01/2022,GRA,ST006,QAR,PRK.1771,Pistachio Arabeshi,5,310,310,62
09/01/2022,GRA,ST006,QAR,PRK.1772,Fresh Raspberry,5,135,135,27
09/01/2022,GRA,ST006,QAR,PRK.1773,Fresh blueberry,5,105,105,21
09/01/2022,GRA,ST006,QAR,PRK.1774,Chocolate Flakes,5,150,150,30
09/01/2022,GRA,ST006,QAR,PRK.1775,Honey Comb,5,175,175,35
09/01/2022,GRA,ST006,QAR,PRK.4501,Full Fat Milk,0,0,0,6
09/01/2022,GRA,ST006,QAR,PRK.4502,Low Fat Milk,0,0,0,23
09/01/2022,GRA,ST006,QAR,PRK.4503,Almond Milk,2,384,384,192
09/01/2022,GRA,ST006,QAR,PRK.4504,Soya Milk,2,38,38,19
09/01/2022,GRA,ST006,QAR,PRK.4509,Double Shot,0,0,0,1
09/01/2022,GRA,ST006,QAR,PRK.4516,Decaf,0,0,0,1
09/01/2022,GRA,ST006,QAR,PRK.4517,Vanilla Flavor,0,0,0,3
09/01/2022,GRA,ST006,QAR,PRK.4518,Chocolate Flavor,0,0,0,1
09/01/2022,GRA,ST006,QAR,PRK.4531,w/ Granola,0,0,0,54
09/01/2022,GRA,ST006,QAR,PRK.4534,w/ Coconut Flakes,0,0,0,12
09/01/2022,GRA,ST006,QAR,PRK.4535,w/ Crispy Crepe,0,0,0,26
09/01/2022,GRA,ST006,QAR,PRK.4537,w/ Mixed Berries Sauce,0,0,0,25
09/01/2022,GRA,ST006,QAR,PRK.4541,w/ Strawberry,0,0,0,48
09/01/2022,GRA,ST006,QAR,PRK.4543,w/ Salted Caramel,0,0,0,15
09/01/2022,GRA,ST006,QAR,PRK.4544,w/ Pomegranate,0,0,0,36
09/01/2022,GRA,ST006,QAR,PRK.4545,w/ Dulce de leche,0,0,0,5
09/01/2022,GRA,ST006,QAR,PRK.4549,w/ Mango Sauce,0,0,0,13
09/01/2022,GRA,ST006,QAR,PRK.4550,w/ Mango,0,0,0,83
09/01/2022,GRA,ST006,QAR,PRK.4551,w/ Peanut Butter Sauce,0,0,0,6
09/01/2022,GRA,ST006,QAR,PRK.4552,w/ Crushed Grahams,0,0,0,13
09/01/2022,GRA,ST006,QAR,PRK.4556,w/ Fresh Pineapple,0,0,0,6
09/01/2022,GRA,ST006,QAR,PRK.4557,w/ Kiwi Fruit,0,0,0,2
09/01/2022,GRA,ST006,QAR,PRK.4558,w/ Lotus Biscuit,0,0,0,4
09/01/2022,GRA,ST006,QAR,PRK.4561,MIXED FROZEN YOGURT,0,0,0,1
09/01/2022,GRA,ST006,QAR,PRK.4562,MIXED MANGO YOGURT,0,0,0,21
