DATE,BRANCHCODE,WAREHOUSECODE,CURRENCY,ERPCODE,ITEMNAME,RAWPRICE,GROSSAMT,NETVALUE,QTYSOLD
08/01/2022,GRA,ST006,QAR,PRK.902,Granola,55,1100,1100,20
08/01/2022,GRA,ST006,QAR,PRK.903,Graze Spicy  Mix,55,55,55,1
08/01/2022,GRA,ST006,QAR,PRK.904,Graze House Mix,55,55,55,1
08/01/2022,GRA,ST006,QAR,PRK.907,Zaatar Chips,6,108,108,18
08/01/2022,GRA,ST006,QAR,PRK.909,Spicy Pesto Chips,6,102,102,17
08/01/2022,GRA,ST006,QAR,PRK.910,Graze Spicy Mix Sml,25,250,250,10
08/01/2022,GRA,ST006,QAR,PRK.911,Graze House Mix Sml,25,375,375,15
08/01/2022,GRA,ST006,QAR,PRK.962,Extra flavor,3,24,24,8
08/01/2022,GRA,ST006,QAR,PRK.994,Crsnt w Egg/Avaca/ SunTom,24,576,576,24
08/01/2022,GRA,ST006,QAR,PRK.995,Egg Burrito,20,1000,1000,50
08/01/2022,GRA,ST006,QAR,PRK.996,Blueberry Granola parfait,25,1325,1325,53
08/01/2022,GRA,ST006,QAR,PRK.997,Yog Dates Chia Pista Alm,22,792,792,36
08/01/2022,GRA,ST006,QAR,PRK.1007,Zatar Croissant,16,320,320,20
08/01/2022,GRA,ST006,QAR,PRK.1008,Chocolate Croissant,16,320,320,20
08/01/2022,GRA,ST006,QAR,PRK.1012,Three Berry Yogurt & Date,25,650,650,26
08/01/2022,GRA,ST006,QAR,PRK.1015,Kiri Cheese Danish,14,700,700,50
08/01/2022,GRA,ST006,QAR,PRK.1016,Plain Croissant,10,200,200,20
08/01/2022,GRA,ST006,QAR,PRK.1020,Almond Croissant,16,224,224,14
08/01/2022,GRA,ST006,QAR,PRK.1021,Shirazi Salad,12,480,480,40
08/01/2022,GRA,ST006,QAR,PRK.1023,Falafel Salad,45,535,535,15
08/01/2022,GRA,ST006,QAR,PRK.1024,Quinoa Swt potato Salad,40,880,880,22
08/01/2022,GRA,ST006,QAR,PRK.1027,Mex Chkn Chilli Bean Sld,40,1720,1720,43
08/01/2022,GRA,ST006,QAR,PRK.1029,Burrata Salad,50,800,800,16
08/01/2022,GRA,ST006,QAR,PRK.1031,Teriyaki GRAZE Salmn,55,3520,3520,64
08/01/2022,GRA,ST006,QAR,PRK.1034,BBQ Chick Peas,38,456,456,12
08/01/2022,GRA,ST006,QAR,PRK.1039,Keto Chicken Salad,40,1360,1360,34
08/01/2022,GRA,ST006,QAR,PRK.1044,Southern Chicken Salad,45,1530,1530,34
08/01/2022,GRA,ST006,QAR,PRK.1046,Greek Salad,30,90,90,3
08/01/2022,GRA,ST006,QAR,PRK.1048,Mexican  Caesar Salad chk,39,2925,2925,75
08/01/2022,GRA,ST006,QAR,PRK.1049,ROCCA SALAD,22,198,198,9
08/01/2022,GRA,ST006,QAR,PRK.1052,Smoke Turkey Sandwich,34,1904,1904,56
08/01/2022,GRA,ST006,QAR,PRK.1054,lemon&Rosemary Chkn,36,2664,2664,74
08/01/2022,GRA,ST006,QAR,PRK.1057,Steak & Philly Chz SW,32,928,928,29
08/01/2022,GRA,ST006,QAR,PRK.1063,Egg Mayo with Rocket,20,520,520,26
08/01/2022,GRA,ST006,QAR,PRK.1068,Crispy Chicken Bun,24,336,336,14
08/01/2022,GRA,ST006,QAR,PRK.1070,Chicken Pesto & Mozzarell,32,1056,1056,33
08/01/2022,GRA,ST006,QAR,PRK.1075,Avocado Toast,40,640,640,16
08/01/2022,GRA,ST006,QAR,PRK.1078,Graze Breakfast (egg box),32,32,32,1
08/01/2022,GRA,ST006,QAR,PRK.1083,Chkn Soup,19,323,323,17
08/01/2022,GRA,ST006,QAR,PRK.1087,Lentil Soup,20,360,360,18
08/01/2022,GRA,ST006,QAR,PRK.1089,Vegetable soup,16,16,16,1
08/01/2022,GRA,ST006,QAR,PRK.1111,Penne Bolognese,50,1100,1100,22
08/01/2022,GRA,ST006,QAR,PRK.1113,Chkn Katsu Curry,45,4050,4050,90
08/01/2022,GRA,ST006,QAR,PRK.1115,Mushroom Pasta,40,1880,1880,47
08/01/2022,GRA,ST006,QAR,PRK.1118,Steak With Mushroom Sauce,45,3060,3060,68
08/01/2022,GRA,ST006,QAR,PRK.1119,Chicken Biryani,45,5400,5400,120
08/01/2022,GRA,ST006,QAR,PRK.1121,Chinese Sesame Chicken,40,4200,4200,105
08/01/2022,GRA,ST006,QAR,PRK.1127,Rock Shrimp,45,3195,3195,71
08/01/2022,GRA,ST006,QAR,PRK.1133,Lamb  Kabsa,45,2250,2250,50
08/01/2022,GRA,ST006,QAR,PRK.1140,Chicken Curry & Saffron r,43,2623,2623,61
08/01/2022,GRA,ST006,QAR,PRK.1141,CRAB BOWL,28,532,532,19
08/01/2022,GRA,ST006,QAR,PRK.1145,Yoghurt & Cucumber dip,12,252,252,21
08/01/2022,GRA,ST006,QAR,PRK.1146,Spicy Guacamole Pot,13,221,221,17
08/01/2022,GRA,ST006,QAR,PRK.1149,Edamame Pot,12,252,252,21
08/01/2022,GRA,ST006,QAR,PRK.1155,Classic hummus pot,18,18,18,1
08/01/2022,GRA,ST006,QAR,PRK.1159,Greek Tabbouleh,20,380,380,19
08/01/2022,GRA,ST006,QAR,PRK.1160,Egg pot,16,112,112,7
08/01/2022,GRA,ST006,QAR,PRK.1173,Choco Chia Energy Ball,30,1560,1560,52
08/01/2022,GRA,ST006,QAR,PRK.1175,Pecan Bars,14,364,364,26
08/01/2022,GRA,ST006,QAR,PRK.1177,Carrot Cake,15,345,345,23
08/01/2022,GRA,ST006,QAR,PRK.1178,Sweet Potatoe Choco Cake,15,405,405,27
08/01/2022,GRA,ST006,QAR,PRK.1183,Bannana,2,732,732,366
08/01/2022,GRA,ST006,QAR,PRK.1184,Watermelon,18,1620,1620,90
08/01/2022,GRA,ST006,QAR,PRK.1185,Pineapplemix,18,1746,1746,97
08/01/2022,GRA,ST006,QAR,PRK.1186,Mixed Berries,22,3146,3146,143
08/01/2022,GRA,ST006,QAR,PRK.1194,Lotus Cheesecake,15,330,330,22
08/01/2022,GRA,ST006,QAR,PRK.1196,Chia Blueberry Yodurt,24,312,312,13
08/01/2022,GRA,ST006,QAR,PRK.1201,Iced Flat White,18,180,180,10
08/01/2022,GRA,ST006,QAR,PRK.1203,Iced Spanish Latte,20,580,580,29
08/01/2022,GRA,ST006,QAR,PRK.1204,Iced Latte,18,540,540,30
08/01/2022,GRA,ST006,QAR,PRK.1205,Iced Americano,15,780,780,52
08/01/2022,GRA,ST006,QAR,PRK.1234,Pepperoni Pizza small,40,240,240,6
08/01/2022,GRA,ST006,QAR,PRK.1235,Margherita Pizza small,30,420,420,14
08/01/2022,GRA,ST006,QAR,PRK.1236,BBQ chicken Pizza small,35,420,420,12
08/01/2022,GRA,ST006,QAR,PRK.1262,Highland Still,5,6990,6990,1398
08/01/2022,GRA,ST006,QAR,PRK.1265,Perrier Sparkling,9,72,72,8
08/01/2022,GRA,ST006,QAR,PRK.1291,Coke,5,95,95,19
08/01/2022,GRA,ST006,QAR,PRK.1292,Diet Coke,5,295,295,59
08/01/2022,GRA,ST006,QAR,PRK.1333,Stay Home w/Graze M 6 X1,130,130,130,1
08/01/2022,GRA,ST006,QAR,PRK.1334,Stay Home w/Graze M12 X1,240,720,720,3
08/01/2022,GRA,ST006,QAR,PRK.1351,Espresso Single,12,2880,2880,240
08/01/2022,GRA,ST006,QAR,PRK.1352,Macchiato,18,126,126,7
08/01/2022,GRA,ST006,QAR,PRK.1353,Americano Hot,15,1410,1410,94
08/01/2022,GRA,ST006,QAR,PRK.1354,Flat White Hot,18,990,990,55
08/01/2022,GRA,ST006,QAR,PRK.1355,Cappucino,18,1296,1296,72
08/01/2022,GRA,ST006,QAR,PRK.1356,Cortado,18,486,486,27
08/01/2022,GRA,ST006,QAR,PRK.1358,Spanish Latte,20,820,820,41
08/01/2022,GRA,ST006,QAR,PRK.1359,Classic Mocha,25,75,75,3
08/01/2022,GRA,ST006,QAR,PRK.1360,Slated Caramel Mocha,25,75,75,3
08/01/2022,GRA,ST006,QAR,PRK.1362,Double Espresso,14,994,994,71
08/01/2022,GRA,ST006,QAR,PRK.1363,Latte Hot,18,918,918,51
08/01/2022,GRA,ST006,QAR,PRK.1372,Hot Cocoa,24,192,192,8
08/01/2022,GRA,ST006,QAR,PRK.1373,Hibiscus Iced tea,18,234,234,13
08/01/2022,GRA,ST006,QAR,PRK.1374,Peach Iced Tea,18,288,288,16
08/01/2022,GRA,ST006,QAR,PRK.1375,Matcha Latte,25,275,275,11
08/01/2022,GRA,ST006,QAR,PRK.1377,Fresh Milk,10,500,500,50
08/01/2022,GRA,ST006,QAR,PRK.1386,Orange Juice,22,2420,2420,110
08/01/2022,GRA,ST006,QAR,PRK.1387,Carrot Juice,22,220,220,10
08/01/2022,GRA,ST006,QAR,PRK.1390,Morning Boost,24,1056,1056,44
08/01/2022,GRA,ST006,QAR,PRK.1392,Immune Boost,22,682,682,31
08/01/2022,GRA,ST006,QAR,PRK.1396,Ginger Aid Shot,18,1242,1242,69
08/01/2022,GRA,ST006,QAR,PRK.1402,Laban Drink,18,468,468,26
08/01/2022,GRA,ST006,QAR,PRK.1404,Green Boost Juice,24,456,456,19
08/01/2022,GRA,ST006,QAR,PRK.1406,Beetroot & Apple Juice,20,700,700,35
08/01/2022,GRA,ST006,QAR,PRK.1409,Turmeric wellness shot,16,480,480,30
08/01/2022,GRA,ST006,QAR,PRK.1412, Mini Cup Yogurt,14,602,602,43
08/01/2022,GRA,ST006,QAR,PRK.1413,Regular Cup Yogurt,21,588,588,28
08/01/2022,GRA,ST006,QAR,PRK.1416,Large Cup Yogurt,23,115,115,5
08/01/2022,GRA,ST006,QAR,PRK.1418, Mini Cup Yogurt/Topping,18,630,630,35
08/01/2022,GRA,ST006,QAR,PRK.1419,Reg Cup Yogurt/Toping,26,520,520,20
08/01/2022,GRA,ST006,QAR,PRK.1422,Large Cup Yogurt/Topping,30,60,60,2
08/01/2022,GRA,ST006,QAR,PRK.1429,Mini Mango Ice Cream,14,2982,2982,213
08/01/2022,GRA,ST006,QAR,PRK.1430,Regular Mango Ice Cream,21,2310,2310,110
08/01/2022,GRA,ST006,QAR,PRK.1431,Large Mango Ice Cream,23,1127,1127,49
08/01/2022,GRA,ST006,QAR,PRK.1432,Mini Mango Ice Cream/Topp,18,1314,1314,73
08/01/2022,GRA,ST006,QAR,PRK.1433,Reg Mango Ice cream/Topp,26,1872,1872,72
08/01/2022,GRA,ST006,QAR,PRK.1434,Large Mango Ice Cream/Top,30,480,480,16
08/01/2022,GRA,ST006,QAR,PRK.1435,Mini Cup Milky Ice Cream,14,448,448,32
08/01/2022,GRA,ST006,QAR,PRK.1436,Reg Cup Milky Ice Cream,21,273,273,13
08/01/2022,GRA,ST006,QAR,PRK.1437,Lrge Cup Milky Ice Cream,23,23,23,1
08/01/2022,GRA,ST006,QAR,PRK.1438,Mini Cup Milky Ice C/Top,18,360,360,20
08/01/2022,GRA,ST006,QAR,PRK.1439,Reg Cup Milky Ice Cre/Top,26,130,130,5
08/01/2022,GRA,ST006,QAR,PRK.1440,Lrge Cup Milky Ice Cr/Top,30,30,30,1
08/01/2022,GRA,ST006,QAR,PRK.1464,Fresh Pineapple,3,9,9,3
08/01/2022,GRA,ST006,QAR,PRK.1469,Kiwi Fruit,3,3,3,1
08/01/2022,GRA,ST006,QAR,PRK.1471,NOODLES BOWL,45,720,720,16
08/01/2022,GRA,ST006,QAR,PRK.1472,CHICKEN CURRY & RICE,48,1968,1968,41
08/01/2022,GRA,ST006,QAR,PRK.1473,BEEF STROGANOFF,50,950,950,19
08/01/2022,GRA,ST006,QAR,PRK.1474,Spaghetti Bolognese,45,180,180,4
08/01/2022,GRA,ST006,QAR,PRK.1475,Salmon with Cilantro Rice,65,520,520,8
08/01/2022,GRA,ST006,QAR,PRK.1476,Chicken Noodle Bowl,40,240,240,6
08/01/2022,GRA,ST006,QAR,PRK.1501,pomegranate,3,15,15,5
08/01/2022,GRA,ST006,QAR,PRK.1502,Strawberry,3,117,117,39
08/01/2022,GRA,ST006,QAR,PRK.1505,Salted Caramel,3,15,15,5
08/01/2022,GRA,ST006,QAR,PRK.1506,Pretzel,3,6,6,2
08/01/2022,GRA,ST006,QAR,PRK.1507,Crispy Crepe,3,39,39,13
08/01/2022,GRA,ST006,QAR,PRK.1508,Granola,3,78,78,26
08/01/2022,GRA,ST006,QAR,PRK.1509,Coconut Flakes,3,9,9,3
08/01/2022,GRA,ST006,QAR,PRK.1510,Crushed Graham,3,21,21,7
08/01/2022,GRA,ST006,QAR,PRK.1514,Dulce de Leche,3,9,9,3
08/01/2022,GRA,ST006,QAR,PRK.1520,Mixed Berries Sauce,3,36,36,12
08/01/2022,GRA,ST006,QAR,PRK.1521,Mango Sauce,3,81,81,27
08/01/2022,GRA,ST006,QAR,PRK.1523,Peanut Butter Sauce,3,6,6,2
08/01/2022,GRA,ST006,QAR,PRK.1527,Mango,3,210,210,70
08/01/2022,GRA,ST006,QAR,PRK.1531,Power Shake,35,3430,3430,98
08/01/2022,GRA,ST006,QAR,PRK.1532,Peanut Power Shake,35,7735,7735,221
08/01/2022,GRA,ST006,QAR,PRK.1533,Pre-workout protein shak,45,135,135,3
08/01/2022,GRA,ST006,QAR,PRK.1534,Choco Power Shake,35,6860,6860,196
08/01/2022,GRA,ST006,QAR,PRK.1536,Energizer protine Shakes,45,4275,4275,95
08/01/2022,GRA,ST006,QAR,PRK.1540,Energizer shakes,35,350,350,10
08/01/2022,GRA,ST006,QAR,PRK.1542,14oz Pre-work out Protein,40,480,480,12
08/01/2022,GRA,ST006,QAR,PRK.1545,14oz Energizer protine,40,3720,3720,93
08/01/2022,GRA,ST006,QAR,PRK.1546,14oz Pre-workout shake,30,90,90,3
08/01/2022,GRA,ST006,QAR,PRK.1548,14oz Energizer shakes,30,720,720,24
08/01/2022,GRA,ST006,QAR,PRK.1550,Extra Protein,10,890,890,89
08/01/2022,GRA,ST006,QAR,PRK.1551,Nut Butters,10,370,370,37
08/01/2022,GRA,ST006,QAR,PRK.1553,Spirulina powder,10,20,20,2
08/01/2022,GRA,ST006,QAR,PRK.1554,Chia seeds,10,30,30,3
08/01/2022,GRA,ST006,QAR,PRK.1555,Oats,10,200,200,20
08/01/2022,GRA,ST006,QAR,PRK.1556,BCAA Recovery Booster,20,520,520,26
08/01/2022,GRA,ST006,QAR,PRK.1557,Pre workout charger,20,60,60,3
08/01/2022,GRA,ST006,QAR,PRK.1561,Mini Pomegranate i/c,14,56,56,4
08/01/2022,GRA,ST006,QAR,PRK.1562,Regular Pomegranate i/c,21,294,294,14
08/01/2022,GRA,ST006,QAR,PRK.1564,Mini pomegranate /topping,18,108,108,6
08/01/2022,GRA,ST006,QAR,PRK.1565,Regular Pomegrante /topp,26,26,26,1
08/01/2022,GRA,ST006,QAR,PRK.1581,Mini coconut frz yog I/C,14,210,210,15
08/01/2022,GRA,ST006,QAR,PRK.1582,Regular coconut frz yog I,21,63,63,3
08/01/2022,GRA,ST006,QAR,PRK.1583,Large coconut frz yog I/C,23,46,46,2
08/01/2022,GRA,ST006,QAR,PRK.1584,Mini coconut frz yog  Top,18,126,126,7
08/01/2022,GRA,ST006,QAR,PRK.1621,Orange loaf,12,396,396,33
08/01/2022,GRA,ST006,QAR,PRK.1623,Brownie flavour cookies,10,1160,1160,116
08/01/2022,GRA,ST006,QAR,PRK.1628,Brownie bites,13,390,390,30
08/01/2022,GRA,ST006,QAR,PRK.1632,Turkey cheese roll,19,19,19,1
08/01/2022,GRA,ST006,QAR,PRK.1681,Salted Caramel Mocha,24,48,48,2
08/01/2022,GRA,ST006,QAR,PRK.1682,■Matcha Frappe,26,390,390,15
08/01/2022,GRA,ST006,QAR,PRK.1711,Pomegranate Pot,18,414,414,23
08/01/2022,GRA,ST006,QAR,PRK.1712,Mango Peach Muesli Pot,24,576,576,24
08/01/2022,GRA,ST006,QAR,PRK.1713,Overnight oats PB&Jam,25,675,675,27
08/01/2022,GRA,ST006,QAR,PRK.1741,Spicy Tuna sandwich,26,832,832,32
08/01/2022,GRA,ST006,QAR,PRK.1742,Three cheese,22,330,330,15
08/01/2022,GRA,ST006,QAR,PRK.1743,Falafel and Labna,25,300,300,12
08/01/2022,GRA,ST006,QAR,PRK.1746,GRAZE CLUB SANDWICH,42,546,546,13
08/01/2022,GRA,ST006,QAR,PRK.1747,BEEF BURGER,35,420,420,12
08/01/2022,GRA,ST006,QAR,PRK.1748,Chicken Shawarma,18,162,162,9
08/01/2022,GRA,ST006,QAR,PRK.1749,Tenderloin Beef Shawarma,22,88,88,4
08/01/2022,GRA,ST006,QAR,PRK.1771,Pistachio Arabeshi,5,390,390,78
08/01/2022,GRA,ST006,QAR,PRK.1772,Fresh Raspberry,5,130,130,26
08/01/2022,GRA,ST006,QAR,PRK.1773,Fresh blueberry,5,220,220,44
08/01/2022,GRA,ST006,QAR,PRK.1774,Chocolate Flakes,5,110,110,22
08/01/2022,GRA,ST006,QAR,PRK.1775,Honey Comb,5,245,245,49
08/01/2022,GRA,ST006,QAR,PRK.4501,Full Fat Milk,0,0,0,5
08/01/2022,GRA,ST006,QAR,PRK.4502,Low Fat Milk,0,0,0,11
08/01/2022,GRA,ST006,QAR,PRK.4503,Almond Milk,2,370,370,185
08/01/2022,GRA,ST006,QAR,PRK.4504,Soya Milk,2,64,64,32
08/01/2022,GRA,ST006,QAR,PRK.4517,Vanilla Flavor,0,0,0,1
08/01/2022,GRA,ST006,QAR,PRK.4519,Caramel flavor,0,0,0,6
08/01/2022,GRA,ST006,QAR,PRK.4531,w/ Granola,0,0,0,96
08/01/2022,GRA,ST006,QAR,PRK.4533,w/ Pretzel,0,0,0,1
08/01/2022,GRA,ST006,QAR,PRK.4534,w/ Coconut Flakes,0,0,0,8
08/01/2022,GRA,ST006,QAR,PRK.4535,w/ Crispy Crepe,0,0,0,63
08/01/2022,GRA,ST006,QAR,PRK.4537,w/ Mixed Berries Sauce,0,0,0,26
08/01/2022,GRA,ST006,QAR,PRK.4541,w/ Strawberry,0,0,0,124
08/01/2022,GRA,ST006,QAR,PRK.4543,w/ Salted Caramel,0,0,0,15
08/01/2022,GRA,ST006,QAR,PRK.4544,w/ Pomegranate,0,0,0,79
08/01/2022,GRA,ST006,QAR,PRK.4545,w/ Dulce de leche,0,0,0,10
08/01/2022,GRA,ST006,QAR,PRK.4549,w/ Mango Sauce,0,0,0,38
08/01/2022,GRA,ST006,QAR,PRK.4550,w/ Mango,0,0,0,116
08/01/2022,GRA,ST006,QAR,PRK.4551,w/ Peanut Butter Sauce,0,0,0,1
08/01/2022,GRA,ST006,QAR,PRK.4552,w/ Crushed Grahams,0,0,0,29
08/01/2022,GRA,ST006,QAR,PRK.4556,w/ Fresh Pineapple,0,0,0,11
08/01/2022,GRA,ST006,QAR,PRK.4557,w/ Kiwi Fruit,0,0,0,9
08/01/2022,GRA,ST006,QAR,PRK.4558,w/ Lotus Biscuit,0,0,0,20
08/01/2022,GRA,ST006,QAR,PRK.4561,MIXED FROZEN YOGURT,0,0,0,23
08/01/2022,GRA,ST006,QAR,PRK.4562,MIXED MANGO YOGURT,0,0,0,30
