DATE,BRANCHCODE,WAREHOUSECODE,CURRENCY,ERPCODE,ITEMNAME,RAWPRICE,GROSSAMT,NETVALUE,QTYSOLD
10/01/2022,GRA,ST006,QAR,PRK.902,Granola,55,990,990,18
10/01/2022,GRA,ST006,QAR,PRK.903,Graze Spicy  Mix,55,220,220,4
10/01/2022,GRA,ST006,QAR,PRK.904,Graze House Mix,55,55,55,1
10/01/2022,GRA,ST006,QAR,PRK.907,Zaatar Chips,6,126,126,21
10/01/2022,GRA,ST006,QAR,PRK.909,Spicy Pesto Chips,6,60,60,10
10/01/2022,GRA,ST006,QAR,PRK.910,Graze Spicy Mix Sml,25,325,325,13
10/01/2022,GRA,ST006,QAR,PRK.911,Graze House Mix Sml,25,475,475,19
10/01/2022,GRA,ST006,QAR,PRK.962,Extra flavor,3,18,18,6
10/01/2022,GRA,ST006,QAR,PRK.994,Crsnt w Egg/Avaca/ SunTom,24,816,816,34
10/01/2022,GRA,ST006,QAR,PRK.995,Egg Burrito,20,1160,1160,58
10/01/2022,GRA,ST006,QAR,PRK.996,Blueberry Granola parfait,25,1075,1075,43
10/01/2022,GRA,ST006,QAR,PRK.997,Yog Dates Chia Pista Alm,22,946,946,43
10/01/2022,GRA,ST006,QAR,PRK.1007,Zatar Croissant,16,224,224,14
10/01/2022,GRA,ST006,QAR,PRK.1008,Chocolate Croissant,16,256,256,16
10/01/2022,GRA,ST006,QAR,PRK.1010,Tomato Puff Pastry,16,80,80,5
10/01/2022,GRA,ST006,QAR,PRK.1012,Three Berry Yogurt & Date,25,550,550,22
10/01/2022,GRA,ST006,QAR,PRK.1015,Kiri Cheese Danish,14,546,546,39
10/01/2022,GRA,ST006,QAR,PRK.1016,Plain Croissant,10,130,130,13
10/01/2022,GRA,ST006,QAR,PRK.1020,Almond Croissant,16,128,128,8
10/01/2022,GRA,ST006,QAR,PRK.1021,Shirazi Salad,12,276,276,23
10/01/2022,GRA,ST006,QAR,PRK.1023,Falafel Salad,45,630,630,14
10/01/2022,GRA,ST006,QAR,PRK.1024,Quinoa Swt potato Salad,40,680,680,17
10/01/2022,GRA,ST006,QAR,PRK.1027,Mex Chkn Chilli Bean Sld,40,1120,1120,28
10/01/2022,GRA,ST006,QAR,PRK.1029,Burrata Salad,50,100,100,2
10/01/2022,GRA,ST006,QAR,PRK.1031,Teriyaki GRAZE Salmn,55,2970,2970,54
10/01/2022,GRA,ST006,QAR,PRK.1034,BBQ Chick Peas,38,76,76,2
10/01/2022,GRA,ST006,QAR,PRK.1039,Keto Chicken Salad,40,1240,1240,31
10/01/2022,GRA,ST006,QAR,PRK.1044,Southern Chicken Salad,45,45,45,1
10/01/2022,GRA,ST006,QAR,PRK.1046,Greek Salad,30,1110,1110,37
10/01/2022,GRA,ST006,QAR,PRK.1048,Mexican  Caesar Salad chk,39,1989,1989,51
10/01/2022,GRA,ST006,QAR,PRK.1049,ROCCA SALAD,22,330,330,15
10/01/2022,GRA,ST006,QAR,PRK.1052,Smoke Turkey Sandwich,34,1530,1530,45
10/01/2022,GRA,ST006,QAR,PRK.1054,lemon&Rosemary Chkn,36,1836,1836,51
10/01/2022,GRA,ST006,QAR,PRK.1057,Steak & Philly Chz SW,32,896,896,28
10/01/2022,GRA,ST006,QAR,PRK.1063,Egg Mayo with Rocket,20,460,460,23
10/01/2022,GRA,ST006,QAR,PRK.1068,Crispy Chicken Bun,24,456,456,19
10/01/2022,GRA,ST006,QAR,PRK.1070,Chicken Pesto & Mozzarell,32,1440,1440,45
10/01/2022,GRA,ST006,QAR,PRK.1075,Avocado Toast,40,520,520,13
10/01/2022,GRA,ST006,QAR,PRK.1077,Spicy Halloumi,38,266,266,7
10/01/2022,GRA,ST006,QAR,PRK.1083,Chkn Soup,19,342,342,18
10/01/2022,GRA,ST006,QAR,PRK.1087,Lentil Soup,20,440,440,22
10/01/2022,GRA,ST006,QAR,PRK.1089,Vegetable soup,16,224,224,14
10/01/2022,GRA,ST006,QAR,PRK.1113,Chkn Katsu Curry,45,3510,3510,78
10/01/2022,GRA,ST006,QAR,PRK.1115,Mushroom Pasta,40,1440,1440,36
10/01/2022,GRA,ST006,QAR,PRK.1118,Steak With Mushroom Sauce,45,3330,3330,74
10/01/2022,GRA,ST006,QAR,PRK.1119,Chicken Biryani,45,5985,5985,133
10/01/2022,GRA,ST006,QAR,PRK.1121,Chinese Sesame Chicken,40,4800,4800,120
10/01/2022,GRA,ST006,QAR,PRK.1127,Rock Shrimp,45,3195,3195,71
10/01/2022,GRA,ST006,QAR,PRK.1133,Lamb  Kabsa,45,2385,2385,53
10/01/2022,GRA,ST006,QAR,PRK.1140,Chicken Curry & Saffron r,43,3182,3182,74
10/01/2022,GRA,ST006,QAR,PRK.1141,CRAB BOWL,28,364,364,13
10/01/2022,GRA,ST006,QAR,PRK.1145,Yoghurt & Cucumber dip,12,252,252,21
10/01/2022,GRA,ST006,QAR,PRK.1146,Spicy Guacamole Pot,13,104,104,8
10/01/2022,GRA,ST006,QAR,PRK.1149,Edamame Pot,12,144,144,12
10/01/2022,GRA,ST006,QAR,PRK.1159,Greek Tabbouleh,20,260,260,13
10/01/2022,GRA,ST006,QAR,PRK.1173,Choco Chia Energy Ball,30,2100,2100,70
10/01/2022,GRA,ST006,QAR,PRK.1175,Pecan Bars,14,364,364,26
10/01/2022,GRA,ST006,QAR,PRK.1177,Carrot Cake,15,285,285,19
10/01/2022,GRA,ST006,QAR,PRK.1178,Sweet Potatoe Choco Cake,15,255,255,17
10/01/2022,GRA,ST006,QAR,PRK.1183,Bannana,2,890,890,445
10/01/2022,GRA,ST006,QAR,PRK.1184,Watermelon,18,1332,1332,74
10/01/2022,GRA,ST006,QAR,PRK.1185,Pineapplemix,18,1152,1152,64
10/01/2022,GRA,ST006,QAR,PRK.1186,Mixed Berries,22,1254,1254,57
10/01/2022,GRA,ST006,QAR,PRK.1194,Lotus Cheesecake,15,345,345,23
10/01/2022,GRA,ST006,QAR,PRK.1196,Chia Blueberry Yodurt,24,360,360,15
10/01/2022,GRA,ST006,QAR,PRK.1201,Iced Flat White,18,126,126,7
10/01/2022,GRA,ST006,QAR,PRK.1203,Iced Spanish Latte,20,280,280,14
10/01/2022,GRA,ST006,QAR,PRK.1204,Iced Latte,18,162,162,9
10/01/2022,GRA,ST006,QAR,PRK.1205,Iced Americano,15,510,510,34
10/01/2022,GRA,ST006,QAR,PRK.1234,Pepperoni Pizza small,40,120,120,3
10/01/2022,GRA,ST006,QAR,PRK.1235,Margherita Pizza small,30,210,210,7
10/01/2022,GRA,ST006,QAR,PRK.1236,BBQ chicken Pizza small,35,245,245,7
10/01/2022,GRA,ST006,QAR,PRK.1262,Highland Still,5,6390,6390,1278
10/01/2022,GRA,ST006,QAR,PRK.1265,Perrier Sparkling,9,225,225,25
10/01/2022,GRA,ST006,QAR,PRK.1291,Coke,5,320,320,64
10/01/2022,GRA,ST006,QAR,PRK.1292,Diet Coke,5,240,240,48
10/01/2022,GRA,ST006,QAR,PRK.1321,Mini Cup /Pina Colada,14,126,126,9
10/01/2022,GRA,ST006,QAR,PRK.1322,Regular Cup / Pina Colada,21,21,21,1
10/01/2022,GRA,ST006,QAR,PRK.1323,Large cup /Pina Colada,23,46,46,2
10/01/2022,GRA,ST006,QAR,PRK.1324,Mini Pina Colada/Topping,18,72,72,4
10/01/2022,GRA,ST006,QAR,PRK.1325,Regular Pina Colada/Toppi,26,52,52,2
10/01/2022,GRA,ST006,QAR,PRK.1328,Stay Home w/ Graze L 6 X1,195,195,195,1
10/01/2022,GRA,ST006,QAR,PRK.1333,Stay Home w/Graze M 6 X1,130,130,130,1
10/01/2022,GRA,ST006,QAR,PRK.1351,Espresso Single,12,2724,2724,227
10/01/2022,GRA,ST006,QAR,PRK.1353,Americano Hot,15,900,900,60
10/01/2022,GRA,ST006,QAR,PRK.1354,Flat White Hot,18,666,666,37
10/01/2022,GRA,ST006,QAR,PRK.1355,Cappucino,18,1584,1584,88
10/01/2022,GRA,ST006,QAR,PRK.1356,Cortado,18,270,270,15
10/01/2022,GRA,ST006,QAR,PRK.1358,Spanish Latte,20,460,460,23
10/01/2022,GRA,ST006,QAR,PRK.1360,Slated Caramel Mocha,25,50,50,2
10/01/2022,GRA,ST006,QAR,PRK.1362,Double Espresso,14,756,756,54
10/01/2022,GRA,ST006,QAR,PRK.1363,Latte Hot,18,846,846,47
10/01/2022,GRA,ST006,QAR,PRK.1373,Hibiscus Iced tea,18,144,144,8
10/01/2022,GRA,ST006,QAR,PRK.1374,Peach Iced Tea,18,198,198,11
10/01/2022,GRA,ST006,QAR,PRK.1375,Matcha Latte,25,50,50,2
10/01/2022,GRA,ST006,QAR,PRK.1376,Cinnamon Latte,25,25,25,1
10/01/2022,GRA,ST006,QAR,PRK.1377,Fresh Milk,10,290,290,29
10/01/2022,GRA,ST006,QAR,PRK.1386,Orange Juice,22,2948,2948,134
10/01/2022,GRA,ST006,QAR,PRK.1387,Carrot Juice,22,198,198,9
10/01/2022,GRA,ST006,QAR,PRK.1390,Morning Boost,24,696,696,29
10/01/2022,GRA,ST006,QAR,PRK.1392,Immune Boost,22,1012,1012,46
10/01/2022,GRA,ST006,QAR,PRK.1396,Ginger Aid Shot,18,1746,1746,97
10/01/2022,GRA,ST006,QAR,PRK.1402,Laban Drink,18,504,504,28
10/01/2022,GRA,ST006,QAR,PRK.1404,Green Boost Juice,24,384,384,16
10/01/2022,GRA,ST006,QAR,PRK.1406,Beetroot & Apple Juice,20,920,920,46
10/01/2022,GRA,ST006,QAR,PRK.1409,Turmeric wellness shot,16,448,448,28
10/01/2022,GRA,ST006,QAR,PRK.1412, Mini Cup Yogurt,14,154,154,11
10/01/2022,GRA,ST006,QAR,PRK.1413,Regular Cup Yogurt,21,189,189,9
10/01/2022,GRA,ST006,QAR,PRK.1416,Large Cup Yogurt,23,69,69,3
10/01/2022,GRA,ST006,QAR,PRK.1418, Mini Cup Yogurt/Topping,18,36,36,2
10/01/2022,GRA,ST006,QAR,PRK.1429,Mini Mango Ice Cream,14,1820,1820,130
10/01/2022,GRA,ST006,QAR,PRK.1430,Regular Mango Ice Cream,21,1491,1491,71
10/01/2022,GRA,ST006,QAR,PRK.1431,Large Mango Ice Cream,23,897,897,39
10/01/2022,GRA,ST006,QAR,PRK.1432,Mini Mango Ice Cream/Topp,18,540,540,30
10/01/2022,GRA,ST006,QAR,PRK.1433,Reg Mango Ice cream/Topp,26,754,754,29
10/01/2022,GRA,ST006,QAR,PRK.1434,Large Mango Ice Cream/Top,30,270,270,9
10/01/2022,GRA,ST006,QAR,PRK.1464,Fresh Pineapple,3,3,3,1
10/01/2022,GRA,ST006,QAR,PRK.1469,Kiwi Fruit,3,9,9,3
10/01/2022,GRA,ST006,QAR,PRK.1470,Lotus Biscuit,3,9,9,3
10/01/2022,GRA,ST006,QAR,PRK.1472,CHICKEN CURRY & RICE,48,1872,1872,39
10/01/2022,GRA,ST006,QAR,PRK.1473,BEEF STROGANOFF,50,150,150,3
10/01/2022,GRA,ST006,QAR,PRK.1474,Spaghetti Bolognese,45,1665,1665,37
10/01/2022,GRA,ST006,QAR,PRK.1475,Salmon with Cilantro Rice,65,3445,3445,53
10/01/2022,GRA,ST006,QAR,PRK.1476,Chicken Noodle Bowl,40,1120,1120,28
10/01/2022,GRA,ST006,QAR,PRK.1501,pomegranate,3,72,72,24
10/01/2022,GRA,ST006,QAR,PRK.1502,Strawberry,3,84,84,28
10/01/2022,GRA,ST006,QAR,PRK.1506,Pretzel,3,6,6,2
10/01/2022,GRA,ST006,QAR,PRK.1507,Crispy Crepe,3,48,48,16
10/01/2022,GRA,ST006,QAR,PRK.1508,Granola,3,54,54,18
10/01/2022,GRA,ST006,QAR,PRK.1509,Coconut Flakes,3,18,18,6
10/01/2022,GRA,ST006,QAR,PRK.1510,Crushed Graham,3,6,6,2
10/01/2022,GRA,ST006,QAR,PRK.1514,Dulce de Leche,3,3,3,1
10/01/2022,GRA,ST006,QAR,PRK.1520,Mixed Berries Sauce,3,27,27,9
10/01/2022,GRA,ST006,QAR,PRK.1521,Mango Sauce,3,6,6,2
10/01/2022,GRA,ST006,QAR,PRK.1523,Peanut Butter Sauce,3,9,9,3
10/01/2022,GRA,ST006,QAR,PRK.1527,Mango,3,60,60,20
10/01/2022,GRA,ST006,QAR,PRK.1531,Power Shake,35,4935,4060,141
10/01/2022,GRA,ST006,QAR,PRK.1532,Peanut Power Shake,35,5145,5145,147
10/01/2022,GRA,ST006,QAR,PRK.1533,Pre-workout protein shak,45,405,405,9
10/01/2022,GRA,ST006,QAR,PRK.1534,Choco Power Shake,35,5355,5355,153
10/01/2022,GRA,ST006,QAR,PRK.1535,Post workout,40,40,40,1
10/01/2022,GRA,ST006,QAR,PRK.1536,Energizer protine Shakes,45,1485,1485,33
10/01/2022,GRA,ST006,QAR,PRK.1537,Skinny chocolate,40,400,400,10
10/01/2022,GRA,ST006,QAR,PRK.1538,Pre-workout shake,35,35,35,1
10/01/2022,GRA,ST006,QAR,PRK.1539,Berry shake,40,200,200,5
10/01/2022,GRA,ST006,QAR,PRK.1540,Energizer shakes,35,70,70,2
10/01/2022,GRA,ST006,QAR,PRK.1541,Caffeine Shake,40,400,400,10
10/01/2022,GRA,ST006,QAR,PRK.1542,14oz Pre-work out Protein,40,360,360,9
10/01/2022,GRA,ST006,QAR,PRK.1545,14oz Energizer protine,40,2080,2080,52
10/01/2022,GRA,ST006,QAR,PRK.1546,14oz Pre-workout shake,30,30,30,1
10/01/2022,GRA,ST006,QAR,PRK.1548,14oz Energizer shakes,30,450,450,15
10/01/2022,GRA,ST006,QAR,PRK.1550,Extra Protein,10,820,820,82
10/01/2022,GRA,ST006,QAR,PRK.1551,Nut Butters,10,480,480,48
10/01/2022,GRA,ST006,QAR,PRK.1553,Spirulina powder,10,20,20,2
10/01/2022,GRA,ST006,QAR,PRK.1554,Chia seeds,10,10,10,1
10/01/2022,GRA,ST006,QAR,PRK.1555,Oats,10,70,70,7
10/01/2022,GRA,ST006,QAR,PRK.1556,BCAA Recovery Booster,20,480,480,24
10/01/2022,GRA,ST006,QAR,PRK.1557,Pre workout charger,20,40,40,2
10/01/2022,GRA,ST006,QAR,PRK.1581,Mini coconut frz yog I/C,14,224,224,16
10/01/2022,GRA,ST006,QAR,PRK.1582,Regular coconut frz yog I,21,63,63,3
10/01/2022,GRA,ST006,QAR,PRK.1584,Mini coconut frz yog  Top,18,90,90,5
10/01/2022,GRA,ST006,QAR,PRK.1585,Reg- coconut frz yog Top,26,104,104,4
10/01/2022,GRA,ST006,QAR,PRK.1586,Large coconut frz yog  To,30,60,60,2
10/01/2022,GRA,ST006,QAR,PRK.1588,Acai Small,35,2520,2520,72
10/01/2022,GRA,ST006,QAR,PRK.1589,Acai Large,40,1120,1120,28
10/01/2022,GRA,ST006,QAR,PRK.1621,Orange loaf,12,336,336,28
10/01/2022,GRA,ST006,QAR,PRK.1623,Brownie flavour cookies,10,1030,1030,103
10/01/2022,GRA,ST006,QAR,PRK.1628,Brownie bites,13,559,559,43
10/01/2022,GRA,ST006,QAR,PRK.1634,Madeleine,12,1308,1308,109
10/01/2022,GRA,ST006,QAR,PRK.1681,Salted Caramel Mocha,24,24,24,1
10/01/2022,GRA,ST006,QAR,PRK.1682,■Matcha Frappe,26,312,312,12
10/01/2022,GRA,ST006,QAR,PRK.1711,Pomegranate Pot,18,306,306,17
10/01/2022,GRA,ST006,QAR,PRK.1712,Mango Peach Muesli Pot,24,408,408,17
10/01/2022,GRA,ST006,QAR,PRK.1713,Overnight oats PB&Jam,25,475,475,19
10/01/2022,GRA,ST006,QAR,PRK.1741,Spicy Tuna sandwich,26,884,884,34
10/01/2022,GRA,ST006,QAR,PRK.1742,Three cheese,22,154,154,7
10/01/2022,GRA,ST006,QAR,PRK.1743,Falafel and Labna,25,275,275,11
10/01/2022,GRA,ST006,QAR,PRK.1746,GRAZE CLUB SANDWICH,42,84,84,2
10/01/2022,GRA,ST006,QAR,PRK.1747,BEEF BURGER,35,175,175,5
10/01/2022,GRA,ST006,QAR,PRK.1748,Chicken Shawarma,18,1080,1080,60
10/01/2022,GRA,ST006,QAR,PRK.1749,Tenderloin Beef Shawarma,22,462,462,21
10/01/2022,GRA,ST006,QAR,PRK.1771,Pistachio Arabeshi,5,175,175,35
10/01/2022,GRA,ST006,QAR,PRK.1772,Fresh Raspberry,5,100,100,20
10/01/2022,GRA,ST006,QAR,PRK.1773,Fresh blueberry,5,120,120,24
10/01/2022,GRA,ST006,QAR,PRK.1774,Chocolate Flakes,5,150,150,30
10/01/2022,GRA,ST006,QAR,PRK.1775,Honey Comb,5,225,225,45
10/01/2022,GRA,ST006,QAR,PRK.1776,Milk powder,3,6,6,2
10/01/2022,GRA,ST006,QAR,PRK.4501,Full Fat Milk,0,0,0,1
10/01/2022,GRA,ST006,QAR,PRK.4502,Low Fat Milk,0,0,0,16
10/01/2022,GRA,ST006,QAR,PRK.4503,Almond Milk,2,296,296,148
10/01/2022,GRA,ST006,QAR,PRK.4504,Soya Milk,2,32,32,16
10/01/2022,GRA,ST006,QAR,PRK.4516,Decaf,0,0,0,4
10/01/2022,GRA,ST006,QAR,PRK.4517,Vanilla Flavor,0,0,0,1
10/01/2022,GRA,ST006,QAR,PRK.4519,Caramel flavor,0,0,0,5
10/01/2022,GRA,ST006,QAR,PRK.4531,w/ Granola,0,0,0,46
10/01/2022,GRA,ST006,QAR,PRK.4533,w/ Pretzel,0,0,0,2
10/01/2022,GRA,ST006,QAR,PRK.4534,w/ Coconut Flakes,0,0,0,13
10/01/2022,GRA,ST006,QAR,PRK.4535,w/ Crispy Crepe,0,0,0,28
10/01/2022,GRA,ST006,QAR,PRK.4537,w/ Mixed Berries Sauce,0,0,0,9
10/01/2022,GRA,ST006,QAR,PRK.4541,w/ Strawberry,0,0,0,41
10/01/2022,GRA,ST006,QAR,PRK.4543,w/ Salted Caramel,0,0,0,9
10/01/2022,GRA,ST006,QAR,PRK.4544,w/ Pomegranate,0,0,0,7
10/01/2022,GRA,ST006,QAR,PRK.4545,w/ Dulce de leche,0,0,0,3
10/01/2022,GRA,ST006,QAR,PRK.4549,w/ Mango Sauce,0,0,0,16
10/01/2022,GRA,ST006,QAR,PRK.4550,w/ Mango,0,0,0,37
10/01/2022,GRA,ST006,QAR,PRK.4551,w/ Peanut Butter Sauce,0,0,0,2
10/01/2022,GRA,ST006,QAR,PRK.4552,w/ Crushed Grahams,0,0,0,3
10/01/2022,GRA,ST006,QAR,PRK.4556,w/ Fresh Pineapple,0,0,0,6
10/01/2022,GRA,ST006,QAR,PRK.4558,w/ Lotus Biscuit,0,0,0,7
10/01/2022,GRA,ST006,QAR,PRK.4562,MIXED MANGO YOGURT,0,0,0,5
