DATE,BRANCHCODE,WAREHOUSECODE,CURRENCY,ERPCODE,ITEMNAME,RAWPRICE,GROSSAMT,NETVALUE,QTYSOLD
05/01/2022,GRA,ST006,QAR,PRK.902,Granola,55,660,660,12
05/01/2022,GRA,ST006,QAR,PRK.904,Graze House Mix,55,165,165,3
05/01/2022,GRA,ST006,QAR,PRK.907,Zaatar Chips,6,90,90,15
05/01/2022,GRA,ST006,QAR,PRK.909,Spicy Pesto Chips,6,78,78,13
05/01/2022,GRA,ST006,QAR,PRK.910,Graze Spicy Mix Sml,25,125,125,5
05/01/2022,GRA,ST006,QAR,PRK.911,Graze House Mix Sml,25,250,250,10
05/01/2022,GRA,ST006,QAR,PRK.962,Extra flavor,3,6,6,2
05/01/2022,GRA,ST006,QAR,PRK.994,Crsnt w Egg/Avaca/ SunTom,24,888,888,37
05/01/2022,GRA,ST006,QAR,PRK.995,Egg Burrito,20,700,700,35
05/01/2022,GRA,ST006,QAR,PRK.996,Blueberry Granola parfait,25,1250,1250,50
05/01/2022,GRA,ST006,QAR,PRK.997,Yog Dates Chia Pista Alm,22,880,880,40
05/01/2022,GRA,ST006,QAR,PRK.1012,Three Berry Yogurt & Date,25,400,400,16
05/01/2022,GRA,ST006,QAR,PRK.1021,Shirazi Salad,12,276,276,23
05/01/2022,GRA,ST006,QAR,PRK.1023,Falafel Salad,35,420,420,12
05/01/2022,GRA,ST006,QAR,PRK.1024,Quinoa Swt potato Salad,40,560,560,14
05/01/2022,GRA,ST006,QAR,PRK.1027,Mex Chkn Chilli Bean Sld,40,1520,1520,38
05/01/2022,GRA,ST006,QAR,PRK.1029,Burrata Salad,50,550,550,11
05/01/2022,GRA,ST006,QAR,PRK.1031,Teriyaki GRAZE Salmn,55,3795,3795,69
05/01/2022,GRA,ST006,QAR,PRK.1034,BBQ Chick Peas,38,950,950,25
05/01/2022,GRA,ST006,QAR,PRK.1039,Keto Chicken Salad,40,1400,1400,35
05/01/2022,GRA,ST006,QAR,PRK.1044,Southern Chicken Salad,45,1035,1035,23
05/01/2022,GRA,ST006,QAR,PRK.1048,Mexican  Caesar Salad chk,39,2574,2574,66
05/01/2022,GRA,ST006,QAR,PRK.1049,ROCCA SALAD,22,462,462,21
05/01/2022,GRA,ST006,QAR,PRK.1052,Smoke Turkey Sandwich,34,2346,2346,69
05/01/2022,GRA,ST006,QAR,PRK.1054,lemon&Rosemary Chkn,36,2988,2988,83
05/01/2022,GRA,ST006,QAR,PRK.1057,Steak & Philly Chz SW,32,576,576,18
05/01/2022,GRA,ST006,QAR,PRK.1063,Egg Mayo with Rocket,20,360,360,18
05/01/2022,GRA,ST006,QAR,PRK.1068,Crispy Chicken Bun,24,456,456,19
05/01/2022,GRA,ST006,QAR,PRK.1069,Spicy Courgette Falafel W,24,312,312,13
05/01/2022,GRA,ST006,QAR,PRK.1070,Chicken Pesto & Mozzarell,32,1280,1280,40
05/01/2022,GRA,ST006,QAR,PRK.1075,Avocado Toast,40,840,840,21
05/01/2022,GRA,ST006,QAR,PRK.1076,Three cheese sandwich,32,32,32,1
05/01/2022,GRA,ST006,QAR,PRK.1083,Chkn Soup,19,380,380,20
05/01/2022,GRA,ST006,QAR,PRK.1087,Lentil Soup,20,380,380,19
05/01/2022,GRA,ST006,QAR,PRK.1111,Penne Bolognese,50,1450,1450,29
05/01/2022,GRA,ST006,QAR,PRK.1113,Chkn Katsu Curry,45,2700,2700,60
05/01/2022,GRA,ST006,QAR,PRK.1115,Mushroom Pasta,40,1280,1280,32
05/01/2022,GRA,ST006,QAR,PRK.1118,Steak With Mushroom Sauce,45,2295,2295,51
05/01/2022,GRA,ST006,QAR,PRK.1119,Chicken Biryani,45,4050,4050,90
05/01/2022,GRA,ST006,QAR,PRK.1121,Chinese Sesame Chicken,40,4080,4080,102
05/01/2022,GRA,ST006,QAR,PRK.1127,Rock Shrimp,45,1755,1755,39
05/01/2022,GRA,ST006,QAR,PRK.1133,Lamb  Kabsa,45,1530,1530,34
05/01/2022,GRA,ST006,QAR,PRK.1140,Chicken Curry & Saffron r,43,2021,2021,47
05/01/2022,GRA,ST006,QAR,PRK.1145,Yoghurt & Cucumber dip,12,180,180,15
05/01/2022,GRA,ST006,QAR,PRK.1146,Spicy Guacamole Pot,13,325,325,25
05/01/2022,GRA,ST006,QAR,PRK.1149,Edamame Pot,12,252,252,21
05/01/2022,GRA,ST006,QAR,PRK.1159,Greek Tabbouleh,20,480,480,24
05/01/2022,GRA,ST006,QAR,PRK.1160,Egg pot,16,16,16,1
05/01/2022,GRA,ST006,QAR,PRK.1161,Labneh Beetroot,28,672,672,24
05/01/2022,GRA,ST006,QAR,PRK.1173,Choco Chia Energy Ball,30,1320,1320,44
05/01/2022,GRA,ST006,QAR,PRK.1175,Pecan Bars,14,322,322,23
05/01/2022,GRA,ST006,QAR,PRK.1177,Carrot Cake,15,360,360,24
05/01/2022,GRA,ST006,QAR,PRK.1178,Sweet Potatoe Choco Cake,15,390,390,26
05/01/2022,GRA,ST006,QAR,PRK.1180,Tropical Fruits,18,36,36,2
05/01/2022,GRA,ST006,QAR,PRK.1183,Bannana,2,404,404,202
05/01/2022,GRA,ST006,QAR,PRK.1184,Watermelon,18,864,864,48
05/01/2022,GRA,ST006,QAR,PRK.1185,Pineapplemix,18,846,846,47
05/01/2022,GRA,ST006,QAR,PRK.1186,Mixed Berries,22,1694,1694,77
05/01/2022,GRA,ST006,QAR,PRK.1194,Lotus Cheesecake,15,420,420,28
05/01/2022,GRA,ST006,QAR,PRK.1196,Chia Blueberry Yodurt,24,240,240,10
05/01/2022,GRA,ST006,QAR,PRK.1201,Iced Flat White,18,144,144,8
05/01/2022,GRA,ST006,QAR,PRK.1203,Iced Spanish Latte,20,440,440,22
05/01/2022,GRA,ST006,QAR,PRK.1204,Iced Latte,18,162,162,9
05/01/2022,GRA,ST006,QAR,PRK.1205,Iced Americano,15,750,750,50
05/01/2022,GRA,ST006,QAR,PRK.1234,Pepperoni Pizza small,40,240,240,6
05/01/2022,GRA,ST006,QAR,PRK.1235,Margherita Pizza small,30,300,300,10
05/01/2022,GRA,ST006,QAR,PRK.1236,BBQ chicken Pizza small,35,245,245,7
05/01/2022,GRA,ST006,QAR,PRK.1262,Highland Still,5,4490,4490,898
05/01/2022,GRA,ST006,QAR,PRK.1265,Perrier Sparkling,9,270,270,30
05/01/2022,GRA,ST006,QAR,PRK.1291,Coke,5,200,200,40
05/01/2022,GRA,ST006,QAR,PRK.1292,Diet Coke,5,360,360,72
05/01/2022,GRA,ST006,QAR,PRK.1321,Mini Cup /Pina Colada,14,70,70,5
05/01/2022,GRA,ST006,QAR,PRK.1322,Regular Cup / Pina Colada,21,63,63,3
05/01/2022,GRA,ST006,QAR,PRK.1324,Mini Pina Colada/Topping,18,36,36,2
05/01/2022,GRA,ST006,QAR,PRK.1326,Large Pina Colada/Topping,30,90,90,3
05/01/2022,GRA,ST006,QAR,PRK.1327,Stay Home w/ Graze L 4X1,140,140,140,1
05/01/2022,GRA,ST006,QAR,PRK.1328,Stay Home w/ Graze L 6 X1,195,195,195,1
05/01/2022,GRA,ST006,QAR,PRK.1331,Stay Home w/ Graze R 6 X1,185,185,185,1
05/01/2022,GRA,ST006,QAR,PRK.1333,Stay Home w/Graze M 6 X1,130,390,390,3
05/01/2022,GRA,ST006,QAR,PRK.1334,Stay Home w/Graze M12 X1,240,1440,1440,6
05/01/2022,GRA,ST006,QAR,PRK.1335,Cool Box,15,30,30,2
05/01/2022,GRA,ST006,QAR,PRK.1351,Espresso Single,12,1584,1584,132
05/01/2022,GRA,ST006,QAR,PRK.1352,Macchiato,18,252,252,14
05/01/2022,GRA,ST006,QAR,PRK.1353,Americano Hot,15,780,780,52
05/01/2022,GRA,ST006,QAR,PRK.1354,Flat White Hot,18,522,522,29
05/01/2022,GRA,ST006,QAR,PRK.1355,Cappucino,18,1242,1242,69
05/01/2022,GRA,ST006,QAR,PRK.1356,Cortado,18,378,378,21
05/01/2022,GRA,ST006,QAR,PRK.1358,Spanish Latte,20,540,540,27
05/01/2022,GRA,ST006,QAR,PRK.1359,Classic Mocha,25,75,75,3
05/01/2022,GRA,ST006,QAR,PRK.1360,Slated Caramel Mocha,25,100,100,4
05/01/2022,GRA,ST006,QAR,PRK.1362,Double Espresso,14,742,742,53
05/01/2022,GRA,ST006,QAR,PRK.1363,Latte Hot,18,432,432,24
05/01/2022,GRA,ST006,QAR,PRK.1372,Hot Cocoa,24,96,96,4
05/01/2022,GRA,ST006,QAR,PRK.1373,Hibiscus Iced tea,18,414,414,23
05/01/2022,GRA,ST006,QAR,PRK.1374,Peach Iced Tea,18,288,288,16
05/01/2022,GRA,ST006,QAR,PRK.1375,Matcha Latte,25,525,525,21
05/01/2022,GRA,ST006,QAR,PRK.1383,Watermelon & Coconut cool,20,40,40,2
05/01/2022,GRA,ST006,QAR,PRK.1386,Orange Juice,22,2068,2068,94
05/01/2022,GRA,ST006,QAR,PRK.1387,Carrot Juice,22,66,66,3
05/01/2022,GRA,ST006,QAR,PRK.1390,Morning Boost,24,744,744,31
05/01/2022,GRA,ST006,QAR,PRK.1392,Immune Boost,22,462,462,21
05/01/2022,GRA,ST006,QAR,PRK.1396,Ginger Aid Shot,18,1296,1296,72
05/01/2022,GRA,ST006,QAR,PRK.1402,Laban Drink,18,288,288,16
05/01/2022,GRA,ST006,QAR,PRK.1404,Green Boost Juice,24,432,432,18
05/01/2022,GRA,ST006,QAR,PRK.1406,Beetroot & Apple Juice,20,660,660,33
05/01/2022,GRA,ST006,QAR,PRK.1409,Turmeric wellness shot,16,464,464,29
05/01/2022,GRA,ST006,QAR,PRK.1412, Mini Cup Yogurt,14,364,364,26
05/01/2022,GRA,ST006,QAR,PRK.1413,Regular Cup Yogurt,21,609,609,29
05/01/2022,GRA,ST006,QAR,PRK.1416,Large Cup Yogurt,23,299,299,13
05/01/2022,GRA,ST006,QAR,PRK.1418, Mini Cup Yogurt/Topping,18,234,234,13
05/01/2022,GRA,ST006,QAR,PRK.1419,Reg Cup Yogurt/Toping,26,390,390,15
05/01/2022,GRA,ST006,QAR,PRK.1426,Mini Cup Choco /Topping,17,17,17,1
05/01/2022,GRA,ST006,QAR,PRK.1429,Mini Mango Ice Cream,14,2604,2604,186
05/01/2022,GRA,ST006,QAR,PRK.1430,Regular Mango Ice Cream,21,2877,2877,137
05/01/2022,GRA,ST006,QAR,PRK.1431,Large Mango Ice Cream,23,1840,1840,80
05/01/2022,GRA,ST006,QAR,PRK.1432,Mini Mango Ice Cream/Topp,18,702,702,39
05/01/2022,GRA,ST006,QAR,PRK.1433,Reg Mango Ice cream/Topp,26,1222,1222,47
05/01/2022,GRA,ST006,QAR,PRK.1434,Large Mango Ice Cream/Top,30,780,780,26
05/01/2022,GRA,ST006,QAR,PRK.1435,Mini Cup Milky Ice Cream,14,406,406,29
05/01/2022,GRA,ST006,QAR,PRK.1436,Reg Cup Milky Ice Cream,21,462,462,22
05/01/2022,GRA,ST006,QAR,PRK.1437,Lrge Cup Milky Ice Cream,23,46,46,2
05/01/2022,GRA,ST006,QAR,PRK.1438,Mini Cup Milky Ice C/Top,18,108,108,6
05/01/2022,GRA,ST006,QAR,PRK.1439,Reg Cup Milky Ice Cre/Top,26,130,130,5
05/01/2022,GRA,ST006,QAR,PRK.1440,Lrge Cup Milky Ice Cr/Top,30,60,60,2
05/01/2022,GRA,ST006,QAR,PRK.1464,Fresh Pineapple,3,9,9,3
05/01/2022,GRA,ST006,QAR,PRK.1471,NOODLES BOWL,45,810,810,18
05/01/2022,GRA,ST006,QAR,PRK.1472,CHICKEN CURRY & RICE,48,1392,1392,29
05/01/2022,GRA,ST006,QAR,PRK.1473,BEEF STROGANOFF,50,650,650,13
05/01/2022,GRA,ST006,QAR,PRK.1501,pomegranate,3,57,57,19
05/01/2022,GRA,ST006,QAR,PRK.1502,Strawberry,3,48,48,16
05/01/2022,GRA,ST006,QAR,PRK.1505,Salted Caramel,3,12,12,4
05/01/2022,GRA,ST006,QAR,PRK.1506,Pretzel,3,9,9,3
05/01/2022,GRA,ST006,QAR,PRK.1507,Crispy Crepe,3,51,51,17
05/01/2022,GRA,ST006,QAR,PRK.1508,Granola,3,24,24,8
05/01/2022,GRA,ST006,QAR,PRK.1509,Coconut Flakes,3,18,18,6
05/01/2022,GRA,ST006,QAR,PRK.1510,Crushed Graham,3,6,6,2
05/01/2022,GRA,ST006,QAR,PRK.1514,Dulce de Leche,3,9,9,3
05/01/2022,GRA,ST006,QAR,PRK.1520,Mixed Berries Sauce,3,21,21,7
05/01/2022,GRA,ST006,QAR,PRK.1523,Peanut Butter Sauce,3,3,3,1
05/01/2022,GRA,ST006,QAR,PRK.1527,Mango,3,105,105,35
05/01/2022,GRA,ST006,QAR,PRK.1531,Power Shake,35,1890,1890,54
05/01/2022,GRA,ST006,QAR,PRK.1532,Peanut Power Shake,35,4550,4550,130
05/01/2022,GRA,ST006,QAR,PRK.1533,Pre-workout protein shak,45,135,135,3
05/01/2022,GRA,ST006,QAR,PRK.1534,Choco Power Shake,35,5180,5180,148
05/01/2022,GRA,ST006,QAR,PRK.1536,Energizer protine Shakes,45,2565,2565,57
05/01/2022,GRA,ST006,QAR,PRK.1538,Pre-workout shake,35,35,35,1
05/01/2022,GRA,ST006,QAR,PRK.1540,Energizer shakes,35,280,280,8
05/01/2022,GRA,ST006,QAR,PRK.1542,14oz Pre-work out Protein,40,120,120,3
05/01/2022,GRA,ST006,QAR,PRK.1545,14oz Energizer protine,40,1520,1520,38
05/01/2022,GRA,ST006,QAR,PRK.1546,14oz Pre-workout shake,30,30,30,1
05/01/2022,GRA,ST006,QAR,PRK.1548,14oz Energizer shakes,30,240,240,8
05/01/2022,GRA,ST006,QAR,PRK.1550,Extra Protein,10,220,220,22
05/01/2022,GRA,ST006,QAR,PRK.1551,Nut Butters,10,30,30,3
05/01/2022,GRA,ST006,QAR,PRK.1555,Oats,10,20,20,2
05/01/2022,GRA,ST006,QAR,PRK.1556,BCAA Recovery Booster,20,160,160,8
05/01/2022,GRA,ST006,QAR,PRK.1557,Pre workout charger,20,20,20,1
05/01/2022,GRA,ST006,QAR,PRK.1580,Ogaily cardamom ice cream,25,175,175,7
05/01/2022,GRA,ST006,QAR,PRK.1623,Brownie flavour cookies,10,1030,1030,103
05/01/2022,GRA,ST006,QAR,PRK.1651,■PB & Jam sourdough bread,18,90,90,5
05/01/2022,GRA,ST006,QAR,PRK.1681,Salted Caramel Mocha,24,72,72,3
05/01/2022,GRA,ST006,QAR,PRK.1682,■Matcha Frappe,26,338,338,13
05/01/2022,GRA,ST006,QAR,PRK.1711,Pomegranate Pot,18,486,486,27
05/01/2022,GRA,ST006,QAR,PRK.1712,Mango Peach Muesli Pot,24,72,72,3
05/01/2022,GRA,ST006,QAR,PRK.1713,Overnight oats PB&Jam,25,525,525,21
05/01/2022,GRA,ST006,QAR,PRK.1741,Spicy Tuna sandwich,26,962,962,37
05/01/2022,GRA,ST006,QAR,PRK.1742,Three cheese,22,396,396,18
05/01/2022,GRA,ST006,QAR,PRK.1743,Falafel and Labna,25,425,425,17
05/01/2022,GRA,ST006,QAR,PRK.1744,Three Berry croissant,35,35,35,1
05/01/2022,GRA,ST006,QAR,PRK.1746,GRAZE CLUB SANDWICH,42,1050,1050,25
05/01/2022,GRA,ST006,QAR,PRK.1747,BEEF BURGER,35,315,315,9
05/01/2022,GRA,ST006,QAR,PRK.1771,Pistachio Arabeshi,5,160,160,32
05/01/2022,GRA,ST006,QAR,PRK.1772,Fresh Raspberry,5,90,90,18
05/01/2022,GRA,ST006,QAR,PRK.1773,Fresh blueberry,5,115,115,23
05/01/2022,GRA,ST006,QAR,PRK.1774,Chocolate Flakes,5,150,150,30
05/01/2022,GRA,ST006,QAR,PRK.1775,Honey Comb,5,100,100,20
05/01/2022,GRA,ST006,QAR,PRK.4501,Full Fat Milk,0,0,0,1
05/01/2022,GRA,ST006,QAR,PRK.4503,Almond Milk,2,206,206,103
05/01/2022,GRA,ST006,QAR,PRK.4504,Soya Milk,2,72,72,36
05/01/2022,GRA,ST006,QAR,PRK.4517,Vanilla Flavor,0,0,0,1
05/01/2022,GRA,ST006,QAR,PRK.4519,Caramel flavor,0,0,0,1
05/01/2022,GRA,ST006,QAR,PRK.4531,w/ Granola,0,0,0,37
05/01/2022,GRA,ST006,QAR,PRK.4533,w/ Pretzel,0,0,0,4
05/01/2022,GRA,ST006,QAR,PRK.4534,w/ Coconut Flakes,0,0,0,14
05/01/2022,GRA,ST006,QAR,PRK.4535,w/ Crispy Crepe,0,0,0,39
05/01/2022,GRA,ST006,QAR,PRK.4537,w/ Mixed Berries Sauce,0,0,0,10
05/01/2022,GRA,ST006,QAR,PRK.4541,w/ Strawberry,0,0,0,50
05/01/2022,GRA,ST006,QAR,PRK.4543,w/ Salted Caramel,0,0,0,16
05/01/2022,GRA,ST006,QAR,PRK.4544,w/ Pomegranate,0,0,0,53
05/01/2022,GRA,ST006,QAR,PRK.4545,w/ Dulce de leche,0,0,0,11
05/01/2022,GRA,ST006,QAR,PRK.4549,w/ Mango Sauce,0,0,0,39
05/01/2022,GRA,ST006,QAR,PRK.4550,w/ Mango,0,0,0,115
05/01/2022,GRA,ST006,QAR,PRK.4551,w/ Peanut Butter Sauce,0,0,0,1
05/01/2022,GRA,ST006,QAR,PRK.4552,w/ Crushed Grahams,0,0,0,6
05/01/2022,GRA,ST006,QAR,PRK.4556,w/ Fresh Pineapple,0,0,0,10
05/01/2022,GRA,ST006,QAR,PRK.4557,w/ Kiwi Fruit,0,0,0,2
05/01/2022,GRA,ST006,QAR,PRK.4558,w/ Lotus Biscuit,0,0,0,5
05/01/2022,GRA,ST006,QAR,PRK.4561,MIXED FROZEN YOGURT,0,0,0,18
05/01/2022,GRA,ST006,QAR,PRK.4562,MIXED MANGO YOGURT,0,0,0,6
05/01/2022,GRA,ST006,QAR,PRK.4564,MIXED MILKY ICE CREAM,0,0,0,2
