DATE,BRANCHCODE,WAREHOUSECODE,CURRENCY,ERPCODE,ITEMNAME,RAWPRICE,GROSSAMT,NETVALUE,QTYSOLD
11/01/2022,GRA,ST006,QAR,PRK.902,Granola,55,1155,1155,21
11/01/2022,GRA,ST006,QAR,PRK.903,Graze Spicy  Mix,55,55,55,1
11/01/2022,GRA,ST006,QAR,PRK.904,Graze House Mix,55,165,165,3
11/01/2022,GRA,ST006,QAR,PRK.907,Zaatar Chips,6,54,54,9
11/01/2022,GRA,ST006,QAR,PRK.909,Spicy Pesto Chips,6,60,60,10
11/01/2022,GRA,ST006,QAR,PRK.910,Graze Spicy Mix Sml,25,450,450,18
11/01/2022,GRA,ST006,QAR,PRK.911,Graze House Mix Sml,25,125,125,5
11/01/2022,GRA,ST006,QAR,PRK.962,Extra flavor,3,27,27,9
11/01/2022,GRA,ST006,QAR,PRK.994,Crsnt w Egg/Avaca/ SunTom,24,840,840,35
11/01/2022,GRA,ST006,QAR,PRK.995,Egg Burrito,20,1140,1140,57
11/01/2022,GRA,ST006,QAR,PRK.996,Blueberry Granola parfait,25,775,775,31
11/01/2022,GRA,ST006,QAR,PRK.997,Yog Dates Chia Pista Alm,22,660,660,30
11/01/2022,GRA,ST006,QAR,PRK.1007,Zatar Croissant,16,144,144,9
11/01/2022,GRA,ST006,QAR,PRK.1008,Chocolate Croissant,16,304,304,19
11/01/2022,GRA,ST006,QAR,PRK.1012,Three Berry Yogurt & Date,25,375,375,15
11/01/2022,GRA,ST006,QAR,PRK.1015,Kiri Cheese Danish,14,546,546,39
11/01/2022,GRA,ST006,QAR,PRK.1016,Plain Croissant,10,150,150,15
11/01/2022,GRA,ST006,QAR,PRK.1020,Almond Croissant,16,16,16,1
11/01/2022,GRA,ST006,QAR,PRK.1021,Shirazi Salad,12,192,192,16
11/01/2022,GRA,ST006,QAR,PRK.1023,Falafel Salad,45,900,900,20
11/01/2022,GRA,ST006,QAR,PRK.1024,Quinoa Swt potato Salad,40,640,640,16
11/01/2022,GRA,ST006,QAR,PRK.1027,Mex Chkn Chilli Bean Sld,40,760,760,19
11/01/2022,GRA,ST006,QAR,PRK.1029,Burrata Salad,50,350,350,7
11/01/2022,GRA,ST006,QAR,PRK.1031,Teriyaki GRAZE Salmn,55,2805,2805,51
11/01/2022,GRA,ST006,QAR,PRK.1039,Keto Chicken Salad,40,800,800,20
11/01/2022,GRA,ST006,QAR,PRK.1046,Greek Salad,30,690,690,23
11/01/2022,GRA,ST006,QAR,PRK.1047,Chicken Noodle Salad,40,40,40,1
11/01/2022,GRA,ST006,QAR,PRK.1048,Mexican  Caesar Salad chk,39,2028,2028,52
11/01/2022,GRA,ST006,QAR,PRK.1049,ROCCA SALAD,22,374,374,17
11/01/2022,GRA,ST006,QAR,PRK.1052,Smoke Turkey Sandwich,34,1836,1836,54
11/01/2022,GRA,ST006,QAR,PRK.1054,lemon&Rosemary Chkn,36,3060,3060,85
11/01/2022,GRA,ST006,QAR,PRK.1057,Steak & Philly Chz SW,32,576,576,18
11/01/2022,GRA,ST006,QAR,PRK.1063,Egg Mayo with Rocket,20,300,300,15
11/01/2022,GRA,ST006,QAR,PRK.1068,Crispy Chicken Bun,24,240,240,10
11/01/2022,GRA,ST006,QAR,PRK.1070,Chicken Pesto & Mozzarell,32,992,992,31
11/01/2022,GRA,ST006,QAR,PRK.1075,Avocado Toast,40,520,520,13
11/01/2022,GRA,ST006,QAR,PRK.1077,Spicy Halloumi,38,570,570,15
11/01/2022,GRA,ST006,QAR,PRK.1083,Chkn Soup,19,532,532,28
11/01/2022,GRA,ST006,QAR,PRK.1087,Lentil Soup,20,460,460,23
11/01/2022,GRA,ST006,QAR,PRK.1089,Vegetable soup,16,192,192,12
11/01/2022,GRA,ST006,QAR,PRK.1113,Chkn Katsu Curry,45,2970,2970,66
11/01/2022,GRA,ST006,QAR,PRK.1115,Mushroom Pasta,40,1280,1280,32
11/01/2022,GRA,ST006,QAR,PRK.1118,Steak With Mushroom Sauce,45,2565,2565,57
11/01/2022,GRA,ST006,QAR,PRK.1119,Chicken Biryani,45,4410,4410,98
11/01/2022,GRA,ST006,QAR,PRK.1121,Chinese Sesame Chicken,40,3320,3320,83
11/01/2022,GRA,ST006,QAR,PRK.1127,Rock Shrimp,45,2385,2385,53
11/01/2022,GRA,ST006,QAR,PRK.1133,Lamb  Kabsa,45,2115,2115,47
11/01/2022,GRA,ST006,QAR,PRK.1140,Chicken Curry & Saffron r,43,2494,2494,58
11/01/2022,GRA,ST006,QAR,PRK.1141,CRAB BOWL,28,392,392,14
11/01/2022,GRA,ST006,QAR,PRK.1145,Yoghurt & Cucumber dip,12,168,168,14
11/01/2022,GRA,ST006,QAR,PRK.1146,Spicy Guacamole Pot,13,130,130,10
11/01/2022,GRA,ST006,QAR,PRK.1149,Edamame Pot,12,204,204,17
11/01/2022,GRA,ST006,QAR,PRK.1155,Classic hummus pot,18,36,36,2
11/01/2022,GRA,ST006,QAR,PRK.1159,Greek Tabbouleh,20,220,220,11
11/01/2022,GRA,ST006,QAR,PRK.1160,Egg pot,16,240,240,15
11/01/2022,GRA,ST006,QAR,PRK.1161,Labneh Beetroot,12,24,24,2
11/01/2022,GRA,ST006,QAR,PRK.1173,Choco Chia Energy Ball,30,1500,1500,50
11/01/2022,GRA,ST006,QAR,PRK.1175,Pecan Bars,14,266,266,19
11/01/2022,GRA,ST006,QAR,PRK.1177,Carrot Cake,15,330,330,22
11/01/2022,GRA,ST006,QAR,PRK.1178,Sweet Potatoe Choco Cake,15,75,75,5
11/01/2022,GRA,ST006,QAR,PRK.1183,Bannana,2,628,628,314
11/01/2022,GRA,ST006,QAR,PRK.1184,Watermelon,18,810,810,45
11/01/2022,GRA,ST006,QAR,PRK.1185,Pineapplemix,18,1188,1188,66
11/01/2022,GRA,ST006,QAR,PRK.1186,Mixed Berries,22,1672,1672,76
11/01/2022,GRA,ST006,QAR,PRK.1194,Lotus Cheesecake,15,360,360,24
11/01/2022,GRA,ST006,QAR,PRK.1196,Chia Blueberry Yodurt,24,408,408,17
11/01/2022,GRA,ST006,QAR,PRK.1201,Iced Flat White,18,36,36,2
11/01/2022,GRA,ST006,QAR,PRK.1203,Iced Spanish Latte,20,160,160,8
11/01/2022,GRA,ST006,QAR,PRK.1204,Iced Latte,18,252,252,14
11/01/2022,GRA,ST006,QAR,PRK.1205,Iced Americano,15,540,540,36
11/01/2022,GRA,ST006,QAR,PRK.1234,Pepperoni Pizza small,40,160,160,4
11/01/2022,GRA,ST006,QAR,PRK.1235,Margherita Pizza small,30,180,180,6
11/01/2022,GRA,ST006,QAR,PRK.1236,BBQ chicken Pizza small,35,210,210,6
11/01/2022,GRA,ST006,QAR,PRK.1262,Highland Still,5,4820,4820,964
11/01/2022,GRA,ST006,QAR,PRK.1265,Perrier Sparkling,9,216,216,24
11/01/2022,GRA,ST006,QAR,PRK.1291,Coke,5,135,135,27
11/01/2022,GRA,ST006,QAR,PRK.1292,Diet Coke,5,230,230,46
11/01/2022,GRA,ST006,QAR,PRK.1333,Stay Home w/Graze M 6 X1,130,130,130,1
11/01/2022,GRA,ST006,QAR,PRK.1351,Espresso Single,12,1788,1788,149
11/01/2022,GRA,ST006,QAR,PRK.1353,Americano Hot,15,945,945,63
11/01/2022,GRA,ST006,QAR,PRK.1354,Flat White Hot,18,648,648,36
11/01/2022,GRA,ST006,QAR,PRK.1355,Cappucino,18,1008,1008,56
11/01/2022,GRA,ST006,QAR,PRK.1356,Cortado,18,180,180,10
11/01/2022,GRA,ST006,QAR,PRK.1358,Spanish Latte,20,320,320,16
11/01/2022,GRA,ST006,QAR,PRK.1359,Classic Mocha,25,25,25,1
11/01/2022,GRA,ST006,QAR,PRK.1360,Slated Caramel Mocha,25,125,125,5
11/01/2022,GRA,ST006,QAR,PRK.1362,Double Espresso,14,826,826,59
11/01/2022,GRA,ST006,QAR,PRK.1363,Latte Hot,18,864,864,48
11/01/2022,GRA,ST006,QAR,PRK.1372,Hot Cocoa,24,192,192,8
11/01/2022,GRA,ST006,QAR,PRK.1373,Hibiscus Iced tea,18,108,108,6
11/01/2022,GRA,ST006,QAR,PRK.1374,Peach Iced Tea,18,36,36,2
11/01/2022,GRA,ST006,QAR,PRK.1375,Matcha Latte,25,400,400,16
11/01/2022,GRA,ST006,QAR,PRK.1377,Fresh Milk,10,250,250,25
11/01/2022,GRA,ST006,QAR,PRK.1386,Orange Juice,22,1716,1716,78
11/01/2022,GRA,ST006,QAR,PRK.1387,Carrot Juice,22,110,110,5
11/01/2022,GRA,ST006,QAR,PRK.1390,Morning Boost,24,600,600,25
11/01/2022,GRA,ST006,QAR,PRK.1392,Immune Boost,22,682,682,31
11/01/2022,GRA,ST006,QAR,PRK.1396,Ginger Aid Shot,18,1692,1692,94
11/01/2022,GRA,ST006,QAR,PRK.1402,Laban Drink,18,396,396,22
11/01/2022,GRA,ST006,QAR,PRK.1404,Green Boost Juice,24,264,264,11
11/01/2022,GRA,ST006,QAR,PRK.1406,Beetroot & Apple Juice,20,360,360,18
11/01/2022,GRA,ST006,QAR,PRK.1409,Turmeric wellness shot,16,464,464,29
11/01/2022,GRA,ST006,QAR,PRK.1412, Mini Cup Yogurt,14,252,252,18
11/01/2022,GRA,ST006,QAR,PRK.1413,Regular Cup Yogurt,21,357,357,17
11/01/2022,GRA,ST006,QAR,PRK.1416,Large Cup Yogurt,23,92,92,4
11/01/2022,GRA,ST006,QAR,PRK.1418, Mini Cup Yogurt/Topping,18,180,180,10
11/01/2022,GRA,ST006,QAR,PRK.1419,Reg Cup Yogurt/Toping,26,260,260,10
11/01/2022,GRA,ST006,QAR,PRK.1422,Large Cup Yogurt/Topping,30,60,60,2
11/01/2022,GRA,ST006,QAR,PRK.1429,Mini Mango Ice Cream,14,1498,1498,107
11/01/2022,GRA,ST006,QAR,PRK.1430,Regular Mango Ice Cream,21,987,987,47
11/01/2022,GRA,ST006,QAR,PRK.1431,Large Mango Ice Cream,23,391,391,17
11/01/2022,GRA,ST006,QAR,PRK.1432,Mini Mango Ice Cream/Topp,18,522,522,29
11/01/2022,GRA,ST006,QAR,PRK.1433,Reg Mango Ice cream/Topp,26,598,598,23
11/01/2022,GRA,ST006,QAR,PRK.1434,Large Mango Ice Cream/Top,30,300,300,10
11/01/2022,GRA,ST006,QAR,PRK.1470,Lotus Biscuit,3,9,9,3
11/01/2022,GRA,ST006,QAR,PRK.1471,NOODLES BOWL,45,45,45,1
11/01/2022,GRA,ST006,QAR,PRK.1472,CHICKEN CURRY & RICE,48,1632,1632,34
11/01/2022,GRA,ST006,QAR,PRK.1474,Spaghetti Bolognese,45,1035,1035,23
11/01/2022,GRA,ST006,QAR,PRK.1475,Salmon with Cilantro Rice,65,2925,2925,45
11/01/2022,GRA,ST006,QAR,PRK.1476,Chicken Noodle Bowl,40,1000,1000,25
11/01/2022,GRA,ST006,QAR,PRK.1501,pomegranate,3,27,27,9
11/01/2022,GRA,ST006,QAR,PRK.1502,Strawberry,3,135,135,45
11/01/2022,GRA,ST006,QAR,PRK.1505,Salted Caramel,3,18,18,6
11/01/2022,GRA,ST006,QAR,PRK.1507,Crispy Crepe,3,42,42,14
11/01/2022,GRA,ST006,QAR,PRK.1508,Granola,3,66,66,22
11/01/2022,GRA,ST006,QAR,PRK.1509,Coconut Flakes,3,39,39,13
11/01/2022,GRA,ST006,QAR,PRK.1510,Crushed Graham,3,12,12,4
11/01/2022,GRA,ST006,QAR,PRK.1514,Dulce de Leche,3,12,12,4
11/01/2022,GRA,ST006,QAR,PRK.1520,Mixed Berries Sauce,3,9,9,3
11/01/2022,GRA,ST006,QAR,PRK.1521,Mango Sauce,3,15,15,5
11/01/2022,GRA,ST006,QAR,PRK.1523,Peanut Butter Sauce,3,39,39,13
11/01/2022,GRA,ST006,QAR,PRK.1527,Mango,3,75,75,25
11/01/2022,GRA,ST006,QAR,PRK.1531,Power Shake,35,2030,2030,58
11/01/2022,GRA,ST006,QAR,PRK.1532,Peanut Power Shake,35,5355,5355,153
11/01/2022,GRA,ST006,QAR,PRK.1533,Pre-workout protein shak,45,270,270,6
11/01/2022,GRA,ST006,QAR,PRK.1534,Choco Power Shake,35,4515,4515,129
11/01/2022,GRA,ST006,QAR,PRK.1536,Energizer protine Shakes,45,1575,1575,35
11/01/2022,GRA,ST006,QAR,PRK.1537,Skinny chocolate,40,160,160,4
11/01/2022,GRA,ST006,QAR,PRK.1539,Berry shake,40,40,40,1
11/01/2022,GRA,ST006,QAR,PRK.1540,Energizer shakes,35,385,385,11
11/01/2022,GRA,ST006,QAR,PRK.1541,Caffeine Shake,40,160,160,4
11/01/2022,GRA,ST006,QAR,PRK.1542,14oz Pre-work out Protein,40,40,40,1
11/01/2022,GRA,ST006,QAR,PRK.1545,14oz Energizer protine,40,920,920,23
11/01/2022,GRA,ST006,QAR,PRK.1548,14oz Energizer shakes,30,60,60,2
11/01/2022,GRA,ST006,QAR,PRK.1550,Extra Protein,10,690,690,69
11/01/2022,GRA,ST006,QAR,PRK.1551,Nut Butters,10,160,160,16
11/01/2022,GRA,ST006,QAR,PRK.1552,Maca powder,10,10,10,1
11/01/2022,GRA,ST006,QAR,PRK.1554,Chia seeds,10,20,20,2
11/01/2022,GRA,ST006,QAR,PRK.1555,Oats,10,40,40,4
11/01/2022,GRA,ST006,QAR,PRK.1556,BCAA Recovery Booster,20,300,300,15
11/01/2022,GRA,ST006,QAR,PRK.1557,Pre workout charger,20,180,180,9
11/01/2022,GRA,ST006,QAR,PRK.1559,Vegan Vanilla,15,90,90,6
11/01/2022,GRA,ST006,QAR,PRK.1581,Mini coconut frz yog I/C,14,98,98,7
11/01/2022,GRA,ST006,QAR,PRK.1582,Regular coconut frz yog I,21,21,21,1
11/01/2022,GRA,ST006,QAR,PRK.1584,Mini coconut frz yog  Top,18,54,54,3
11/01/2022,GRA,ST006,QAR,PRK.1585,Reg- coconut frz yog Top,26,234,234,9
11/01/2022,GRA,ST006,QAR,PRK.1588,Acai Small,35,3010,3010,86
11/01/2022,GRA,ST006,QAR,PRK.1589,Acai Large,40,1240,1240,31
11/01/2022,GRA,ST006,QAR,PRK.1621,Orange loaf,12,84,84,7
11/01/2022,GRA,ST006,QAR,PRK.1623,Brownie flavour cookies,10,600,600,60
11/01/2022,GRA,ST006,QAR,PRK.1628,Brownie bites,13,351,351,27
11/01/2022,GRA,ST006,QAR,PRK.1634,Madeleine,12,408,408,34
11/01/2022,GRA,ST006,QAR,PRK.1681,Salted Caramel Mocha,24,24,24,1
11/01/2022,GRA,ST006,QAR,PRK.1682,■Matcha Frappe,26,234,234,9
11/01/2022,GRA,ST006,QAR,PRK.1711,Pomegranate Pot,18,198,198,11
11/01/2022,GRA,ST006,QAR,PRK.1712,Mango Peach Muesli Pot,24,216,216,9
11/01/2022,GRA,ST006,QAR,PRK.1713,Overnight oats PB&Jam,25,800,800,32
11/01/2022,GRA,ST006,QAR,PRK.1741,Spicy Tuna sandwich,26,806,806,31
11/01/2022,GRA,ST006,QAR,PRK.1742,Three cheese,22,176,176,8
11/01/2022,GRA,ST006,QAR,PRK.1743,Falafel and Labna,25,125,125,5
11/01/2022,GRA,ST006,QAR,PRK.1747,BEEF BURGER,35,175,175,5
11/01/2022,GRA,ST006,QAR,PRK.1748,Chicken Shawarma,18,828,828,46
11/01/2022,GRA,ST006,QAR,PRK.1749,Tenderloin Beef Shawarma,22,308,308,14
11/01/2022,GRA,ST006,QAR,PRK.1771,Pistachio Arabeshi,5,80,80,16
11/01/2022,GRA,ST006,QAR,PRK.1772,Fresh Raspberry,5,60,60,12
11/01/2022,GRA,ST006,QAR,PRK.1773,Fresh blueberry,5,65,65,13
11/01/2022,GRA,ST006,QAR,PRK.1774,Chocolate Flakes,5,60,60,12
11/01/2022,GRA,ST006,QAR,PRK.1775,Honey Comb,5,70,70,14
11/01/2022,GRA,ST006,QAR,PRK.1776,Milk powder,3,33,33,11
11/01/2022,GRA,ST006,QAR,PRK.4502,Low Fat Milk,0,0,0,11
11/01/2022,GRA,ST006,QAR,PRK.4503,Almond Milk,2,248,248,124
11/01/2022,GRA,ST006,QAR,PRK.4504,Soya Milk,2,26,26,13
11/01/2022,GRA,ST006,QAR,PRK.4516,Decaf,0,0,0,2
11/01/2022,GRA,ST006,QAR,PRK.4517,Vanilla Flavor,0,0,0,7
11/01/2022,GRA,ST006,QAR,PRK.4518,Chocolate Flavor,0,0,0,1
11/01/2022,GRA,ST006,QAR,PRK.4519,Caramel flavor,0,0,0,1
11/01/2022,GRA,ST006,QAR,PRK.4522,Skimmed Milk,2,2,2,1
11/01/2022,GRA,ST006,QAR,PRK.4531,w/ Granola,0,0,0,18
11/01/2022,GRA,ST006,QAR,PRK.4533,w/ Pretzel,0,0,0,4
11/01/2022,GRA,ST006,QAR,PRK.4534,w/ Coconut Flakes,0,0,0,8
11/01/2022,GRA,ST006,QAR,PRK.4535,w/ Crispy Crepe,0,0,0,4
11/01/2022,GRA,ST006,QAR,PRK.4537,w/ Mixed Berries Sauce,0,0,0,5
11/01/2022,GRA,ST006,QAR,PRK.4541,w/ Strawberry,0,0,0,27
11/01/2022,GRA,ST006,QAR,PRK.4543,w/ Salted Caramel,0,0,0,13
11/01/2022,GRA,ST006,QAR,PRK.4544,w/ Pomegranate,0,0,0,24
11/01/2022,GRA,ST006,QAR,PRK.4545,w/ Dulce de leche,0,0,0,9
11/01/2022,GRA,ST006,QAR,PRK.4549,w/ Mango Sauce,0,0,0,28
11/01/2022,GRA,ST006,QAR,PRK.4550,w/ Mango,0,0,0,66
11/01/2022,GRA,ST006,QAR,PRK.4551,w/ Peanut Butter Sauce,0,0,0,1
11/01/2022,GRA,ST006,QAR,PRK.4552,w/ Crushed Grahams,0,0,0,2
11/01/2022,GRA,ST006,QAR,PRK.4556,w/ Fresh Pineapple,0,0,0,2
11/01/2022,GRA,ST006,QAR,PRK.4558,w/ Lotus Biscuit,0,0,0,2
11/01/2022,GRA,ST006,QAR,PRK.4561,MIXED FROZEN YOGURT,0,0,0,5
11/01/2022,GRA,ST006,QAR,PRK.4562,MIXED MANGO YOGURT,0,0,0,2
