DATE,BRANCHCODE,WAREHOUSECODE,CURRENCY,ERPCODE,ITEMNAME,RAWPRICE,GROSSAMT,NETVALUE,QTYSOLD
03/01/2023,GRA,ST004,QAR,PRK.902,Granola,55,550,550,10
03/01/2023,GRA,ST004,QAR,PRK.903,Graze Spicy  Mix,55,55,55,1
03/01/2023,GRA,ST004,QAR,PRK.907,Zaatar Chips,6,216,216,36
03/01/2023,GRA,ST004,QAR,PRK.909,Spicy Pesto Chips,6,324,324,54
03/01/2023,GRA,ST004,QAR,PRK.910,Graze Spicy Mix Sml,25,975,975,39
03/01/2023,GRA,ST004,QAR,PRK.911,Graze House Mix Sml,25,900,900,36
03/01/2023,GRA,ST004,QAR,PRK.937,Baby Mozzarella Salad	,45,2475,2475,55
03/01/2023,GRA,ST004,QAR,PRK.938,4 Grain Salad with Beetro,55,3410,3410,62
03/01/2023,GRA,ST004,QAR,PRK.939,Steak Salad with Green Sa,55,5445,5170,99
03/01/2023,GRA,ST004,QAR,PRK.961,Extra cheese,5,120,120,24
03/01/2023,GRA,ST004,QAR,PRK.962,Extra flavor,3,36,36,12
03/01/2023,GRA,ST004,QAR,PRK.994,Crsnt w Egg/Avaca/ SunTom,24,3120,3120,130
03/01/2023,GRA,ST004,QAR,PRK.995,Egg Burrito,20,2560,2560,128
03/01/2023,GRA,ST004,QAR,PRK.996,Blueberry Granola parfait,25,3425,3425,137
03/01/2023,GRA,ST004,QAR,PRK.997,Yog Dates Chia Pista Alm,22,2970,2970,135
03/01/2023,GRA,ST004,QAR,PRK.1003,Cheese Croissant,16,16,16,1
03/01/2023,GRA,ST004,QAR,PRK.1007,Zatar Croissant,16,576,576,36
03/01/2023,GRA,ST004,QAR,PRK.1010,Tomato Puff Pastry,16,1088,1088,68
03/01/2023,GRA,ST004,QAR,PRK.1012,Three Berry Yogurt & Date,25,1375,1375,55
03/01/2023,GRA,ST004,QAR,PRK.1015,Kiri Cheese Danish,14,1204,1204,86
03/01/2023,GRA,ST004,QAR,PRK.1016,Plain Croissant,10,580,580,58
03/01/2023,GRA,ST004,QAR,PRK.1021,Shirazi Salad,12,1428,1416,119
03/01/2023,GRA,ST004,QAR,PRK.1023,Falafel Salad,45,4590,4500,102
03/01/2023,GRA,ST004,QAR,PRK.1024,Quinoa Swt potato Salad,40,1760,1760,44
03/01/2023,GRA,ST004,QAR,PRK.1027,Mex Chkn Chilli Bean Sld,40,5400,5400,135
03/01/2023,GRA,ST004,QAR,PRK.1031,Teriyaki GRAZE Salmn,55,13805,13805,251
03/01/2023,GRA,ST004,QAR,PRK.1039,Keto Chicken Salad,40,7280,7240,182
03/01/2023,GRA,ST004,QAR,PRK.1046,Greek Salad,30,2070,2070,69
03/01/2023,GRA,ST004,QAR,PRK.1048,Mexican  Caesar Salad chk,39,8931,8892,229
03/01/2023,GRA,ST004,QAR,PRK.1049,ROCCA SALAD,22,1100,1100,50
03/01/2023,GRA,ST004,QAR,PRK.1052,Smoke Turkey Sandwich,34,8330,8296,245
03/01/2023,GRA,ST004,QAR,PRK.1054,lemon&Rosemary Chkn,36,13752,13680,382
03/01/2023,GRA,ST004,QAR,PRK.1057,Steak & Philly Chz SW,32,2592,2592,81
03/01/2023,GRA,ST004,QAR,PRK.1063,Egg Mayo with Rocket,20,1700,1700,85
03/01/2023,GRA,ST004,QAR,PRK.1068,Crispy Chicken Bun,24,2424,2424,101
03/01/2023,GRA,ST004,QAR,PRK.1075,Avocado Toast,40,1120,1120,28
03/01/2023,GRA,ST004,QAR,PRK.1077,Spicy Halloumi,38,3040,3002,80
03/01/2023,GRA,ST004,QAR,PRK.1078,Graze Breakfast (egg box),32,1376,1376,43
03/01/2023,GRA,ST004,QAR,PRK.1083,Chkn Soup,19,4256,4256,224
03/01/2023,GRA,ST004,QAR,PRK.1086,Lamb Soup,35,315,315,9
03/01/2023,GRA,ST004,QAR,PRK.1087,Lentil Soup,20,4700,4620,235
03/01/2023,GRA,ST004,QAR,PRK.1089,Vegetable soup,16,1520,1520,95
03/01/2023,GRA,ST004,QAR,PRK.1090,Tom kha soup,28,1204,1036,43
03/01/2023,GRA,ST004,QAR,PRK.1113,Chkn Katsu Curry,45,9720,9720,216
03/01/2023,GRA,ST004,QAR,PRK.1115,Mushroom Pasta,40,4440,4360,111
03/01/2023,GRA,ST004,QAR,PRK.1119,Chicken Biryani,45,13995,13680,311
03/01/2023,GRA,ST004,QAR,PRK.1121,Chinese Sesame Chicken,40,8480,8480,212
03/01/2023,GRA,ST004,QAR,PRK.1127,Rock Shrimp,45,4095,4095,91
03/01/2023,GRA,ST004,QAR,PRK.1133,Lamb  Kabsa,45,11385,11070,253
03/01/2023,GRA,ST004,QAR,PRK.1140,Chicken Curry & Saffron r,43,7568,7568,176
03/01/2023,GRA,ST004,QAR,PRK.1141,CRAB BOWL,28,896,868,32
03/01/2023,GRA,ST004,QAR,PRK.1145,Yoghurt & Cucumber dip,12,384,384,32
03/01/2023,GRA,ST004,QAR,PRK.1146,Spicy Guacamole Pot,13,1027,1027,79
03/01/2023,GRA,ST004,QAR,PRK.1149,Edamame Pot,12,612,612,51
03/01/2023,GRA,ST004,QAR,PRK.1155,Classic hummus pot,18,144,144,8
03/01/2023,GRA,ST004,QAR,PRK.1159,Greek Tabbouleh,20,1860,1860,93
03/01/2023,GRA,ST004,QAR,PRK.1160,Egg pot,16,432,432,27
03/01/2023,GRA,ST004,QAR,PRK.1173,Choco Chia Energy Ball,30,1530,1530,51
03/01/2023,GRA,ST004,QAR,PRK.1175,Pecan Bars,14,728,728,52
03/01/2023,GRA,ST004,QAR,PRK.1177,Carrot Cake,15,825,825,55
03/01/2023,GRA,ST004,QAR,PRK.1181,Green Apple,2,38,38,19
03/01/2023,GRA,ST004,QAR,PRK.1182,Red Apple,2,36,36,18
03/01/2023,GRA,ST004,QAR,PRK.1183,Bannana,2,346,346,173
03/01/2023,GRA,ST004,QAR,PRK.1184,Watermelon,18,2628,2628,146
03/01/2023,GRA,ST004,QAR,PRK.1185,Pineapplemix,18,2880,2880,160
03/01/2023,GRA,ST004,QAR,PRK.1186,Mixed Berries,22,3982,3982,181
03/01/2023,GRA,ST004,QAR,PRK.1194,Lotus Cheesecake,15,1035,1035,69
03/01/2023,GRA,ST004,QAR,PRK.1196,Chia Blueberry Yodurt,24,1080,1080,45
03/01/2023,GRA,ST004,QAR,PRK.1201,Iced Flat White,18,144,144,8
03/01/2023,GRA,ST004,QAR,PRK.1203,Iced Spanish Latte,20,1680,1660,84
03/01/2023,GRA,ST004,QAR,PRK.1204,Iced Latte,18,594,594,33
03/01/2023,GRA,ST004,QAR,PRK.1205,Iced Americano,15,990,990,66
03/01/2023,GRA,ST004,QAR,PRK.1234,Pepperoni Pizza small,40,520,520,13
03/01/2023,GRA,ST004,QAR,PRK.1235,Margherita Pizza small,30,330,330,11
03/01/2023,GRA,ST004,QAR,PRK.1236,BBQ chicken Pizza small,35,455,455,13
03/01/2023,GRA,ST004,QAR,PRK.1262,Highland Still,5,2825,2800,565
03/01/2023,GRA,ST004,QAR,PRK.1265,Perrier Sparkling,9,1467,1467,163
03/01/2023,GRA,ST004,QAR,PRK.1291,Coke,5,820,760,164
03/01/2023,GRA,ST004,QAR,PRK.1292,Diet Coke,5,1930,1925,386
03/01/2023,GRA,ST004,QAR,PRK.1335,Cool Box,15,15,15,1
03/01/2023,GRA,ST004,QAR,PRK.1351,Espresso Single,12,720,684,60
03/01/2023,GRA,ST004,QAR,PRK.1353,Americano Hot,15,2505,2490,167
03/01/2023,GRA,ST004,QAR,PRK.1354,Flat White Hot,18,2142,2142,119
03/01/2023,GRA,ST004,QAR,PRK.1355,Cappucino,18,2376,2376,132
03/01/2023,GRA,ST004,QAR,PRK.1356,Cortado,18,990,990,55
03/01/2023,GRA,ST004,QAR,PRK.1358,Spanish Latte,20,2080,2080,104
03/01/2023,GRA,ST004,QAR,PRK.1359,Classic Mocha,25,400,400,16
03/01/2023,GRA,ST004,QAR,PRK.1360,Slated Caramel Mocha,25,400,400,16
03/01/2023,GRA,ST004,QAR,PRK.1362,Double Espresso,14,476,406,34
03/01/2023,GRA,ST004,QAR,PRK.1363,Latte Hot,18,2268,2268,126
03/01/2023,GRA,ST004,QAR,PRK.1364,English B/F,12,156,156,13
03/01/2023,GRA,ST004,QAR,PRK.1365,Green Tea,12,132,132,11
03/01/2023,GRA,ST004,QAR,PRK.1366,Earl Grey,12,60,60,5
03/01/2023,GRA,ST004,QAR,PRK.1367,Pepper Mint,12,60,60,5
03/01/2023,GRA,ST004,QAR,PRK.1368,Lemon Grass/ Ginger,12,60,48,5
03/01/2023,GRA,ST004,QAR,PRK.1369,Jasmine,12,108,108,9
03/01/2023,GRA,ST004,QAR,PRK.1370,Habiscuss & Black Currant,12,132,120,11
03/01/2023,GRA,ST004,QAR,PRK.1371,Chamomile,12,72,72,6
03/01/2023,GRA,ST004,QAR,PRK.1372,Hot Cocoa,24,288,288,12
03/01/2023,GRA,ST004,QAR,PRK.1373,Hibiscus Iced tea,18,972,972,54
03/01/2023,GRA,ST004,QAR,PRK.1374,Peach Iced Tea,18,792,756,44
03/01/2023,GRA,ST004,QAR,PRK.1375,Matcha Latte,25,550,550,22
03/01/2023,GRA,ST004,QAR,PRK.1376,Cinnamon Latte,25,300,300,12
03/01/2023,GRA,ST004,QAR,PRK.1378,Hot chocolate,28,532,532,19
03/01/2023,GRA,ST004,QAR,PRK.1383,Watermelon & Coconut cool,20,40,0,2
03/01/2023,GRA,ST004,QAR,PRK.1386,Orange Juice,22,6666,6578,303
03/01/2023,GRA,ST004,QAR,PRK.1387,Carrot Juice,22,1144,1100,52
03/01/2023,GRA,ST004,QAR,PRK.1390,Morning Boost,24,1680,1632,70
03/01/2023,GRA,ST004,QAR,PRK.1392,Immune Boost,22,2288,2244,104
03/01/2023,GRA,ST004,QAR,PRK.1396,Ginger Aid Shot,18,4140,4104,230
03/01/2023,GRA,ST004,QAR,PRK.1402,Laban Drink,18,954,936,53
03/01/2023,GRA,ST004,QAR,PRK.1403,Vimto juice,18,72,72,4
03/01/2023,GRA,ST004,QAR,PRK.1404,Green Boost Juice,24,1632,1560,68
03/01/2023,GRA,ST004,QAR,PRK.1406,Beetroot & Apple Juice,20,2040,2000,102
03/01/2023,GRA,ST004,QAR,PRK.1409,Turmeric wellness shot,16,2624,2576,164
03/01/2023,GRA,ST004,QAR,PRK.1412, Mini Cup Yogurt,14,1204,1204,86
03/01/2023,GRA,ST004,QAR,PRK.1413,Regular Cup Yogurt,21,651,651,31
03/01/2023,GRA,ST004,QAR,PRK.1416,Large Cup Yogurt,23,253,253,11
03/01/2023,GRA,ST004,QAR,PRK.1418, Mini Cup Yogurt/Topping,18,1476,1476,82
03/01/2023,GRA,ST004,QAR,PRK.1419,Reg Cup Yogurt/Toping,26,1404,1404,54
03/01/2023,GRA,ST004,QAR,PRK.1422,Large Cup Yogurt/Topping,30,90,90,3
03/01/2023,GRA,ST004,QAR,PRK.1429,Mini Mango Ice Cream,14,4620,4620,330
03/01/2023,GRA,ST004,QAR,PRK.1430,Regular Mango Ice Cream,21,1827,1827,87
03/01/2023,GRA,ST004,QAR,PRK.1431,Large Mango Ice Cream,23,828,828,36
03/01/2023,GRA,ST004,QAR,PRK.1432,Mini Mango Ice Cream/Topp,18,2124,2124,118
03/01/2023,GRA,ST004,QAR,PRK.1433,Reg Mango Ice cream/Topp,26,2808,2808,108
03/01/2023,GRA,ST004,QAR,PRK.1434,Large Mango Ice Cream/Top,30,600,600,20
03/01/2023,GRA,ST004,QAR,PRK.1464,Fresh Pineapple,3,6,6,2
03/01/2023,GRA,ST004,QAR,PRK.1474, Spaghetti Bolognese,45,2745,2745,61
03/01/2023,GRA,ST004,QAR,PRK.1475,Salmon with Cilantro Rice,65,7800,7605,120
03/01/2023,GRA,ST004,QAR,PRK.1476,Chicken Noodle Bowl,40,3040,3040,76
03/01/2023,GRA,ST004,QAR,PRK.1477,BBQ Steak,45,4185,3960,93
03/01/2023,GRA,ST004,QAR,PRK.1478,Rib eye Steak with Vegeta,55,7975,7975,145
03/01/2023,GRA,ST004,QAR,PRK.1479,Lasagne Pasta,45,1935,1935,43
03/01/2023,GRA,ST004,QAR,PRK.1480,Steak cajun potato,50,6700,6650,134
03/01/2023,GRA,ST004,QAR,PRK.1501,pomegranate,3,93,93,31
03/01/2023,GRA,ST004,QAR,PRK.1502,Strawberry,3,129,129,43
03/01/2023,GRA,ST004,QAR,PRK.1505,Salted Caramel,3,9,9,3
03/01/2023,GRA,ST004,QAR,PRK.1506,Pretzel,3,6,6,2
03/01/2023,GRA,ST004,QAR,PRK.1507,Crispy Crepe,3,48,48,16
03/01/2023,GRA,ST004,QAR,PRK.1508,Granola,3,45,45,15
03/01/2023,GRA,ST004,QAR,PRK.1509,Coconut Flakes,3,33,33,11
03/01/2023,GRA,ST004,QAR,PRK.1510,Crushed Graham,3,3,3,1
03/01/2023,GRA,ST004,QAR,PRK.1514,Dulce de Leche,3,12,12,4
03/01/2023,GRA,ST004,QAR,PRK.1520,Mixed Berries Sauce,3,15,15,5
03/01/2023,GRA,ST004,QAR,PRK.1521,Mango Sauce,3,12,12,4
03/01/2023,GRA,ST004,QAR,PRK.1523,Peanut Butter Sauce,3,24,24,8
03/01/2023,GRA,ST004,QAR,PRK.1527,Mango,3,21,21,7
03/01/2023,GRA,ST004,QAR,PRK.1529,Raita,3,27,27,9
03/01/2023,GRA,ST004,QAR,PRK.1530,Chili Tomato Sauce,3,3,3,1
03/01/2023,GRA,ST004,QAR,PRK.1531,Power Shake,35,875,875,25
03/01/2023,GRA,ST004,QAR,PRK.1532,Peanut Power Shake,35,525,525,15
03/01/2023,GRA,ST004,QAR,PRK.1533,Pre-workout protein shak,45,135,135,3
03/01/2023,GRA,ST004,QAR,PRK.1534,Choco Power Shake,35,245,245,7
03/01/2023,GRA,ST004,QAR,PRK.1536,Energizer protine Shakes,45,4005,4005,89
03/01/2023,GRA,ST004,QAR,PRK.1538,Pre-workout shake,35,35,35,1
03/01/2023,GRA,ST004,QAR,PRK.1540,Energizer shakes,35,665,665,19
03/01/2023,GRA,ST004,QAR,PRK.1545,14oz Energizer protine,40,280,280,7
03/01/2023,GRA,ST004,QAR,PRK.1548,14oz Energizer shakes,30,270,270,9
03/01/2023,GRA,ST004,QAR,PRK.1550,Extra Protein,10,160,160,16
03/01/2023,GRA,ST004,QAR,PRK.1580,Ogaily cardamom ice cream,30,1890,1890,63
03/01/2023,GRA,ST004,QAR,PRK.1587,Supersize,45,225,225,5
03/01/2023,GRA,ST004,QAR,PRK.1588,Acai Small,35,5705,5705,163
03/01/2023,GRA,ST004,QAR,PRK.1589,Acai Large,40,2360,2360,59
03/01/2023,GRA,ST004,QAR,PRK.1590, Peanut Choco Ice Cream,30,630,630,21
03/01/2023,GRA,ST004,QAR,PRK.1592,Watermelon Coolex,24,1128,1128,47
03/01/2023,GRA,ST004,QAR,PRK.1593,Tropicana,24,1632,1584,68
03/01/2023,GRA,ST004,QAR,PRK.1621,Orange loaf,12,768,768,64
03/01/2023,GRA,ST004,QAR,PRK.1623,Brownie flavour cookies,10,1640,1630,164
03/01/2023,GRA,ST004,QAR,PRK.1628,Brownie bites,13,923,923,71
03/01/2023,GRA,ST004,QAR,PRK.1632,Turkey cheese roll,19,950,950,50
03/01/2023,GRA,ST004,QAR,PRK.1633,Spinach feta roll,18,702,702,39
03/01/2023,GRA,ST004,QAR,PRK.1634,Madeleine,12,924,924,77
03/01/2023,GRA,ST004,QAR,PRK.1635,Poppy Lemon seeds,12,444,432,37
03/01/2023,GRA,ST004,QAR,PRK.1651,■PB & Jam sourdough bread,18,558,540,31
03/01/2023,GRA,ST004,QAR,PRK.1653,Eid Cheese Platter,350,350,0,1
03/01/2023,GRA,ST004,QAR,PRK.1655,Graze Oatmeal,30,2250,2250,75
03/01/2023,GRA,ST004,QAR,PRK.1681,Salted Caramel Mocha,24,624,624,26
03/01/2023,GRA,ST004,QAR,PRK.1682,■Matcha Frappe,26,234,234,9
03/01/2023,GRA,ST004,QAR,PRK.1711,Pomegranate Pot,18,1296,1296,72
03/01/2023,GRA,ST004,QAR,PRK.1712,Mango Peach Muesli Pot,24,648,648,27
03/01/2023,GRA,ST004,QAR,PRK.1713,Overnight oats PB&Jam,25,1925,1925,77
03/01/2023,GRA,ST004,QAR,PRK.1741,Spicy Tuna sandwich,26,3042,3042,117
03/01/2023,GRA,ST004,QAR,PRK.1742,Three cheese,22,2046,2024,93
03/01/2023,GRA,ST004,QAR,PRK.1743,Falafel and Labna,25,1525,1525,61
03/01/2023,GRA,ST004,QAR,PRK.1747,BEEF BURGER,35,665,665,19
03/01/2023,GRA,ST004,QAR,PRK.1748,Chicken Shawarma,18,5112,5058,284
03/01/2023,GRA,ST004,QAR,PRK.1749,Tenderloin Beef Shawarma,22,3608,3608,164
03/01/2023,GRA,ST004,QAR,PRK.1750,Cream Cheese Roll,9,756,756,84
03/01/2023,GRA,ST004,QAR,PRK.1751,Egg Mayo Roll,9,1647,1647,183
03/01/2023,GRA,ST004,QAR,PRK.1752,Club sandwich,30,4470,4440,149
03/01/2023,GRA,ST004,QAR,PRK.1771,Pistachio Arabeshi,5,585,585,117
03/01/2023,GRA,ST004,QAR,PRK.1772,Fresh Raspberry,5,525,525,105
03/01/2023,GRA,ST004,QAR,PRK.1773,Fresh blueberry,5,465,465,93
03/01/2023,GRA,ST004,QAR,PRK.1774,Chocolate Flakes,5,170,170,34
03/01/2023,GRA,ST004,QAR,PRK.1775,Honey Comb,5,65,65,13
03/01/2023,GRA,ST004,QAR,PRK.1776,Milk powder,3,9,9,3
03/01/2023,GRA,ST004,QAR,PRK.4501,Full Fat Milk,0,0,0,1
03/01/2023,GRA,ST004,QAR,PRK.4502,Low Fat Milk,0,0,0,16
03/01/2023,GRA,ST004,QAR,PRK.4503,Almond Milk,2,286,286,143
03/01/2023,GRA,ST004,QAR,PRK.4504,Soya Milk,2,38,38,19
03/01/2023,GRA,ST004,QAR,PRK.4505,Less Sweet,0,0,0,2
03/01/2023,GRA,ST004,QAR,PRK.4509,Double Shot,0,0,0,1
03/01/2023,GRA,ST004,QAR,PRK.4514,Less Ice,0,0,0,1
03/01/2023,GRA,ST004,QAR,PRK.4516,Decaf,0,0,0,9
03/01/2023,GRA,ST004,QAR,PRK.4517,Vanilla Flavor,0,0,0,2
03/01/2023,GRA,ST004,QAR,PRK.4519,caramel flavor,0,0,0,2
03/01/2023,GRA,ST004,QAR,PRK.4520,hazelnut flavor,0,0,0,2
03/01/2023,GRA,ST004,QAR,PRK.4521,Oat Milk,2,52,52,26
03/01/2023,GRA,ST004,QAR,PRK.4523,Coconut Milk,2,36,36,18
03/01/2023,GRA,ST004,QAR,PRK.4531,w/ Granola,0,0,0,49
03/01/2023,GRA,ST004,QAR,PRK.4533,w/ Pretzel,0,0,0,2
03/01/2023,GRA,ST004,QAR,PRK.4534,w/ Coconut Flakes,0,0,0,17
03/01/2023,GRA,ST004,QAR,PRK.4535,w/ Crispy Crepe,0,0,0,68
03/01/2023,GRA,ST004,QAR,PRK.4537,w/ Mixed Berries Sauce,0,0,0,23
03/01/2023,GRA,ST004,QAR,PRK.4541,w/ Strawberry,0,0,0,135
03/01/2023,GRA,ST004,QAR,PRK.4543,w/ Salted Caramel,0,0,0,14
03/01/2023,GRA,ST004,QAR,PRK.4544,w/ Pomegranate,0,0,0,68
03/01/2023,GRA,ST004,QAR,PRK.4545,w/ Dulce de leche,0,0,0,8
03/01/2023,GRA,ST004,QAR,PRK.4549,w/ Mango Sauce,0,0,0,20
03/01/2023,GRA,ST004,QAR,PRK.4550,w/ Mango,0,0,0,210
03/01/2023,GRA,ST004,QAR,PRK.4551,w/ Peanut Butter Sauce,0,0,0,33
03/01/2023,GRA,ST004,QAR,PRK.4552,w/ Crushed Grahams,0,0,0,7
03/01/2023,GRA,ST004,QAR,PRK.4557,w/Lotus Biscut,0,0,0,14
03/01/2023,GRA,ST004,QAR,PRK.4558,w/Fresh Pineapple,0,0,0,1
03/01/2023,GRA,ST004,QAR,PRK.4561,MIXED FROZEN YOGURT,0,0,0,31
03/01/2023,GRA,ST004,QAR,PRK.4562,MIXED MANGO YOGURT,0,0,0,24
