DATE,BRANCHCODE,WAREHOUSECODE,CURRENCY,ERPCODE,ITEMNAME,RAWPRICE,GROSSAMT,NETVALUE,QTYSOLD
04/01/2023,GRA,ST004,QAR,PRK.902,Granola,55,495,495,9
04/01/2023,GRA,ST004,QAR,PRK.904,Graze House Mix,55,55,55,1
04/01/2023,GRA,ST004,QAR,PRK.907,Zaatar Chips,6,96,90,16
04/01/2023,GRA,ST004,QAR,PRK.909,Spicy Pesto Chips,6,174,174,29
04/01/2023,GRA,ST004,QAR,PRK.910,Graze Spicy Mix Sml,25,375,375,15
04/01/2023,GRA,ST004,QAR,PRK.911,Graze House Mix Sml,25,425,425,17
04/01/2023,GRA,ST004,QAR,PRK.937,Baby Mozzarella Salad	,45,765,720,17
04/01/2023,GRA,ST004,QAR,PRK.938,4 Grain Salad with Beetro,55,1320,1320,24
04/01/2023,GRA,ST004,QAR,PRK.939,Steak Salad with Green Sa,55,2255,2200,41
04/01/2023,GRA,ST004,QAR,PRK.961,Extra cheese,5,30,30,6
04/01/2023,GRA,ST004,QAR,PRK.962,Extra flavor,3,12,12,4
04/01/2023,GRA,ST004,QAR,PRK.994,Crsnt w Egg/Avaca/ SunTom,24,1224,1200,51
04/01/2023,GRA,ST004,QAR,PRK.995,Egg Burrito,20,1240,1220,62
04/01/2023,GRA,ST004,QAR,PRK.996,Blueberry Granola parfait,25,1250,1200,50
04/01/2023,GRA,ST004,QAR,PRK.997,Yog Dates Chia Pista Alm,22,1188,1122,54
04/01/2023,GRA,ST004,QAR,PRK.1003,Cheese Croissant,16,32,32,2
04/01/2023,GRA,ST004,QAR,PRK.1007,Zatar Croissant,16,128,128,8
04/01/2023,GRA,ST004,QAR,PRK.1010,Tomato Puff Pastry,16,272,272,17
04/01/2023,GRA,ST004,QAR,PRK.1012,Three Berry Yogurt & Date,25,575,575,23
04/01/2023,GRA,ST004,QAR,PRK.1015,Kiri Cheese Danish,14,406,406,29
04/01/2023,GRA,ST004,QAR,PRK.1016,Plain Croissant,10,220,220,22
04/01/2023,GRA,ST004,QAR,PRK.1021,Shirazi Salad,12,396,396,33
04/01/2023,GRA,ST004,QAR,PRK.1023,Falafel Salad,45,1980,1935,44
04/01/2023,GRA,ST004,QAR,PRK.1024,Quinoa Swt potato Salad,40,480,400,12
04/01/2023,GRA,ST004,QAR,PRK.1027,Mex Chkn Chilli Bean Sld,40,3240,3200,81
04/01/2023,GRA,ST004,QAR,PRK.1031,Teriyaki GRAZE Salmn,55,6215,6160,113
04/01/2023,GRA,ST004,QAR,PRK.1039,Keto Chicken Salad,40,2320,2320,58
04/01/2023,GRA,ST004,QAR,PRK.1046,Greek Salad,30,630,630,21
04/01/2023,GRA,ST004,QAR,PRK.1048,Mexican  Caesar Salad chk,39,2808,2808,72
04/01/2023,GRA,ST004,QAR,PRK.1049,ROCCA SALAD,22,638,638,29
04/01/2023,GRA,ST004,QAR,PRK.1052,Smoke Turkey Sandwich,34,3230,3128,95
04/01/2023,GRA,ST004,QAR,PRK.1054,lemon&Rosemary Chkn,36,5328,5256,148
04/01/2023,GRA,ST004,QAR,PRK.1057,Steak & Philly Chz SW,32,1184,1184,37
04/01/2023,GRA,ST004,QAR,PRK.1063,Egg Mayo with Rocket,20,760,760,38
04/01/2023,GRA,ST004,QAR,PRK.1068,Crispy Chicken Bun,24,960,960,40
04/01/2023,GRA,ST004,QAR,PRK.1075,Avocado Toast,40,40,40,1
04/01/2023,GRA,ST004,QAR,PRK.1077,Spicy Halloumi,38,532,494,14
04/01/2023,GRA,ST004,QAR,PRK.1078,Graze Breakfast (egg box),32,96,96,3
04/01/2023,GRA,ST004,QAR,PRK.1083,Chkn Soup,19,1444,1406,76
04/01/2023,GRA,ST004,QAR,PRK.1086,Lamb Soup,35,875,840,25
04/01/2023,GRA,ST004,QAR,PRK.1087,Lentil Soup,20,1760,1760,88
04/01/2023,GRA,ST004,QAR,PRK.1089,Vegetable soup,16,368,352,23
04/01/2023,GRA,ST004,QAR,PRK.1090,Tom kha soup,28,336,308,12
04/01/2023,GRA,ST004,QAR,PRK.1113,Chkn Katsu Curry,45,3690,3690,82
04/01/2023,GRA,ST004,QAR,PRK.1115,Mushroom Pasta,40,2160,2160,54
04/01/2023,GRA,ST004,QAR,PRK.1119,Chicken Biryani,45,5085,4950,113
04/01/2023,GRA,ST004,QAR,PRK.1121,Chinese Sesame Chicken,40,3640,3640,91
04/01/2023,GRA,ST004,QAR,PRK.1127,Rock Shrimp,45,2070,2070,46
04/01/2023,GRA,ST004,QAR,PRK.1133,Lamb  Kabsa,45,4545,4455,101
04/01/2023,GRA,ST004,QAR,PRK.1140,Chicken Curry & Saffron r,43,2709,2666,63
04/01/2023,GRA,ST004,QAR,PRK.1141,CRAB BOWL,28,56,56,2
04/01/2023,GRA,ST004,QAR,PRK.1145,Yoghurt & Cucumber dip,12,228,228,19
04/01/2023,GRA,ST004,QAR,PRK.1146,Spicy Guacamole Pot,13,299,299,23
04/01/2023,GRA,ST004,QAR,PRK.1149,Edamame Pot,12,336,336,28
04/01/2023,GRA,ST004,QAR,PRK.1155,Classic hummus pot,18,54,36,3
04/01/2023,GRA,ST004,QAR,PRK.1159,Greek Tabbouleh,20,500,500,25
04/01/2023,GRA,ST004,QAR,PRK.1160,Egg pot,16,128,128,8
04/01/2023,GRA,ST004,QAR,PRK.1173,Choco Chia Energy Ball,30,600,600,20
04/01/2023,GRA,ST004,QAR,PRK.1175,Pecan Bars,14,336,336,24
04/01/2023,GRA,ST004,QAR,PRK.1177,Carrot Cake,15,450,435,30
04/01/2023,GRA,ST004,QAR,PRK.1181,Green Apple,2,18,18,9
04/01/2023,GRA,ST004,QAR,PRK.1182,Red Apple,2,6,6,3
04/01/2023,GRA,ST004,QAR,PRK.1183,Bannana,2,222,222,111
04/01/2023,GRA,ST004,QAR,PRK.1184,Watermelon,18,918,882,51
04/01/2023,GRA,ST004,QAR,PRK.1185,Pineapplemix,18,1026,1008,57
04/01/2023,GRA,ST004,QAR,PRK.1186,Mixed Berries,22,1606,1606,73
04/01/2023,GRA,ST004,QAR,PRK.1194,Lotus Cheesecake,15,420,420,28
04/01/2023,GRA,ST004,QAR,PRK.1196,Chia Blueberry Yodurt,24,312,312,13
04/01/2023,GRA,ST004,QAR,PRK.1201,Iced Flat White,18,36,36,2
04/01/2023,GRA,ST004,QAR,PRK.1203,Iced Spanish Latte,20,640,640,32
04/01/2023,GRA,ST004,QAR,PRK.1204,Iced Latte,18,144,144,8
04/01/2023,GRA,ST004,QAR,PRK.1205,Iced Americano,15,120,120,8
04/01/2023,GRA,ST004,QAR,PRK.1234,Pepperoni Pizza small,40,360,360,9
04/01/2023,GRA,ST004,QAR,PRK.1235,Margherita Pizza small,30,270,270,9
04/01/2023,GRA,ST004,QAR,PRK.1236,BBQ chicken Pizza small,35,245,245,7
04/01/2023,GRA,ST004,QAR,PRK.1262,Highland Still,5,1150,1125,230
04/01/2023,GRA,ST004,QAR,PRK.1265,Perrier Sparkling,9,369,369,41
04/01/2023,GRA,ST004,QAR,PRK.1291,Coke,5,340,325,68
04/01/2023,GRA,ST004,QAR,PRK.1292,Diet Coke,5,750,750,150
04/01/2023,GRA,ST004,QAR,PRK.1334,Stay Home w/Graze M12 X1,240,240,240,1
04/01/2023,GRA,ST004,QAR,PRK.1335,Cool Box,15,60,45,4
04/01/2023,GRA,ST004,QAR,PRK.1351,Espresso Single,12,276,264,23
04/01/2023,GRA,ST004,QAR,PRK.1353,Americano Hot,15,960,960,64
04/01/2023,GRA,ST004,QAR,PRK.1354,Flat White Hot,18,648,648,36
04/01/2023,GRA,ST004,QAR,PRK.1355,Cappucino,18,846,846,47
04/01/2023,GRA,ST004,QAR,PRK.1356,Cortado,18,432,432,24
04/01/2023,GRA,ST004,QAR,PRK.1358,Spanish Latte,20,880,880,44
04/01/2023,GRA,ST004,QAR,PRK.1359,Classic Mocha,25,100,100,4
04/01/2023,GRA,ST004,QAR,PRK.1360,Slated Caramel Mocha,25,175,175,7
04/01/2023,GRA,ST004,QAR,PRK.1362,Double Espresso,14,154,154,11
04/01/2023,GRA,ST004,QAR,PRK.1363,Latte Hot,18,792,792,44
04/01/2023,GRA,ST004,QAR,PRK.1364,English B/F,12,36,36,3
04/01/2023,GRA,ST004,QAR,PRK.1365,Green Tea,12,24,24,2
04/01/2023,GRA,ST004,QAR,PRK.1366,Earl Grey,12,24,24,2
04/01/2023,GRA,ST004,QAR,PRK.1367,Pepper Mint,12,60,60,5
04/01/2023,GRA,ST004,QAR,PRK.1368,Lemon Grass/ Ginger,12,24,24,2
04/01/2023,GRA,ST004,QAR,PRK.1369,Jasmine,12,12,12,1
04/01/2023,GRA,ST004,QAR,PRK.1371,Chamomile,12,12,12,1
04/01/2023,GRA,ST004,QAR,PRK.1372,Hot Cocoa,24,72,72,3
04/01/2023,GRA,ST004,QAR,PRK.1373,Hibiscus Iced tea,18,252,252,14
04/01/2023,GRA,ST004,QAR,PRK.1374,Peach Iced Tea,18,234,234,13
04/01/2023,GRA,ST004,QAR,PRK.1375,Matcha Latte,25,150,150,6
04/01/2023,GRA,ST004,QAR,PRK.1376,Cinnamon Latte,25,50,50,2
04/01/2023,GRA,ST004,QAR,PRK.1378,Hot chocolate,28,28,28,1
04/01/2023,GRA,ST004,QAR,PRK.1386,Orange Juice,22,1980,1980,90
04/01/2023,GRA,ST004,QAR,PRK.1387,Carrot Juice,22,132,132,6
04/01/2023,GRA,ST004,QAR,PRK.1390,Morning Boost,24,648,648,27
04/01/2023,GRA,ST004,QAR,PRK.1392,Immune Boost,22,902,902,41
04/01/2023,GRA,ST004,QAR,PRK.1396,Ginger Aid Shot,18,1584,1584,88
04/01/2023,GRA,ST004,QAR,PRK.1402,Laban Drink,18,432,432,24
04/01/2023,GRA,ST004,QAR,PRK.1403,Vimto juice,18,342,342,19
04/01/2023,GRA,ST004,QAR,PRK.1404,Green Boost Juice,24,576,552,24
04/01/2023,GRA,ST004,QAR,PRK.1406,Beetroot & Apple Juice,20,700,660,35
04/01/2023,GRA,ST004,QAR,PRK.1409,Turmeric wellness shot,16,800,800,50
04/01/2023,GRA,ST004,QAR,PRK.1412, Mini Cup Yogurt,14,1050,1050,75
04/01/2023,GRA,ST004,QAR,PRK.1413,Regular Cup Yogurt,21,672,672,32
04/01/2023,GRA,ST004,QAR,PRK.1416,Large Cup Yogurt,23,368,368,16
04/01/2023,GRA,ST004,QAR,PRK.1418, Mini Cup Yogurt/Topping,18,702,702,39
04/01/2023,GRA,ST004,QAR,PRK.1419,Reg Cup Yogurt/Toping,26,1144,1144,44
04/01/2023,GRA,ST004,QAR,PRK.1422,Large Cup Yogurt/Topping,30,180,180,6
04/01/2023,GRA,ST004,QAR,PRK.1429,Mini Mango Ice Cream,14,2436,2436,174
04/01/2023,GRA,ST004,QAR,PRK.1430,Regular Mango Ice Cream,21,1785,1785,85
04/01/2023,GRA,ST004,QAR,PRK.1431,Large Mango Ice Cream,23,805,805,35
04/01/2023,GRA,ST004,QAR,PRK.1432,Mini Mango Ice Cream/Topp,18,1170,1170,65
04/01/2023,GRA,ST004,QAR,PRK.1433,Reg Mango Ice cream/Topp,26,1924,1924,74
04/01/2023,GRA,ST004,QAR,PRK.1434,Large Mango Ice Cream/Top,30,210,210,7
04/01/2023,GRA,ST004,QAR,PRK.1470,Lotus Biscuit,3,6,6,2
04/01/2023,GRA,ST004,QAR,PRK.1474, Spaghetti Bolognese,45,1305,1260,29
04/01/2023,GRA,ST004,QAR,PRK.1475,Salmon with Cilantro Rice,65,2600,2600,40
04/01/2023,GRA,ST004,QAR,PRK.1476,Chicken Noodle Bowl,40,1440,1440,36
04/01/2023,GRA,ST004,QAR,PRK.1477,BBQ Steak,45,1620,1440,36
04/01/2023,GRA,ST004,QAR,PRK.1478,Rib eye Steak with Vegeta,55,3190,3190,58
04/01/2023,GRA,ST004,QAR,PRK.1479,Lasagne Pasta,45,855,855,19
04/01/2023,GRA,ST004,QAR,PRK.1480,Steak cajun potato,50,2800,2750,56
04/01/2023,GRA,ST004,QAR,PRK.1501,pomegranate,3,42,42,14
04/01/2023,GRA,ST004,QAR,PRK.1502,Strawberry,3,72,72,24
04/01/2023,GRA,ST004,QAR,PRK.1505,Salted Caramel,3,15,15,5
04/01/2023,GRA,ST004,QAR,PRK.1506,Pretzel,3,3,3,1
04/01/2023,GRA,ST004,QAR,PRK.1507,Crispy Crepe,3,18,18,6
04/01/2023,GRA,ST004,QAR,PRK.1508,Granola,3,21,21,7
04/01/2023,GRA,ST004,QAR,PRK.1509,Coconut Flakes,3,12,12,4
04/01/2023,GRA,ST004,QAR,PRK.1510,Crushed Graham,3,3,3,1
04/01/2023,GRA,ST004,QAR,PRK.1514,Dulce de Leche,3,3,3,1
04/01/2023,GRA,ST004,QAR,PRK.1520,Mixed Berries Sauce,3,6,6,2
04/01/2023,GRA,ST004,QAR,PRK.1521,Mango Sauce,3,3,3,1
04/01/2023,GRA,ST004,QAR,PRK.1523,Peanut Butter Sauce,3,18,18,6
04/01/2023,GRA,ST004,QAR,PRK.1527,Mango,3,24,24,8
04/01/2023,GRA,ST004,QAR,PRK.1529,Raita,3,6,6,2
04/01/2023,GRA,ST004,QAR,PRK.1531,Power Shake,35,315,315,9
04/01/2023,GRA,ST004,QAR,PRK.1532,Peanut Power Shake,35,245,245,7
04/01/2023,GRA,ST004,QAR,PRK.1533,Pre-workout protein shak,45,135,135,3
04/01/2023,GRA,ST004,QAR,PRK.1536,Energizer protine Shakes,45,1890,1890,42
04/01/2023,GRA,ST004,QAR,PRK.1540,Energizer shakes,35,350,350,10
04/01/2023,GRA,ST004,QAR,PRK.1545,14oz Energizer protine,40,40,40,1
04/01/2023,GRA,ST004,QAR,PRK.1548,14oz Energizer shakes,30,30,30,1
04/01/2023,GRA,ST004,QAR,PRK.1550,Extra Protein,10,130,130,13
04/01/2023,GRA,ST004,QAR,PRK.1580,Ogaily cardamom ice cream,30,2550,2550,85
04/01/2023,GRA,ST004,QAR,PRK.1587,Supersize,45,630,450,14
04/01/2023,GRA,ST004,QAR,PRK.1588,Acai Small,35,1960,1960,56
04/01/2023,GRA,ST004,QAR,PRK.1589,Acai Large,40,1120,1120,28
04/01/2023,GRA,ST004,QAR,PRK.1592,Watermelon Coolex,24,408,408,17
04/01/2023,GRA,ST004,QAR,PRK.1593,Tropicana,24,456,432,19
04/01/2023,GRA,ST004,QAR,PRK.1621,Orange loaf,12,312,312,26
04/01/2023,GRA,ST004,QAR,PRK.1623,Brownie flavour cookies,10,810,790,81
04/01/2023,GRA,ST004,QAR,PRK.1628,Brownie bites,13,507,507,39
04/01/2023,GRA,ST004,QAR,PRK.1632,Turkey cheese roll,19,285,285,15
04/01/2023,GRA,ST004,QAR,PRK.1633,Spinach feta roll,18,162,162,9
04/01/2023,GRA,ST004,QAR,PRK.1634,Madeleine,12,516,516,43
04/01/2023,GRA,ST004,QAR,PRK.1651,■PB & Jam sourdough bread,18,162,162,9
04/01/2023,GRA,ST004,QAR,PRK.1655,Graze Oatmeal,30,90,90,3
04/01/2023,GRA,ST004,QAR,PRK.1681,Salted Caramel Mocha,24,96,96,4
04/01/2023,GRA,ST004,QAR,PRK.1682,■Matcha Frappe,26,104,104,4
04/01/2023,GRA,ST004,QAR,PRK.1711,Pomegranate Pot,18,288,270,16
04/01/2023,GRA,ST004,QAR,PRK.1712,Mango Peach Muesli Pot,24,216,216,9
04/01/2023,GRA,ST004,QAR,PRK.1713,Overnight oats PB&Jam,25,625,625,25
04/01/2023,GRA,ST004,QAR,PRK.1741,Spicy Tuna sandwich,26,962,962,37
04/01/2023,GRA,ST004,QAR,PRK.1742,Three cheese,22,770,770,35
04/01/2023,GRA,ST004,QAR,PRK.1743,Falafel and Labna,25,275,275,11
04/01/2023,GRA,ST004,QAR,PRK.1747,BEEF BURGER,35,210,210,6
04/01/2023,GRA,ST004,QAR,PRK.1748,Chicken Shawarma,18,2700,2700,150
04/01/2023,GRA,ST004,QAR,PRK.1749,Tenderloin Beef Shawarma,22,1936,1914,88
04/01/2023,GRA,ST004,QAR,PRK.1750,Cream Cheese Roll,9,90,90,10
04/01/2023,GRA,ST004,QAR,PRK.1751,Egg Mayo Roll,9,135,135,15
04/01/2023,GRA,ST004,QAR,PRK.1752,Club sandwich,30,1170,1170,39
04/01/2023,GRA,ST004,QAR,PRK.1771,Pistachio Arabeshi,5,445,445,89
04/01/2023,GRA,ST004,QAR,PRK.1772,Fresh Raspberry,5,345,345,69
04/01/2023,GRA,ST004,QAR,PRK.1773,Fresh blueberry,5,315,315,63
04/01/2023,GRA,ST004,QAR,PRK.1774,Chocolate Flakes,5,170,170,34
04/01/2023,GRA,ST004,QAR,PRK.1775,Honey Comb,5,95,95,19
04/01/2023,GRA,ST004,QAR,PRK.1776,Milk powder,3,24,24,8
04/01/2023,GRA,ST004,QAR,PRK.4501,Full Fat Milk,0,0,0,2
04/01/2023,GRA,ST004,QAR,PRK.4502,Low Fat Milk,0,0,0,6
04/01/2023,GRA,ST004,QAR,PRK.4503,Almond Milk,2,54,54,27
04/01/2023,GRA,ST004,QAR,PRK.4504,Soya Milk,2,14,14,7
04/01/2023,GRA,ST004,QAR,PRK.4516,Decaf,0,0,0,2
04/01/2023,GRA,ST004,QAR,PRK.4517,Vanilla Flavor,0,0,0,1
04/01/2023,GRA,ST004,QAR,PRK.4521,Oat Milk,2,4,4,2
04/01/2023,GRA,ST004,QAR,PRK.4522,Skimmed milk,2,2,2,1
04/01/2023,GRA,ST004,QAR,PRK.4523,Coconut Milk,2,10,10,5
04/01/2023,GRA,ST004,QAR,PRK.4531,w/ Granola,0,0,0,33
04/01/2023,GRA,ST004,QAR,PRK.4533,w/ Pretzel,0,0,0,7
04/01/2023,GRA,ST004,QAR,PRK.4534,w/ Coconut Flakes,0,0,0,18
04/01/2023,GRA,ST004,QAR,PRK.4535,w/ Crispy Crepe,0,0,0,29
04/01/2023,GRA,ST004,QAR,PRK.4537,w/ Mixed Berries Sauce,0,0,0,4
04/01/2023,GRA,ST004,QAR,PRK.4541,w/ Strawberry,0,0,0,93
04/01/2023,GRA,ST004,QAR,PRK.4543,w/ Salted Caramel,0,0,0,11
04/01/2023,GRA,ST004,QAR,PRK.4544,w/ Pomegranate,0,0,0,73
04/01/2023,GRA,ST004,QAR,PRK.4545,w/ Dulce de leche,0,0,0,15
04/01/2023,GRA,ST004,QAR,PRK.4549,w/ Mango Sauce,0,0,0,23
04/01/2023,GRA,ST004,QAR,PRK.4550,w/ Mango,0,0,0,115
04/01/2023,GRA,ST004,QAR,PRK.4551,w/ Peanut Butter Sauce,0,0,0,2
04/01/2023,GRA,ST004,QAR,PRK.4552,w/ Crushed Grahams,0,0,0,3
04/01/2023,GRA,ST004,QAR,PRK.4557,w/Lotus Biscut,0,0,0,9
04/01/2023,GRA,ST004,QAR,PRK.4561,MIXED FROZEN YOGURT,0,0,0,21
04/01/2023,GRA,ST004,QAR,PRK.4562,MIXED MANGO YOGURT,0,0,0,7
