DATE,BRANCHCODE,WAREHOUSECODE,CURRENCY,ERPCODE,ITEMNAME,RAWPRICE,GROSSAMT,NETVALUE,QTYSOLD
02/01/2023,GRA,ST004,QAR,PRK.902,Granola,55,825,825,15
02/01/2023,GRA,ST004,QAR,PRK.903,Graze Spicy  Mix,55,165,165,3
02/01/2023,GRA,ST004,QAR,PRK.904,Graze House Mix,55,55,55,1
02/01/2023,GRA,ST004,QAR,PRK.907,Zaatar Chips,6,336,336,56
02/01/2023,GRA,ST004,QAR,PRK.909,Spicy Pesto Chips,6,390,390,65
02/01/2023,GRA,ST004,QAR,PRK.910,Graze Spicy Mix Sml,25,925,900,37
02/01/2023,GRA,ST004,QAR,PRK.911,Graze House Mix Sml,25,850,850,34
02/01/2023,GRA,ST004,QAR,PRK.937,Baby Mozzarella Salad	,45,3645,3600,81
02/01/2023,GRA,ST004,QAR,PRK.938,4 Grain Salad with Beetro,55,4895,4730,89
02/01/2023,GRA,ST004,QAR,PRK.939,Steak Salad with Green Sa,55,6160,6050,112
02/01/2023,GRA,ST004,QAR,PRK.961,Extra cheese,5,130,130,26
02/01/2023,GRA,ST004,QAR,PRK.962,Extra flavor,3,45,45,15
02/01/2023,GRA,ST004,QAR,PRK.994,Crsnt w Egg/Avaca/ SunTom,24,4008,3984,167
02/01/2023,GRA,ST004,QAR,PRK.995,Egg Burrito,20,2280,2260,114
02/01/2023,GRA,ST004,QAR,PRK.996,Blueberry Granola parfait,25,3775,3775,151
02/01/2023,GRA,ST004,QAR,PRK.997,Yog Dates Chia Pista Alm,22,3564,3542,162
02/01/2023,GRA,ST004,QAR,PRK.1003,Cheese Croissant,16,208,208,13
02/01/2023,GRA,ST004,QAR,PRK.1007,Zatar Croissant,16,832,816,52
02/01/2023,GRA,ST004,QAR,PRK.1010,Tomato Puff Pastry,16,1616,1616,101
02/01/2023,GRA,ST004,QAR,PRK.1012,Three Berry Yogurt & Date,25,1350,1350,54
02/01/2023,GRA,ST004,QAR,PRK.1015,Kiri Cheese Danish,14,1456,1456,104
02/01/2023,GRA,ST004,QAR,PRK.1016,Plain Croissant,10,770,770,77
02/01/2023,GRA,ST004,QAR,PRK.1021,Shirazi Salad,12,1668,1656,139
02/01/2023,GRA,ST004,QAR,PRK.1023,Falafel Salad,45,5670,5670,126
02/01/2023,GRA,ST004,QAR,PRK.1024,Quinoa Swt potato Salad,40,2160,2160,54
02/01/2023,GRA,ST004,QAR,PRK.1027,Mex Chkn Chilli Bean Sld,40,5320,5280,133
02/01/2023,GRA,ST004,QAR,PRK.1031,Teriyaki GRAZE Salmn,55,13475,13420,245
02/01/2023,GRA,ST004,QAR,PRK.1039,Keto Chicken Salad,40,7200,7200,180
02/01/2023,GRA,ST004,QAR,PRK.1046,Greek Salad,30,2280,2280,76
02/01/2023,GRA,ST004,QAR,PRK.1048,Mexican  Caesar Salad chk,39,10530,10530,270
02/01/2023,GRA,ST004,QAR,PRK.1049,ROCCA SALAD,22,1320,1298,60
02/01/2023,GRA,ST004,QAR,PRK.1052,Smoke Turkey Sandwich,34,10064,10064,296
02/01/2023,GRA,ST004,QAR,PRK.1054,lemon&Rosemary Chkn,36,15984,15840,444
02/01/2023,GRA,ST004,QAR,PRK.1057,Steak & Philly Chz SW,32,2976,2944,93
02/01/2023,GRA,ST004,QAR,PRK.1063,Egg Mayo with Rocket,20,1340,1320,67
02/01/2023,GRA,ST004,QAR,PRK.1068,Crispy Chicken Bun,24,2856,2856,119
02/01/2023,GRA,ST004,QAR,PRK.1075,Avocado Toast,40,1560,1560,39
02/01/2023,GRA,ST004,QAR,PRK.1077,Spicy Halloumi,38,4104,4104,108
02/01/2023,GRA,ST004,QAR,PRK.1078,Graze Breakfast (egg box),32,1952,1952,61
02/01/2023,GRA,ST004,QAR,PRK.1083,Chkn Soup,19,5092,5073,268
02/01/2023,GRA,ST004,QAR,PRK.1087,Lentil Soup,20,5880,5800,294
02/01/2023,GRA,ST004,QAR,PRK.1089,Vegetable soup,16,2112,2096,132
02/01/2023,GRA,ST004,QAR,PRK.1090,Tom kha soup,28,1316,1204,47
02/01/2023,GRA,ST004,QAR,PRK.1113,Chkn Katsu Curry,45,11700,11700,260
02/01/2023,GRA,ST004,QAR,PRK.1115,Mushroom Pasta,40,4200,4200,105
02/01/2023,GRA,ST004,QAR,PRK.1119,Chicken Biryani,45,14310,14130,318
02/01/2023,GRA,ST004,QAR,PRK.1121,Chinese Sesame Chicken,40,9240,9240,231
02/01/2023,GRA,ST004,QAR,PRK.1127,Rock Shrimp,45,4635,4590,103
02/01/2023,GRA,ST004,QAR,PRK.1133,Lamb  Kabsa,45,11655,11430,259
02/01/2023,GRA,ST004,QAR,PRK.1140,Chicken Curry & Saffron r,43,8815,8729,205
02/01/2023,GRA,ST004,QAR,PRK.1141,CRAB BOWL,28,1176,1176,42
02/01/2023,GRA,ST004,QAR,PRK.1145,Yoghurt & Cucumber dip,12,624,624,52
02/01/2023,GRA,ST004,QAR,PRK.1146,Spicy Guacamole Pot,13,897,897,69
02/01/2023,GRA,ST004,QAR,PRK.1149,Edamame Pot,12,564,564,47
02/01/2023,GRA,ST004,QAR,PRK.1155,Classic hummus pot,18,324,324,18
02/01/2023,GRA,ST004,QAR,PRK.1159,Greek Tabbouleh,20,1840,1820,92
02/01/2023,GRA,ST004,QAR,PRK.1160,Egg pot,16,496,480,31
02/01/2023,GRA,ST004,QAR,PRK.1173,Choco Chia Energy Ball,30,1380,1320,46
02/01/2023,GRA,ST004,QAR,PRK.1175,Pecan Bars,14,812,798,58
02/01/2023,GRA,ST004,QAR,PRK.1177,Carrot Cake,15,945,930,63
02/01/2023,GRA,ST004,QAR,PRK.1181,Green Apple,2,72,72,36
02/01/2023,GRA,ST004,QAR,PRK.1182,Red Apple,2,46,44,23
02/01/2023,GRA,ST004,QAR,PRK.1183,Bannana,2,384,384,192
02/01/2023,GRA,ST004,QAR,PRK.1184,Watermelon,18,2538,2538,141
02/01/2023,GRA,ST004,QAR,PRK.1185,Pineapplemix,18,3114,3114,173
02/01/2023,GRA,ST004,QAR,PRK.1186,Mixed Berries,22,4664,4664,212
02/01/2023,GRA,ST004,QAR,PRK.1194,Lotus Cheesecake,15,1140,1140,76
02/01/2023,GRA,ST004,QAR,PRK.1196,Chia Blueberry Yodurt,24,1320,1296,55
02/01/2023,GRA,ST004,QAR,PRK.1201,Iced Flat White,18,90,90,5
02/01/2023,GRA,ST004,QAR,PRK.1203,Iced Spanish Latte,20,1340,1340,67
02/01/2023,GRA,ST004,QAR,PRK.1204,Iced Latte,18,576,576,32
02/01/2023,GRA,ST004,QAR,PRK.1205,Iced Americano,15,540,510,36
02/01/2023,GRA,ST004,QAR,PRK.1234,Pepperoni Pizza small,40,520,520,13
02/01/2023,GRA,ST004,QAR,PRK.1235,Margherita Pizza small,30,360,360,12
02/01/2023,GRA,ST004,QAR,PRK.1236,BBQ chicken Pizza small,35,595,595,17
02/01/2023,GRA,ST004,QAR,PRK.1262,Highland Still,5,2880,2860,576
02/01/2023,GRA,ST004,QAR,PRK.1265,Perrier Sparkling,9,1827,1827,203
02/01/2023,GRA,ST004,QAR,PRK.1291,Coke,5,860,830,172
02/01/2023,GRA,ST004,QAR,PRK.1292,Diet Coke,5,2175,2170,435
02/01/2023,GRA,ST004,QAR,PRK.1333,Stay Home w/Graze M 6 X1,130,130,130,1
02/01/2023,GRA,ST004,QAR,PRK.1334,Stay Home w/Graze M12 X1,240,240,240,1
02/01/2023,GRA,ST004,QAR,PRK.1335,Cool Box,15,15,15,1
02/01/2023,GRA,ST004,QAR,PRK.1351,Espresso Single,12,540,492,45
02/01/2023,GRA,ST004,QAR,PRK.1353,Americano Hot,15,3105,3105,207
02/01/2023,GRA,ST004,QAR,PRK.1354,Flat White Hot,18,3564,3564,198
02/01/2023,GRA,ST004,QAR,PRK.1355,Cappucino,18,4374,4374,243
02/01/2023,GRA,ST004,QAR,PRK.1356,Cortado,18,702,702,39
02/01/2023,GRA,ST004,QAR,PRK.1358,Spanish Latte,20,2300,2300,115
02/01/2023,GRA,ST004,QAR,PRK.1359,Classic Mocha,25,550,550,22
02/01/2023,GRA,ST004,QAR,PRK.1360,Slated Caramel Mocha,25,725,725,29
02/01/2023,GRA,ST004,QAR,PRK.1362,Double Espresso,14,644,644,46
02/01/2023,GRA,ST004,QAR,PRK.1363,Latte Hot,18,2826,2826,157
02/01/2023,GRA,ST004,QAR,PRK.1364,English B/F,12,288,288,24
02/01/2023,GRA,ST004,QAR,PRK.1365,Green Tea,12,168,168,14
02/01/2023,GRA,ST004,QAR,PRK.1366,Earl Grey,12,192,192,16
02/01/2023,GRA,ST004,QAR,PRK.1367,Pepper Mint,12,36,36,3
02/01/2023,GRA,ST004,QAR,PRK.1368,Lemon Grass/ Ginger,12,48,48,4
02/01/2023,GRA,ST004,QAR,PRK.1369,Jasmine,12,180,180,15
02/01/2023,GRA,ST004,QAR,PRK.1370,Habiscuss & Black Currant,12,12,12,1
02/01/2023,GRA,ST004,QAR,PRK.1371,Chamomile,12,36,36,3
02/01/2023,GRA,ST004,QAR,PRK.1372,Hot Cocoa,24,576,576,24
02/01/2023,GRA,ST004,QAR,PRK.1373,Hibiscus Iced tea,18,1062,1062,59
02/01/2023,GRA,ST004,QAR,PRK.1374,Peach Iced Tea,18,720,720,40
02/01/2023,GRA,ST004,QAR,PRK.1375,Matcha Latte,25,500,500,20
02/01/2023,GRA,ST004,QAR,PRK.1376,Cinnamon Latte,25,200,200,8
02/01/2023,GRA,ST004,QAR,PRK.1377,Fresh Milk,10,10,10,1
02/01/2023,GRA,ST004,QAR,PRK.1378,Hot chocolate,28,1652,1512,59
02/01/2023,GRA,ST004,QAR,PRK.1386,Orange Juice,22,8008,7964,364
02/01/2023,GRA,ST004,QAR,PRK.1387,Carrot Juice,22,1012,1012,46
02/01/2023,GRA,ST004,QAR,PRK.1390,Morning Boost,24,2112,2064,88
02/01/2023,GRA,ST004,QAR,PRK.1392,Immune Boost,22,2486,2464,113
02/01/2023,GRA,ST004,QAR,PRK.1396,Ginger Aid Shot,18,5040,4986,280
02/01/2023,GRA,ST004,QAR,PRK.1402,Laban Drink,18,1332,1332,74
02/01/2023,GRA,ST004,QAR,PRK.1404,Green Boost Juice,24,1584,1584,66
02/01/2023,GRA,ST004,QAR,PRK.1406,Beetroot & Apple Juice,20,2160,2160,108
02/01/2023,GRA,ST004,QAR,PRK.1409,Turmeric wellness shot,16,2928,2928,183
02/01/2023,GRA,ST004,QAR,PRK.1412, Mini Cup Yogurt,14,1484,1484,106
02/01/2023,GRA,ST004,QAR,PRK.1413,Regular Cup Yogurt,21,987,987,47
02/01/2023,GRA,ST004,QAR,PRK.1416,Large Cup Yogurt,23,253,253,11
02/01/2023,GRA,ST004,QAR,PRK.1418, Mini Cup Yogurt/Topping,18,1080,1080,60
02/01/2023,GRA,ST004,QAR,PRK.1419,Reg Cup Yogurt/Toping,26,832,832,32
02/01/2023,GRA,ST004,QAR,PRK.1422,Large Cup Yogurt/Topping,30,240,240,8
02/01/2023,GRA,ST004,QAR,PRK.1429,Mini Mango Ice Cream,14,4032,4032,288
02/01/2023,GRA,ST004,QAR,PRK.1430,Regular Mango Ice Cream,21,2079,2079,99
02/01/2023,GRA,ST004,QAR,PRK.1431,Large Mango Ice Cream,23,391,391,17
02/01/2023,GRA,ST004,QAR,PRK.1432,Mini Mango Ice Cream/Topp,18,1926,1926,107
02/01/2023,GRA,ST004,QAR,PRK.1433,Reg Mango Ice cream/Topp,26,2002,2002,77
02/01/2023,GRA,ST004,QAR,PRK.1434,Large Mango Ice Cream/Top,30,360,360,12
02/01/2023,GRA,ST004,QAR,PRK.1464,Fresh Pineapple,3,15,15,5
02/01/2023,GRA,ST004,QAR,PRK.1470,Lotus Biscuit,3,9,9,3
02/01/2023,GRA,ST004,QAR,PRK.1474, Spaghetti Bolognese,45,3735,3735,83
02/01/2023,GRA,ST004,QAR,PRK.1475,Salmon with Cilantro Rice,65,7345,7215,113
02/01/2023,GRA,ST004,QAR,PRK.1476,Chicken Noodle Bowl,40,3920,3880,98
02/01/2023,GRA,ST004,QAR,PRK.1477,BBQ Steak,45,4365,4095,97
02/01/2023,GRA,ST004,QAR,PRK.1478,Rib eye Steak with Vegeta,55,8525,8415,155
02/01/2023,GRA,ST004,QAR,PRK.1479,Lasagne Pasta,45,3060,3060,68
02/01/2023,GRA,ST004,QAR,PRK.1480,Steak cajun potato,50,7500,7450,150
02/01/2023,GRA,ST004,QAR,PRK.1501,pomegranate,3,123,123,41
02/01/2023,GRA,ST004,QAR,PRK.1502,Strawberry,3,138,138,46
02/01/2023,GRA,ST004,QAR,PRK.1505,Salted Caramel,3,12,12,4
02/01/2023,GRA,ST004,QAR,PRK.1506,Pretzel,3,3,3,1
02/01/2023,GRA,ST004,QAR,PRK.1507,Crispy Crepe,3,30,30,10
02/01/2023,GRA,ST004,QAR,PRK.1508,Granola,3,36,36,12
02/01/2023,GRA,ST004,QAR,PRK.1509,Coconut Flakes,3,33,33,11
02/01/2023,GRA,ST004,QAR,PRK.1514,Dulce de Leche,3,24,24,8
02/01/2023,GRA,ST004,QAR,PRK.1521,Mango Sauce,3,18,18,6
02/01/2023,GRA,ST004,QAR,PRK.1523,Peanut Butter Sauce,3,36,36,12
02/01/2023,GRA,ST004,QAR,PRK.1527,Mango,3,63,63,21
02/01/2023,GRA,ST004,QAR,PRK.1529,Raita,3,3,3,1
02/01/2023,GRA,ST004,QAR,PRK.1530,Chili Tomato Sauce,3,3,3,1
02/01/2023,GRA,ST004,QAR,PRK.1531,Power Shake,35,385,385,11
02/01/2023,GRA,ST004,QAR,PRK.1532,Peanut Power Shake,35,315,315,9
02/01/2023,GRA,ST004,QAR,PRK.1533,Pre-workout protein shak,45,90,90,2
02/01/2023,GRA,ST004,QAR,PRK.1534,Choco Power Shake,35,70,70,2
02/01/2023,GRA,ST004,QAR,PRK.1536,Energizer protine Shakes,45,3420,3420,76
02/01/2023,GRA,ST004,QAR,PRK.1540,Energizer shakes,35,1120,1120,32
02/01/2023,GRA,ST004,QAR,PRK.1542,14oz Pre-work out Protein,40,80,80,2
02/01/2023,GRA,ST004,QAR,PRK.1545,14oz Energizer protine,40,200,200,5
02/01/2023,GRA,ST004,QAR,PRK.1546,14oz Pre-workout shake,30,30,30,1
02/01/2023,GRA,ST004,QAR,PRK.1548,14oz Energizer shakes,30,390,390,13
02/01/2023,GRA,ST004,QAR,PRK.1550,Extra Protein,10,70,70,7
02/01/2023,GRA,ST004,QAR,PRK.1587,Supersize,45,180,180,4
02/01/2023,GRA,ST004,QAR,PRK.1588,Acai Small,35,4060,4060,116
02/01/2023,GRA,ST004,QAR,PRK.1589,Acai Large,40,1240,1240,31
02/01/2023,GRA,ST004,QAR,PRK.1590, Peanut Choco Ice Cream,30,750,750,25
02/01/2023,GRA,ST004,QAR,PRK.1592,Watermelon Coolex,24,432,432,18
02/01/2023,GRA,ST004,QAR,PRK.1593,Tropicana,24,480,480,20
02/01/2023,GRA,ST004,QAR,PRK.1621,Orange loaf,12,924,912,77
02/01/2023,GRA,ST004,QAR,PRK.1623,Brownie flavour cookies,10,1660,1660,166
02/01/2023,GRA,ST004,QAR,PRK.1628,Brownie bites,13,1001,988,77
02/01/2023,GRA,ST004,QAR,PRK.1632,Turkey cheese roll,19,1197,1197,63
02/01/2023,GRA,ST004,QAR,PRK.1633,Spinach feta roll,18,864,864,48
02/01/2023,GRA,ST004,QAR,PRK.1634,Madeleine,12,1284,1260,107
02/01/2023,GRA,ST004,QAR,PRK.1635,Poppy Lemon seeds,12,636,624,53
02/01/2023,GRA,ST004,QAR,PRK.1636,Croffle,20,280,180,14
02/01/2023,GRA,ST004,QAR,PRK.1651,■PB & Jam sourdough bread,18,828,828,46
02/01/2023,GRA,ST004,QAR,PRK.1655,Graze Oatmeal,30,2790,2790,93
02/01/2023,GRA,ST004,QAR,PRK.1681,Salted Caramel Mocha,24,144,144,6
02/01/2023,GRA,ST004,QAR,PRK.1682,■Matcha Frappe,26,572,572,22
02/01/2023,GRA,ST004,QAR,PRK.1711,Pomegranate Pot,18,900,900,50
02/01/2023,GRA,ST004,QAR,PRK.1712,Mango Peach Muesli Pot,24,960,960,40
02/01/2023,GRA,ST004,QAR,PRK.1713,Overnight oats PB&Jam,25,2225,2225,89
02/01/2023,GRA,ST004,QAR,PRK.1741,Spicy Tuna sandwich,26,4238,4212,163
02/01/2023,GRA,ST004,QAR,PRK.1742,Three cheese,22,2266,2266,103
02/01/2023,GRA,ST004,QAR,PRK.1743,Falafel and Labna,25,1400,1375,56
02/01/2023,GRA,ST004,QAR,PRK.1747,BEEF BURGER,35,665,665,19
02/01/2023,GRA,ST004,QAR,PRK.1748,Chicken Shawarma,18,5832,5742,324
02/01/2023,GRA,ST004,QAR,PRK.1749,Tenderloin Beef Shawarma,22,3410,3322,155
02/01/2023,GRA,ST004,QAR,PRK.1750,Cream Cheese Roll,9,909,909,101
02/01/2023,GRA,ST004,QAR,PRK.1751,Egg Mayo Roll,9,1674,1674,186
02/01/2023,GRA,ST004,QAR,PRK.1752,Club sandwich,30,5400,5370,180
02/01/2023,GRA,ST004,QAR,PRK.1771,Pistachio Arabeshi,5,610,610,122
02/01/2023,GRA,ST004,QAR,PRK.1772,Fresh Raspberry,5,430,430,86
02/01/2023,GRA,ST004,QAR,PRK.1773,Fresh blueberry,5,370,370,74
02/01/2023,GRA,ST004,QAR,PRK.1774,Chocolate Flakes,5,170,170,34
02/01/2023,GRA,ST004,QAR,PRK.1775,Honey Comb,5,80,80,16
02/01/2023,GRA,ST004,QAR,PRK.1776,Milk powder,3,18,18,6
02/01/2023,GRA,ST004,QAR,PRK.4502,Low Fat Milk,0,0,0,17
02/01/2023,GRA,ST004,QAR,PRK.4503,Almond Milk,2,292,292,146
02/01/2023,GRA,ST004,QAR,PRK.4504,Soya Milk,2,48,48,24
02/01/2023,GRA,ST004,QAR,PRK.4509,Double Shot,0,0,0,2
02/01/2023,GRA,ST004,QAR,PRK.4510,Less Hot,0,0,0,1
02/01/2023,GRA,ST004,QAR,PRK.4512,Milk on the Side,0,0,0,1
02/01/2023,GRA,ST004,QAR,PRK.4516,Decaf,0,0,0,16
02/01/2023,GRA,ST004,QAR,PRK.4517,Vanilla Flavor,0,0,0,4
02/01/2023,GRA,ST004,QAR,PRK.4519,caramel flavor,0,0,0,4
02/01/2023,GRA,ST004,QAR,PRK.4521,Oat Milk,2,48,48,24
02/01/2023,GRA,ST004,QAR,PRK.4522,Skimmed milk,2,4,4,2
02/01/2023,GRA,ST004,QAR,PRK.4523,Coconut Milk,2,40,40,20
02/01/2023,GRA,ST004,QAR,PRK.4531,w/ Granola,0,0,0,46
02/01/2023,GRA,ST004,QAR,PRK.4533,w/ Pretzel,0,0,0,25
02/01/2023,GRA,ST004,QAR,PRK.4534,w/ Coconut Flakes,0,0,0,29
02/01/2023,GRA,ST004,QAR,PRK.4535,w/ Crispy Crepe,0,0,0,60
02/01/2023,GRA,ST004,QAR,PRK.4537,w/ Mixed Berries Sauce,0,0,0,28
02/01/2023,GRA,ST004,QAR,PRK.4541,w/ Strawberry,0,0,0,113
02/01/2023,GRA,ST004,QAR,PRK.4543,w/ Salted Caramel,0,0,0,13
02/01/2023,GRA,ST004,QAR,PRK.4544,w/ Pomegranate,0,0,0,70
02/01/2023,GRA,ST004,QAR,PRK.4545,w/ Dulce de leche,0,0,0,16
02/01/2023,GRA,ST004,QAR,PRK.4549,w/ Mango Sauce,0,0,0,6
02/01/2023,GRA,ST004,QAR,PRK.4550,w/ Mango,0,0,0,128
02/01/2023,GRA,ST004,QAR,PRK.4551,w/ Peanut Butter Sauce,0,0,0,3
02/01/2023,GRA,ST004,QAR,PRK.4552,w/ Crushed Grahams,0,0,0,3
02/01/2023,GRA,ST004,QAR,PRK.4557,w/Lotus Biscut,0,0,0,5
02/01/2023,GRA,ST004,QAR,PRK.4558,w/Fresh Pineapple,0,0,0,1
02/01/2023,GRA,ST004,QAR,PRK.4561,MIXED FROZEN YOGURT,0,0,0,27
02/01/2023,GRA,ST004,QAR,PRK.4562,MIXED MANGO YOGURT,0,0,0,17
