DATE,BRANCHCODE,WAREHOUSECODE,CURRENCY,ERPCODE,ITEMNAME,RAWPRICE,GROSSAMT,NETVALUE,QTYSOLD
08/01/2023,GRA,ST004,QAR,PRK.902,Granola,55,1155,1100,21
08/01/2023,GRA,ST004,QAR,PRK.903,Graze Spicy  Mix,55,55,55,1
08/01/2023,GRA,ST004,QAR,PRK.904,Graze House Mix,55,385,385,7
08/01/2023,GRA,ST004,QAR,PRK.907,Zaatar Chips,6,294,282,49
08/01/2023,GRA,ST004,QAR,PRK.909,Spicy Pesto Chips,6,234,222,39
08/01/2023,GRA,ST004,QAR,PRK.910,Graze Spicy Mix Sml,25,550,525,22
08/01/2023,GRA,ST004,QAR,PRK.911,Graze House Mix Sml,25,650,625,26
08/01/2023,GRA,ST004,QAR,PRK.938,4 Grain Salad with Beetro,55,2750,2750,50
08/01/2023,GRA,ST004,QAR,PRK.939,Steak Salad with Green Sa,55,3355,3245,61
08/01/2023,GRA,ST004,QAR,PRK.940,Burrata Salad,50,150,150,3
08/01/2023,GRA,ST004,QAR,PRK.961,Extra cheese,5,55,55,11
08/01/2023,GRA,ST004,QAR,PRK.962,Extra flavor,3,24,24,8
08/01/2023,GRA,ST004,QAR,PRK.994,Crsnt w Egg/Avaca/ SunTom,24,3024,3000,126
08/01/2023,GRA,ST004,QAR,PRK.995,Egg Burrito,20,2700,2700,135
08/01/2023,GRA,ST004,QAR,PRK.996,Blueberry Granola parfait,25,2825,2825,113
08/01/2023,GRA,ST004,QAR,PRK.997,Yog Dates Chia Pista Alm,22,2024,2002,92
08/01/2023,GRA,ST004,QAR,PRK.1003,Cheese Croissant,16,96,96,6
08/01/2023,GRA,ST004,QAR,PRK.1007,Zatar Croissant,16,640,640,40
08/01/2023,GRA,ST004,QAR,PRK.1010,Tomato Puff Pastry,16,624,624,39
08/01/2023,GRA,ST004,QAR,PRK.1012,Three Berry Yogurt & Date,25,1050,1050,42
08/01/2023,GRA,ST004,QAR,PRK.1015,Kiri Cheese Danish,14,1120,1120,80
08/01/2023,GRA,ST004,QAR,PRK.1016,Plain Croissant,10,430,410,43
08/01/2023,GRA,ST004,QAR,PRK.1021,Shirazi Salad,12,1752,1716,146
08/01/2023,GRA,ST004,QAR,PRK.1023,Falafel Salad,45,3645,3645,81
08/01/2023,GRA,ST004,QAR,PRK.1024,Quinoa Swt potato Salad,40,1160,1160,29
08/01/2023,GRA,ST004,QAR,PRK.1027,Mex Chkn Chilli Bean Sld,40,7080,6960,177
08/01/2023,GRA,ST004,QAR,PRK.1029,Burrata Salad,50,1250,1250,25
08/01/2023,GRA,ST004,QAR,PRK.1031,Teriyaki GRAZE Salmn,55,12705,12595,231
08/01/2023,GRA,ST004,QAR,PRK.1039,Keto Chicken Salad,40,5400,5320,135
08/01/2023,GRA,ST004,QAR,PRK.1046,Greek Salad,30,1950,1950,65
08/01/2023,GRA,ST004,QAR,PRK.1048,Mexican  Caesar Salad chk,39,7293,7254,187
08/01/2023,GRA,ST004,QAR,PRK.1049,ROCCA SALAD,22,1342,1342,61
08/01/2023,GRA,ST004,QAR,PRK.1052,Smoke Turkey Sandwich,34,8806,8738,259
08/01/2023,GRA,ST004,QAR,PRK.1054,lemon&Rosemary Chkn,36,11592,11556,322
08/01/2023,GRA,ST004,QAR,PRK.1057,Steak & Philly Chz SW,32,2624,2624,82
08/01/2023,GRA,ST004,QAR,PRK.1063,Egg Mayo with Rocket,20,1580,1580,79
08/01/2023,GRA,ST004,QAR,PRK.1075,Avocado Toast,40,1320,1320,33
08/01/2023,GRA,ST004,QAR,PRK.1077,Spicy Halloumi,38,3914,3876,103
08/01/2023,GRA,ST004,QAR,PRK.1078,Graze Breakfast (egg box),32,1024,1024,32
08/01/2023,GRA,ST004,QAR,PRK.1083,Chkn Soup,19,2584,2584,136
08/01/2023,GRA,ST004,QAR,PRK.1087,Lentil Soup,20,2960,2960,148
08/01/2023,GRA,ST004,QAR,PRK.1089,Vegetable soup,16,1120,1120,70
08/01/2023,GRA,ST004,QAR,PRK.1113,Chkn Katsu Curry,45,9810,9810,218
08/01/2023,GRA,ST004,QAR,PRK.1115,Mushroom Pasta,40,3440,3440,86
08/01/2023,GRA,ST004,QAR,PRK.1119,Chicken Biryani,45,14580,14490,324
08/01/2023,GRA,ST004,QAR,PRK.1121,Chinese Sesame Chicken,40,7840,7840,196
08/01/2023,GRA,ST004,QAR,PRK.1127,Rock Shrimp,45,4860,4860,108
08/01/2023,GRA,ST004,QAR,PRK.1133,Lamb  Kabsa,45,10980,10890,244
08/01/2023,GRA,ST004,QAR,PRK.1140,Chicken Curry & Saffron r,43,10019,10019,233
08/01/2023,GRA,ST004,QAR,PRK.1141,CRAB BOWL,28,924,924,33
08/01/2023,GRA,ST004,QAR,PRK.1145,Yoghurt & Cucumber dip,12,684,684,57
08/01/2023,GRA,ST004,QAR,PRK.1146,Spicy Guacamole Pot,13,871,845,67
08/01/2023,GRA,ST004,QAR,PRK.1149,Edamame Pot,12,852,852,71
08/01/2023,GRA,ST004,QAR,PRK.1155,Classic hummus pot,18,144,108,8
08/01/2023,GRA,ST004,QAR,PRK.1159,Greek Tabbouleh,20,2100,2060,105
08/01/2023,GRA,ST004,QAR,PRK.1160,Egg pot,16,304,304,19
08/01/2023,GRA,ST004,QAR,PRK.1173,Choco Chia Energy Ball,30,1260,1260,42
08/01/2023,GRA,ST004,QAR,PRK.1175,Pecan Bars,14,770,770,55
08/01/2023,GRA,ST004,QAR,PRK.1177,Carrot Cake,15,510,510,34
08/01/2023,GRA,ST004,QAR,PRK.1178,Sweet Potatoe Choco Cake,15,135,120,9
08/01/2023,GRA,ST004,QAR,PRK.1181,Green Apple,2,58,58,29
08/01/2023,GRA,ST004,QAR,PRK.1182,Red Apple,2,64,64,32
08/01/2023,GRA,ST004,QAR,PRK.1183,Bannana,2,266,266,133
08/01/2023,GRA,ST004,QAR,PRK.1184,Watermelon,18,3888,3888,216
08/01/2023,GRA,ST004,QAR,PRK.1185,Pineapplemix,18,2448,2430,136
08/01/2023,GRA,ST004,QAR,PRK.1186,Mixed Berries,22,3586,3586,163
08/01/2023,GRA,ST004,QAR,PRK.1194,Lotus Cheesecake,15,990,990,66
08/01/2023,GRA,ST004,QAR,PRK.1196,Chia Blueberry Yodurt,24,1008,1008,42
08/01/2023,GRA,ST004,QAR,PRK.1201,Iced Flat White,18,108,108,6
08/01/2023,GRA,ST004,QAR,PRK.1203,Iced Spanish Latte,20,1880,1880,94
08/01/2023,GRA,ST004,QAR,PRK.1204,Iced Latte,18,792,792,44
08/01/2023,GRA,ST004,QAR,PRK.1205,Iced Americano,15,1140,1140,76
08/01/2023,GRA,ST004,QAR,PRK.1234,Pepperoni Pizza small,40,240,240,6
08/01/2023,GRA,ST004,QAR,PRK.1235,Margherita Pizza small,30,300,300,10
08/01/2023,GRA,ST004,QAR,PRK.1236,BBQ chicken Pizza small,35,315,280,9
08/01/2023,GRA,ST004,QAR,PRK.1262,Highland Still,5,2775,2720,555
08/01/2023,GRA,ST004,QAR,PRK.1265,Perrier Sparkling,9,2304,2304,256
08/01/2023,GRA,ST004,QAR,PRK.1291,Coke,5,710,705,142
08/01/2023,GRA,ST004,QAR,PRK.1292,Diet Coke,5,1310,1305,262
08/01/2023,GRA,ST004,QAR,PRK.1329,Stay Home w/ Graze L 8 X1,250,250,250,1
08/01/2023,GRA,ST004,QAR,PRK.1335,Cool Box,15,15,15,1
08/01/2023,GRA,ST004,QAR,PRK.1351,Espresso Single,12,288,240,24
08/01/2023,GRA,ST004,QAR,PRK.1353,Americano Hot,15,915,915,61
08/01/2023,GRA,ST004,QAR,PRK.1354,Flat White Hot,18,1458,1458,81
08/01/2023,GRA,ST004,QAR,PRK.1355,Cappucino,18,1746,1746,97
08/01/2023,GRA,ST004,QAR,PRK.1356,Cortado,18,576,576,32
08/01/2023,GRA,ST004,QAR,PRK.1358,Spanish Latte,20,1140,1140,57
08/01/2023,GRA,ST004,QAR,PRK.1359,Classic Mocha,25,175,175,7
08/01/2023,GRA,ST004,QAR,PRK.1360,Slated Caramel Mocha,25,325,325,13
08/01/2023,GRA,ST004,QAR,PRK.1362,Double Espresso,14,196,196,14
08/01/2023,GRA,ST004,QAR,PRK.1363,Latte Hot,18,1134,1134,63
08/01/2023,GRA,ST004,QAR,PRK.1364,English B/F,12,204,204,17
08/01/2023,GRA,ST004,QAR,PRK.1365,Green Tea,12,156,156,13
08/01/2023,GRA,ST004,QAR,PRK.1366,Earl Grey,12,72,72,6
08/01/2023,GRA,ST004,QAR,PRK.1367,Pepper Mint,12,96,96,8
08/01/2023,GRA,ST004,QAR,PRK.1368,Lemon Grass/ Ginger,12,12,12,1
08/01/2023,GRA,ST004,QAR,PRK.1371,Chamomile,12,144,144,12
08/01/2023,GRA,ST004,QAR,PRK.1372,Hot Cocoa,24,120,120,5
08/01/2023,GRA,ST004,QAR,PRK.1373,Hibiscus Iced tea,18,936,936,52
08/01/2023,GRA,ST004,QAR,PRK.1374,Peach Iced Tea,18,432,432,24
08/01/2023,GRA,ST004,QAR,PRK.1375,Matcha Latte,25,325,325,13
08/01/2023,GRA,ST004,QAR,PRK.1376,Cinnamon Latte,25,150,150,6
08/01/2023,GRA,ST004,QAR,PRK.1377,Fresh Milk,10,30,30,3
08/01/2023,GRA,ST004,QAR,PRK.1386,Orange Juice,22,7084,7084,322
08/01/2023,GRA,ST004,QAR,PRK.1387,Carrot Juice,22,836,836,38
08/01/2023,GRA,ST004,QAR,PRK.1390,Morning Boost,24,2784,2784,116
08/01/2023,GRA,ST004,QAR,PRK.1392,Immune Boost,22,2464,2464,112
08/01/2023,GRA,ST004,QAR,PRK.1396,Ginger Aid Shot,18,3240,3240,180
08/01/2023,GRA,ST004,QAR,PRK.1402,Laban Drink,18,828,828,46
08/01/2023,GRA,ST004,QAR,PRK.1404,Green Boost Juice,24,1896,1896,79
08/01/2023,GRA,ST004,QAR,PRK.1406,Beetroot & Apple Juice,20,2780,2780,139
08/01/2023,GRA,ST004,QAR,PRK.1409,Turmeric wellness shot,16,1904,1888,119
08/01/2023,GRA,ST004,QAR,PRK.1412, Mini Cup Yogurt,14,28,28,2
08/01/2023,GRA,ST004,QAR,PRK.1429,Mini Mango Ice Cream,14,5810,5810,415
08/01/2023,GRA,ST004,QAR,PRK.1430,Regular Mango Ice Cream,21,3024,3024,144
08/01/2023,GRA,ST004,QAR,PRK.1431,Large Mango Ice Cream,23,759,759,33
08/01/2023,GRA,ST004,QAR,PRK.1432,Mini Mango Ice Cream/Topp,18,2610,2610,145
08/01/2023,GRA,ST004,QAR,PRK.1433,Reg Mango Ice cream/Topp,26,3068,3068,118
08/01/2023,GRA,ST004,QAR,PRK.1434,Large Mango Ice Cream/Top,30,420,420,14
08/01/2023,GRA,ST004,QAR,PRK.1435,Mini Cup Milky Ice Cream,14,644,644,46
08/01/2023,GRA,ST004,QAR,PRK.1436,Reg Cup Milky Ice Cream,21,546,546,26
08/01/2023,GRA,ST004,QAR,PRK.1437,Lrge Cup Milky Ice Cream,23,23,23,1
08/01/2023,GRA,ST004,QAR,PRK.1438,Mini Cup Milky Ice C/Top,18,702,702,39
08/01/2023,GRA,ST004,QAR,PRK.1439,Reg Cup Milky Ice Cre/Top,26,494,494,19
08/01/2023,GRA,ST004,QAR,PRK.1440,Lrge Cup Milky Ice Cr/Top,30,60,60,2
08/01/2023,GRA,ST004,QAR,PRK.1464,Fresh Pineapple,3,3,3,1
08/01/2023,GRA,ST004,QAR,PRK.1470,Lotus Biscuit,3,3,3,1
08/01/2023,GRA,ST004,QAR,PRK.1474, Spaghetti Bolognese,45,3060,3060,68
08/01/2023,GRA,ST004,QAR,PRK.1475,Salmon with Cilantro Rice,65,10595,10400,163
08/01/2023,GRA,ST004,QAR,PRK.1476,Chicken Noodle Bowl,40,1720,1680,43
08/01/2023,GRA,ST004,QAR,PRK.1477,BBQ Steak,45,4500,4410,100
08/01/2023,GRA,ST004,QAR,PRK.1478,Rib eye Steak with Vegeta,55,13695,13585,249
08/01/2023,GRA,ST004,QAR,PRK.1479,Lasagne Pasta,45,1620,1620,36
08/01/2023,GRA,ST004,QAR,PRK.1480,Steak cajun potato,50,6800,6700,136
08/01/2023,GRA,ST004,QAR,PRK.1501,pomegranate,3,108,108,36
08/01/2023,GRA,ST004,QAR,PRK.1502,Strawberry,3,69,69,23
08/01/2023,GRA,ST004,QAR,PRK.1505,Salted Caramel,3,9,9,3
08/01/2023,GRA,ST004,QAR,PRK.1506,Pretzel,3,15,15,5
08/01/2023,GRA,ST004,QAR,PRK.1507,Crispy Crepe,3,42,42,14
08/01/2023,GRA,ST004,QAR,PRK.1508,Granola,3,69,69,23
08/01/2023,GRA,ST004,QAR,PRK.1509,Coconut Flakes,3,24,24,8
08/01/2023,GRA,ST004,QAR,PRK.1510,Crushed Graham,3,9,9,3
08/01/2023,GRA,ST004,QAR,PRK.1514,Dulce de Leche,3,15,15,5
08/01/2023,GRA,ST004,QAR,PRK.1520,Mixed Berries Sauce,3,3,3,1
08/01/2023,GRA,ST004,QAR,PRK.1521,Mango Sauce,3,9,9,3
08/01/2023,GRA,ST004,QAR,PRK.1523,Peanut Butter Sauce,3,18,18,6
08/01/2023,GRA,ST004,QAR,PRK.1527,Mango,3,45,45,15
08/01/2023,GRA,ST004,QAR,PRK.1528,Spicy Mayo,3,9,9,3
08/01/2023,GRA,ST004,QAR,PRK.1529,Raita,3,36,36,12
08/01/2023,GRA,ST004,QAR,PRK.1530,Chili Tomato Sauce,3,3,3,1
08/01/2023,GRA,ST004,QAR,PRK.1531,Power Shake,35,1470,1470,42
08/01/2023,GRA,ST004,QAR,PRK.1532,Peanut Power Shake,35,420,420,12
08/01/2023,GRA,ST004,QAR,PRK.1533,Pre-workout protein shak,45,135,135,3
08/01/2023,GRA,ST004,QAR,PRK.1534,Choco Power Shake,35,525,525,15
08/01/2023,GRA,ST004,QAR,PRK.1536,Energizer protine Shakes,45,2475,2475,55
08/01/2023,GRA,ST004,QAR,PRK.1538,Pre-workout shake,35,175,175,5
08/01/2023,GRA,ST004,QAR,PRK.1540,Energizer shakes,35,1295,1295,37
08/01/2023,GRA,ST004,QAR,PRK.1545,14oz Energizer protine,40,320,320,8
08/01/2023,GRA,ST004,QAR,PRK.1546,14oz Pre-workout shake,30,30,30,1
08/01/2023,GRA,ST004,QAR,PRK.1548,14oz Energizer shakes,30,150,150,5
08/01/2023,GRA,ST004,QAR,PRK.1550,Extra Protein,10,300,300,30
08/01/2023,GRA,ST004,QAR,PRK.1581,Mini coconut frz yog I/C,14,1050,1050,75
08/01/2023,GRA,ST004,QAR,PRK.1582,Regular coconut frz yog I,21,798,777,38
08/01/2023,GRA,ST004,QAR,PRK.1583,Large coconut frz yog I/C,23,230,230,10
08/01/2023,GRA,ST004,QAR,PRK.1584,Mini coconut frz yog top,18,882,882,49
08/01/2023,GRA,ST004,QAR,PRK.1585,Reg- coconut frz yog Topp,26,962,962,37
08/01/2023,GRA,ST004,QAR,PRK.1586,Large coconut frz yog Top,30,210,210,7
08/01/2023,GRA,ST004,QAR,PRK.1587,Supersize,45,315,315,7
08/01/2023,GRA,ST004,QAR,PRK.1588,Acai Small,35,4235,4235,121
08/01/2023,GRA,ST004,QAR,PRK.1589,Acai Large,40,2280,2280,57
08/01/2023,GRA,ST004,QAR,PRK.1592,Watermelon Coolex,24,936,936,39
08/01/2023,GRA,ST004,QAR,PRK.1593,Tropicana,24,1536,1536,64
08/01/2023,GRA,ST004,QAR,PRK.1621,Orange loaf,12,468,468,39
08/01/2023,GRA,ST004,QAR,PRK.1623,Brownie flavour cookies,10,1570,1550,157
08/01/2023,GRA,ST004,QAR,PRK.1628,Brownie bites,13,910,884,70
08/01/2023,GRA,ST004,QAR,PRK.1632,Turkey cheese roll,19,570,570,30
08/01/2023,GRA,ST004,QAR,PRK.1633,Spinach feta roll,18,522,522,29
08/01/2023,GRA,ST004,QAR,PRK.1634,Madeleine,12,900,876,75
08/01/2023,GRA,ST004,QAR,PRK.1637,Sweet Potato Choco Cake,15,15,15,1
08/01/2023,GRA,ST004,QAR,PRK.1651,■PB & Jam sourdough bread,18,576,576,32
08/01/2023,GRA,ST004,QAR,PRK.1655,Graze Oatmeal,30,2700,2700,90
08/01/2023,GRA,ST004,QAR,PRK.1681,Salted Caramel Mocha,24,216,216,9
08/01/2023,GRA,ST004,QAR,PRK.1682,■Matcha Frappe,26,910,910,35
08/01/2023,GRA,ST004,QAR,PRK.1711,Pomegranate Pot,18,1062,1044,59
08/01/2023,GRA,ST004,QAR,PRK.1712,Mango Peach Muesli Pot,24,720,696,30
08/01/2023,GRA,ST004,QAR,PRK.1713,Overnight oats PB&Jam,25,1875,1875,75
08/01/2023,GRA,ST004,QAR,PRK.1741,Spicy Tuna sandwich,26,3432,3406,132
08/01/2023,GRA,ST004,QAR,PRK.1742,Three cheese,22,1870,1870,85
08/01/2023,GRA,ST004,QAR,PRK.1743,Falafel and Labna,25,1025,1000,41
08/01/2023,GRA,ST004,QAR,PRK.1748,Chicken Shawarma,18,3438,3402,191
08/01/2023,GRA,ST004,QAR,PRK.1749,Tenderloin Beef Shawarma,22,1870,1848,85
08/01/2023,GRA,ST004,QAR,PRK.1750,Cream Cheese Roll,9,693,693,77
08/01/2023,GRA,ST004,QAR,PRK.1751,Egg Mayo Roll,9,1287,1287,143
08/01/2023,GRA,ST004,QAR,PRK.1752,Club sandwich,30,4950,4950,165
08/01/2023,GRA,ST004,QAR,PRK.1753,Slider Chicken Burger,38,2736,2736,72
08/01/2023,GRA,ST004,QAR,PRK.1754,Slider Beef Burger,39,2691,2691,69
08/01/2023,GRA,ST004,QAR,PRK.1771,Pistachio Arabeshi,5,735,735,147
08/01/2023,GRA,ST004,QAR,PRK.1772,Fresh Raspberry,5,455,455,91
08/01/2023,GRA,ST004,QAR,PRK.1773,Fresh blueberry,5,465,465,93
08/01/2023,GRA,ST004,QAR,PRK.1774,Chocolate Flakes,5,210,210,42
08/01/2023,GRA,ST004,QAR,PRK.1775,Honey Comb,5,80,80,16
08/01/2023,GRA,ST004,QAR,PRK.1776,Milk powder,3,39,39,13
08/01/2023,GRA,ST004,QAR,PRK.1831,Filtered Coffee,10,480,480,48
08/01/2023,GRA,ST004,QAR,PRK.1832,Fltrd Coffee w Plain Croi,19,19,19,1
08/01/2023,GRA,ST004,QAR,PRK.4502,Low Fat Milk,0,0,0,20
08/01/2023,GRA,ST004,QAR,PRK.4503,Almond Milk,2,188,188,94
08/01/2023,GRA,ST004,QAR,PRK.4504,Soya Milk,2,32,32,16
08/01/2023,GRA,ST004,QAR,PRK.4516,Decaf,0,0,0,1
08/01/2023,GRA,ST004,QAR,PRK.4517,Vanilla Flavor,0,0,0,2
08/01/2023,GRA,ST004,QAR,PRK.4519,caramel flavor,0,0,0,2
08/01/2023,GRA,ST004,QAR,PRK.4521,Oat Milk,2,30,30,15
08/01/2023,GRA,ST004,QAR,PRK.4522,Skimmed milk,2,2,2,1
08/01/2023,GRA,ST004,QAR,PRK.4523,Coconut Milk,2,24,24,12
08/01/2023,GRA,ST004,QAR,PRK.4531,w/ Granola,0,0,0,45
08/01/2023,GRA,ST004,QAR,PRK.4533,w/ Pretzel,0,0,0,13
08/01/2023,GRA,ST004,QAR,PRK.4534,w/ Coconut Flakes,0,0,0,24
08/01/2023,GRA,ST004,QAR,PRK.4535,w/ Crispy Crepe,0,0,0,79
08/01/2023,GRA,ST004,QAR,PRK.4537,w/ Mixed Berries Sauce,0,0,0,12
08/01/2023,GRA,ST004,QAR,PRK.4541,w/ Strawberry,0,0,0,77
08/01/2023,GRA,ST004,QAR,PRK.4543,w/ Salted Caramel,0,0,0,26
08/01/2023,GRA,ST004,QAR,PRK.4544,w/ Pomegranate,0,0,0,76
08/01/2023,GRA,ST004,QAR,PRK.4545,w/ Dulce de leche,0,0,0,13
08/01/2023,GRA,ST004,QAR,PRK.4549,w/ Mango Sauce,0,0,0,15
08/01/2023,GRA,ST004,QAR,PRK.4550,w/ Mango,0,0,0,118
08/01/2023,GRA,ST004,QAR,PRK.4551,w/ Peanut Butter Sauce,0,0,0,3
08/01/2023,GRA,ST004,QAR,PRK.4552,w/ Crushed Grahams,0,0,0,8
08/01/2023,GRA,ST004,QAR,PRK.4556,w/Kiwi Fruit,0,0,0,11
08/01/2023,GRA,ST004,QAR,PRK.4557,w/Lotus Biscut,0,0,0,25
08/01/2023,GRA,ST004,QAR,PRK.4558,w/Fresh Pineapple,0,0,0,15
08/01/2023,GRA,ST004,QAR,PRK.4561,MIXED FROZEN YOGURT,0,0,0,1
08/01/2023,GRA,ST004,QAR,PRK.4562,MIXED MANGO YOGURT,0,0,0,25
08/01/2023,GRA,ST004,QAR,PRK.4564,MIXED MILKY ICE CREAM,0,0,0,8
