DATE,BRANCHCODE,WAREHOUSECODE,CURRENCY,ERPCODE,ITEMNAME,RAWPRICE,GROSSAMT,NETVALUE,QTYSOLD
07/01/2023,GRA,ST004,QAR,PRK.902,Granola,55,990,990,18
07/01/2023,GRA,ST004,QAR,PRK.903,Graze Spicy  Mix,55,55,55,1
07/01/2023,GRA,ST004,QAR,PRK.904,Graze House Mix,55,165,165,3
07/01/2023,GRA,ST004,QAR,PRK.907,Zaatar Chips,6,258,258,43
07/01/2023,GRA,ST004,QAR,PRK.909,Spicy Pesto Chips,6,234,234,39
07/01/2023,GRA,ST004,QAR,PRK.910,Graze Spicy Mix Sml,25,475,475,19
07/01/2023,GRA,ST004,QAR,PRK.911,Graze House Mix Sml,25,750,750,30
07/01/2023,GRA,ST004,QAR,PRK.937,Baby Mozzarella Salad	,45,1620,1620,36
07/01/2023,GRA,ST004,QAR,PRK.938,4 Grain Salad with Beetro,55,2365,2365,43
07/01/2023,GRA,ST004,QAR,PRK.939,Steak Salad with Green Sa,55,3575,3575,65
07/01/2023,GRA,ST004,QAR,PRK.961,Extra cheese,5,60,60,12
07/01/2023,GRA,ST004,QAR,PRK.962,Extra flavor,3,6,6,2
07/01/2023,GRA,ST004,QAR,PRK.994,Crsnt w Egg/Avaca/ SunTom,24,2712,2712,113
07/01/2023,GRA,ST004,QAR,PRK.995,Egg Burrito,20,1980,1980,99
07/01/2023,GRA,ST004,QAR,PRK.996,Blueberry Granola parfait,25,2950,2925,118
07/01/2023,GRA,ST004,QAR,PRK.997,Yog Dates Chia Pista Alm,22,2244,2222,102
07/01/2023,GRA,ST004,QAR,PRK.1003,Cheese Croissant,16,128,128,8
07/01/2023,GRA,ST004,QAR,PRK.1007,Zatar Croissant,16,464,432,29
07/01/2023,GRA,ST004,QAR,PRK.1010,Tomato Puff Pastry,16,720,720,45
07/01/2023,GRA,ST004,QAR,PRK.1012,Three Berry Yogurt & Date,25,975,975,39
07/01/2023,GRA,ST004,QAR,PRK.1015,Kiri Cheese Danish,14,924,924,66
07/01/2023,GRA,ST004,QAR,PRK.1016,Plain Croissant,10,480,420,48
07/01/2023,GRA,ST004,QAR,PRK.1021,Shirazi Salad,12,2040,2016,170
07/01/2023,GRA,ST004,QAR,PRK.1023,Falafel Salad,45,3690,3600,82
07/01/2023,GRA,ST004,QAR,PRK.1024,Quinoa Swt potato Salad,40,1160,1160,29
07/01/2023,GRA,ST004,QAR,PRK.1027,Mex Chkn Chilli Bean Sld,40,6040,6040,151
07/01/2023,GRA,ST004,QAR,PRK.1029,Burrata Salad,50,450,450,9
07/01/2023,GRA,ST004,QAR,PRK.1031,Teriyaki GRAZE Salmn,55,10395,10340,189
07/01/2023,GRA,ST004,QAR,PRK.1039,Keto Chicken Salad,40,4840,4840,121
07/01/2023,GRA,ST004,QAR,PRK.1046,Greek Salad,30,1800,1770,60
07/01/2023,GRA,ST004,QAR,PRK.1048,Mexican  Caesar Salad chk,39,7566,7527,194
07/01/2023,GRA,ST004,QAR,PRK.1049,ROCCA SALAD,22,1232,1232,56
07/01/2023,GRA,ST004,QAR,PRK.1052,Smoke Turkey Sandwich,34,6494,6494,191
07/01/2023,GRA,ST004,QAR,PRK.1054,lemon&Rosemary Chkn,36,11304,11268,314
07/01/2023,GRA,ST004,QAR,PRK.1057,Steak & Philly Chz SW,32,3040,3040,95
07/01/2023,GRA,ST004,QAR,PRK.1063,Egg Mayo with Rocket,20,1500,1480,75
07/01/2023,GRA,ST004,QAR,PRK.1075,Avocado Toast,40,1680,1680,42
07/01/2023,GRA,ST004,QAR,PRK.1077,Spicy Halloumi,38,3420,3420,90
07/01/2023,GRA,ST004,QAR,PRK.1078,Graze Breakfast (egg box),32,864,864,27
07/01/2023,GRA,ST004,QAR,PRK.1083,Chkn Soup,19,2755,2755,145
07/01/2023,GRA,ST004,QAR,PRK.1087,Lentil Soup,20,3020,3020,151
07/01/2023,GRA,ST004,QAR,PRK.1089,Vegetable soup,16,1200,1200,75
07/01/2023,GRA,ST004,QAR,PRK.1113,Chkn Katsu Curry,45,9135,9135,203
07/01/2023,GRA,ST004,QAR,PRK.1115,Mushroom Pasta,40,3800,3800,95
07/01/2023,GRA,ST004,QAR,PRK.1119,Chicken Biryani,45,15435,15390,343
07/01/2023,GRA,ST004,QAR,PRK.1121,Chinese Sesame Chicken,40,7800,7800,195
07/01/2023,GRA,ST004,QAR,PRK.1127,Rock Shrimp,45,4770,4725,106
07/01/2023,GRA,ST004,QAR,PRK.1133,Lamb  Kabsa,45,11430,11295,254
07/01/2023,GRA,ST004,QAR,PRK.1140,Chicken Curry & Saffron r,43,7740,7740,180
07/01/2023,GRA,ST004,QAR,PRK.1141,CRAB BOWL,28,896,896,32
07/01/2023,GRA,ST004,QAR,PRK.1145,Yoghurt & Cucumber dip,12,720,720,60
07/01/2023,GRA,ST004,QAR,PRK.1146,Spicy Guacamole Pot,13,715,715,55
07/01/2023,GRA,ST004,QAR,PRK.1149,Edamame Pot,12,780,780,65
07/01/2023,GRA,ST004,QAR,PRK.1155,Classic hummus pot,18,36,36,2
07/01/2023,GRA,ST004,QAR,PRK.1159,Greek Tabbouleh,20,2040,1980,102
07/01/2023,GRA,ST004,QAR,PRK.1160,Egg pot,16,288,288,18
07/01/2023,GRA,ST004,QAR,PRK.1173,Choco Chia Energy Ball,30,1140,1110,38
07/01/2023,GRA,ST004,QAR,PRK.1175,Pecan Bars,14,574,574,41
07/01/2023,GRA,ST004,QAR,PRK.1177,Carrot Cake,15,390,375,26
07/01/2023,GRA,ST004,QAR,PRK.1181,Green Apple,2,60,60,30
07/01/2023,GRA,ST004,QAR,PRK.1182,Red Apple,2,28,28,14
07/01/2023,GRA,ST004,QAR,PRK.1183,Bannana,2,278,278,139
07/01/2023,GRA,ST004,QAR,PRK.1184,Watermelon,18,3420,3420,190
07/01/2023,GRA,ST004,QAR,PRK.1185,Pineapplemix,18,2538,2538,141
07/01/2023,GRA,ST004,QAR,PRK.1186,Mixed Berries,22,3344,3344,152
07/01/2023,GRA,ST004,QAR,PRK.1194,Lotus Cheesecake,15,825,810,55
07/01/2023,GRA,ST004,QAR,PRK.1196,Chia Blueberry Yodurt,24,984,984,41
07/01/2023,GRA,ST004,QAR,PRK.1201,Iced Flat White,18,252,252,14
07/01/2023,GRA,ST004,QAR,PRK.1203,Iced Spanish Latte,20,1760,1740,88
07/01/2023,GRA,ST004,QAR,PRK.1204,Iced Latte,18,540,540,30
07/01/2023,GRA,ST004,QAR,PRK.1205,Iced Americano,15,585,585,39
07/01/2023,GRA,ST004,QAR,PRK.1234,Pepperoni Pizza small,40,560,520,14
07/01/2023,GRA,ST004,QAR,PRK.1235,Margherita Pizza small,30,390,390,13
07/01/2023,GRA,ST004,QAR,PRK.1236,BBQ chicken Pizza small,35,280,280,8
07/01/2023,GRA,ST004,QAR,PRK.1262,Highland Still,5,2685,2625,537
07/01/2023,GRA,ST004,QAR,PRK.1265,Perrier Sparkling,9,1980,1980,220
07/01/2023,GRA,ST004,QAR,PRK.1291,Coke,5,800,790,160
07/01/2023,GRA,ST004,QAR,PRK.1292,Diet Coke,5,1205,1200,241
07/01/2023,GRA,ST004,QAR,PRK.1321,Mini Cup /Pina Colada,14,1106,1106,79
07/01/2023,GRA,ST004,QAR,PRK.1322,Regular Cup / Pina Colada,21,504,504,24
07/01/2023,GRA,ST004,QAR,PRK.1323,Large cup /Pina Colada,23,184,184,8
07/01/2023,GRA,ST004,QAR,PRK.1324,Mini Pina Colada/Topping,18,810,810,45
07/01/2023,GRA,ST004,QAR,PRK.1325,Regular Pina Colada/Toppi,26,806,806,31
07/01/2023,GRA,ST004,QAR,PRK.1326,Large Pina Colada/Topping,30,150,150,5
07/01/2023,GRA,ST004,QAR,PRK.1335,Cool Box,15,75,75,5
07/01/2023,GRA,ST004,QAR,PRK.1351,Espresso Single,12,204,180,17
07/01/2023,GRA,ST004,QAR,PRK.1353,Americano Hot,15,840,840,56
07/01/2023,GRA,ST004,QAR,PRK.1354,Flat White Hot,18,1440,1440,80
07/01/2023,GRA,ST004,QAR,PRK.1355,Cappucino,18,1332,1332,74
07/01/2023,GRA,ST004,QAR,PRK.1356,Cortado,18,828,828,46
07/01/2023,GRA,ST004,QAR,PRK.1358,Spanish Latte,20,1200,1180,60
07/01/2023,GRA,ST004,QAR,PRK.1359,Classic Mocha,25,175,175,7
07/01/2023,GRA,ST004,QAR,PRK.1360,Slated Caramel Mocha,25,250,250,10
07/01/2023,GRA,ST004,QAR,PRK.1362,Double Espresso,14,252,252,18
07/01/2023,GRA,ST004,QAR,PRK.1363,Latte Hot,18,1692,1692,94
07/01/2023,GRA,ST004,QAR,PRK.1364,English B/F,12,180,180,15
07/01/2023,GRA,ST004,QAR,PRK.1365,Green Tea,12,48,48,4
07/01/2023,GRA,ST004,QAR,PRK.1366,Earl Grey,12,60,60,5
07/01/2023,GRA,ST004,QAR,PRK.1367,Pepper Mint,12,60,60,5
07/01/2023,GRA,ST004,QAR,PRK.1371,Chamomile,12,132,132,11
07/01/2023,GRA,ST004,QAR,PRK.1372,Hot Cocoa,24,96,96,4
07/01/2023,GRA,ST004,QAR,PRK.1373,Hibiscus Iced tea,18,612,612,34
07/01/2023,GRA,ST004,QAR,PRK.1374,Peach Iced Tea,18,594,594,33
07/01/2023,GRA,ST004,QAR,PRK.1375,Matcha Latte,25,200,200,8
07/01/2023,GRA,ST004,QAR,PRK.1376,Cinnamon Latte,25,50,50,2
07/01/2023,GRA,ST004,QAR,PRK.1377,Fresh Milk,10,10,10,1
07/01/2023,GRA,ST004,QAR,PRK.1383,Watermelon & Coconut cool,20,20,20,1
07/01/2023,GRA,ST004,QAR,PRK.1386,Orange Juice,22,7018,7018,319
07/01/2023,GRA,ST004,QAR,PRK.1387,Carrot Juice,22,902,902,41
07/01/2023,GRA,ST004,QAR,PRK.1390,Morning Boost,24,1824,1824,76
07/01/2023,GRA,ST004,QAR,PRK.1392,Immune Boost,22,2332,2310,106
07/01/2023,GRA,ST004,QAR,PRK.1396,Ginger Aid Shot,18,3042,3042,169
07/01/2023,GRA,ST004,QAR,PRK.1402,Laban Drink,18,1098,1098,61
07/01/2023,GRA,ST004,QAR,PRK.1404,Green Boost Juice,24,1824,1824,76
07/01/2023,GRA,ST004,QAR,PRK.1406,Beetroot & Apple Juice,20,2880,2880,144
07/01/2023,GRA,ST004,QAR,PRK.1409,Turmeric wellness shot,16,1824,1824,114
07/01/2023,GRA,ST004,QAR,PRK.1412, Mini Cup Yogurt,14,1848,1848,132
07/01/2023,GRA,ST004,QAR,PRK.1413,Regular Cup Yogurt,21,756,756,36
07/01/2023,GRA,ST004,QAR,PRK.1416,Large Cup Yogurt,23,230,230,10
07/01/2023,GRA,ST004,QAR,PRK.1418, Mini Cup Yogurt/Topping,18,1314,1314,73
07/01/2023,GRA,ST004,QAR,PRK.1419,Reg Cup Yogurt/Toping,26,1430,1430,55
07/01/2023,GRA,ST004,QAR,PRK.1422,Large Cup Yogurt/Topping,30,240,240,8
07/01/2023,GRA,ST004,QAR,PRK.1429,Mini Mango Ice Cream,14,5068,5068,362
07/01/2023,GRA,ST004,QAR,PRK.1430,Regular Mango Ice Cream,21,2415,2415,115
07/01/2023,GRA,ST004,QAR,PRK.1431,Large Mango Ice Cream,23,460,460,20
07/01/2023,GRA,ST004,QAR,PRK.1432,Mini Mango Ice Cream/Topp,18,2862,2862,159
07/01/2023,GRA,ST004,QAR,PRK.1433,Reg Mango Ice cream/Topp,26,3276,3276,126
07/01/2023,GRA,ST004,QAR,PRK.1434,Large Mango Ice Cream/Top,30,360,360,12
07/01/2023,GRA,ST004,QAR,PRK.1464,Fresh Pineapple,3,12,12,4
07/01/2023,GRA,ST004,QAR,PRK.1474, Spaghetti Bolognese,45,2790,2790,62
07/01/2023,GRA,ST004,QAR,PRK.1475,Salmon with Cilantro Rice,65,9555,9555,147
07/01/2023,GRA,ST004,QAR,PRK.1476,Chicken Noodle Bowl,40,1680,1680,42
07/01/2023,GRA,ST004,QAR,PRK.1477,BBQ Steak,45,4365,4185,97
07/01/2023,GRA,ST004,QAR,PRK.1478,Rib eye Steak with Vegeta,55,9900,9625,180
07/01/2023,GRA,ST004,QAR,PRK.1479,Lasagne Pasta,45,1890,1890,42
07/01/2023,GRA,ST004,QAR,PRK.1480,Steak cajun potato,50,7150,7100,143
07/01/2023,GRA,ST004,QAR,PRK.1501,pomegranate,3,114,114,38
07/01/2023,GRA,ST004,QAR,PRK.1502,Strawberry,3,99,99,33
07/01/2023,GRA,ST004,QAR,PRK.1505,Salted Caramel,3,15,15,5
07/01/2023,GRA,ST004,QAR,PRK.1506,Pretzel,3,12,12,4
07/01/2023,GRA,ST004,QAR,PRK.1507,Crispy Crepe,3,45,45,15
07/01/2023,GRA,ST004,QAR,PRK.1508,Granola,3,60,60,20
07/01/2023,GRA,ST004,QAR,PRK.1509,Coconut Flakes,3,42,42,14
07/01/2023,GRA,ST004,QAR,PRK.1510,Crushed Graham,3,9,9,3
07/01/2023,GRA,ST004,QAR,PRK.1514,Dulce de Leche,3,3,3,1
07/01/2023,GRA,ST004,QAR,PRK.1520,Mixed Berries Sauce,3,9,9,3
07/01/2023,GRA,ST004,QAR,PRK.1521,Mango Sauce,3,6,6,2
07/01/2023,GRA,ST004,QAR,PRK.1523,Peanut Butter Sauce,3,27,27,9
07/01/2023,GRA,ST004,QAR,PRK.1527,Mango,3,45,45,15
07/01/2023,GRA,ST004,QAR,PRK.1528,Spicy Mayo,3,6,6,2
07/01/2023,GRA,ST004,QAR,PRK.1529,Raita,3,30,30,10
07/01/2023,GRA,ST004,QAR,PRK.1530,Chili Tomato Sauce,3,9,6,3
07/01/2023,GRA,ST004,QAR,PRK.1531,Power Shake,35,1295,1295,37
07/01/2023,GRA,ST004,QAR,PRK.1532,Peanut Power Shake,35,490,490,14
07/01/2023,GRA,ST004,QAR,PRK.1533,Pre-workout protein shak,45,45,45,1
07/01/2023,GRA,ST004,QAR,PRK.1534,Choco Power Shake,35,350,350,10
07/01/2023,GRA,ST004,QAR,PRK.1536,Energizer protine Shakes,45,2250,2250,50
07/01/2023,GRA,ST004,QAR,PRK.1538,Pre-workout shake,35,35,35,1
07/01/2023,GRA,ST004,QAR,PRK.1540,Energizer shakes,35,2555,2555,73
07/01/2023,GRA,ST004,QAR,PRK.1545,14oz Energizer protine,40,560,560,14
07/01/2023,GRA,ST004,QAR,PRK.1546,14oz Pre-workout shake,30,30,30,1
07/01/2023,GRA,ST004,QAR,PRK.1548,14oz Energizer shakes,30,540,540,18
07/01/2023,GRA,ST004,QAR,PRK.1550,Extra Protein,10,390,390,39
07/01/2023,GRA,ST004,QAR,PRK.1587,Supersize,45,90,90,2
07/01/2023,GRA,ST004,QAR,PRK.1588,Acai Small,35,4130,4130,118
07/01/2023,GRA,ST004,QAR,PRK.1589,Acai Large,40,2400,2400,60
07/01/2023,GRA,ST004,QAR,PRK.1592,Watermelon Coolex,24,1032,1032,43
07/01/2023,GRA,ST004,QAR,PRK.1593,Tropicana,24,1416,1368,59
07/01/2023,GRA,ST004,QAR,PRK.1621,Orange loaf,12,540,528,45
07/01/2023,GRA,ST004,QAR,PRK.1623,Brownie flavour cookies,10,930,930,93
07/01/2023,GRA,ST004,QAR,PRK.1628,Brownie bites,13,728,715,56
07/01/2023,GRA,ST004,QAR,PRK.1632,Turkey cheese roll,19,551,551,29
07/01/2023,GRA,ST004,QAR,PRK.1633,Spinach feta roll,18,270,270,15
07/01/2023,GRA,ST004,QAR,PRK.1634,Madeleine,12,732,732,61
07/01/2023,GRA,ST004,QAR,PRK.1651,■PB & Jam sourdough bread,18,432,432,24
07/01/2023,GRA,ST004,QAR,PRK.1655,Graze Oatmeal,30,2040,2010,68
07/01/2023,GRA,ST004,QAR,PRK.1681,Salted Caramel Mocha,24,264,264,11
07/01/2023,GRA,ST004,QAR,PRK.1682,■Matcha Frappe,26,416,416,16
07/01/2023,GRA,ST004,QAR,PRK.1711,Pomegranate Pot,18,972,972,54
07/01/2023,GRA,ST004,QAR,PRK.1712,Mango Peach Muesli Pot,24,624,624,26
07/01/2023,GRA,ST004,QAR,PRK.1713,Overnight oats PB&Jam,25,1675,1675,67
07/01/2023,GRA,ST004,QAR,PRK.1741,Spicy Tuna sandwich,26,2652,2652,102
07/01/2023,GRA,ST004,QAR,PRK.1742,Three cheese,22,1782,1782,81
07/01/2023,GRA,ST004,QAR,PRK.1743,Falafel and Labna,25,850,850,34
07/01/2023,GRA,ST004,QAR,PRK.1748,Chicken Shawarma,18,2916,2916,162
07/01/2023,GRA,ST004,QAR,PRK.1749,Tenderloin Beef Shawarma,22,1870,1870,85
07/01/2023,GRA,ST004,QAR,PRK.1750,Cream Cheese Roll,9,792,792,88
07/01/2023,GRA,ST004,QAR,PRK.1751,Egg Mayo Roll,9,1188,1188,132
07/01/2023,GRA,ST004,QAR,PRK.1752,Club sandwich,30,3990,3960,133
07/01/2023,GRA,ST004,QAR,PRK.1753,Slider Chicken Burger,38,2584,2584,68
07/01/2023,GRA,ST004,QAR,PRK.1754,Slider Beef Burger,39,2028,1950,52
07/01/2023,GRA,ST004,QAR,PRK.1771,Pistachio Arabeshi,5,920,920,184
07/01/2023,GRA,ST004,QAR,PRK.1772,Fresh Raspberry,5,515,515,103
07/01/2023,GRA,ST004,QAR,PRK.1773,Fresh blueberry,5,395,395,79
07/01/2023,GRA,ST004,QAR,PRK.1774,Chocolate Flakes,5,150,150,30
07/01/2023,GRA,ST004,QAR,PRK.1775,Honey Comb,5,80,80,16
07/01/2023,GRA,ST004,QAR,PRK.1776,Milk powder,3,36,36,12
07/01/2023,GRA,ST004,QAR,PRK.1831,Filtered Coffee,10,210,210,21
07/01/2023,GRA,ST004,QAR,PRK.1832,Fltrd Coffee w Plain Croi,19,133,114,7
07/01/2023,GRA,ST004,QAR,PRK.1833,Filtrd Coffee w  Zatar Cr,19,57,57,3
07/01/2023,GRA,ST004,QAR,PRK.1834,Filtrd Coffee w Cheese Cr,19,38,38,2
07/01/2023,GRA,ST004,QAR,PRK.4501,Full Fat Milk,0,0,0,2
07/01/2023,GRA,ST004,QAR,PRK.4502,Low Fat Milk,0,0,0,19
07/01/2023,GRA,ST004,QAR,PRK.4503,Almond Milk,2,128,128,64
07/01/2023,GRA,ST004,QAR,PRK.4504,Soya Milk,2,48,48,24
07/01/2023,GRA,ST004,QAR,PRK.4516,Decaf,0,0,0,1
07/01/2023,GRA,ST004,QAR,PRK.4517,Vanilla Flavor,0,0,0,2
07/01/2023,GRA,ST004,QAR,PRK.4520,hazelnut flavor,0,0,0,1
07/01/2023,GRA,ST004,QAR,PRK.4521,Oat Milk,2,26,26,13
07/01/2023,GRA,ST004,QAR,PRK.4522,Skimmed milk,2,6,6,3
07/01/2023,GRA,ST004,QAR,PRK.4523,Coconut Milk,2,28,28,14
07/01/2023,GRA,ST004,QAR,PRK.4531,w/ Granola,0,0,0,60
07/01/2023,GRA,ST004,QAR,PRK.4533,w/ Pretzel,0,0,0,22
07/01/2023,GRA,ST004,QAR,PRK.4534,w/ Coconut Flakes,0,0,0,38
07/01/2023,GRA,ST004,QAR,PRK.4535,w/ Crispy Crepe,0,0,0,54
07/01/2023,GRA,ST004,QAR,PRK.4537,w/ Mixed Berries Sauce,0,0,0,57
07/01/2023,GRA,ST004,QAR,PRK.4541,w/ Strawberry,0,0,0,120
07/01/2023,GRA,ST004,QAR,PRK.4543,w/ Salted Caramel,0,0,0,23
07/01/2023,GRA,ST004,QAR,PRK.4544,w/ Pomegranate,0,0,0,119
07/01/2023,GRA,ST004,QAR,PRK.4545,w/ Dulce de leche,0,0,0,13
07/01/2023,GRA,ST004,QAR,PRK.4549,w/ Mango Sauce,0,0,0,29
07/01/2023,GRA,ST004,QAR,PRK.4550,w/ Mango,0,0,0,243
07/01/2023,GRA,ST004,QAR,PRK.4551,w/ Peanut Butter Sauce,0,0,0,2
07/01/2023,GRA,ST004,QAR,PRK.4552,w/ Crushed Grahams,0,0,0,5
07/01/2023,GRA,ST004,QAR,PRK.4556,w/Kiwi Fruit,0,0,0,2
07/01/2023,GRA,ST004,QAR,PRK.4557,w/Lotus Biscut,0,0,0,10
07/01/2023,GRA,ST004,QAR,PRK.4558,w/Fresh Pineapple,0,0,0,9
07/01/2023,GRA,ST004,QAR,PRK.4561,MIXED FROZEN YOGURT,0,0,0,27
07/01/2023,GRA,ST004,QAR,PRK.4562,MIXED MANGO YOGURT,0,0,0,16
