DATE,BRANCHCODE,WAREHOUSECODE,CURRENCY,ERPCODE,ITEMNAME,RAWPRICE,GROSSAMT,NETVALUE,QTYSOLD
01/01/2023,GRA,ST004,QAR,PRK.902,Granola,55,1155,1100,21
01/01/2023,GRA,ST004,QAR,PRK.903,Graze Spicy  Mix,55,55,55,1
01/01/2023,GRA,ST004,QAR,PRK.904,Graze House Mix,55,55,55,1
01/01/2023,GRA,ST004,QAR,PRK.907,Zaatar Chips,6,468,468,78
01/01/2023,GRA,ST004,QAR,PRK.909,Spicy Pesto Chips,6,372,366,62
01/01/2023,GRA,ST004,QAR,PRK.910,Graze Spicy Mix Sml,25,975,975,39
01/01/2023,GRA,ST004,QAR,PRK.911,Graze House Mix Sml,25,1050,1050,42
01/01/2023,GRA,ST004,QAR,PRK.937,Baby Mozzarella Salad	,45,4320,4320,96
01/01/2023,GRA,ST004,QAR,PRK.938,4 Grain Salad with Beetro,55,3465,3410,63
01/01/2023,GRA,ST004,QAR,PRK.939,Steak Salad with Green Sa,55,5170,5115,94
01/01/2023,GRA,ST004,QAR,PRK.961,Extra cheese,5,20,20,4
01/01/2023,GRA,ST004,QAR,PRK.962,Extra flavor,3,45,45,15
01/01/2023,GRA,ST004,QAR,PRK.994,Crsnt w Egg/Avaca/ SunTom,24,4464,4440,186
01/01/2023,GRA,ST004,QAR,PRK.995,Egg Burrito,20,3740,3720,187
01/01/2023,GRA,ST004,QAR,PRK.996,Blueberry Granola parfait,25,3800,3800,152
01/01/2023,GRA,ST004,QAR,PRK.997,Yog Dates Chia Pista Alm,22,3410,3410,155
01/01/2023,GRA,ST004,QAR,PRK.1003,Cheese Croissant,16,912,912,57
01/01/2023,GRA,ST004,QAR,PRK.1007,Zatar Croissant,16,1136,1104,71
01/01/2023,GRA,ST004,QAR,PRK.1010,Tomato Puff Pastry,16,1472,1472,92
01/01/2023,GRA,ST004,QAR,PRK.1012,Three Berry Yogurt & Date,25,1475,1475,59
01/01/2023,GRA,ST004,QAR,PRK.1015,Kiri Cheese Danish,14,1092,1078,78
01/01/2023,GRA,ST004,QAR,PRK.1016,Plain Croissant,10,530,530,53
01/01/2023,GRA,ST004,QAR,PRK.1021,Shirazi Salad,12,1296,1284,108
01/01/2023,GRA,ST004,QAR,PRK.1023,Falafel Salad,45,5040,4995,112
01/01/2023,GRA,ST004,QAR,PRK.1024,Quinoa Swt potato Salad,40,2480,2480,62
01/01/2023,GRA,ST004,QAR,PRK.1027,Mex Chkn Chilli Bean Sld,40,5880,5880,147
01/01/2023,GRA,ST004,QAR,PRK.1029,Burrata Salad,50,400,400,8
01/01/2023,GRA,ST004,QAR,PRK.1031,Teriyaki GRAZE Salmn,55,14410,14355,262
01/01/2023,GRA,ST004,QAR,PRK.1039,Keto Chicken Salad,40,7520,7440,188
01/01/2023,GRA,ST004,QAR,PRK.1046,Greek Salad,30,2700,2700,90
01/01/2023,GRA,ST004,QAR,PRK.1048,Mexican  Caesar Salad chk,39,10530,10530,270
01/01/2023,GRA,ST004,QAR,PRK.1049,ROCCA SALAD,22,1364,1364,62
01/01/2023,GRA,ST004,QAR,PRK.1052,Smoke Turkey Sandwich,34,10302,10234,303
01/01/2023,GRA,ST004,QAR,PRK.1054,lemon&Rosemary Chkn,36,13212,12996,367
01/01/2023,GRA,ST004,QAR,PRK.1057,Steak & Philly Chz SW,32,3744,3744,117
01/01/2023,GRA,ST004,QAR,PRK.1063,Egg Mayo with Rocket,20,1900,1860,95
01/01/2023,GRA,ST004,QAR,PRK.1068,Crispy Chicken Bun,24,2568,2544,107
01/01/2023,GRA,ST004,QAR,PRK.1070,Chicken Pesto & Mozzarell,32,2656,2624,83
01/01/2023,GRA,ST004,QAR,PRK.1075,Avocado Toast,40,2440,2400,61
01/01/2023,GRA,ST004,QAR,PRK.1077,Spicy Halloumi,38,4332,4294,114
01/01/2023,GRA,ST004,QAR,PRK.1078,Graze Breakfast (egg box),32,1856,1856,58
01/01/2023,GRA,ST004,QAR,PRK.1083,Chkn Soup,19,7163,7163,377
01/01/2023,GRA,ST004,QAR,PRK.1087,Lentil Soup,20,8080,8020,404
01/01/2023,GRA,ST004,QAR,PRK.1089,Vegetable soup,16,2832,2784,177
01/01/2023,GRA,ST004,QAR,PRK.1090,Tom kha soup,28,1372,1288,49
01/01/2023,GRA,ST004,QAR,PRK.1113,Chkn Katsu Curry,45,11565,11520,257
01/01/2023,GRA,ST004,QAR,PRK.1115,Mushroom Pasta,40,5040,5040,126
01/01/2023,GRA,ST004,QAR,PRK.1118,Steak With Mushroom Sauce,45,3690,3690,82
01/01/2023,GRA,ST004,QAR,PRK.1119,Chicken Biryani,45,16110,15975,358
01/01/2023,GRA,ST004,QAR,PRK.1121,Chinese Sesame Chicken,40,11480,11440,287
01/01/2023,GRA,ST004,QAR,PRK.1127,Rock Shrimp,45,4680,4680,104
01/01/2023,GRA,ST004,QAR,PRK.1133,Lamb  Kabsa,45,10350,10170,230
01/01/2023,GRA,ST004,QAR,PRK.1140,Chicken Curry & Saffron r,43,7740,7740,180
01/01/2023,GRA,ST004,QAR,PRK.1141,CRAB BOWL,28,784,756,28
01/01/2023,GRA,ST004,QAR,PRK.1145,Yoghurt & Cucumber dip,12,456,456,38
01/01/2023,GRA,ST004,QAR,PRK.1146,Spicy Guacamole Pot,13,910,910,70
01/01/2023,GRA,ST004,QAR,PRK.1149,Edamame Pot,12,732,732,61
01/01/2023,GRA,ST004,QAR,PRK.1155,Classic hummus pot,18,306,306,17
01/01/2023,GRA,ST004,QAR,PRK.1159,Greek Tabbouleh,20,1420,1420,71
01/01/2023,GRA,ST004,QAR,PRK.1160,Egg pot,16,384,384,24
01/01/2023,GRA,ST004,QAR,PRK.1173,Choco Chia Energy Ball,30,1080,1020,36
01/01/2023,GRA,ST004,QAR,PRK.1175,Pecan Bars,14,784,784,56
01/01/2023,GRA,ST004,QAR,PRK.1177,Carrot Cake,15,960,930,64
01/01/2023,GRA,ST004,QAR,PRK.1181,Green Apple,2,36,36,18
01/01/2023,GRA,ST004,QAR,PRK.1182,Red Apple,2,62,62,31
01/01/2023,GRA,ST004,QAR,PRK.1183,Bannana,2,388,388,194
01/01/2023,GRA,ST004,QAR,PRK.1184,Watermelon,18,2628,2628,146
01/01/2023,GRA,ST004,QAR,PRK.1185,Pineapplemix,18,2934,2934,163
01/01/2023,GRA,ST004,QAR,PRK.1186,Mixed Berries,22,4774,4774,217
01/01/2023,GRA,ST004,QAR,PRK.1194,Lotus Cheesecake,15,1320,1320,88
01/01/2023,GRA,ST004,QAR,PRK.1196,Chia Blueberry Yodurt,24,1440,1440,60
01/01/2023,GRA,ST004,QAR,PRK.1201,Iced Flat White,18,90,90,5
01/01/2023,GRA,ST004,QAR,PRK.1203,Iced Spanish Latte,20,980,980,49
01/01/2023,GRA,ST004,QAR,PRK.1204,Iced Latte,18,414,414,23
01/01/2023,GRA,ST004,QAR,PRK.1205,Iced Americano,15,630,630,42
01/01/2023,GRA,ST004,QAR,PRK.1234,Pepperoni Pizza small,40,480,480,12
01/01/2023,GRA,ST004,QAR,PRK.1235,Margherita Pizza small,30,420,420,14
01/01/2023,GRA,ST004,QAR,PRK.1236,BBQ chicken Pizza small,35,420,420,12
01/01/2023,GRA,ST004,QAR,PRK.1262,Highland Still,5,3030,2970,606
01/01/2023,GRA,ST004,QAR,PRK.1265,Perrier Sparkling,9,1476,1476,164
01/01/2023,GRA,ST004,QAR,PRK.1291,Coke,5,655,630,131
01/01/2023,GRA,ST004,QAR,PRK.1292,Diet Coke,5,2410,2410,482
01/01/2023,GRA,ST004,QAR,PRK.1351,Espresso Single,12,504,432,42
01/01/2023,GRA,ST004,QAR,PRK.1353,Americano Hot,15,3570,3540,238
01/01/2023,GRA,ST004,QAR,PRK.1354,Flat White Hot,18,3546,3546,197
01/01/2023,GRA,ST004,QAR,PRK.1355,Cappucino,18,5112,5112,284
01/01/2023,GRA,ST004,QAR,PRK.1356,Cortado,18,720,720,40
01/01/2023,GRA,ST004,QAR,PRK.1358,Spanish Latte,20,2720,2720,136
01/01/2023,GRA,ST004,QAR,PRK.1359,Classic Mocha,25,875,875,35
01/01/2023,GRA,ST004,QAR,PRK.1360,Slated Caramel Mocha,25,1250,1250,50
01/01/2023,GRA,ST004,QAR,PRK.1362,Double Espresso,14,392,392,28
01/01/2023,GRA,ST004,QAR,PRK.1363,Latte Hot,18,3528,3528,196
01/01/2023,GRA,ST004,QAR,PRK.1364,English B/F,12,324,324,27
01/01/2023,GRA,ST004,QAR,PRK.1365,Green Tea,12,132,132,11
01/01/2023,GRA,ST004,QAR,PRK.1366,Earl Grey,12,180,180,15
01/01/2023,GRA,ST004,QAR,PRK.1367,Pepper Mint,12,48,48,4
01/01/2023,GRA,ST004,QAR,PRK.1368,Lemon Grass/ Ginger,12,108,108,9
01/01/2023,GRA,ST004,QAR,PRK.1369,Jasmine,12,156,156,13
01/01/2023,GRA,ST004,QAR,PRK.1370,Habiscuss & Black Currant,12,24,24,2
01/01/2023,GRA,ST004,QAR,PRK.1371,Chamomile,12,192,192,16
01/01/2023,GRA,ST004,QAR,PRK.1372,Hot Cocoa,24,2856,2856,119
01/01/2023,GRA,ST004,QAR,PRK.1373,Hibiscus Iced tea,18,1116,1116,62
01/01/2023,GRA,ST004,QAR,PRK.1374,Peach Iced Tea,18,486,486,27
01/01/2023,GRA,ST004,QAR,PRK.1375,Matcha Latte,25,575,575,23
01/01/2023,GRA,ST004,QAR,PRK.1376,Cinnamon Latte,25,500,500,20
01/01/2023,GRA,ST004,QAR,PRK.1386,Orange Juice,22,8800,8800,400
01/01/2023,GRA,ST004,QAR,PRK.1387,Carrot Juice,22,616,616,28
01/01/2023,GRA,ST004,QAR,PRK.1390,Morning Boost,24,2880,2880,120
01/01/2023,GRA,ST004,QAR,PRK.1392,Immune Boost,22,2948,2948,134
01/01/2023,GRA,ST004,QAR,PRK.1396,Ginger Aid Shot,18,5724,5688,318
01/01/2023,GRA,ST004,QAR,PRK.1402,Laban Drink,18,1332,1332,74
01/01/2023,GRA,ST004,QAR,PRK.1404,Green Boost Juice,24,1536,1536,64
01/01/2023,GRA,ST004,QAR,PRK.1406,Beetroot & Apple Juice,20,2420,2420,121
01/01/2023,GRA,ST004,QAR,PRK.1409,Turmeric wellness shot,16,2528,2512,158
01/01/2023,GRA,ST004,QAR,PRK.1412, Mini Cup Yogurt,14,1596,1596,114
01/01/2023,GRA,ST004,QAR,PRK.1413,Regular Cup Yogurt,21,1218,1218,58
01/01/2023,GRA,ST004,QAR,PRK.1416,Large Cup Yogurt,23,138,138,6
01/01/2023,GRA,ST004,QAR,PRK.1418, Mini Cup Yogurt/Topping,18,1440,1422,80
01/01/2023,GRA,ST004,QAR,PRK.1419,Reg Cup Yogurt/Toping,26,936,936,36
01/01/2023,GRA,ST004,QAR,PRK.1422,Large Cup Yogurt/Topping,30,90,90,3
01/01/2023,GRA,ST004,QAR,PRK.1429,Mini Mango Ice Cream,14,3514,3514,251
01/01/2023,GRA,ST004,QAR,PRK.1430,Regular Mango Ice Cream,21,1407,1407,67
01/01/2023,GRA,ST004,QAR,PRK.1431,Large Mango Ice Cream,23,667,667,29
01/01/2023,GRA,ST004,QAR,PRK.1432,Mini Mango Ice Cream/Topp,18,1350,1350,75
01/01/2023,GRA,ST004,QAR,PRK.1433,Reg Mango Ice cream/Topp,26,1690,1690,65
01/01/2023,GRA,ST004,QAR,PRK.1434,Large Mango Ice Cream/Top,30,270,270,9
01/01/2023,GRA,ST004,QAR,PRK.1464,Fresh Pineapple,3,3,3,1
01/01/2023,GRA,ST004,QAR,PRK.1470,Lotus Biscuit,3,27,27,9
01/01/2023,GRA,ST004,QAR,PRK.1474, Spaghetti Bolognese,45,2835,2790,63
01/01/2023,GRA,ST004,QAR,PRK.1475,Salmon with Cilantro Rice,65,6240,6240,96
01/01/2023,GRA,ST004,QAR,PRK.1476,Chicken Noodle Bowl,40,3440,3400,86
01/01/2023,GRA,ST004,QAR,PRK.1477,BBQ Steak,45,6705,6480,149
01/01/2023,GRA,ST004,QAR,PRK.1478,Rib eye Steak with Vegeta,55,9130,9020,166
01/01/2023,GRA,ST004,QAR,PRK.1479,Lasagne Pasta,45,3915,3870,87
01/01/2023,GRA,ST004,QAR,PRK.1480,Steak cajun potato,50,4700,4550,94
01/01/2023,GRA,ST004,QAR,PRK.1501,pomegranate,3,90,90,30
01/01/2023,GRA,ST004,QAR,PRK.1502,Strawberry,3,171,171,57
01/01/2023,GRA,ST004,QAR,PRK.1505,Salted Caramel,3,39,39,13
01/01/2023,GRA,ST004,QAR,PRK.1506,Pretzel,3,3,3,1
01/01/2023,GRA,ST004,QAR,PRK.1507,Crispy Crepe,3,69,69,23
01/01/2023,GRA,ST004,QAR,PRK.1508,Granola,3,69,69,23
01/01/2023,GRA,ST004,QAR,PRK.1509,Coconut Flakes,3,72,72,24
01/01/2023,GRA,ST004,QAR,PRK.1510,Crushed Graham,3,24,24,8
01/01/2023,GRA,ST004,QAR,PRK.1514,Dulce de Leche,3,24,24,8
01/01/2023,GRA,ST004,QAR,PRK.1520,Mixed Berries Sauce,3,12,12,4
01/01/2023,GRA,ST004,QAR,PRK.1521,Mango Sauce,3,9,9,3
01/01/2023,GRA,ST004,QAR,PRK.1523,Peanut Butter Sauce,3,15,15,5
01/01/2023,GRA,ST004,QAR,PRK.1527,Mango,3,141,141,47
01/01/2023,GRA,ST004,QAR,PRK.1531,Power Shake,35,630,630,18
01/01/2023,GRA,ST004,QAR,PRK.1532,Peanut Power Shake,35,770,770,22
01/01/2023,GRA,ST004,QAR,PRK.1533,Pre-workout protein shak,45,135,135,3
01/01/2023,GRA,ST004,QAR,PRK.1534,Choco Power Shake,35,105,105,3
01/01/2023,GRA,ST004,QAR,PRK.1536,Energizer protine Shakes,45,3870,3870,86
01/01/2023,GRA,ST004,QAR,PRK.1540,Energizer shakes,35,700,700,20
01/01/2023,GRA,ST004,QAR,PRK.1542,14oz Pre-work out Protein,40,80,80,2
01/01/2023,GRA,ST004,QAR,PRK.1545,14oz Energizer protine,40,520,520,13
01/01/2023,GRA,ST004,QAR,PRK.1548,14oz Energizer shakes,30,330,330,11
01/01/2023,GRA,ST004,QAR,PRK.1550,Extra Protein,10,210,210,21
01/01/2023,GRA,ST004,QAR,PRK.1588,Acai Small,35,3710,3710,106
01/01/2023,GRA,ST004,QAR,PRK.1589,Acai Large,40,1560,1560,39
01/01/2023,GRA,ST004,QAR,PRK.1590, Peanut Choco Ice Cream,30,1440,1440,48
01/01/2023,GRA,ST004,QAR,PRK.1621,Orange loaf,12,1032,1032,86
01/01/2023,GRA,ST004,QAR,PRK.1623,Brownie flavour cookies,10,1670,1670,167
01/01/2023,GRA,ST004,QAR,PRK.1628,Brownie bites,13,1391,1391,107
01/01/2023,GRA,ST004,QAR,PRK.1632,Turkey cheese roll,19,1159,1159,61
01/01/2023,GRA,ST004,QAR,PRK.1633,Spinach feta roll,18,1098,1080,61
01/01/2023,GRA,ST004,QAR,PRK.1634,Madeleine,12,1536,1536,128
01/01/2023,GRA,ST004,QAR,PRK.1635,Poppy Lemon seeds,12,1032,1032,86
01/01/2023,GRA,ST004,QAR,PRK.1651,■PB & Jam sourdough bread,18,702,702,39
01/01/2023,GRA,ST004,QAR,PRK.1652,■Italian Poached Eggs,32,160,160,5
01/01/2023,GRA,ST004,QAR,PRK.1655,Graze Oatmeal,30,3930,3930,131
01/01/2023,GRA,ST004,QAR,PRK.1681,Salted Caramel Mocha,24,216,216,9
01/01/2023,GRA,ST004,QAR,PRK.1682,■Matcha Frappe,26,234,234,9
01/01/2023,GRA,ST004,QAR,PRK.1711,Pomegranate Pot,18,864,864,48
01/01/2023,GRA,ST004,QAR,PRK.1712,Mango Peach Muesli Pot,24,312,312,13
01/01/2023,GRA,ST004,QAR,PRK.1713,Overnight oats PB&Jam,25,2075,2075,83
01/01/2023,GRA,ST004,QAR,PRK.1741,Spicy Tuna sandwich,26,3718,3666,143
01/01/2023,GRA,ST004,QAR,PRK.1742,Three cheese,22,3278,3278,149
01/01/2023,GRA,ST004,QAR,PRK.1743,Falafel and Labna,25,1375,1375,55
01/01/2023,GRA,ST004,QAR,PRK.1747,BEEF BURGER,35,455,455,13
01/01/2023,GRA,ST004,QAR,PRK.1748,Chicken Shawarma,18,5652,5616,314
01/01/2023,GRA,ST004,QAR,PRK.1749,Tenderloin Beef Shawarma,22,3454,3432,157
01/01/2023,GRA,ST004,QAR,PRK.1750,Cream Cheese Roll,9,828,828,92
01/01/2023,GRA,ST004,QAR,PRK.1751,Egg Mayo Roll,9,1737,1719,193
01/01/2023,GRA,ST004,QAR,PRK.1752,Club sandwich,30,3060,3000,102
01/01/2023,GRA,ST004,QAR,PRK.1771,Pistachio Arabeshi,5,585,585,117
01/01/2023,GRA,ST004,QAR,PRK.1772,Fresh Raspberry,5,405,405,81
01/01/2023,GRA,ST004,QAR,PRK.1773,Fresh blueberry,5,365,365,73
01/01/2023,GRA,ST004,QAR,PRK.1774,Chocolate Flakes,5,160,160,32
01/01/2023,GRA,ST004,QAR,PRK.1775,Honey Comb,5,50,45,10
01/01/2023,GRA,ST004,QAR,PRK.1776,Milk powder,3,36,36,12
01/01/2023,GRA,ST004,QAR,PRK.4501,Full Fat Milk,0,0,0,2
01/01/2023,GRA,ST004,QAR,PRK.4502,Low Fat Milk,0,0,0,21
01/01/2023,GRA,ST004,QAR,PRK.4503,Almond Milk,2,300,300,150
01/01/2023,GRA,ST004,QAR,PRK.4504,Soya Milk,2,76,76,38
01/01/2023,GRA,ST004,QAR,PRK.4506,More Sweet,0,0,0,2
01/01/2023,GRA,ST004,QAR,PRK.4516,Decaf,0,0,0,14
01/01/2023,GRA,ST004,QAR,PRK.4517,Vanilla Flavor,0,0,0,1
01/01/2023,GRA,ST004,QAR,PRK.4519,caramel flavor,0,0,0,3
01/01/2023,GRA,ST004,QAR,PRK.4520,hazelnut flavor,0,0,0,2
01/01/2023,GRA,ST004,QAR,PRK.4521,Oat Milk,2,54,54,27
01/01/2023,GRA,ST004,QAR,PRK.4523,Coconut Milk,2,18,18,9
01/01/2023,GRA,ST004,QAR,PRK.4531,w/ Granola,0,0,0,45
01/01/2023,GRA,ST004,QAR,PRK.4533,w/ Pretzel,0,0,0,6
01/01/2023,GRA,ST004,QAR,PRK.4534,w/ Coconut Flakes,0,0,0,25
01/01/2023,GRA,ST004,QAR,PRK.4535,w/ Crispy Crepe,0,0,0,71
01/01/2023,GRA,ST004,QAR,PRK.4537,w/ Mixed Berries Sauce,0,0,0,9
01/01/2023,GRA,ST004,QAR,PRK.4541,w/ Strawberry,0,0,0,135
01/01/2023,GRA,ST004,QAR,PRK.4543,w/ Salted Caramel,0,0,0,8
01/01/2023,GRA,ST004,QAR,PRK.4544,w/ Pomegranate,0,0,0,107
01/01/2023,GRA,ST004,QAR,PRK.4545,w/ Dulce de leche,0,0,0,10
01/01/2023,GRA,ST004,QAR,PRK.4549,w/ Mango Sauce,0,0,0,17
01/01/2023,GRA,ST004,QAR,PRK.4550,w/ Mango,0,0,0,185
01/01/2023,GRA,ST004,QAR,PRK.4551,w/ Peanut Butter Sauce,0,0,0,32
01/01/2023,GRA,ST004,QAR,PRK.4552,w/ Crushed Grahams,0,0,0,11
01/01/2023,GRA,ST004,QAR,PRK.4557,w/Lotus Biscut,0,0,0,25
01/01/2023,GRA,ST004,QAR,PRK.4558,w/Fresh Pineapple,0,0,0,7
01/01/2023,GRA,ST004,QAR,PRK.4561,MIXED FROZEN YOGURT,0,0,0,45
01/01/2023,GRA,ST004,QAR,PRK.4562,MIXED MANGO YOGURT,0,0,0,19
