DATE,BRANCHCODE,WAREHOUSECODE,CURRENCY,ERPCODE,ITEMNAME,RAWPRICE,GROSSAMT,NETVALUE,QTYSOLD
06/01/2023,GRA,ST004,QAR,PRK.902,Granola,55,770,770,14
06/01/2023,GRA,ST004,QAR,PRK.903,Graze Spicy  Mix,55,55,55,1
06/01/2023,GRA,ST004,QAR,PRK.904,Graze House Mix,55,275,275,5
06/01/2023,GRA,ST004,QAR,PRK.907,Zaatar Chips,6,324,324,54
06/01/2023,GRA,ST004,QAR,PRK.909,Spicy Pesto Chips,6,348,348,58
06/01/2023,GRA,ST004,QAR,PRK.910,Graze Spicy Mix Sml,25,750,750,30
06/01/2023,GRA,ST004,QAR,PRK.911,Graze House Mix Sml,25,1325,1325,53
06/01/2023,GRA,ST004,QAR,PRK.937,Baby Mozzarella Salad	,45,2250,2250,50
06/01/2023,GRA,ST004,QAR,PRK.938,4 Grain Salad with Beetro,55,2915,2915,53
06/01/2023,GRA,ST004,QAR,PRK.939,Steak Salad with Green Sa,55,4455,4400,81
06/01/2023,GRA,ST004,QAR,PRK.961,Extra cheese,5,35,35,7
06/01/2023,GRA,ST004,QAR,PRK.962,Extra flavor,3,24,24,8
06/01/2023,GRA,ST004,QAR,PRK.994,Crsnt w Egg/Avaca/ SunTom,24,3552,3552,148
06/01/2023,GRA,ST004,QAR,PRK.995,Egg Burrito,20,2900,2900,145
06/01/2023,GRA,ST004,QAR,PRK.996,Blueberry Granola parfait,25,3225,3225,129
06/01/2023,GRA,ST004,QAR,PRK.997,Yog Dates Chia Pista Alm,22,2310,2288,105
06/01/2023,GRA,ST004,QAR,PRK.1003,Cheese Croissant,16,64,64,4
06/01/2023,GRA,ST004,QAR,PRK.1007,Zatar Croissant,16,688,624,43
06/01/2023,GRA,ST004,QAR,PRK.1010,Tomato Puff Pastry,16,976,976,61
06/01/2023,GRA,ST004,QAR,PRK.1012,Three Berry Yogurt & Date,25,1100,1100,44
06/01/2023,GRA,ST004,QAR,PRK.1015,Kiri Cheese Danish,14,1176,1176,84
06/01/2023,GRA,ST004,QAR,PRK.1016,Plain Croissant,10,560,490,56
06/01/2023,GRA,ST004,QAR,PRK.1021,Shirazi Salad,12,1932,1908,161
06/01/2023,GRA,ST004,QAR,PRK.1023,Falafel Salad,45,5220,5220,116
06/01/2023,GRA,ST004,QAR,PRK.1024,Quinoa Swt potato Salad,40,2000,1960,50
06/01/2023,GRA,ST004,QAR,PRK.1027,Mex Chkn Chilli Bean Sld,40,7040,6960,176
06/01/2023,GRA,ST004,QAR,PRK.1031,Teriyaki GRAZE Salmn,55,12925,12705,235
06/01/2023,GRA,ST004,QAR,PRK.1039,Keto Chicken Salad,40,5880,5880,147
06/01/2023,GRA,ST004,QAR,PRK.1046,Greek Salad,30,1560,1560,52
06/01/2023,GRA,ST004,QAR,PRK.1048,Mexican  Caesar Salad chk,39,9672,9545.25,248
06/01/2023,GRA,ST004,QAR,PRK.1049,ROCCA SALAD,22,1496,1496,68
06/01/2023,GRA,ST004,QAR,PRK.1052,Smoke Turkey Sandwich,34,7106,7106,209
06/01/2023,GRA,ST004,QAR,PRK.1054,lemon&Rosemary Chkn,36,12240,12204,340
06/01/2023,GRA,ST004,QAR,PRK.1057,Steak & Philly Chz SW,32,3392,3392,106
06/01/2023,GRA,ST004,QAR,PRK.1063,Egg Mayo with Rocket,20,1460,1460,73
06/01/2023,GRA,ST004,QAR,PRK.1068,Crispy Chicken Bun,24,816,816,34
06/01/2023,GRA,ST004,QAR,PRK.1075,Avocado Toast,40,1760,1760,44
06/01/2023,GRA,ST004,QAR,PRK.1077,Spicy Halloumi,38,4104,4104,108
06/01/2023,GRA,ST004,QAR,PRK.1078,Graze Breakfast (egg box),32,1568,1568,49
06/01/2023,GRA,ST004,QAR,PRK.1083,Chkn Soup,19,2907,2888,153
06/01/2023,GRA,ST004,QAR,PRK.1087,Lentil Soup,20,4220,4180,211
06/01/2023,GRA,ST004,QAR,PRK.1089,Vegetable soup,16,1232,1200,77
06/01/2023,GRA,ST004,QAR,PRK.1113,Chkn Katsu Curry,45,10350,10350,230
06/01/2023,GRA,ST004,QAR,PRK.1115,Mushroom Pasta,40,4400,4400,110
06/01/2023,GRA,ST004,QAR,PRK.1119,Chicken Biryani,45,15345,15264,341
06/01/2023,GRA,ST004,QAR,PRK.1121,Chinese Sesame Chicken,40,7640,7468,191
06/01/2023,GRA,ST004,QAR,PRK.1127,Rock Shrimp,45,6255,6255,139
06/01/2023,GRA,ST004,QAR,PRK.1133,Lamb  Kabsa,45,10935,10755,243
06/01/2023,GRA,ST004,QAR,PRK.1140,Chicken Curry & Saffron r,43,8299,8299,193
06/01/2023,GRA,ST004,QAR,PRK.1141,CRAB BOWL,28,700,672,25
06/01/2023,GRA,ST004,QAR,PRK.1145,Yoghurt & Cucumber dip,12,852,852,71
06/01/2023,GRA,ST004,QAR,PRK.1146,Spicy Guacamole Pot,13,1092,1092,84
06/01/2023,GRA,ST004,QAR,PRK.1149,Edamame Pot,12,816,816,68
06/01/2023,GRA,ST004,QAR,PRK.1155,Classic hummus pot,18,180,180,10
06/01/2023,GRA,ST004,QAR,PRK.1159,Greek Tabbouleh,20,2160,2160,108
06/01/2023,GRA,ST004,QAR,PRK.1160,Egg pot,16,368,368,23
06/01/2023,GRA,ST004,QAR,PRK.1173,Choco Chia Energy Ball,30,1500,1470,50
06/01/2023,GRA,ST004,QAR,PRK.1175,Pecan Bars,14,854,854,61
06/01/2023,GRA,ST004,QAR,PRK.1177,Carrot Cake,15,645,645,43
06/01/2023,GRA,ST004,QAR,PRK.1181,Green Apple,2,62,62,31
06/01/2023,GRA,ST004,QAR,PRK.1182,Red Apple,2,82,82,41
06/01/2023,GRA,ST004,QAR,PRK.1183,Bannana,2,268,268,134
06/01/2023,GRA,ST004,QAR,PRK.1184,Watermelon,18,3888,3888,216
06/01/2023,GRA,ST004,QAR,PRK.1185,Pineapplemix,18,3078,3078,171
06/01/2023,GRA,ST004,QAR,PRK.1186,Mixed Berries,22,3608,3608,164
06/01/2023,GRA,ST004,QAR,PRK.1194,Lotus Cheesecake,15,1005,1005,67
06/01/2023,GRA,ST004,QAR,PRK.1196,Chia Blueberry Yodurt,24,1152,1152,48
06/01/2023,GRA,ST004,QAR,PRK.1201,Iced Flat White,18,216,216,12
06/01/2023,GRA,ST004,QAR,PRK.1203,Iced Spanish Latte,20,1760,1760,88
06/01/2023,GRA,ST004,QAR,PRK.1204,Iced Latte,18,522,522,29
06/01/2023,GRA,ST004,QAR,PRK.1205,Iced Americano,15,1380,1365,92
06/01/2023,GRA,ST004,QAR,PRK.1234,Pepperoni Pizza small,40,400,400,10
06/01/2023,GRA,ST004,QAR,PRK.1235,Margherita Pizza small,30,180,180,6
06/01/2023,GRA,ST004,QAR,PRK.1236,BBQ chicken Pizza small,35,385,385,11
06/01/2023,GRA,ST004,QAR,PRK.1262,Highland Still,5,3240,3223.75,648
06/01/2023,GRA,ST004,QAR,PRK.1265,Perrier Sparkling,9,1656,1656,184
06/01/2023,GRA,ST004,QAR,PRK.1291,Coke,5,900,895,180
06/01/2023,GRA,ST004,QAR,PRK.1292,Diet Coke,5,1775,1760,355
06/01/2023,GRA,ST004,QAR,PRK.1321,Mini Cup /Pina Colada,14,1344,1344,96
06/01/2023,GRA,ST004,QAR,PRK.1322,Regular Cup / Pina Colada,21,966,966,46
06/01/2023,GRA,ST004,QAR,PRK.1323,Large cup /Pina Colada,23,92,92,4
06/01/2023,GRA,ST004,QAR,PRK.1324,Mini Pina Colada/Topping,18,990,972,55
06/01/2023,GRA,ST004,QAR,PRK.1325,Regular Pina Colada/Toppi,26,936,936,36
06/01/2023,GRA,ST004,QAR,PRK.1326,Large Pina Colada/Topping,30,120,120,4
06/01/2023,GRA,ST004,QAR,PRK.1334,Stay Home w/Graze M12 X1,240,240,240,1
06/01/2023,GRA,ST004,QAR,PRK.1335,Cool Box,15,105,105,7
06/01/2023,GRA,ST004,QAR,PRK.1351,Espresso Single,12,324,300,27
06/01/2023,GRA,ST004,QAR,PRK.1353,Americano Hot,15,1410,1410,94
06/01/2023,GRA,ST004,QAR,PRK.1354,Flat White Hot,18,1440,1440,80
06/01/2023,GRA,ST004,QAR,PRK.1355,Cappucino,18,1818,1818,101
06/01/2023,GRA,ST004,QAR,PRK.1356,Cortado,18,684,684,38
06/01/2023,GRA,ST004,QAR,PRK.1358,Spanish Latte,20,1820,1820,91
06/01/2023,GRA,ST004,QAR,PRK.1359,Classic Mocha,25,150,150,6
06/01/2023,GRA,ST004,QAR,PRK.1360,Slated Caramel Mocha,25,525,525,21
06/01/2023,GRA,ST004,QAR,PRK.1361,Extra Shot,0,0,0,1
06/01/2023,GRA,ST004,QAR,PRK.1362,Double Espresso,14,322,322,23
06/01/2023,GRA,ST004,QAR,PRK.1363,Latte Hot,18,2304,2286,128
06/01/2023,GRA,ST004,QAR,PRK.1364,English B/F,12,120,108,10
06/01/2023,GRA,ST004,QAR,PRK.1365,Green Tea,12,48,48,4
06/01/2023,GRA,ST004,QAR,PRK.1366,Earl Grey,12,108,108,9
06/01/2023,GRA,ST004,QAR,PRK.1367,Pepper Mint,12,48,48,4
06/01/2023,GRA,ST004,QAR,PRK.1368,Lemon Grass/ Ginger,12,36,36,3
06/01/2023,GRA,ST004,QAR,PRK.1369,Jasmine,12,12,12,1
06/01/2023,GRA,ST004,QAR,PRK.1370,Habiscuss & Black Currant,12,36,36,3
06/01/2023,GRA,ST004,QAR,PRK.1371,Chamomile,12,84,84,7
06/01/2023,GRA,ST004,QAR,PRK.1372,Hot Cocoa,24,264,264,11
06/01/2023,GRA,ST004,QAR,PRK.1374,Peach Iced Tea,18,864,864,48
06/01/2023,GRA,ST004,QAR,PRK.1375,Matcha Latte,25,325,325,13
06/01/2023,GRA,ST004,QAR,PRK.1376,Cinnamon Latte,25,150,150,6
06/01/2023,GRA,ST004,QAR,PRK.1378,Hot chocolate,28,28,28,1
06/01/2023,GRA,ST004,QAR,PRK.1386,Orange Juice,22,7876,7854,358
06/01/2023,GRA,ST004,QAR,PRK.1387,Carrot Juice,22,1232,1210,56
06/01/2023,GRA,ST004,QAR,PRK.1390,Morning Boost,24,2568,2568,107
06/01/2023,GRA,ST004,QAR,PRK.1392,Immune Boost,22,2266,2266,103
06/01/2023,GRA,ST004,QAR,PRK.1396,Ginger Aid Shot,18,3618,3618,201
06/01/2023,GRA,ST004,QAR,PRK.1402,Laban Drink,18,1350,1350,75
06/01/2023,GRA,ST004,QAR,PRK.1404,Green Boost Juice,24,2136,2088,89
06/01/2023,GRA,ST004,QAR,PRK.1406,Beetroot & Apple Juice,20,2940,2920,147
06/01/2023,GRA,ST004,QAR,PRK.1409,Turmeric wellness shot,16,1728,1728,108
06/01/2023,GRA,ST004,QAR,PRK.1412, Mini Cup Yogurt,14,2324,2310,166
06/01/2023,GRA,ST004,QAR,PRK.1413,Regular Cup Yogurt,21,1428,1428,68
06/01/2023,GRA,ST004,QAR,PRK.1416,Large Cup Yogurt,23,276,276,12
06/01/2023,GRA,ST004,QAR,PRK.1418, Mini Cup Yogurt/Topping,18,2412,2412,134
06/01/2023,GRA,ST004,QAR,PRK.1419,Reg Cup Yogurt/Toping,26,2106,2080,81
06/01/2023,GRA,ST004,QAR,PRK.1422,Large Cup Yogurt/Topping,30,450,450,15
06/01/2023,GRA,ST004,QAR,PRK.1429,Mini Mango Ice Cream,14,5530,5530,395
06/01/2023,GRA,ST004,QAR,PRK.1430,Regular Mango Ice Cream,21,2625,2625,125
06/01/2023,GRA,ST004,QAR,PRK.1431,Large Mango Ice Cream,23,1012,1012,44
06/01/2023,GRA,ST004,QAR,PRK.1432,Mini Mango Ice Cream/Topp,18,3762,3744,209
06/01/2023,GRA,ST004,QAR,PRK.1433,Reg Mango Ice cream/Topp,26,3562,3562,137
06/01/2023,GRA,ST004,QAR,PRK.1434,Large Mango Ice Cream/Top,30,600,600,20
06/01/2023,GRA,ST004,QAR,PRK.1464,Fresh Pineapple,3,6,6,2
06/01/2023,GRA,ST004,QAR,PRK.1469,Kiwi Fruit,3,3,3,1
06/01/2023,GRA,ST004,QAR,PRK.1474, Spaghetti Bolognese,45,3375,3330,75
06/01/2023,GRA,ST004,QAR,PRK.1475,Salmon with Cilantro Rice,65,8450,8320,130
06/01/2023,GRA,ST004,QAR,PRK.1476,Chicken Noodle Bowl,40,2440,2400,61
06/01/2023,GRA,ST004,QAR,PRK.1477,BBQ Steak,45,4635,4455,103
06/01/2023,GRA,ST004,QAR,PRK.1478,Rib eye Steak with Vegeta,55,10670,10505,194
06/01/2023,GRA,ST004,QAR,PRK.1479,Lasagne Pasta,45,2340,2340,52
06/01/2023,GRA,ST004,QAR,PRK.1480,Steak cajun potato,50,7400,7350,148
06/01/2023,GRA,ST004,QAR,PRK.1501,pomegranate,3,105,105,35
06/01/2023,GRA,ST004,QAR,PRK.1502,Strawberry,3,96,96,32
06/01/2023,GRA,ST004,QAR,PRK.1505,Salted Caramel,3,12,12,4
06/01/2023,GRA,ST004,QAR,PRK.1506,Pretzel,3,9,9,3
06/01/2023,GRA,ST004,QAR,PRK.1507,Crispy Crepe,3,45,45,15
06/01/2023,GRA,ST004,QAR,PRK.1508,Granola,3,54,54,18
06/01/2023,GRA,ST004,QAR,PRK.1509,Coconut Flakes,3,33,33,11
06/01/2023,GRA,ST004,QAR,PRK.1510,Crushed Graham,3,9,9,3
06/01/2023,GRA,ST004,QAR,PRK.1514,Dulce de Leche,3,9,9,3
06/01/2023,GRA,ST004,QAR,PRK.1520,Mixed Berries Sauce,3,6,6,2
06/01/2023,GRA,ST004,QAR,PRK.1521,Mango Sauce,3,9,9,3
06/01/2023,GRA,ST004,QAR,PRK.1523,Peanut Butter Sauce,3,9,9,3
06/01/2023,GRA,ST004,QAR,PRK.1527,Mango,3,36,36,12
06/01/2023,GRA,ST004,QAR,PRK.1528,Spicy Mayo,3,3,3,1
06/01/2023,GRA,ST004,QAR,PRK.1529,Raita,3,3,3,1
06/01/2023,GRA,ST004,QAR,PRK.1531,Power Shake,35,1610,1610,46
06/01/2023,GRA,ST004,QAR,PRK.1532,Peanut Power Shake,35,875,875,25
06/01/2023,GRA,ST004,QAR,PRK.1534,Choco Power Shake,35,105,105,3
06/01/2023,GRA,ST004,QAR,PRK.1536,Energizer protine Shakes,45,4725,4725,105
06/01/2023,GRA,ST004,QAR,PRK.1538,Pre-workout shake,35,70,70,2
06/01/2023,GRA,ST004,QAR,PRK.1540,Energizer shakes,35,2625,2625,75
06/01/2023,GRA,ST004,QAR,PRK.1545,14oz Energizer protine,40,720,720,18
06/01/2023,GRA,ST004,QAR,PRK.1548,14oz Energizer shakes,30,540,540,18
06/01/2023,GRA,ST004,QAR,PRK.1550,Extra Protein,10,350,350,35
06/01/2023,GRA,ST004,QAR,PRK.1587,Supersize,45,135,135,3
06/01/2023,GRA,ST004,QAR,PRK.1588,Acai Small,35,4585,4585,131
06/01/2023,GRA,ST004,QAR,PRK.1589,Acai Large,40,2480,2480,62
06/01/2023,GRA,ST004,QAR,PRK.1592,Watermelon Coolex,24,1080,1080,45
06/01/2023,GRA,ST004,QAR,PRK.1593,Tropicana,24,1536,1536,64
06/01/2023,GRA,ST004,QAR,PRK.1621,Orange loaf,12,756,744,63
06/01/2023,GRA,ST004,QAR,PRK.1623,Brownie flavour cookies,10,1350,1340,135
06/01/2023,GRA,ST004,QAR,PRK.1628,Brownie bites,13,819,819,63
06/01/2023,GRA,ST004,QAR,PRK.1632,Turkey cheese roll,19,874,874,46
06/01/2023,GRA,ST004,QAR,PRK.1633,Spinach feta roll,18,630,630,35
06/01/2023,GRA,ST004,QAR,PRK.1634,Madeleine,12,852,852,71
06/01/2023,GRA,ST004,QAR,PRK.1651,■PB & Jam sourdough bread,18,810,810,45
06/01/2023,GRA,ST004,QAR,PRK.1655,Graze Oatmeal,30,2190,2100,73
06/01/2023,GRA,ST004,QAR,PRK.1681,Salted Caramel Mocha,24,240,240,10
06/01/2023,GRA,ST004,QAR,PRK.1682,■Matcha Frappe,26,650,650,25
06/01/2023,GRA,ST004,QAR,PRK.1711,Pomegranate Pot,18,954,954,53
06/01/2023,GRA,ST004,QAR,PRK.1712,Mango Peach Muesli Pot,24,768,768,32
06/01/2023,GRA,ST004,QAR,PRK.1713,Overnight oats PB&Jam,25,2025,2025,81
06/01/2023,GRA,ST004,QAR,PRK.1741,Spicy Tuna sandwich,26,3250,3250,125
06/01/2023,GRA,ST004,QAR,PRK.1742,Three cheese,22,2222,2222,101
06/01/2023,GRA,ST004,QAR,PRK.1743,Falafel and Labna,25,1325,1325,53
06/01/2023,GRA,ST004,QAR,PRK.1747,BEEF BURGER,35,420,420,12
06/01/2023,GRA,ST004,QAR,PRK.1748,Chicken Shawarma,18,3960,3960,220
06/01/2023,GRA,ST004,QAR,PRK.1749,Tenderloin Beef Shawarma,22,2310,2310,105
06/01/2023,GRA,ST004,QAR,PRK.1750,Cream Cheese Roll,9,720,720,80
06/01/2023,GRA,ST004,QAR,PRK.1751,Egg Mayo Roll,9,1350,1350,150
06/01/2023,GRA,ST004,QAR,PRK.1752,Club sandwich,30,4110,4080,137
06/01/2023,GRA,ST004,QAR,PRK.1753,Slider Chicken Burger,38,2394,2318,63
06/01/2023,GRA,ST004,QAR,PRK.1754,Slider Beef Burger,39,624,624,16
06/01/2023,GRA,ST004,QAR,PRK.1771,Pistachio Arabeshi,5,1275,1265,255
06/01/2023,GRA,ST004,QAR,PRK.1772,Fresh Raspberry,5,640,640,128
06/01/2023,GRA,ST004,QAR,PRK.1773,Fresh blueberry,5,485,485,97
06/01/2023,GRA,ST004,QAR,PRK.1774,Chocolate Flakes,5,255,250,51
06/01/2023,GRA,ST004,QAR,PRK.1775,Honey Comb,5,150,150,30
06/01/2023,GRA,ST004,QAR,PRK.1776,Milk powder,3,6,6,2
06/01/2023,GRA,ST004,QAR,PRK.4502,Low Fat Milk,0,0,0,16
06/01/2023,GRA,ST004,QAR,PRK.4503,Almond Milk,2,152,152,76
06/01/2023,GRA,ST004,QAR,PRK.4504,Soya Milk,2,46,46,23
06/01/2023,GRA,ST004,QAR,PRK.4516,Decaf,0,0,0,11
06/01/2023,GRA,ST004,QAR,PRK.4517,Vanilla Flavor,0,0,0,1
06/01/2023,GRA,ST004,QAR,PRK.4519,caramel flavor,0,0,0,4
06/01/2023,GRA,ST004,QAR,PRK.4521,Oat Milk,2,46,46,23
06/01/2023,GRA,ST004,QAR,PRK.4522,Skimmed milk,2,2,2,1
06/01/2023,GRA,ST004,QAR,PRK.4523,Coconut Milk,2,16,16,8
06/01/2023,GRA,ST004,QAR,PRK.4531,w/ Granola,0,0,0,160
06/01/2023,GRA,ST004,QAR,PRK.4533,w/ Pretzel,0,0,0,7
06/01/2023,GRA,ST004,QAR,PRK.4534,w/ Coconut Flakes,0,0,0,37
06/01/2023,GRA,ST004,QAR,PRK.4535,w/ Crispy Crepe,0,0,0,182
06/01/2023,GRA,ST004,QAR,PRK.4537,w/ Mixed Berries Sauce,0,0,0,56
06/01/2023,GRA,ST004,QAR,PRK.4541,w/ Strawberry,0,0,0,214
06/01/2023,GRA,ST004,QAR,PRK.4543,w/ Salted Caramel,0,0,0,26
06/01/2023,GRA,ST004,QAR,PRK.4544,w/ Pomegranate,0,0,0,176
06/01/2023,GRA,ST004,QAR,PRK.4545,w/ Dulce de leche,0,0,0,12
06/01/2023,GRA,ST004,QAR,PRK.4549,w/ Mango Sauce,0,0,0,14
06/01/2023,GRA,ST004,QAR,PRK.4550,w/ Mango,0,0,0,389
06/01/2023,GRA,ST004,QAR,PRK.4551,w/ Peanut Butter Sauce,0,0,0,1
06/01/2023,GRA,ST004,QAR,PRK.4552,w/ Crushed Grahams,0,0,0,9
06/01/2023,GRA,ST004,QAR,PRK.4556,w/Kiwi Fruit,0,0,0,5
06/01/2023,GRA,ST004,QAR,PRK.4557,w/Lotus Biscut,0,0,0,23
06/01/2023,GRA,ST004,QAR,PRK.4558,w/Fresh Pineapple,0,0,0,31
06/01/2023,GRA,ST004,QAR,PRK.4561,MIXED FROZEN YOGURT,0,0,0,45
06/01/2023,GRA,ST004,QAR,PRK.4562,MIXED MANGO YOGURT,0,0,0,28
