DATE,BRANCHCODE,WAREHOUSECODE,CURRENCY,ERPCODE,ITEMNAME,RAWPRICE,GROSSAMT,NETVALUE,QTYSOLD
05/01/2023,GRA,ST004,QAR,PRK.902,Granola,55,935,935,17
05/01/2023,GRA,ST004,QAR,PRK.903,Graze Spicy  Mix,55,165,165,3
05/01/2023,GRA,ST004,QAR,PRK.904,Graze House Mix,55,385,385,7
05/01/2023,GRA,ST004,QAR,PRK.907,Zaatar Chips,6,438,438,73
05/01/2023,GRA,ST004,QAR,PRK.909,Spicy Pesto Chips,6,402,402,67
05/01/2023,GRA,ST004,QAR,PRK.910,Graze Spicy Mix Sml,25,850,850,34
05/01/2023,GRA,ST004,QAR,PRK.911,Graze House Mix Sml,25,1650,1625,66
05/01/2023,GRA,ST004,QAR,PRK.937,Baby Mozzarella Salad	,45,2880,2790,64
05/01/2023,GRA,ST004,QAR,PRK.938,4 Grain Salad with Beetro,55,4620,4565,84
05/01/2023,GRA,ST004,QAR,PRK.939,Steak Salad with Green Sa,55,6105,6050,111
05/01/2023,GRA,ST004,QAR,PRK.961,Extra cheese,5,55,55,11
05/01/2023,GRA,ST004,QAR,PRK.962,Extra flavor,3,9,9,3
05/01/2023,GRA,ST004,QAR,PRK.994,Crsnt w Egg/Avaca/ SunTom,24,5016,5016,209
05/01/2023,GRA,ST004,QAR,PRK.995,Egg Burrito,20,4280,4280,214
05/01/2023,GRA,ST004,QAR,PRK.996,Blueberry Granola parfait,25,5125,5000,205
05/01/2023,GRA,ST004,QAR,PRK.997,Yog Dates Chia Pista Alm,22,4202,4114,191
05/01/2023,GRA,ST004,QAR,PRK.1003,Cheese Croissant,16,80,80,5
05/01/2023,GRA,ST004,QAR,PRK.1007,Zatar Croissant,16,608,608,38
05/01/2023,GRA,ST004,QAR,PRK.1010,Tomato Puff Pastry,16,1392,1392,87
05/01/2023,GRA,ST004,QAR,PRK.1012,Three Berry Yogurt & Date,25,1375,1375,55
05/01/2023,GRA,ST004,QAR,PRK.1015,Kiri Cheese Danish,14,1666,1666,119
05/01/2023,GRA,ST004,QAR,PRK.1016,Plain Croissant,10,600,600,60
05/01/2023,GRA,ST004,QAR,PRK.1021,Shirazi Salad,12,2088,2064,174
05/01/2023,GRA,ST004,QAR,PRK.1023,Falafel Salad,45,5715,5670,127
05/01/2023,GRA,ST004,QAR,PRK.1024,Quinoa Swt potato Salad,40,2720,2560,68
05/01/2023,GRA,ST004,QAR,PRK.1027,Mex Chkn Chilli Bean Sld,40,8400,8360,210
05/01/2023,GRA,ST004,QAR,PRK.1031,Teriyaki GRAZE Salmn,55,19525,19195,355
05/01/2023,GRA,ST004,QAR,PRK.1039,Keto Chicken Salad,40,7520,7520,188
05/01/2023,GRA,ST004,QAR,PRK.1046,Greek Salad,30,2550,2550,85
05/01/2023,GRA,ST004,QAR,PRK.1048,Mexican  Caesar Salad chk,39,12480,12480,320
05/01/2023,GRA,ST004,QAR,PRK.1049,ROCCA SALAD,22,2332,2222,106
05/01/2023,GRA,ST004,QAR,PRK.1052,Smoke Turkey Sandwich,34,11798,11730,347
05/01/2023,GRA,ST004,QAR,PRK.1054,lemon&Rosemary Chkn,36,18180,18000,505
05/01/2023,GRA,ST004,QAR,PRK.1057,Steak & Philly Chz SW,32,4288,4256,134
05/01/2023,GRA,ST004,QAR,PRK.1063,Egg Mayo with Rocket,20,1940,1940,97
05/01/2023,GRA,ST004,QAR,PRK.1068,Crispy Chicken Bun,24,3072,3048,128
05/01/2023,GRA,ST004,QAR,PRK.1075,Avocado Toast,40,2440,2400,61
05/01/2023,GRA,ST004,QAR,PRK.1077,Spicy Halloumi,38,4142,4104,109
05/01/2023,GRA,ST004,QAR,PRK.1078,Graze Breakfast (egg box),32,2208,2208,69
05/01/2023,GRA,ST004,QAR,PRK.1083,Chkn Soup,19,4845,4826,255
05/01/2023,GRA,ST004,QAR,PRK.1087,Lentil Soup,20,5860,5820,293
05/01/2023,GRA,ST004,QAR,PRK.1089,Vegetable soup,16,1168,1136,73
05/01/2023,GRA,ST004,QAR,PRK.1090,Tom kha soup,28,252,168,9
05/01/2023,GRA,ST004,QAR,PRK.1113,Chkn Katsu Curry,45,14085,13905,313
05/01/2023,GRA,ST004,QAR,PRK.1115,Mushroom Pasta,40,6240,6240,156
05/01/2023,GRA,ST004,QAR,PRK.1119,Chicken Biryani,45,19260,18486,428
05/01/2023,GRA,ST004,QAR,PRK.1121,Chinese Sesame Chicken,40,11640,11396,291
05/01/2023,GRA,ST004,QAR,PRK.1127,Rock Shrimp,45,7245,7155,161
05/01/2023,GRA,ST004,QAR,PRK.1133,Lamb  Kabsa,45,13680,13275,304
05/01/2023,GRA,ST004,QAR,PRK.1140,Chicken Curry & Saffron r,43,10750,10707,250
05/01/2023,GRA,ST004,QAR,PRK.1141,CRAB BOWL,28,1344,1316,48
05/01/2023,GRA,ST004,QAR,PRK.1145,Yoghurt & Cucumber dip,12,720,720,60
05/01/2023,GRA,ST004,QAR,PRK.1146,Spicy Guacamole Pot,13,1248,1248,96
05/01/2023,GRA,ST004,QAR,PRK.1149,Edamame Pot,12,900,900,75
05/01/2023,GRA,ST004,QAR,PRK.1155,Classic hummus pot,18,360,342,20
05/01/2023,GRA,ST004,QAR,PRK.1159,Greek Tabbouleh,20,2340,2340,117
05/01/2023,GRA,ST004,QAR,PRK.1160,Egg pot,16,528,528,33
05/01/2023,GRA,ST004,QAR,PRK.1173,Choco Chia Energy Ball,30,1800,1740,60
05/01/2023,GRA,ST004,QAR,PRK.1175,Pecan Bars,14,1036,1022,74
05/01/2023,GRA,ST004,QAR,PRK.1177,Carrot Cake,15,1035,1005,69
05/01/2023,GRA,ST004,QAR,PRK.1181,Green Apple,2,58,58,29
05/01/2023,GRA,ST004,QAR,PRK.1182,Red Apple,2,64,64,32
05/01/2023,GRA,ST004,QAR,PRK.1183,Bannana,2,398,396,199
05/01/2023,GRA,ST004,QAR,PRK.1184,Watermelon,18,4950,4932,275
05/01/2023,GRA,ST004,QAR,PRK.1185,Pineapplemix,18,3690,3672,205
05/01/2023,GRA,ST004,QAR,PRK.1186,Mixed Berries,22,4620,4620,210
05/01/2023,GRA,ST004,QAR,PRK.1194,Lotus Cheesecake,15,1500,1500,100
05/01/2023,GRA,ST004,QAR,PRK.1196,Chia Blueberry Yodurt,24,1488,1488,62
05/01/2023,GRA,ST004,QAR,PRK.1201,Iced Flat White,18,360,360,20
05/01/2023,GRA,ST004,QAR,PRK.1203,Iced Spanish Latte,20,2400,2400,120
05/01/2023,GRA,ST004,QAR,PRK.1204,Iced Latte,18,720,720,40
05/01/2023,GRA,ST004,QAR,PRK.1205,Iced Americano,15,1740,1680,116
05/01/2023,GRA,ST004,QAR,PRK.1234,Pepperoni Pizza small,40,480,480,12
05/01/2023,GRA,ST004,QAR,PRK.1235,Margherita Pizza small,30,420,420,14
05/01/2023,GRA,ST004,QAR,PRK.1236,BBQ chicken Pizza small,35,490,455,14
05/01/2023,GRA,ST004,QAR,PRK.1262,Highland Still,5,4250,4195,850
05/01/2023,GRA,ST004,QAR,PRK.1265,Perrier Sparkling,9,1818,1818,202
05/01/2023,GRA,ST004,QAR,PRK.1291,Coke,5,1115,1045,223
05/01/2023,GRA,ST004,QAR,PRK.1292,Diet Coke,5,2370,2355,474
05/01/2023,GRA,ST004,QAR,PRK.1321,Mini Cup /Pina Colada,14,1204,1106,86
05/01/2023,GRA,ST004,QAR,PRK.1322,Regular Cup / Pina Colada,21,798,798,38
05/01/2023,GRA,ST004,QAR,PRK.1323,Large cup /Pina Colada,23,253,253,11
05/01/2023,GRA,ST004,QAR,PRK.1324,Mini Pina Colada/Topping,18,612,612,34
05/01/2023,GRA,ST004,QAR,PRK.1325,Regular Pina Colada/Toppi,26,572,572,22
05/01/2023,GRA,ST004,QAR,PRK.1326,Large Pina Colada/Topping,30,30,30,1
05/01/2023,GRA,ST004,QAR,PRK.1333,Stay Home w/Graze M 6 X1,130,260,260,2
05/01/2023,GRA,ST004,QAR,PRK.1334,Stay Home w/Graze M12 X1,240,240,240,1
05/01/2023,GRA,ST004,QAR,PRK.1335,Cool Box,15,90,90,6
05/01/2023,GRA,ST004,QAR,PRK.1351,Espresso Single,12,696,576,58
05/01/2023,GRA,ST004,QAR,PRK.1353,Americano Hot,15,2115,2115,141
05/01/2023,GRA,ST004,QAR,PRK.1354,Flat White Hot,18,2214,2214,123
05/01/2023,GRA,ST004,QAR,PRK.1355,Cappucino,18,2628,2628,146
05/01/2023,GRA,ST004,QAR,PRK.1356,Cortado,18,846,846,47
05/01/2023,GRA,ST004,QAR,PRK.1358,Spanish Latte,20,2140,2080,107
05/01/2023,GRA,ST004,QAR,PRK.1359,Classic Mocha,25,125,100,5
05/01/2023,GRA,ST004,QAR,PRK.1360,Slated Caramel Mocha,25,1025,1025,41
05/01/2023,GRA,ST004,QAR,PRK.1361,Extra Shot,0,0,0,1
05/01/2023,GRA,ST004,QAR,PRK.1362,Double Espresso,14,266,266,19
05/01/2023,GRA,ST004,QAR,PRK.1363,Latte Hot,18,2070,2070,115
05/01/2023,GRA,ST004,QAR,PRK.1364,English B/F,12,156,156,13
05/01/2023,GRA,ST004,QAR,PRK.1365,Green Tea,12,48,48,4
05/01/2023,GRA,ST004,QAR,PRK.1366,Earl Grey,12,84,84,7
05/01/2023,GRA,ST004,QAR,PRK.1367,Pepper Mint,12,240,240,20
05/01/2023,GRA,ST004,QAR,PRK.1368,Lemon Grass/ Ginger,12,108,108,9
05/01/2023,GRA,ST004,QAR,PRK.1369,Jasmine,12,36,36,3
05/01/2023,GRA,ST004,QAR,PRK.1370,Habiscuss & Black Currant,12,36,36,3
05/01/2023,GRA,ST004,QAR,PRK.1371,Chamomile,12,300,300,25
05/01/2023,GRA,ST004,QAR,PRK.1372,Hot Cocoa,24,504,504,21
05/01/2023,GRA,ST004,QAR,PRK.1374,Peach Iced Tea,18,1332,1314,74
05/01/2023,GRA,ST004,QAR,PRK.1375,Matcha Latte,25,500,500,20
05/01/2023,GRA,ST004,QAR,PRK.1376,Cinnamon Latte,25,100,100,4
05/01/2023,GRA,ST004,QAR,PRK.1378,Hot chocolate,28,84,84,3
05/01/2023,GRA,ST004,QAR,PRK.1383,Watermelon & Coconut cool,20,20,20,1
05/01/2023,GRA,ST004,QAR,PRK.1386,Orange Juice,22,10824,10780,492
05/01/2023,GRA,ST004,QAR,PRK.1387,Carrot Juice,22,1936,1936,88
05/01/2023,GRA,ST004,QAR,PRK.1390,Morning Boost,24,3312,3288,138
05/01/2023,GRA,ST004,QAR,PRK.1392,Immune Boost,22,2772,2772,126
05/01/2023,GRA,ST004,QAR,PRK.1396,Ginger Aid Shot,18,4572,4572,254
05/01/2023,GRA,ST004,QAR,PRK.1402,Laban Drink,18,2034,2016,113
05/01/2023,GRA,ST004,QAR,PRK.1404,Green Boost Juice,24,2352,2232,98
05/01/2023,GRA,ST004,QAR,PRK.1406,Beetroot & Apple Juice,20,3640,3500,182
05/01/2023,GRA,ST004,QAR,PRK.1409,Turmeric wellness shot,16,2656,2656,166
05/01/2023,GRA,ST004,QAR,PRK.1412, Mini Cup Yogurt,14,1904,1904,136
05/01/2023,GRA,ST004,QAR,PRK.1413,Regular Cup Yogurt,21,1680,1680,80
05/01/2023,GRA,ST004,QAR,PRK.1416,Large Cup Yogurt,23,184,184,8
05/01/2023,GRA,ST004,QAR,PRK.1418, Mini Cup Yogurt/Topping,18,3132,3132,174
05/01/2023,GRA,ST004,QAR,PRK.1419,Reg Cup Yogurt/Toping,26,2496,2496,96
05/01/2023,GRA,ST004,QAR,PRK.1422,Large Cup Yogurt/Topping,30,300,300,10
05/01/2023,GRA,ST004,QAR,PRK.1429,Mini Mango Ice Cream,14,7028,6986,502
05/01/2023,GRA,ST004,QAR,PRK.1430,Regular Mango Ice Cream,21,3276,3276,156
05/01/2023,GRA,ST004,QAR,PRK.1431,Large Mango Ice Cream,23,1150,1150,50
05/01/2023,GRA,ST004,QAR,PRK.1432,Mini Mango Ice Cream/Topp,18,3186,3186,177
05/01/2023,GRA,ST004,QAR,PRK.1433,Reg Mango Ice cream/Topp,26,4316,4316,166
05/01/2023,GRA,ST004,QAR,PRK.1434,Large Mango Ice Cream/Top,30,480,480,16
05/01/2023,GRA,ST004,QAR,PRK.1464,Fresh Pineapple,3,15,15,5
05/01/2023,GRA,ST004,QAR,PRK.1469,Kiwi Fruit,3,6,6,2
05/01/2023,GRA,ST004,QAR,PRK.1470,Lotus Biscuit,3,9,9,3
05/01/2023,GRA,ST004,QAR,PRK.1474, Spaghetti Bolognese,45,4410,4365,98
05/01/2023,GRA,ST004,QAR,PRK.1475,Salmon with Cilantro Rice,65,12870,12675,198
05/01/2023,GRA,ST004,QAR,PRK.1476,Chicken Noodle Bowl,40,3720,3680,93
05/01/2023,GRA,ST004,QAR,PRK.1477,BBQ Steak,45,5265,4815,117
05/01/2023,GRA,ST004,QAR,PRK.1478,Rib eye Steak with Vegeta,55,14190,13860,258
05/01/2023,GRA,ST004,QAR,PRK.1479,Lasagne Pasta,45,3735,3735,83
05/01/2023,GRA,ST004,QAR,PRK.1480,Steak cajun potato,50,8700,8550,174
05/01/2023,GRA,ST004,QAR,PRK.1501,pomegranate,3,159,159,53
05/01/2023,GRA,ST004,QAR,PRK.1502,Strawberry,3,168,168,56
05/01/2023,GRA,ST004,QAR,PRK.1505,Salted Caramel,3,27,27,9
05/01/2023,GRA,ST004,QAR,PRK.1506,Pretzel,3,18,18,6
05/01/2023,GRA,ST004,QAR,PRK.1507,Crispy Crepe,3,60,60,20
05/01/2023,GRA,ST004,QAR,PRK.1508,Granola,3,78,78,26
05/01/2023,GRA,ST004,QAR,PRK.1509,Coconut Flakes,3,45,45,15
05/01/2023,GRA,ST004,QAR,PRK.1510,Crushed Graham,3,3,3,1
05/01/2023,GRA,ST004,QAR,PRK.1514,Dulce de Leche,3,9,9,3
05/01/2023,GRA,ST004,QAR,PRK.1520,Mixed Berries Sauce,3,24,24,8
05/01/2023,GRA,ST004,QAR,PRK.1527,Mango,3,66,66,22
05/01/2023,GRA,ST004,QAR,PRK.1529,Raita,3,3,3,1
05/01/2023,GRA,ST004,QAR,PRK.1531,Power Shake,35,1015,1015,29
05/01/2023,GRA,ST004,QAR,PRK.1532,Peanut Power Shake,35,595,595,17
05/01/2023,GRA,ST004,QAR,PRK.1533,Pre-workout protein shak,45,270,270,6
05/01/2023,GRA,ST004,QAR,PRK.1534,Choco Power Shake,35,455,455,13
05/01/2023,GRA,ST004,QAR,PRK.1536,Energizer protine Shakes,45,6210,6210,138
05/01/2023,GRA,ST004,QAR,PRK.1538,Pre-workout shake,35,70,70,2
05/01/2023,GRA,ST004,QAR,PRK.1540,Energizer shakes,35,2485,2485,71
05/01/2023,GRA,ST004,QAR,PRK.1542,14oz Pre-work out Protein,40,120,120,3
05/01/2023,GRA,ST004,QAR,PRK.1545,14oz Energizer protine,40,280,280,7
05/01/2023,GRA,ST004,QAR,PRK.1548,14oz Energizer shakes,30,480,480,16
05/01/2023,GRA,ST004,QAR,PRK.1550,Extra Protein,10,130,130,13
05/01/2023,GRA,ST004,QAR,PRK.1587,Supersize,45,225,184.5,5
05/01/2023,GRA,ST004,QAR,PRK.1588,Acai Small,35,5950,5950,170
05/01/2023,GRA,ST004,QAR,PRK.1589,Acai Large,40,3680,3680,92
05/01/2023,GRA,ST004,QAR,PRK.1592,Watermelon Coolex,24,1656,1632,69
05/01/2023,GRA,ST004,QAR,PRK.1593,Tropicana,24,2424,2424,101
05/01/2023,GRA,ST004,QAR,PRK.1621,Orange loaf,12,804,780,67
05/01/2023,GRA,ST004,QAR,PRK.1623,Brownie flavour cookies,10,1710,1700,171
05/01/2023,GRA,ST004,QAR,PRK.1628,Brownie bites,13,858,845,66
05/01/2023,GRA,ST004,QAR,PRK.1632,Turkey cheese roll,19,1064,1045,56
05/01/2023,GRA,ST004,QAR,PRK.1633,Spinach feta roll,18,900,900,50
05/01/2023,GRA,ST004,QAR,PRK.1634,Madeleine,12,1344,1296,112
05/01/2023,GRA,ST004,QAR,PRK.1651,■PB & Jam sourdough bread,18,882,882,49
05/01/2023,GRA,ST004,QAR,PRK.1655,Graze Oatmeal,30,2370,2370,79
05/01/2023,GRA,ST004,QAR,PRK.1681,Salted Caramel Mocha,24,264,264,11
05/01/2023,GRA,ST004,QAR,PRK.1682,■Matcha Frappe,26,962,962,37
05/01/2023,GRA,ST004,QAR,PRK.1711,Pomegranate Pot,18,1098,1098,61
05/01/2023,GRA,ST004,QAR,PRK.1712,Mango Peach Muesli Pot,24,1056,1056,44
05/01/2023,GRA,ST004,QAR,PRK.1713,Overnight oats PB&Jam,25,2350,2325,94
05/01/2023,GRA,ST004,QAR,PRK.1741,Spicy Tuna sandwich,26,4446,4420,171
05/01/2023,GRA,ST004,QAR,PRK.1742,Three cheese,22,2662,2662,121
05/01/2023,GRA,ST004,QAR,PRK.1743,Falafel and Labna,25,1450,1450,58
05/01/2023,GRA,ST004,QAR,PRK.1747,BEEF BURGER,35,910,910,26
05/01/2023,GRA,ST004,QAR,PRK.1748,Chicken Shawarma,18,6210,6138,345
05/01/2023,GRA,ST004,QAR,PRK.1749,Tenderloin Beef Shawarma,22,3916,3872,178
05/01/2023,GRA,ST004,QAR,PRK.1750,Cream Cheese Roll,9,1197,1188,133
05/01/2023,GRA,ST004,QAR,PRK.1751,Egg Mayo Roll,9,1368,1368,152
05/01/2023,GRA,ST004,QAR,PRK.1752,Club sandwich,30,6240,6180,208
05/01/2023,GRA,ST004,QAR,PRK.1771,Pistachio Arabeshi,5,1080,1080,216
05/01/2023,GRA,ST004,QAR,PRK.1772,Fresh Raspberry,5,825,825,165
05/01/2023,GRA,ST004,QAR,PRK.1773,Fresh blueberry,5,655,655,131
05/01/2023,GRA,ST004,QAR,PRK.1774,Chocolate Flakes,5,205,205,41
05/01/2023,GRA,ST004,QAR,PRK.1775,Honey Comb,5,150,150,30
05/01/2023,GRA,ST004,QAR,PRK.1776,Milk powder,3,24,24,8
05/01/2023,GRA,ST004,QAR,PRK.4501,Full Fat Milk,0,0,0,1
05/01/2023,GRA,ST004,QAR,PRK.4502,Low Fat Milk,0,0,0,24
05/01/2023,GRA,ST004,QAR,PRK.4503,Almond Milk,2,292,292,146
05/01/2023,GRA,ST004,QAR,PRK.4504,Soya Milk,2,60,60,30
05/01/2023,GRA,ST004,QAR,PRK.4507,Half Shot,0,0,0,1
05/01/2023,GRA,ST004,QAR,PRK.4516,Decaf,0,0,0,1
05/01/2023,GRA,ST004,QAR,PRK.4519,caramel flavor,0,0,0,1
05/01/2023,GRA,ST004,QAR,PRK.4521,Oat Milk,2,54,54,27
05/01/2023,GRA,ST004,QAR,PRK.4522,Skimmed milk,2,4,4,2
05/01/2023,GRA,ST004,QAR,PRK.4523,Coconut Milk,2,20,20,10
05/01/2023,GRA,ST004,QAR,PRK.4531,w/ Granola,0,0,0,76
05/01/2023,GRA,ST004,QAR,PRK.4533,w/ Pretzel,0,0,0,10
05/01/2023,GRA,ST004,QAR,PRK.4534,w/ Coconut Flakes,0,0,0,34
05/01/2023,GRA,ST004,QAR,PRK.4535,w/ Crispy Crepe,0,0,0,152
05/01/2023,GRA,ST004,QAR,PRK.4537,w/ Mixed Berries Sauce,0,0,0,14
05/01/2023,GRA,ST004,QAR,PRK.4541,w/ Strawberry,0,0,0,336
05/01/2023,GRA,ST004,QAR,PRK.4543,w/ Salted Caramel,0,0,0,26
05/01/2023,GRA,ST004,QAR,PRK.4544,w/ Pomegranate,0,0,0,199
05/01/2023,GRA,ST004,QAR,PRK.4545,w/ Dulce de leche,0,0,0,17
05/01/2023,GRA,ST004,QAR,PRK.4549,w/ Mango Sauce,0,0,0,38
05/01/2023,GRA,ST004,QAR,PRK.4550,w/ Mango,0,0,0,245
05/01/2023,GRA,ST004,QAR,PRK.4552,w/ Crushed Grahams,0,0,0,10
05/01/2023,GRA,ST004,QAR,PRK.4556,w/Kiwi Fruit,0,0,0,4
05/01/2023,GRA,ST004,QAR,PRK.4557,w/Lotus Biscut,0,0,0,21
05/01/2023,GRA,ST004,QAR,PRK.4558,w/Fresh Pineapple,0,0,0,25
05/01/2023,GRA,ST004,QAR,PRK.4561,MIXED FROZEN YOGURT,0,0,0,33
05/01/2023,GRA,ST004,QAR,PRK.4562,MIXED MANGO YOGURT,0,0,0,25
