DATE,BRANCHCODE,WAREHOUSECODE,CURRENCY,ERPCODE,ITEMNAME,RAWPRICE,GROSSAMT,NETVALUE,QTYSOLD
04/01/2023,GRA,ST009,QAR,PRK.902,Granola,55,1430,1430,26
04/01/2023,GRA,ST009,QAR,PRK.907,Zaatar Chips,6,96,96,16
04/01/2023,GRA,ST009,QAR,PRK.909,Spicy Pesto Chips,6,96,96,16
04/01/2023,GRA,ST009,QAR,PRK.910,Graze Spicy Mix Sml,25,225,225,9
04/01/2023,GRA,ST009,QAR,PRK.911,Graze House Mix Sml,25,475,475,19
04/01/2023,GRA,ST009,QAR,PRK.937,Baby Mozzarella Salad,45,495,495,11
04/01/2023,GRA,ST009,QAR,PRK.938,4 Grain Salad with Beetro,55,440,440,8
04/01/2023,GRA,ST009,QAR,PRK.939,Steak Salad with Green Sa,55,1210,1210,22
04/01/2023,GRA,ST009,QAR,PRK.962,Extra flavor,3,24,24,8
04/01/2023,GRA,ST009,QAR,PRK.994,Crsnt w Egg/Avaca/ SunTom,24,576,576,24
04/01/2023,GRA,ST009,QAR,PRK.995,Egg Burrito,20,200,200,10
04/01/2023,GRA,ST009,QAR,PRK.996,Blueberry Granola parfait,25,550,550,22
04/01/2023,GRA,ST009,QAR,PRK.997,Yog Dates Chia Pista Alm,22,506,506,23
04/01/2023,GRA,ST009,QAR,PRK.1003,Cheese Croissant,16,48,48,3
04/01/2023,GRA,ST009,QAR,PRK.1007,Zatar Croissant,16,160,160,10
04/01/2023,GRA,ST009,QAR,PRK.1012,Three Berry Yogurt & Date,25,425,425,17
04/01/2023,GRA,ST009,QAR,PRK.1015,Kiri Cheese Danish,14,336,336,24
04/01/2023,GRA,ST009,QAR,PRK.1016,Plain Croissant,10,110,110,11
04/01/2023,GRA,ST009,QAR,PRK.1021,Shirazi Salad,12,312,312,26
04/01/2023,GRA,ST009,QAR,PRK.1023,Falafel Salad,45,1035,1035,23
04/01/2023,GRA,ST009,QAR,PRK.1024,Quinoa Swt potato Salad,40,600,600,15
04/01/2023,GRA,ST009,QAR,PRK.1027,Mex Chkn Chilli Bean Sld,40,1280,1280,32
04/01/2023,GRA,ST009,QAR,PRK.1031,Teriyaki GRAZE Salmn,55,1485,1485,27
04/01/2023,GRA,ST009,QAR,PRK.1039,Keto Chicken Salad,40,1360,1360,34
04/01/2023,GRA,ST009,QAR,PRK.1046,Greek Salad,30,870,870,29
04/01/2023,GRA,ST009,QAR,PRK.1048,Mexican  Caesar Salad chk,39,2613,2613,67
04/01/2023,GRA,ST009,QAR,PRK.1049,ROCCA SALAD,22,330,330,15
04/01/2023,GRA,ST009,QAR,PRK.1052,Smoke Turkey Sandwich,34,2346,2346,69
04/01/2023,GRA,ST009,QAR,PRK.1054,lemon&Rosemary Chkn,36,1836,1836,51
04/01/2023,GRA,ST009,QAR,PRK.1057,Steak & Philly Chz SW,32,1088,1088,34
04/01/2023,GRA,ST009,QAR,PRK.1063,Egg Mayo with Rocket,20,380,380,19
04/01/2023,GRA,ST009,QAR,PRK.1068,Crispy Chicken Bun,24,768,768,32
04/01/2023,GRA,ST009,QAR,PRK.1077,Spicy Halloumi,38,304,304,8
04/01/2023,GRA,ST009,QAR,PRK.1083,Chkn Soup,19,722,722,38
04/01/2023,GRA,ST009,QAR,PRK.1086,Lamb Soup,35,175,175,5
04/01/2023,GRA,ST009,QAR,PRK.1087,Lentil Soup,20,660,660,33
04/01/2023,GRA,ST009,QAR,PRK.1089,Vegetable soup,16,224,224,14
04/01/2023,GRA,ST009,QAR,PRK.1090,Tom kha soup,28,84,84,3
04/01/2023,GRA,ST009,QAR,PRK.1113,Chkn Katsu Curry,45,3555,3555,79
04/01/2023,GRA,ST009,QAR,PRK.1115,Mushroom Pasta,40,2240,2240,56
04/01/2023,GRA,ST009,QAR,PRK.1119,Chicken Biryani,45,4905,4905,109
04/01/2023,GRA,ST009,QAR,PRK.1121,Chinese Sesame Chicken,40,3360,3360,84
04/01/2023,GRA,ST009,QAR,PRK.1127,Rock Shrimp,45,2295,2295,51
04/01/2023,GRA,ST009,QAR,PRK.1133,Lamb  Kabsa,45,2655,2655,59
04/01/2023,GRA,ST009,QAR,PRK.1140,Chicken Curry & Saffron r,43,2580,2580,60
04/01/2023,GRA,ST009,QAR,PRK.1145,Yoghurt & Cucumber dip,12,192,192,16
04/01/2023,GRA,ST009,QAR,PRK.1146,Spicy Guacamole Pot,13,143,143,11
04/01/2023,GRA,ST009,QAR,PRK.1149,Edamame Pot,12,384,384,32
04/01/2023,GRA,ST009,QAR,PRK.1155,Classic hummus pot,18,90,90,5
04/01/2023,GRA,ST009,QAR,PRK.1159,Greek Tabbouleh,20,520,520,26
04/01/2023,GRA,ST009,QAR,PRK.1173,Choco Chia Energy Ball,30,630,630,21
04/01/2023,GRA,ST009,QAR,PRK.1175,Pecan Bars,14,224,224,16
04/01/2023,GRA,ST009,QAR,PRK.1177,Carrot Cake,15,120,120,8
04/01/2023,GRA,ST009,QAR,PRK.1183,Bannana,2,72,72,36
04/01/2023,GRA,ST009,QAR,PRK.1184,Watermelon,18,720,720,40
04/01/2023,GRA,ST009,QAR,PRK.1185,Pineapplemix,18,360,360,20
04/01/2023,GRA,ST009,QAR,PRK.1186,Mixed Berries,22,836,836,38
04/01/2023,GRA,ST009,QAR,PRK.1194,Lotus Cheesecake,15,450,450,30
04/01/2023,GRA,ST009,QAR,PRK.1196,Chia Blueberry Yodurt,24,360,360,15
04/01/2023,GRA,ST009,QAR,PRK.1201,Iced Flat White,18,90,90,5
04/01/2023,GRA,ST009,QAR,PRK.1203,Iced Spanish Latte,20,680,680,34
04/01/2023,GRA,ST009,QAR,PRK.1204,Iced Latte,18,432,432,24
04/01/2023,GRA,ST009,QAR,PRK.1205,Iced Americano,15,210,210,14
04/01/2023,GRA,ST009,QAR,PRK.1234,Pepperoni Pizza small,40,320,320,8
04/01/2023,GRA,ST009,QAR,PRK.1235,Margherita Pizza small,30,390,390,13
04/01/2023,GRA,ST009,QAR,PRK.1236,BBQ chicken Pizza small,35,105,105,3
04/01/2023,GRA,ST009,QAR,PRK.1262,Highland Still,5,445,445,89
04/01/2023,GRA,ST009,QAR,PRK.1265,Perrier Sparkling,9,243,243,27
04/01/2023,GRA,ST009,QAR,PRK.1291,Coke,5,165,165,33
04/01/2023,GRA,ST009,QAR,PRK.1292,Diet Coke,5,280,280,56
04/01/2023,GRA,ST009,QAR,PRK.1335,Cool Box,15,30,30,2
04/01/2023,GRA,ST009,QAR,PRK.1351,Espresso Single,12,420,408,35
04/01/2023,GRA,ST009,QAR,PRK.1353,Americano Hot,15,795,780,53
04/01/2023,GRA,ST009,QAR,PRK.1354,Flat White Hot,18,576,576,32
04/01/2023,GRA,ST009,QAR,PRK.1355,Cappucino,18,504,504,28
04/01/2023,GRA,ST009,QAR,PRK.1356,Cortado,18,450,450,25
04/01/2023,GRA,ST009,QAR,PRK.1358,Spanish Latte,20,720,720,36
04/01/2023,GRA,ST009,QAR,PRK.1360,Slated Caramel Mocha,25,25,25,1
04/01/2023,GRA,ST009,QAR,PRK.1362,Double Espresso,14,196,196,14
04/01/2023,GRA,ST009,QAR,PRK.1363,Latte Hot,18,612,612,34
04/01/2023,GRA,ST009,QAR,PRK.1364,English B/F,12,48,48,4
04/01/2023,GRA,ST009,QAR,PRK.1365,Green Tea,12,12,12,1
04/01/2023,GRA,ST009,QAR,PRK.1368,Lemon Grass/ Ginger,12,12,12,1
04/01/2023,GRA,ST009,QAR,PRK.1372,Hot Cocoa,24,72,72,3
04/01/2023,GRA,ST009,QAR,PRK.1373,Hibiscus Iced tea,18,414,414,23
04/01/2023,GRA,ST009,QAR,PRK.1374,Peach Iced Tea,18,54,54,3
04/01/2023,GRA,ST009,QAR,PRK.1375,Matcha Latte,25,75,75,3
04/01/2023,GRA,ST009,QAR,PRK.1386,Orange Juice,22,1540,1540,70
04/01/2023,GRA,ST009,QAR,PRK.1387,Carrot Juice,22,242,242,11
04/01/2023,GRA,ST009,QAR,PRK.1390,Morning Boost,24,408,408,17
04/01/2023,GRA,ST009,QAR,PRK.1392,Immune Boost,22,858,858,39
04/01/2023,GRA,ST009,QAR,PRK.1396,Ginger Aid Shot,18,1206,1206,67
04/01/2023,GRA,ST009,QAR,PRK.1402,Laban Drink,18,396,396,22
04/01/2023,GRA,ST009,QAR,PRK.1403,Vimto Juice,18,342,342,19
04/01/2023,GRA,ST009,QAR,PRK.1404,Green Boost Juice,24,696,696,29
04/01/2023,GRA,ST009,QAR,PRK.1406,Beetroot & Apple Juice,20,820,820,41
04/01/2023,GRA,ST009,QAR,PRK.1409,Turmeric wellness shot,16,480,480,30
04/01/2023,GRA,ST009,QAR,PRK.1412, Mini Cup Yogurt,14,1036,1036,74
04/01/2023,GRA,ST009,QAR,PRK.1413,Regular Cup Yogurt,21,1428,1428,68
04/01/2023,GRA,ST009,QAR,PRK.1416,Large Cup Yogurt,23,345,345,15
04/01/2023,GRA,ST009,QAR,PRK.1418, Mini Cup Yogurt/Topping,18,900,900,50
04/01/2023,GRA,ST009,QAR,PRK.1419,Reg Cup Yogurt/Toping,26,1924,1924,74
04/01/2023,GRA,ST009,QAR,PRK.1422,Large Cup Yogurt/Topping,30,330,330,11
04/01/2023,GRA,ST009,QAR,PRK.1429,Mini Mango Ice Cream,14,2268,2268,162
04/01/2023,GRA,ST009,QAR,PRK.1430,Regular Mango Ice Cream,21,2205,2205,105
04/01/2023,GRA,ST009,QAR,PRK.1431,Large Mango Ice Cream,23,1426,1426,62
04/01/2023,GRA,ST009,QAR,PRK.1432,Mini Mango Ice Cream/Topp,18,1620,1620,90
04/01/2023,GRA,ST009,QAR,PRK.1433,Reg Mango Ice cream/Topp,26,2626,2626,101
04/01/2023,GRA,ST009,QAR,PRK.1434,Large Mango Ice Cream/Top,30,720,720,24
04/01/2023,GRA,ST009,QAR,PRK.1470,Lotus Biscuit,3,12,12,4
04/01/2023,GRA,ST009,QAR,PRK.1474,Spaghetti Bolognese,45,1350,1350,30
04/01/2023,GRA,ST009,QAR,PRK.1475,Salmon with Cilantro Rice,65,1950,1950,30
04/01/2023,GRA,ST009,QAR,PRK.1476,Chicken Noodle Bowl,40,720,720,18
04/01/2023,GRA,ST009,QAR,PRK.1477,BBQ Steak,45,630,630,14
04/01/2023,GRA,ST009,QAR,PRK.1478,Rib eye Steak with Vegeta,55,1265,1265,23
04/01/2023,GRA,ST009,QAR,PRK.1479,Lasagne Pasta,45,810,810,18
04/01/2023,GRA,ST009,QAR,PRK.1480,Steak cajun potato,50,2000,2000,40
04/01/2023,GRA,ST009,QAR,PRK.1501,pomegranate,3,12,12,4
04/01/2023,GRA,ST009,QAR,PRK.1502,Strawberry,3,24,24,8
04/01/2023,GRA,ST009,QAR,PRK.1505,Salted Caramel,3,9,9,3
04/01/2023,GRA,ST009,QAR,PRK.1506,Pretzel,3,15,15,5
04/01/2023,GRA,ST009,QAR,PRK.1507,Crispy Crepe,3,60,60,20
04/01/2023,GRA,ST009,QAR,PRK.1508,Granola,3,36,36,12
04/01/2023,GRA,ST009,QAR,PRK.1509,Coconut Flakes,3,21,21,7
04/01/2023,GRA,ST009,QAR,PRK.1510,Crushed Graham,3,6,6,2
04/01/2023,GRA,ST009,QAR,PRK.1521,Mango Sauce,3,6,6,2
04/01/2023,GRA,ST009,QAR,PRK.1523,Peanut Butter Sauce,3,18,18,6
04/01/2023,GRA,ST009,QAR,PRK.1527,Mango,3,27,27,9
04/01/2023,GRA,ST009,QAR,PRK.1531,Power Shake,35,245,245,7
04/01/2023,GRA,ST009,QAR,PRK.1532,Peanut Power Shake,35,140,140,4
04/01/2023,GRA,ST009,QAR,PRK.1536,Energizer protine Shakes,45,270,270,6
04/01/2023,GRA,ST009,QAR,PRK.1540,Energizer shakes,35,210,210,6
04/01/2023,GRA,ST009,QAR,PRK.1550,Extra Protein,10,10,10,1
04/01/2023,GRA,ST009,QAR,PRK.1580,Ogaily cardamom ice cream,30,210,210,7
04/01/2023,GRA,ST009,QAR,PRK.1587,Supersize,45,450,450,10
04/01/2023,GRA,ST009,QAR,PRK.1588,Acai Small,35,35,35,1
04/01/2023,GRA,ST009,QAR,PRK.1589,Acai Large,40,80,80,2
04/01/2023,GRA,ST009,QAR,PRK.1592,Watermelon coolex,24,480,480,20
04/01/2023,GRA,ST009,QAR,PRK.1593,Tropicana,24,312,312,13
04/01/2023,GRA,ST009,QAR,PRK.1623,Brownie flavour cookies,10,520,520,52
04/01/2023,GRA,ST009,QAR,PRK.1628,Brownie bites,13,65,65,5
04/01/2023,GRA,ST009,QAR,PRK.1632,Turkey cheese roll,19,247,247,13
04/01/2023,GRA,ST009,QAR,PRK.1633,Spinach feta roll,18,90,90,5
04/01/2023,GRA,ST009,QAR,PRK.1634,Madeleine,12,192,192,16
04/01/2023,GRA,ST009,QAR,PRK.1681,Salted Caramel Mocha,24,24,24,1
04/01/2023,GRA,ST009,QAR,PRK.1682,■Matcha Frappe,26,520,520,20
04/01/2023,GRA,ST009,QAR,PRK.1711,Pomegranate Pot,18,270,270,15
04/01/2023,GRA,ST009,QAR,PRK.1712,Mango Peach Muesli Pot,24,24,24,1
04/01/2023,GRA,ST009,QAR,PRK.1713,Overnight oats PB&Jam,25,175,175,7
04/01/2023,GRA,ST009,QAR,PRK.1741,Spicy Tuna sandwich,26,936,936,36
04/01/2023,GRA,ST009,QAR,PRK.1742,Three cheese,22,484,484,22
04/01/2023,GRA,ST009,QAR,PRK.1743,Falafel and Labna,25,300,300,12
04/01/2023,GRA,ST009,QAR,PRK.1748,Chicken Shawarma,18,846,828,47
04/01/2023,GRA,ST009,QAR,PRK.1749,Tenderloin Beef Shawarma,22,352,352,16
04/01/2023,GRA,ST009,QAR,PRK.1752,Club sandwich,30,930,930,31
04/01/2023,GRA,ST009,QAR,PRK.1771,Pistachio Arabeshi,5,850,850,170
04/01/2023,GRA,ST009,QAR,PRK.1772,Fresh Raspberry,5,250,250,50
04/01/2023,GRA,ST009,QAR,PRK.1773,Fresh blueberry,5,235,235,47
04/01/2023,GRA,ST009,QAR,PRK.1774,Chocolate Flakes,5,130,130,26
04/01/2023,GRA,ST009,QAR,PRK.1775,Honey Comb,5,80,80,16
04/01/2023,GRA,ST009,QAR,PRK.4501,Full Fat Milk,0,0,0,6
04/01/2023,GRA,ST009,QAR,PRK.4502,Low Fat Milk,0,0,0,5
04/01/2023,GRA,ST009,QAR,PRK.4503,Almond Milk,2,42,42,21
04/01/2023,GRA,ST009,QAR,PRK.4504,Soya Milk,2,2,2,1
04/01/2023,GRA,ST009,QAR,PRK.4509,Double Shot,0,0,0,1
04/01/2023,GRA,ST009,QAR,PRK.4516,Decaf,0,0,0,6
04/01/2023,GRA,ST009,QAR,PRK.4520,hazelnut flavor,0,0,0,1
04/01/2023,GRA,ST009,QAR,PRK.4521,Oat Milk,2,18,18,9
04/01/2023,GRA,ST009,QAR,PRK.4522,Skimmed Milk,2,18,18,9
04/01/2023,GRA,ST009,QAR,PRK.4523,Coconut Milk,2,2,2,1
04/01/2023,GRA,ST009,QAR,PRK.4531,w/ Granola,0,0,0,42
04/01/2023,GRA,ST009,QAR,PRK.4533,w/ Pretzel,0,0,0,4
04/01/2023,GRA,ST009,QAR,PRK.4534,w/ Coconut Flakes,0,0,0,13
04/01/2023,GRA,ST009,QAR,PRK.4535,w/ Crispy Crepe,0,0,0,63
04/01/2023,GRA,ST009,QAR,PRK.4537,w/ Mixed Berries Sauce,0,0,0,9
04/01/2023,GRA,ST009,QAR,PRK.4541,w/ Strawberry,0,0,0,145
04/01/2023,GRA,ST009,QAR,PRK.4543,w/ Salted Caramel,0,0,0,8
04/01/2023,GRA,ST009,QAR,PRK.4544,w/ Pomegranate,0,0,0,79
04/01/2023,GRA,ST009,QAR,PRK.4545,w/ Dulce de leche,0,0,0,9
04/01/2023,GRA,ST009,QAR,PRK.4549,w/ Mango Sauce,0,0,0,17
04/01/2023,GRA,ST009,QAR,PRK.4550,w/ Mango,0,0,0,146
04/01/2023,GRA,ST009,QAR,PRK.4551,w/ Peanut Butter Sauce,0,0,0,1
04/01/2023,GRA,ST009,QAR,PRK.4552,w/ Crushed Grahams,0,0,0,7
04/01/2023,GRA,ST009,QAR,PRK.4556,w/ Fresh Pineapple,0,0,0,12
04/01/2023,GRA,ST009,QAR,PRK.4558,w/ Lotus Biscuit,0,0,0,17
04/01/2023,GRA,ST009,QAR,PRK.4561,MIXED FROZEN YOGURT,0,0,0,23
04/01/2023,GRA,ST009,QAR,PRK.4562,MIXED MANGO YOGURT,0,0,0,8
