DATE,BRANCHCODE,WAREHOUSECODE,CURRENCY,ERPCODE,ITEMNAME,RAWPRICE,GROSSAMT,NETVALUE,QTYSOLD
01/01/2023,GRA,ST009,QAR,PRK.902,Granola,55,605,605,11
01/01/2023,GRA,ST009,QAR,PRK.907,Zaatar Chips,6,138,138,23
01/01/2023,GRA,ST009,QAR,PRK.909,Spicy Pesto Chips,6,66,66,11
01/01/2023,GRA,ST009,QAR,PRK.910,Graze Spicy Mix Sml,25,300,300,12
01/01/2023,GRA,ST009,QAR,PRK.911,Graze House Mix Sml,25,300,300,12
01/01/2023,GRA,ST009,QAR,PRK.937,Baby Mozzarella Salad,45,135,135,3
01/01/2023,GRA,ST009,QAR,PRK.938,4 Grain Salad with Beetro,55,495,495,9
01/01/2023,GRA,ST009,QAR,PRK.939,Steak Salad with Green Sa,55,660,660,12
01/01/2023,GRA,ST009,QAR,PRK.962,Extra flavor,3,33,33,11
01/01/2023,GRA,ST009,QAR,PRK.994,Crsnt w Egg/Avaca/ SunTom,24,528,528,22
01/01/2023,GRA,ST009,QAR,PRK.995,Egg Burrito,20,220,220,11
01/01/2023,GRA,ST009,QAR,PRK.996,Blueberry Granola parfait,25,425,425,17
01/01/2023,GRA,ST009,QAR,PRK.997,Yog Dates Chia Pista Alm,22,462,462,21
01/01/2023,GRA,ST009,QAR,PRK.1003,Cheese Croissant,16,96,96,6
01/01/2023,GRA,ST009,QAR,PRK.1007,Zatar Croissant,16,176,176,11
01/01/2023,GRA,ST009,QAR,PRK.1015,Kiri Cheese Danish,14,308,308,22
01/01/2023,GRA,ST009,QAR,PRK.1016,Plain Croissant,10,190,190,19
01/01/2023,GRA,ST009,QAR,PRK.1021,Shirazi Salad,12,180,180,15
01/01/2023,GRA,ST009,QAR,PRK.1023,Falafel Salad,45,1395,1395,31
01/01/2023,GRA,ST009,QAR,PRK.1024,Quinoa Swt potato Salad,40,40,40,1
01/01/2023,GRA,ST009,QAR,PRK.1027,Mex Chkn Chilli Bean Sld,40,840,840,21
01/01/2023,GRA,ST009,QAR,PRK.1031,Teriyaki GRAZE Salmn,55,1980,1980,36
01/01/2023,GRA,ST009,QAR,PRK.1039,Keto Chicken Salad,40,1800,1800,45
01/01/2023,GRA,ST009,QAR,PRK.1046,Greek Salad,30,420,420,14
01/01/2023,GRA,ST009,QAR,PRK.1048,Mexican  Caesar Salad chk,39,1443,1443,37
01/01/2023,GRA,ST009,QAR,PRK.1049,ROCCA SALAD,22,132,132,6
01/01/2023,GRA,ST009,QAR,PRK.1052,Smoke Turkey Sandwich,34,2244,2244,66
01/01/2023,GRA,ST009,QAR,PRK.1054,lemon&Rosemary Chkn,36,2124,2124,59
01/01/2023,GRA,ST009,QAR,PRK.1057,Steak & Philly Chz SW,32,1056,1056,33
01/01/2023,GRA,ST009,QAR,PRK.1063,Egg Mayo with Rocket,20,360,360,18
01/01/2023,GRA,ST009,QAR,PRK.1068,Crispy Chicken Bun,24,600,600,25
01/01/2023,GRA,ST009,QAR,PRK.1070,Chicken Pesto & Mozzarell,32,576,576,18
01/01/2023,GRA,ST009,QAR,PRK.1077,Spicy Halloumi,38,114,114,3
01/01/2023,GRA,ST009,QAR,PRK.1083,Chkn Soup,19,228,228,12
01/01/2023,GRA,ST009,QAR,PRK.1087,Lentil Soup,20,360,360,18
01/01/2023,GRA,ST009,QAR,PRK.1089,Vegetable soup,16,96,96,6
01/01/2023,GRA,ST009,QAR,PRK.1113,Chkn Katsu Curry,45,2835,2835,63
01/01/2023,GRA,ST009,QAR,PRK.1115,Mushroom Pasta,40,1480,1480,37
01/01/2023,GRA,ST009,QAR,PRK.1118,Steak With Mushroom Sauce,45,855,855,19
01/01/2023,GRA,ST009,QAR,PRK.1119,Chicken Biryani,45,2745,2745,61
01/01/2023,GRA,ST009,QAR,PRK.1121,Chinese Sesame Chicken,40,2960,2960,74
01/01/2023,GRA,ST009,QAR,PRK.1127,Rock Shrimp,45,1125,1125,25
01/01/2023,GRA,ST009,QAR,PRK.1133,Lamb  Kabsa,45,2250,2250,50
01/01/2023,GRA,ST009,QAR,PRK.1140,Chicken Curry & Saffron r,43,1333,1333,31
01/01/2023,GRA,ST009,QAR,PRK.1145,Yoghurt & Cucumber dip,12,180,180,15
01/01/2023,GRA,ST009,QAR,PRK.1146,Spicy Guacamole Pot,13,143,143,11
01/01/2023,GRA,ST009,QAR,PRK.1149,Edamame Pot,12,264,264,22
01/01/2023,GRA,ST009,QAR,PRK.1159,Greek Tabbouleh,20,440,440,22
01/01/2023,GRA,ST009,QAR,PRK.1160,Egg pot,16,32,32,2
01/01/2023,GRA,ST009,QAR,PRK.1173,Choco Chia Energy Ball,30,390,390,13
01/01/2023,GRA,ST009,QAR,PRK.1175,Pecan Bars,14,224,224,16
01/01/2023,GRA,ST009,QAR,PRK.1177,Carrot Cake,15,240,240,16
01/01/2023,GRA,ST009,QAR,PRK.1183,Bannana,2,24,24,12
01/01/2023,GRA,ST009,QAR,PRK.1184,Watermelon,18,576,576,32
01/01/2023,GRA,ST009,QAR,PRK.1185,Pineapplemix,18,486,486,27
01/01/2023,GRA,ST009,QAR,PRK.1186,Mixed Berries,22,286,286,13
01/01/2023,GRA,ST009,QAR,PRK.1194,Lotus Cheesecake,15,240,240,16
01/01/2023,GRA,ST009,QAR,PRK.1201,Iced Flat White,18,54,54,3
01/01/2023,GRA,ST009,QAR,PRK.1203,Iced Spanish Latte,20,340,340,17
01/01/2023,GRA,ST009,QAR,PRK.1204,Iced Latte,18,126,126,7
01/01/2023,GRA,ST009,QAR,PRK.1205,Iced Americano,15,240,240,16
01/01/2023,GRA,ST009,QAR,PRK.1234,Pepperoni Pizza small,40,200,200,5
01/01/2023,GRA,ST009,QAR,PRK.1235,Margherita Pizza small,30,180,180,6
01/01/2023,GRA,ST009,QAR,PRK.1236,BBQ chicken Pizza small,35,70,70,2
01/01/2023,GRA,ST009,QAR,PRK.1262,Highland Still,5,490,490,98
01/01/2023,GRA,ST009,QAR,PRK.1265,Perrier Sparkling,9,153,153,17
01/01/2023,GRA,ST009,QAR,PRK.1291,Coke,5,120,120,24
01/01/2023,GRA,ST009,QAR,PRK.1292,Diet Coke,5,255,255,51
01/01/2023,GRA,ST009,QAR,PRK.1335,Cool Box,15,15,15,1
01/01/2023,GRA,ST009,QAR,PRK.1351,Espresso Single,12,216,216,18
01/01/2023,GRA,ST009,QAR,PRK.1353,Americano Hot,15,705,705,47
01/01/2023,GRA,ST009,QAR,PRK.1354,Flat White Hot,18,1134,1134,63
01/01/2023,GRA,ST009,QAR,PRK.1355,Cappucino,18,810,810,45
01/01/2023,GRA,ST009,QAR,PRK.1356,Cortado,18,468,468,26
01/01/2023,GRA,ST009,QAR,PRK.1358,Spanish Latte,20,1120,1120,56
01/01/2023,GRA,ST009,QAR,PRK.1359,Classic Mocha,25,75,75,3
01/01/2023,GRA,ST009,QAR,PRK.1360,Slated Caramel Mocha,25,100,100,4
01/01/2023,GRA,ST009,QAR,PRK.1362,Double Espresso,14,182,182,13
01/01/2023,GRA,ST009,QAR,PRK.1363,Latte Hot,18,738,738,41
01/01/2023,GRA,ST009,QAR,PRK.1364,English B/F,12,108,108,9
01/01/2023,GRA,ST009,QAR,PRK.1365,Green Tea,12,24,24,2
01/01/2023,GRA,ST009,QAR,PRK.1368,Lemon Grass/ Ginger,12,12,12,1
01/01/2023,GRA,ST009,QAR,PRK.1372,Hot Cocoa,24,288,288,12
01/01/2023,GRA,ST009,QAR,PRK.1373,Hibiscus Iced tea,18,144,144,8
01/01/2023,GRA,ST009,QAR,PRK.1375,Matcha Latte,25,125,125,5
01/01/2023,GRA,ST009,QAR,PRK.1376,Cinnamon Latte,25,50,50,2
01/01/2023,GRA,ST009,QAR,PRK.1386,Orange Juice,22,1298,1298,59
01/01/2023,GRA,ST009,QAR,PRK.1387,Carrot Juice,22,44,44,2
01/01/2023,GRA,ST009,QAR,PRK.1390,Morning Boost,24,456,456,19
01/01/2023,GRA,ST009,QAR,PRK.1392,Immune Boost,22,638,638,29
01/01/2023,GRA,ST009,QAR,PRK.1396,Ginger Aid Shot,18,792,792,44
01/01/2023,GRA,ST009,QAR,PRK.1402,Laban Drink,18,522,522,29
01/01/2023,GRA,ST009,QAR,PRK.1404,Green Boost Juice,24,48,48,2
01/01/2023,GRA,ST009,QAR,PRK.1406,Beetroot & Apple Juice,20,840,840,42
01/01/2023,GRA,ST009,QAR,PRK.1409,Turmeric wellness shot,16,240,240,15
01/01/2023,GRA,ST009,QAR,PRK.1412, Mini Cup Yogurt,14,728,728,52
01/01/2023,GRA,ST009,QAR,PRK.1413,Regular Cup Yogurt,21,525,525,25
01/01/2023,GRA,ST009,QAR,PRK.1416,Large Cup Yogurt,23,46,46,2
01/01/2023,GRA,ST009,QAR,PRK.1418, Mini Cup Yogurt/Topping,18,738,738,41
01/01/2023,GRA,ST009,QAR,PRK.1419,Reg Cup Yogurt/Toping,26,572,572,22
01/01/2023,GRA,ST009,QAR,PRK.1422,Large Cup Yogurt/Topping,30,90,90,3
01/01/2023,GRA,ST009,QAR,PRK.1429,Mini Mango Ice Cream,14,1442,1442,103
01/01/2023,GRA,ST009,QAR,PRK.1430,Regular Mango Ice Cream,21,693,693,33
01/01/2023,GRA,ST009,QAR,PRK.1431,Large Mango Ice Cream,23,230,230,10
01/01/2023,GRA,ST009,QAR,PRK.1432,Mini Mango Ice Cream/Topp,18,1260,1260,70
01/01/2023,GRA,ST009,QAR,PRK.1433,Reg Mango Ice cream/Topp,26,1378,1378,53
01/01/2023,GRA,ST009,QAR,PRK.1434,Large Mango Ice Cream/Top,30,300,300,10
01/01/2023,GRA,ST009,QAR,PRK.1464,Fresh Pineapple,3,6,6,2
01/01/2023,GRA,ST009,QAR,PRK.1474,Spaghetti Bolognese,45,405,405,9
01/01/2023,GRA,ST009,QAR,PRK.1475,Salmon with Cilantro Rice,65,715,715,11
01/01/2023,GRA,ST009,QAR,PRK.1476,Chicken Noodle Bowl,40,800,800,20
01/01/2023,GRA,ST009,QAR,PRK.1477,BBQ Steak,45,855,855,19
01/01/2023,GRA,ST009,QAR,PRK.1478,Rib eye Steak with Vegeta,55,1320,1320,24
01/01/2023,GRA,ST009,QAR,PRK.1479,Lasagne Pasta,45,720,720,16
01/01/2023,GRA,ST009,QAR,PRK.1480,Steak cajun potato,50,950,950,19
01/01/2023,GRA,ST009,QAR,PRK.1501,pomegranate,3,9,9,3
01/01/2023,GRA,ST009,QAR,PRK.1502,Strawberry,3,30,30,10
01/01/2023,GRA,ST009,QAR,PRK.1505,Salted Caramel,3,3,3,1
01/01/2023,GRA,ST009,QAR,PRK.1506,Pretzel,3,6,6,2
01/01/2023,GRA,ST009,QAR,PRK.1507,Crispy Crepe,3,12,12,4
01/01/2023,GRA,ST009,QAR,PRK.1508,Granola,3,15,15,5
01/01/2023,GRA,ST009,QAR,PRK.1510,Crushed Graham,3,12,12,4
01/01/2023,GRA,ST009,QAR,PRK.1520,Mixed Berries Sauce,3,3,3,1
01/01/2023,GRA,ST009,QAR,PRK.1523,Peanut Butter Sauce,3,3,3,1
01/01/2023,GRA,ST009,QAR,PRK.1527,Mango,3,9,9,3
01/01/2023,GRA,ST009,QAR,PRK.1531,Power Shake,35,490,490,14
01/01/2023,GRA,ST009,QAR,PRK.1532,Peanut Power Shake,35,245,245,7
01/01/2023,GRA,ST009,QAR,PRK.1533,Pre-workout protein shak,45,45,45,1
01/01/2023,GRA,ST009,QAR,PRK.1536,Energizer protine Shakes,45,585,585,13
01/01/2023,GRA,ST009,QAR,PRK.1540,Energizer shakes,35,70,70,2
01/01/2023,GRA,ST009,QAR,PRK.1544,14oz Essential protine,40,80,80,2
01/01/2023,GRA,ST009,QAR,PRK.1545,14oz Energizer protine,40,120,120,3
01/01/2023,GRA,ST009,QAR,PRK.1623,Brownie flavour cookies,10,670,670,67
01/01/2023,GRA,ST009,QAR,PRK.1628,Brownie bites,13,234,234,18
01/01/2023,GRA,ST009,QAR,PRK.1632,Turkey cheese roll,19,228,228,12
01/01/2023,GRA,ST009,QAR,PRK.1633,Spinach feta roll,18,144,144,8
01/01/2023,GRA,ST009,QAR,PRK.1634,Madeleine,12,432,432,36
01/01/2023,GRA,ST009,QAR,PRK.1635,Poppy Lemon seeds,12,24,24,2
01/01/2023,GRA,ST009,QAR,PRK.1681,Salted Caramel Mocha,24,24,24,1
01/01/2023,GRA,ST009,QAR,PRK.1682,■Matcha Frappe,26,390,390,15
01/01/2023,GRA,ST009,QAR,PRK.1711,Pomegranate Pot,18,180,180,10
01/01/2023,GRA,ST009,QAR,PRK.1741,Spicy Tuna sandwich,26,884,884,34
01/01/2023,GRA,ST009,QAR,PRK.1742,Three cheese,22,550,550,25
01/01/2023,GRA,ST009,QAR,PRK.1743,Falafel and Labna,25,50,50,2
01/01/2023,GRA,ST009,QAR,PRK.1748,Chicken Shawarma,18,720,720,40
01/01/2023,GRA,ST009,QAR,PRK.1749,Tenderloin Beef Shawarma,22,308,308,14
01/01/2023,GRA,ST009,QAR,PRK.1752,Club sandwich,30,690,690,23
01/01/2023,GRA,ST009,QAR,PRK.1771,Pistachio Arabeshi,5,235,235,47
01/01/2023,GRA,ST009,QAR,PRK.1772,Fresh Raspberry,5,105,105,21
01/01/2023,GRA,ST009,QAR,PRK.1773,Fresh blueberry,5,115,115,23
01/01/2023,GRA,ST009,QAR,PRK.1774,Chocolate Flakes,5,165,165,33
01/01/2023,GRA,ST009,QAR,PRK.1775,Honey Comb,5,40,40,8
01/01/2023,GRA,ST009,QAR,PRK.4501,Full Fat Milk,0,0,0,1
01/01/2023,GRA,ST009,QAR,PRK.4502,Low Fat Milk,0,0,0,2
01/01/2023,GRA,ST009,QAR,PRK.4503,Almond Milk,2,64,64,32
01/01/2023,GRA,ST009,QAR,PRK.4504,Soya Milk,2,12,12,6
01/01/2023,GRA,ST009,QAR,PRK.4516,Decaf,0,0,0,3
01/01/2023,GRA,ST009,QAR,PRK.4519,caramel flavor,0,0,0,1
01/01/2023,GRA,ST009,QAR,PRK.4520,hazelnut flavor,0,0,0,2
01/01/2023,GRA,ST009,QAR,PRK.4521,Oat Milk,2,14,14,7
01/01/2023,GRA,ST009,QAR,PRK.4522,Skimmed Milk,2,16,16,8
01/01/2023,GRA,ST009,QAR,PRK.4523,Coconut Milk,2,14,14,7
01/01/2023,GRA,ST009,QAR,PRK.4531,w/ Granola,0,0,0,33
01/01/2023,GRA,ST009,QAR,PRK.4533,w/ Pretzel,0,0,0,3
01/01/2023,GRA,ST009,QAR,PRK.4534,w/ Coconut Flakes,0,0,0,11
01/01/2023,GRA,ST009,QAR,PRK.4535,w/ Crispy Crepe,0,0,0,27
01/01/2023,GRA,ST009,QAR,PRK.4537,w/ Mixed Berries Sauce,0,0,0,6
01/01/2023,GRA,ST009,QAR,PRK.4541,w/ Strawberry,0,0,0,68
01/01/2023,GRA,ST009,QAR,PRK.4543,w/ Salted Caramel,0,0,0,11
01/01/2023,GRA,ST009,QAR,PRK.4544,w/ Pomegranate,0,0,0,37
01/01/2023,GRA,ST009,QAR,PRK.4545,w/ Dulce de leche,0,0,0,8
01/01/2023,GRA,ST009,QAR,PRK.4549,w/ Mango Sauce,0,0,0,10
01/01/2023,GRA,ST009,QAR,PRK.4550,w/ Mango,0,0,0,83
01/01/2023,GRA,ST009,QAR,PRK.4551,w/ Peanut Butter Sauce,0,0,0,1
01/01/2023,GRA,ST009,QAR,PRK.4552,w/ Crushed Grahams,0,0,0,3
01/01/2023,GRA,ST009,QAR,PRK.4556,w/ Fresh Pineapple,0,0,0,2
01/01/2023,GRA,ST009,QAR,PRK.4558,w/ Lotus Biscuit,0,0,0,6
01/01/2023,GRA,ST009,QAR,PRK.4561,MIXED FROZEN YOGURT,0,0,0,15
01/01/2023,GRA,ST009,QAR,PRK.4562,MIXED MANGO YOGURT,0,0,0,4
