DATE,BRANCHCODE,WAREHOUSECODE,CURRENCY,ERPCODE,ITEMNAME,RAWPRICE,GROSSAMT,NETVALUE,QTYSOLD
08/01/2023,GRA,ST009,QAR,PRK.902,Granola,55,1870,1870,34
08/01/2023,GRA,ST009,QAR,PRK.907,Zaatar Chips,6,210,210,35
08/01/2023,GRA,ST009,QAR,PRK.909,Spicy Pesto Chips,6,228,228,38
08/01/2023,GRA,ST009,QAR,PRK.910,Graze Spicy Mix Sml,25,250,250,10
08/01/2023,GRA,ST009,QAR,PRK.911,Graze House Mix Sml,25,425,425,17
08/01/2023,GRA,ST009,QAR,PRK.939,Steak Salad with Green Sa,55,1320,1320,24
08/01/2023,GRA,ST009,QAR,PRK.940,Burrata Salad,50,50,50,1
08/01/2023,GRA,ST009,QAR,PRK.962,Extra flavor,3,12,12,4
08/01/2023,GRA,ST009,QAR,PRK.994,Crsnt w Egg/Avaca/ SunTom,24,1008,1008,42
08/01/2023,GRA,ST009,QAR,PRK.995,Egg Burrito,20,540,540,27
08/01/2023,GRA,ST009,QAR,PRK.996,Blueberry Granola parfait,25,1000,1000,40
08/01/2023,GRA,ST009,QAR,PRK.997,Yog Dates Chia Pista Alm,22,682,682,31
08/01/2023,GRA,ST009,QAR,PRK.1003,Cheese Croissant,16,96,96,6
08/01/2023,GRA,ST009,QAR,PRK.1007,Zatar Croissant,16,256,256,16
08/01/2023,GRA,ST009,QAR,PRK.1012,Three Berry Yogurt & Date,25,500,500,20
08/01/2023,GRA,ST009,QAR,PRK.1015,Kiri Cheese Danish,14,546,546,39
08/01/2023,GRA,ST009,QAR,PRK.1016,Plain Croissant,10,180,180,18
08/01/2023,GRA,ST009,QAR,PRK.1021,Shirazi Salad,12,492,492,41
08/01/2023,GRA,ST009,QAR,PRK.1023,Falafel Salad,45,990,990,22
08/01/2023,GRA,ST009,QAR,PRK.1024,Quinoa Swt potato Salad,40,80,80,2
08/01/2023,GRA,ST009,QAR,PRK.1027,Mex Chkn Chilli Bean Sld,40,1400,1320,35
08/01/2023,GRA,ST009,QAR,PRK.1029,Burrata Salad,50,650,650,13
08/01/2023,GRA,ST009,QAR,PRK.1031,Teriyaki GRAZE Salmn,55,2915,2915,53
08/01/2023,GRA,ST009,QAR,PRK.1039,Keto Chicken Salad,40,720,720,18
08/01/2023,GRA,ST009,QAR,PRK.1046,Greek Salad,30,570,570,19
08/01/2023,GRA,ST009,QAR,PRK.1048,Mexican  Caesar Salad chk,39,3120,3120,80
08/01/2023,GRA,ST009,QAR,PRK.1049,ROCCA SALAD,22,396,396,18
08/01/2023,GRA,ST009,QAR,PRK.1052,Smoke Turkey Sandwich,34,3332,3332,98
08/01/2023,GRA,ST009,QAR,PRK.1054,lemon&Rosemary Chkn,36,2808,2808,78
08/01/2023,GRA,ST009,QAR,PRK.1057,Steak & Philly Chz SW,32,1792,1792,56
08/01/2023,GRA,ST009,QAR,PRK.1063,Egg Mayo with Rocket,20,500,500,25
08/01/2023,GRA,ST009,QAR,PRK.1077,Spicy Halloumi,38,836,836,22
08/01/2023,GRA,ST009,QAR,PRK.1083,Chkn Soup,19,798,798,42
08/01/2023,GRA,ST009,QAR,PRK.1087,Lentil Soup,20,580,580,29
08/01/2023,GRA,ST009,QAR,PRK.1089,Vegetable soup,16,352,352,22
08/01/2023,GRA,ST009,QAR,PRK.1113,Chkn Katsu Curry,45,5040,5040,112
08/01/2023,GRA,ST009,QAR,PRK.1115,Mushroom Pasta,40,1920,1920,48
08/01/2023,GRA,ST009,QAR,PRK.1119,Chicken Biryani,45,6570,6570,146
08/01/2023,GRA,ST009,QAR,PRK.1121,Chinese Sesame Chicken,40,5280,5280,132
08/01/2023,GRA,ST009,QAR,PRK.1127,Rock Shrimp,45,3420,3420,76
08/01/2023,GRA,ST009,QAR,PRK.1133,Lamb  Kabsa,45,3960,3960,88
08/01/2023,GRA,ST009,QAR,PRK.1140,Chicken Curry & Saffron r,43,2795,2795,65
08/01/2023,GRA,ST009,QAR,PRK.1145,Yoghurt & Cucumber dip,12,300,300,25
08/01/2023,GRA,ST009,QAR,PRK.1146,Spicy Guacamole Pot,13,403,403,31
08/01/2023,GRA,ST009,QAR,PRK.1149,Edamame Pot,12,660,660,55
08/01/2023,GRA,ST009,QAR,PRK.1159,Greek Tabbouleh,20,880,880,44
08/01/2023,GRA,ST009,QAR,PRK.1173,Choco Chia Energy Ball,30,1170,1170,39
08/01/2023,GRA,ST009,QAR,PRK.1175,Pecan Bars,14,224,224,16
08/01/2023,GRA,ST009,QAR,PRK.1177,Carrot Cake,15,210,210,14
08/01/2023,GRA,ST009,QAR,PRK.1178,Sweet Potatoe Choco Cake,15,60,60,4
08/01/2023,GRA,ST009,QAR,PRK.1183,Bannana,2,160,160,80
08/01/2023,GRA,ST009,QAR,PRK.1184,Watermelon,18,1296,1296,72
08/01/2023,GRA,ST009,QAR,PRK.1185,Pineapplemix,18,612,612,34
08/01/2023,GRA,ST009,QAR,PRK.1186,Mixed Berries,22,968,968,44
08/01/2023,GRA,ST009,QAR,PRK.1194,Lotus Cheesecake,15,615,615,41
08/01/2023,GRA,ST009,QAR,PRK.1196,Chia Blueberry Yodurt,24,96,96,4
08/01/2023,GRA,ST009,QAR,PRK.1201,Iced Flat White,18,72,72,4
08/01/2023,GRA,ST009,QAR,PRK.1203,Iced Spanish Latte,20,440,440,22
08/01/2023,GRA,ST009,QAR,PRK.1204,Iced Latte,18,432,432,24
08/01/2023,GRA,ST009,QAR,PRK.1205,Iced Americano,15,345,345,23
08/01/2023,GRA,ST009,QAR,PRK.1234,Pepperoni Pizza small,40,120,120,3
08/01/2023,GRA,ST009,QAR,PRK.1235,Margherita Pizza small,30,300,300,10
08/01/2023,GRA,ST009,QAR,PRK.1236,BBQ chicken Pizza small,35,315,315,9
08/01/2023,GRA,ST009,QAR,PRK.1262,Highland Still,5,955,950,191
08/01/2023,GRA,ST009,QAR,PRK.1291,Coke,5,190,190,38
08/01/2023,GRA,ST009,QAR,PRK.1292,Diet Coke,5,700,700,140
08/01/2023,GRA,ST009,QAR,PRK.1325,Regular Pina Colada/Toppi,26,26,26,1
08/01/2023,GRA,ST009,QAR,PRK.1351,Espresso Single,12,276,276,23
08/01/2023,GRA,ST009,QAR,PRK.1353,Americano Hot,15,465,465,31
08/01/2023,GRA,ST009,QAR,PRK.1354,Flat White Hot,18,360,360,20
08/01/2023,GRA,ST009,QAR,PRK.1355,Cappucino,18,594,594,33
08/01/2023,GRA,ST009,QAR,PRK.1356,Cortado,18,144,144,8
08/01/2023,GRA,ST009,QAR,PRK.1358,Spanish Latte,20,740,740,37
08/01/2023,GRA,ST009,QAR,PRK.1360,Slated Caramel Mocha,25,125,125,5
08/01/2023,GRA,ST009,QAR,PRK.1362,Double Espresso,14,168,168,12
08/01/2023,GRA,ST009,QAR,PRK.1363,Latte Hot,18,612,612,34
08/01/2023,GRA,ST009,QAR,PRK.1364,English B/F,12,60,60,5
08/01/2023,GRA,ST009,QAR,PRK.1365,Green Tea,12,48,48,4
08/01/2023,GRA,ST009,QAR,PRK.1368,Lemon Grass/ Ginger,12,12,12,1
08/01/2023,GRA,ST009,QAR,PRK.1372,Hot Cocoa,24,168,168,7
08/01/2023,GRA,ST009,QAR,PRK.1373,Hibiscus Iced tea,18,306,306,17
08/01/2023,GRA,ST009,QAR,PRK.1374,Peach Iced Tea,18,198,198,11
08/01/2023,GRA,ST009,QAR,PRK.1375,Matcha Latte,25,200,200,8
08/01/2023,GRA,ST009,QAR,PRK.1376,Cinnamon Latte,25,50,50,2
08/01/2023,GRA,ST009,QAR,PRK.1386,Orange Juice,22,2112,2112,96
08/01/2023,GRA,ST009,QAR,PRK.1387,Carrot Juice,22,242,242,11
08/01/2023,GRA,ST009,QAR,PRK.1390,Morning Boost,24,648,648,27
08/01/2023,GRA,ST009,QAR,PRK.1392,Immune Boost,22,616,616,28
08/01/2023,GRA,ST009,QAR,PRK.1396,Ginger Aid Shot,18,1260,1260,70
08/01/2023,GRA,ST009,QAR,PRK.1402,Laban Drink,18,378,378,21
08/01/2023,GRA,ST009,QAR,PRK.1404,Green Boost Juice,24,1656,1656,69
08/01/2023,GRA,ST009,QAR,PRK.1406,Beetroot & Apple Juice,20,840,840,42
08/01/2023,GRA,ST009,QAR,PRK.1409,Turmeric wellness shot,16,672,672,42
08/01/2023,GRA,ST009,QAR,PRK.1412, Mini Cup Yogurt,14,14,14,1
08/01/2023,GRA,ST009,QAR,PRK.1416,Large Cup Yogurt,23,23,23,1
08/01/2023,GRA,ST009,QAR,PRK.1429,Mini Mango Ice Cream,14,4354,4354,311
08/01/2023,GRA,ST009,QAR,PRK.1430,Regular Mango Ice Cream,21,3612,3612,172
08/01/2023,GRA,ST009,QAR,PRK.1431,Large Mango Ice Cream,23,1955,1955,85
08/01/2023,GRA,ST009,QAR,PRK.1432,Mini Mango Ice Cream/Topp,18,2070,2070,115
08/01/2023,GRA,ST009,QAR,PRK.1433,Reg Mango Ice cream/Topp,26,2548,2548,98
08/01/2023,GRA,ST009,QAR,PRK.1434,Large Mango Ice Cream/Top,30,1410,1410,47
08/01/2023,GRA,ST009,QAR,PRK.1435,Mini Cup Milky Ice Cream,14,1064,1064,76
08/01/2023,GRA,ST009,QAR,PRK.1436,Reg Cup Milky Ice Cream,21,966,966,46
08/01/2023,GRA,ST009,QAR,PRK.1437,Lrge Cup Milky Ice Cream,23,92,92,4
08/01/2023,GRA,ST009,QAR,PRK.1438,Mini Cup Milky Ice C/Top,18,216,216,12
08/01/2023,GRA,ST009,QAR,PRK.1439,Reg Cup Milky Ice Cre/Top,26,312,312,12
08/01/2023,GRA,ST009,QAR,PRK.1440,Lrge Cup Milky Ice Cr/Top,30,150,150,5
08/01/2023,GRA,ST009,QAR,PRK.1464,Fresh Pineapple,3,15,15,5
08/01/2023,GRA,ST009,QAR,PRK.1470,Lotus Biscuit,3,51,51,17
08/01/2023,GRA,ST009,QAR,PRK.1474,Spaghetti Bolognese,45,1530,1530,34
08/01/2023,GRA,ST009,QAR,PRK.1475,Salmon with Cilantro Rice,65,1625,1625,25
08/01/2023,GRA,ST009,QAR,PRK.1476,Chicken Noodle Bowl,40,320,320,8
08/01/2023,GRA,ST009,QAR,PRK.1477,BBQ Steak,45,810,810,18
08/01/2023,GRA,ST009,QAR,PRK.1478,Rib eye Steak with Vegeta,55,2420,2420,44
08/01/2023,GRA,ST009,QAR,PRK.1479,Lasagne Pasta,45,765,765,17
08/01/2023,GRA,ST009,QAR,PRK.1480,Steak cajun potato,50,3150,3150,63
08/01/2023,GRA,ST009,QAR,PRK.1501,pomegranate,3,48,48,16
08/01/2023,GRA,ST009,QAR,PRK.1502,Strawberry,3,90,90,30
08/01/2023,GRA,ST009,QAR,PRK.1505,Salted Caramel,3,39,39,13
08/01/2023,GRA,ST009,QAR,PRK.1507,Crispy Crepe,3,117,117,39
08/01/2023,GRA,ST009,QAR,PRK.1508,Granola,3,57,57,19
08/01/2023,GRA,ST009,QAR,PRK.1509,Coconut Flakes,3,60,60,20
08/01/2023,GRA,ST009,QAR,PRK.1510,Crushed Graham,3,21,21,7
08/01/2023,GRA,ST009,QAR,PRK.1514,Dulce de Leche,3,6,6,2
08/01/2023,GRA,ST009,QAR,PRK.1520,Mixed Berries Sauce,3,6,6,2
08/01/2023,GRA,ST009,QAR,PRK.1521,Mango Sauce,3,12,12,4
08/01/2023,GRA,ST009,QAR,PRK.1523,Peanut Butter Sauce,3,15,15,5
08/01/2023,GRA,ST009,QAR,PRK.1527,Mango,3,54,54,18
08/01/2023,GRA,ST009,QAR,PRK.1531,Power Shake,35,770,770,22
08/01/2023,GRA,ST009,QAR,PRK.1532,Peanut Power Shake,35,420,420,12
08/01/2023,GRA,ST009,QAR,PRK.1536,Energizer protine Shakes,45,945,945,21
08/01/2023,GRA,ST009,QAR,PRK.1540,Energizer shakes,35,525,525,15
08/01/2023,GRA,ST009,QAR,PRK.1581,Mini coconut frz yog I/C,14,1344,1344,96
08/01/2023,GRA,ST009,QAR,PRK.1582,Regular coconut frz yog I,21,903,903,43
08/01/2023,GRA,ST009,QAR,PRK.1583,Large coconut frz yog I/C,23,207,207,9
08/01/2023,GRA,ST009,QAR,PRK.1584,Mini coconut frz yog top,18,702,702,39
08/01/2023,GRA,ST009,QAR,PRK.1585,Reg- coconut frz yog Topp,26,676,676,26
08/01/2023,GRA,ST009,QAR,PRK.1586,Large coconut frz yog Top,30,270,270,9
08/01/2023,GRA,ST009,QAR,PRK.1587,Supersize,45,1080,1080,24
08/01/2023,GRA,ST009,QAR,PRK.1588,Acai Small,35,2590,2590,74
08/01/2023,GRA,ST009,QAR,PRK.1589,Acai Large,40,1560,1560,39
08/01/2023,GRA,ST009,QAR,PRK.1592,Watermelon coolex,24,264,264,11
08/01/2023,GRA,ST009,QAR,PRK.1593,Tropicana,24,504,504,21
08/01/2023,GRA,ST009,QAR,PRK.1623,Brownie flavour cookies,10,660,660,66
08/01/2023,GRA,ST009,QAR,PRK.1628,Brownie bites,13,273,273,21
08/01/2023,GRA,ST009,QAR,PRK.1632,Turkey cheese roll,19,304,304,16
08/01/2023,GRA,ST009,QAR,PRK.1633,Spinach feta roll,18,90,90,5
08/01/2023,GRA,ST009,QAR,PRK.1634,Madeleine,12,420,420,35
08/01/2023,GRA,ST009,QAR,PRK.1681,Salted Caramel Mocha,24,144,144,6
08/01/2023,GRA,ST009,QAR,PRK.1682,■Matcha Frappe,26,390,390,15
08/01/2023,GRA,ST009,QAR,PRK.1711,Pomegranate Pot,18,432,432,24
08/01/2023,GRA,ST009,QAR,PRK.1713,Overnight oats PB&Jam,25,475,475,19
08/01/2023,GRA,ST009,QAR,PRK.1741,Spicy Tuna sandwich,26,1118,1118,43
08/01/2023,GRA,ST009,QAR,PRK.1742,Three cheese,22,902,902,41
08/01/2023,GRA,ST009,QAR,PRK.1743,Falafel and Labna,25,300,300,12
08/01/2023,GRA,ST009,QAR,PRK.1748,Chicken Shawarma,18,1206,1206,67
08/01/2023,GRA,ST009,QAR,PRK.1749,Tenderloin Beef Shawarma,22,770,770,35
08/01/2023,GRA,ST009,QAR,PRK.1752,Club sandwich,30,2070,2070,69
08/01/2023,GRA,ST009,QAR,PRK.1753,Slider Chicken Burger,38,1026,1026,27
08/01/2023,GRA,ST009,QAR,PRK.1754,Slider Beef Burger,39,1560,1560,40
08/01/2023,GRA,ST009,QAR,PRK.1771,Pistachio Arabeshi,5,670,670,134
08/01/2023,GRA,ST009,QAR,PRK.1772,Fresh Raspberry,5,95,95,19
08/01/2023,GRA,ST009,QAR,PRK.1773,Fresh blueberry,5,120,120,24
08/01/2023,GRA,ST009,QAR,PRK.1774,Chocolate Flakes,5,160,160,32
08/01/2023,GRA,ST009,QAR,PRK.1775,Honey Comb,5,75,75,15
08/01/2023,GRA,ST009,QAR,PRK.4501,Full Fat Milk,0,0,0,2
08/01/2023,GRA,ST009,QAR,PRK.4502,Low Fat Milk,0,0,0,4
08/01/2023,GRA,ST009,QAR,PRK.4503,Almond Milk,2,56,56,28
08/01/2023,GRA,ST009,QAR,PRK.4504,Soya Milk,2,8,8,4
08/01/2023,GRA,ST009,QAR,PRK.4516,Decaf,0,0,0,1
08/01/2023,GRA,ST009,QAR,PRK.4517,Vanilla Flavor,0,0,0,2
08/01/2023,GRA,ST009,QAR,PRK.4521,Oat Milk,2,10,10,5
08/01/2023,GRA,ST009,QAR,PRK.4523,Coconut Milk,2,2,2,1
08/01/2023,GRA,ST009,QAR,PRK.4531,w/ Granola,0,0,0,26
08/01/2023,GRA,ST009,QAR,PRK.4533,w/ Pretzel,0,0,0,11
08/01/2023,GRA,ST009,QAR,PRK.4534,w/ Coconut Flakes,0,0,0,34
08/01/2023,GRA,ST009,QAR,PRK.4535,w/ Crispy Crepe,0,0,0,94
08/01/2023,GRA,ST009,QAR,PRK.4537,w/ Mixed Berries Sauce,0,0,0,7
08/01/2023,GRA,ST009,QAR,PRK.4541,w/ Strawberry,0,0,0,106
08/01/2023,GRA,ST009,QAR,PRK.4543,w/ Salted Caramel,0,0,0,55
08/01/2023,GRA,ST009,QAR,PRK.4544,w/ Pomegranate,0,0,0,74
08/01/2023,GRA,ST009,QAR,PRK.4545,w/ Dulce de leche,0,0,0,17
08/01/2023,GRA,ST009,QAR,PRK.4549,w/ Mango Sauce,0,0,0,13
08/01/2023,GRA,ST009,QAR,PRK.4550,w/ Mango,0,0,0,120
08/01/2023,GRA,ST009,QAR,PRK.4551,w/ Peanut Butter Sauce,0,0,0,6
08/01/2023,GRA,ST009,QAR,PRK.4552,w/ Crushed Grahams,0,0,0,11
08/01/2023,GRA,ST009,QAR,PRK.4556,w/ Fresh Pineapple,0,0,0,20
08/01/2023,GRA,ST009,QAR,PRK.4558,w/ Lotus Biscuit,0,0,0,57
08/01/2023,GRA,ST009,QAR,PRK.4562,MIXED MANGO YOGURT,0,0,0,149
