DATE,BRANCHCODE,WAREHOUSECODE,CURRENCY,ERPCODE,ITEMNAME,RAWPRICE,GROSSAMT,NETVALUE,QTYSOLD
07/01/2023,GRA,ST009,QAR,PRK.902,Granola,55,1430,1430,26
07/01/2023,GRA,ST009,QAR,PRK.903,Graze Spicy  Mix,55,55,55,1
07/01/2023,GRA,ST009,QAR,PRK.907,Zaatar Chips,6,138,138,23
07/01/2023,GRA,ST009,QAR,PRK.909,Spicy Pesto Chips,6,102,102,17
07/01/2023,GRA,ST009,QAR,PRK.910,Graze Spicy Mix Sml,25,150,150,6
07/01/2023,GRA,ST009,QAR,PRK.911,Graze House Mix Sml,25,400,400,16
07/01/2023,GRA,ST009,QAR,PRK.937,Baby Mozzarella Salad,45,90,90,2
07/01/2023,GRA,ST009,QAR,PRK.938,4 Grain Salad with Beetro,55,330,330,6
07/01/2023,GRA,ST009,QAR,PRK.939,Steak Salad with Green Sa,55,770,770,14
07/01/2023,GRA,ST009,QAR,PRK.940,Burrata Salad,50,50,50,1
07/01/2023,GRA,ST009,QAR,PRK.962,Extra flavor,3,12,12,4
07/01/2023,GRA,ST009,QAR,PRK.994,Crsnt w Egg/Avaca/ SunTom,24,1200,1200,50
07/01/2023,GRA,ST009,QAR,PRK.995,Egg Burrito,20,420,420,21
07/01/2023,GRA,ST009,QAR,PRK.996,Blueberry Granola parfait,25,775,775,31
07/01/2023,GRA,ST009,QAR,PRK.997,Yog Dates Chia Pista Alm,22,638,638,29
07/01/2023,GRA,ST009,QAR,PRK.1003,Cheese Croissant,16,32,32,2
07/01/2023,GRA,ST009,QAR,PRK.1007,Zatar Croissant,16,80,80,5
07/01/2023,GRA,ST009,QAR,PRK.1012,Three Berry Yogurt & Date,25,250,250,10
07/01/2023,GRA,ST009,QAR,PRK.1015,Kiri Cheese Danish,14,462,462,33
07/01/2023,GRA,ST009,QAR,PRK.1016,Plain Croissant,10,130,130,13
07/01/2023,GRA,ST009,QAR,PRK.1021,Shirazi Salad,12,420,420,35
07/01/2023,GRA,ST009,QAR,PRK.1023,Falafel Salad,45,675,675,15
07/01/2023,GRA,ST009,QAR,PRK.1024,Quinoa Swt potato Salad,40,40,40,1
07/01/2023,GRA,ST009,QAR,PRK.1027,Mex Chkn Chilli Bean Sld,40,1280,1280,32
07/01/2023,GRA,ST009,QAR,PRK.1029,Burrata Salad,50,200,200,4
07/01/2023,GRA,ST009,QAR,PRK.1031,Teriyaki GRAZE Salmn,55,1925,1925,35
07/01/2023,GRA,ST009,QAR,PRK.1039,Keto Chicken Salad,40,1040,1040,26
07/01/2023,GRA,ST009,QAR,PRK.1046,Greek Salad,30,960,960,32
07/01/2023,GRA,ST009,QAR,PRK.1048,Mexican  Caesar Salad chk,39,2964,2964,76
07/01/2023,GRA,ST009,QAR,PRK.1049,ROCCA SALAD,22,374,374,17
07/01/2023,GRA,ST009,QAR,PRK.1052,Smoke Turkey Sandwich,34,2550,2550,75
07/01/2023,GRA,ST009,QAR,PRK.1054,lemon&Rosemary Chkn,36,2304,2304,64
07/01/2023,GRA,ST009,QAR,PRK.1057,Steak & Philly Chz SW,32,1536,1536,48
07/01/2023,GRA,ST009,QAR,PRK.1063,Egg Mayo with Rocket,20,320,320,16
07/01/2023,GRA,ST009,QAR,PRK.1077,Spicy Halloumi,38,988,988,26
07/01/2023,GRA,ST009,QAR,PRK.1083,Chkn Soup,19,703,703,37
07/01/2023,GRA,ST009,QAR,PRK.1087,Lentil Soup,20,760,760,38
07/01/2023,GRA,ST009,QAR,PRK.1089,Vegetable soup,16,352,352,22
07/01/2023,GRA,ST009,QAR,PRK.1113,Chkn Katsu Curry,45,5130,5130,114
07/01/2023,GRA,ST009,QAR,PRK.1115,Mushroom Pasta,40,2160,2160,54
07/01/2023,GRA,ST009,QAR,PRK.1119,Chicken Biryani,45,5895,5895,131
07/01/2023,GRA,ST009,QAR,PRK.1121,Chinese Sesame Chicken,40,4200,4200,105
07/01/2023,GRA,ST009,QAR,PRK.1127,Rock Shrimp,45,3105,3105,69
07/01/2023,GRA,ST009,QAR,PRK.1133,Lamb  Kabsa,45,4095,4095,91
07/01/2023,GRA,ST009,QAR,PRK.1140,Chicken Curry & Saffron r,43,2580,2580,60
07/01/2023,GRA,ST009,QAR,PRK.1145,Yoghurt & Cucumber dip,12,240,240,20
07/01/2023,GRA,ST009,QAR,PRK.1146,Spicy Guacamole Pot,13,351,351,27
07/01/2023,GRA,ST009,QAR,PRK.1149,Edamame Pot,12,540,540,45
07/01/2023,GRA,ST009,QAR,PRK.1159,Greek Tabbouleh,20,740,740,37
07/01/2023,GRA,ST009,QAR,PRK.1173,Choco Chia Energy Ball,30,510,510,17
07/01/2023,GRA,ST009,QAR,PRK.1175,Pecan Bars,14,280,280,20
07/01/2023,GRA,ST009,QAR,PRK.1177,Carrot Cake,15,240,240,16
07/01/2023,GRA,ST009,QAR,PRK.1183,Bannana,2,142,142,71
07/01/2023,GRA,ST009,QAR,PRK.1184,Watermelon,18,918,918,51
07/01/2023,GRA,ST009,QAR,PRK.1185,Pineapplemix,18,414,414,23
07/01/2023,GRA,ST009,QAR,PRK.1186,Mixed Berries,22,462,462,21
07/01/2023,GRA,ST009,QAR,PRK.1194,Lotus Cheesecake,15,315,315,21
07/01/2023,GRA,ST009,QAR,PRK.1196,Chia Blueberry Yodurt,24,264,264,11
07/01/2023,GRA,ST009,QAR,PRK.1201,Iced Flat White,18,108,108,6
07/01/2023,GRA,ST009,QAR,PRK.1203,Iced Spanish Latte,20,700,700,35
07/01/2023,GRA,ST009,QAR,PRK.1204,Iced Latte,18,432,432,24
07/01/2023,GRA,ST009,QAR,PRK.1205,Iced Americano,15,165,165,11
07/01/2023,GRA,ST009,QAR,PRK.1234,Pepperoni Pizza small,40,200,200,5
07/01/2023,GRA,ST009,QAR,PRK.1235,Margherita Pizza small,30,270,270,9
07/01/2023,GRA,ST009,QAR,PRK.1236,BBQ chicken Pizza small,35,210,210,6
07/01/2023,GRA,ST009,QAR,PRK.1262,Highland Still,5,550,550,110
07/01/2023,GRA,ST009,QAR,PRK.1291,Coke,5,265,265,53
07/01/2023,GRA,ST009,QAR,PRK.1292,Diet Coke,5,345,345,69
07/01/2023,GRA,ST009,QAR,PRK.1321,Mini Cup /Pina Colada,14,994,994,71
07/01/2023,GRA,ST009,QAR,PRK.1322,Regular Cup / Pina Colada,21,924,924,44
07/01/2023,GRA,ST009,QAR,PRK.1323,Large cup /Pina Colada,23,115,115,5
07/01/2023,GRA,ST009,QAR,PRK.1324,Mini Pina Colada/Topping,18,702,702,39
07/01/2023,GRA,ST009,QAR,PRK.1325,Regular Pina Colada/Toppi,26,416,416,16
07/01/2023,GRA,ST009,QAR,PRK.1326,Large Pina Colada/Topping,30,30,30,1
07/01/2023,GRA,ST009,QAR,PRK.1351,Espresso Single,12,348,348,29
07/01/2023,GRA,ST009,QAR,PRK.1352,Macchiato,18,36,36,2
07/01/2023,GRA,ST009,QAR,PRK.1353,Americano Hot,15,435,435,29
07/01/2023,GRA,ST009,QAR,PRK.1354,Flat White Hot,18,288,288,16
07/01/2023,GRA,ST009,QAR,PRK.1355,Cappucino,18,396,396,22
07/01/2023,GRA,ST009,QAR,PRK.1356,Cortado,18,342,342,19
07/01/2023,GRA,ST009,QAR,PRK.1358,Spanish Latte,20,660,660,33
07/01/2023,GRA,ST009,QAR,PRK.1360,Slated Caramel Mocha,25,50,50,2
07/01/2023,GRA,ST009,QAR,PRK.1362,Double Espresso,14,280,280,20
07/01/2023,GRA,ST009,QAR,PRK.1363,Latte Hot,18,774,774,43
07/01/2023,GRA,ST009,QAR,PRK.1364,English B/F,12,24,24,2
07/01/2023,GRA,ST009,QAR,PRK.1365,Green Tea,12,12,12,1
07/01/2023,GRA,ST009,QAR,PRK.1372,Hot Cocoa,24,168,168,7
07/01/2023,GRA,ST009,QAR,PRK.1373,Hibiscus Iced tea,18,90,90,5
07/01/2023,GRA,ST009,QAR,PRK.1374,Peach Iced Tea,18,216,216,12
07/01/2023,GRA,ST009,QAR,PRK.1376,Cinnamon Latte,25,100,100,4
07/01/2023,GRA,ST009,QAR,PRK.1377, Fresh Milk,10,10,10,1
07/01/2023,GRA,ST009,QAR,PRK.1386,Orange Juice,22,2442,2442,111
07/01/2023,GRA,ST009,QAR,PRK.1387,Carrot Juice,22,330,330,15
07/01/2023,GRA,ST009,QAR,PRK.1390,Morning Boost,24,504,504,21
07/01/2023,GRA,ST009,QAR,PRK.1392,Immune Boost,22,924,924,42
07/01/2023,GRA,ST009,QAR,PRK.1396,Ginger Aid Shot,18,882,882,49
07/01/2023,GRA,ST009,QAR,PRK.1402,Laban Drink,18,360,360,20
07/01/2023,GRA,ST009,QAR,PRK.1404,Green Boost Juice,24,1608,1608,67
07/01/2023,GRA,ST009,QAR,PRK.1406,Beetroot & Apple Juice,20,900,900,45
07/01/2023,GRA,ST009,QAR,PRK.1409,Turmeric wellness shot,16,384,384,24
07/01/2023,GRA,ST009,QAR,PRK.1412, Mini Cup Yogurt,14,1638,1638,117
07/01/2023,GRA,ST009,QAR,PRK.1413,Regular Cup Yogurt,21,1218,1218,58
07/01/2023,GRA,ST009,QAR,PRK.1416,Large Cup Yogurt,23,460,460,20
07/01/2023,GRA,ST009,QAR,PRK.1418, Mini Cup Yogurt/Topping,18,792,792,44
07/01/2023,GRA,ST009,QAR,PRK.1419,Reg Cup Yogurt/Toping,26,1326,1326,51
07/01/2023,GRA,ST009,QAR,PRK.1422,Large Cup Yogurt/Topping,30,120,120,4
07/01/2023,GRA,ST009,QAR,PRK.1429,Mini Mango Ice Cream,14,3388,3388,242
07/01/2023,GRA,ST009,QAR,PRK.1430,Regular Mango Ice Cream,21,3444,3444,164
07/01/2023,GRA,ST009,QAR,PRK.1431,Large Mango Ice Cream,23,1748,1748,76
07/01/2023,GRA,ST009,QAR,PRK.1432,Mini Mango Ice Cream/Topp,18,1764,1764,98
07/01/2023,GRA,ST009,QAR,PRK.1433,Reg Mango Ice cream/Topp,26,2938,2938,113
07/01/2023,GRA,ST009,QAR,PRK.1434,Large Mango Ice Cream/Top,30,1530,1530,51
07/01/2023,GRA,ST009,QAR,PRK.1464,Fresh Pineapple,3,12,12,4
07/01/2023,GRA,ST009,QAR,PRK.1470,Lotus Biscuit,3,21,21,7
07/01/2023,GRA,ST009,QAR,PRK.1474,Spaghetti Bolognese,45,720,720,16
07/01/2023,GRA,ST009,QAR,PRK.1475,Salmon with Cilantro Rice,65,1755,1755,27
07/01/2023,GRA,ST009,QAR,PRK.1476,Chicken Noodle Bowl,40,1040,1040,26
07/01/2023,GRA,ST009,QAR,PRK.1477,BBQ Steak,45,180,180,4
07/01/2023,GRA,ST009,QAR,PRK.1478,Rib eye Steak with Vegeta,55,1650,1650,30
07/01/2023,GRA,ST009,QAR,PRK.1479,Lasagne Pasta,45,945,945,21
07/01/2023,GRA,ST009,QAR,PRK.1480,Steak cajun potato,50,2450,2450,49
07/01/2023,GRA,ST009,QAR,PRK.1501,pomegranate,3,63,63,21
07/01/2023,GRA,ST009,QAR,PRK.1502,Strawberry,3,75,75,25
07/01/2023,GRA,ST009,QAR,PRK.1505,Salted Caramel,3,12,12,4
07/01/2023,GRA,ST009,QAR,PRK.1506,Pretzel,3,3,3,1
07/01/2023,GRA,ST009,QAR,PRK.1507,Crispy Crepe,3,57,57,19
07/01/2023,GRA,ST009,QAR,PRK.1508,Granola,3,57,57,19
07/01/2023,GRA,ST009,QAR,PRK.1509,Coconut Flakes,3,84,84,28
07/01/2023,GRA,ST009,QAR,PRK.1510,Crushed Graham,3,12,12,4
07/01/2023,GRA,ST009,QAR,PRK.1520,Mixed Berries Sauce,3,21,21,7
07/01/2023,GRA,ST009,QAR,PRK.1521,Mango Sauce,3,6,6,2
07/01/2023,GRA,ST009,QAR,PRK.1523,Peanut Butter Sauce,3,18,18,6
07/01/2023,GRA,ST009,QAR,PRK.1527,Mango,3,27,27,9
07/01/2023,GRA,ST009,QAR,PRK.1531,Power Shake,35,1155,1155,33
07/01/2023,GRA,ST009,QAR,PRK.1532,Peanut Power Shake,35,595,595,17
07/01/2023,GRA,ST009,QAR,PRK.1536,Energizer protine Shakes,45,585,585,13
07/01/2023,GRA,ST009,QAR,PRK.1540,Energizer shakes,35,385,385,11
07/01/2023,GRA,ST009,QAR,PRK.1541,Essential shakes,35,105,105,3
07/01/2023,GRA,ST009,QAR,PRK.1550,Extra Protein,10,20,20,2
07/01/2023,GRA,ST009,QAR,PRK.1587,Supersize,45,315,315,7
07/01/2023,GRA,ST009,QAR,PRK.1588,Acai Small,35,2205,2205,63
07/01/2023,GRA,ST009,QAR,PRK.1589,Acai Large,40,1600,1600,40
07/01/2023,GRA,ST009,QAR,PRK.1592,Watermelon coolex,24,192,192,8
07/01/2023,GRA,ST009,QAR,PRK.1593,Tropicana,24,408,408,17
07/01/2023,GRA,ST009,QAR,PRK.1623,Brownie flavour cookies,10,540,540,54
07/01/2023,GRA,ST009,QAR,PRK.1628,Brownie bites,13,143,143,11
07/01/2023,GRA,ST009,QAR,PRK.1632,Turkey cheese roll,19,152,152,8
07/01/2023,GRA,ST009,QAR,PRK.1633,Spinach feta roll,18,54,54,3
07/01/2023,GRA,ST009,QAR,PRK.1634,Madeleine,12,384,384,32
07/01/2023,GRA,ST009,QAR,PRK.1681,Salted Caramel Mocha,24,72,72,3
07/01/2023,GRA,ST009,QAR,PRK.1682,■Matcha Frappe,26,104,104,4
07/01/2023,GRA,ST009,QAR,PRK.1711,Pomegranate Pot,18,306,306,17
07/01/2023,GRA,ST009,QAR,PRK.1713,Overnight oats PB&Jam,25,200,200,8
07/01/2023,GRA,ST009,QAR,PRK.1741,Spicy Tuna sandwich,26,1248,1248,48
07/01/2023,GRA,ST009,QAR,PRK.1742,Three cheese,22,792,792,36
07/01/2023,GRA,ST009,QAR,PRK.1743,Falafel and Labna,25,100,100,4
07/01/2023,GRA,ST009,QAR,PRK.1748,Chicken Shawarma,18,1062,1062,59
07/01/2023,GRA,ST009,QAR,PRK.1749,Tenderloin Beef Shawarma,22,660,660,30
07/01/2023,GRA,ST009,QAR,PRK.1752,Club sandwich,30,1770,1770,59
07/01/2023,GRA,ST009,QAR,PRK.1753,Slider Chicken Burger,38,1520,1520,40
07/01/2023,GRA,ST009,QAR,PRK.1754,Slider Beef Burger,39,897,897,23
07/01/2023,GRA,ST009,QAR,PRK.1771,Pistachio Arabeshi,5,810,810,162
07/01/2023,GRA,ST009,QAR,PRK.1772,Fresh Raspberry,5,145,145,29
07/01/2023,GRA,ST009,QAR,PRK.1773,Fresh blueberry,5,115,115,23
07/01/2023,GRA,ST009,QAR,PRK.1774,Chocolate Flakes,5,240,240,48
07/01/2023,GRA,ST009,QAR,PRK.1775,Honey Comb,5,130,130,26
07/01/2023,GRA,ST009,QAR,PRK.4502,Low Fat Milk,0,0,0,7
07/01/2023,GRA,ST009,QAR,PRK.4503,Almond Milk,2,38,38,19
07/01/2023,GRA,ST009,QAR,PRK.4504,Soya Milk,2,10,10,5
07/01/2023,GRA,ST009,QAR,PRK.4516,Decaf,0,0,0,2
07/01/2023,GRA,ST009,QAR,PRK.4517,Vanilla Flavor,0,0,0,1
07/01/2023,GRA,ST009,QAR,PRK.4521,Oat Milk,2,6,6,3
07/01/2023,GRA,ST009,QAR,PRK.4523,Coconut Milk,2,2,2,1
07/01/2023,GRA,ST009,QAR,PRK.4531,w/ Granola,0,0,0,60
07/01/2023,GRA,ST009,QAR,PRK.4533,w/ Pretzel,0,0,0,6
07/01/2023,GRA,ST009,QAR,PRK.4534,w/ Coconut Flakes,0,0,0,17
07/01/2023,GRA,ST009,QAR,PRK.4535,w/ Crispy Crepe,0,0,0,70
07/01/2023,GRA,ST009,QAR,PRK.4537,w/ Mixed Berries Sauce,0,0,0,3
07/01/2023,GRA,ST009,QAR,PRK.4541,w/ Strawberry,0,0,0,128
07/01/2023,GRA,ST009,QAR,PRK.4543,w/ Salted Caramel,0,0,0,26
07/01/2023,GRA,ST009,QAR,PRK.4544,w/ Pomegranate,0,0,0,62
07/01/2023,GRA,ST009,QAR,PRK.4545,w/ Dulce de leche,0,0,0,11
07/01/2023,GRA,ST009,QAR,PRK.4549,w/ Mango Sauce,0,0,0,20
07/01/2023,GRA,ST009,QAR,PRK.4550,w/ Mango,0,0,0,213
07/01/2023,GRA,ST009,QAR,PRK.4551,w/ Peanut Butter Sauce,0,0,0,1
07/01/2023,GRA,ST009,QAR,PRK.4552,w/ Crushed Grahams,0,0,0,6
07/01/2023,GRA,ST009,QAR,PRK.4556,w/ Fresh Pineapple,0,0,0,26
07/01/2023,GRA,ST009,QAR,PRK.4558,w/ Lotus Biscuit,0,0,0,33
07/01/2023,GRA,ST009,QAR,PRK.4561,MIXED FROZEN YOGURT,0,0,0,12
07/01/2023,GRA,ST009,QAR,PRK.4562,MIXED MANGO YOGURT,0,0,0,19
