DATE,BRANCHCODE,WAREHOUSECODE,CURRENCY,ERPCODE,ITEMNAME,RAWPRICE,GROSSAMT,NETVALUE,QTYSOLD
02/01/2023,GRA,ST009,QAR,PRK.902,Granola,55,1705,1705,31
02/01/2023,GRA,ST009,QAR,PRK.907,Zaatar Chips,6,180,180,30
02/01/2023,GRA,ST009,QAR,PRK.909,Spicy Pesto Chips,6,186,186,31
02/01/2023,GRA,ST009,QAR,PRK.910,Graze Spicy Mix Sml,25,200,200,8
02/01/2023,GRA,ST009,QAR,PRK.911,Graze House Mix Sml,25,375,375,15
02/01/2023,GRA,ST009,QAR,PRK.937,Baby Mozzarella Salad,45,450,450,10
02/01/2023,GRA,ST009,QAR,PRK.938,4 Grain Salad with Beetro,55,1430,1430,26
02/01/2023,GRA,ST009,QAR,PRK.939,Steak Salad with Green Sa,55,1540,1540,28
02/01/2023,GRA,ST009,QAR,PRK.961,Extra cheese,5,10,10,2
02/01/2023,GRA,ST009,QAR,PRK.962,Extra flavor,3,48,48,16
02/01/2023,GRA,ST009,QAR,PRK.994,Crsnt w Egg/Avaca/ SunTom,24,912,912,38
02/01/2023,GRA,ST009,QAR,PRK.995,Egg Burrito,20,280,280,14
02/01/2023,GRA,ST009,QAR,PRK.996,Blueberry Granola parfait,25,825,825,33
02/01/2023,GRA,ST009,QAR,PRK.997,Yog Dates Chia Pista Alm,22,682,682,31
02/01/2023,GRA,ST009,QAR,PRK.1003,Cheese Croissant,16,80,80,5
02/01/2023,GRA,ST009,QAR,PRK.1007,Zatar Croissant,16,272,272,17
02/01/2023,GRA,ST009,QAR,PRK.1010,Tomato Puff Pastry,16,16,16,1
02/01/2023,GRA,ST009,QAR,PRK.1012,Three Berry Yogurt & Date,25,400,400,16
02/01/2023,GRA,ST009,QAR,PRK.1015,Kiri Cheese Danish,14,476,476,34
02/01/2023,GRA,ST009,QAR,PRK.1016,Plain Croissant,10,210,210,21
02/01/2023,GRA,ST009,QAR,PRK.1021,Shirazi Salad,12,372,372,31
02/01/2023,GRA,ST009,QAR,PRK.1023,Falafel Salad,45,810,810,18
02/01/2023,GRA,ST009,QAR,PRK.1024,Quinoa Swt potato Salad,40,760,760,19
02/01/2023,GRA,ST009,QAR,PRK.1027,Mex Chkn Chilli Bean Sld,40,1360,1360,34
02/01/2023,GRA,ST009,QAR,PRK.1031,Teriyaki GRAZE Salmn,55,2915,2915,53
02/01/2023,GRA,ST009,QAR,PRK.1039,Keto Chicken Salad,40,1000,1000,25
02/01/2023,GRA,ST009,QAR,PRK.1046,Greek Salad,30,750,750,25
02/01/2023,GRA,ST009,QAR,PRK.1048,Mexican  Caesar Salad chk,39,2964,2964,76
02/01/2023,GRA,ST009,QAR,PRK.1049,ROCCA SALAD,22,264,264,12
02/01/2023,GRA,ST009,QAR,PRK.1052,Smoke Turkey Sandwich,34,3196,3196,94
02/01/2023,GRA,ST009,QAR,PRK.1054,lemon&Rosemary Chkn,36,2808,2808,78
02/01/2023,GRA,ST009,QAR,PRK.1057,Steak & Philly Chz SW,32,1504,1504,47
02/01/2023,GRA,ST009,QAR,PRK.1063,Egg Mayo with Rocket,20,580,580,29
02/01/2023,GRA,ST009,QAR,PRK.1068,Crispy Chicken Bun,24,1152,1152,48
02/01/2023,GRA,ST009,QAR,PRK.1075,Avocado Toast,40,40,40,1
02/01/2023,GRA,ST009,QAR,PRK.1077,Spicy Halloumi,38,1406,1406,37
02/01/2023,GRA,ST009,QAR,PRK.1078,Graze Breakfast (egg box),32,96,96,3
02/01/2023,GRA,ST009,QAR,PRK.1083,Chkn Soup,19,703,703,37
02/01/2023,GRA,ST009,QAR,PRK.1087,Lentil Soup,20,820,820,41
02/01/2023,GRA,ST009,QAR,PRK.1089,Vegetable soup,16,320,320,20
02/01/2023,GRA,ST009,QAR,PRK.1090,Tom kha soup,28,168,168,6
02/01/2023,GRA,ST009,QAR,PRK.1113,Chkn Katsu Curry,45,3960,3960,88
02/01/2023,GRA,ST009,QAR,PRK.1115,Mushroom Pasta,40,2000,2000,50
02/01/2023,GRA,ST009,QAR,PRK.1119,Chicken Biryani,45,4725,4725,105
02/01/2023,GRA,ST009,QAR,PRK.1121,Chinese Sesame Chicken,40,3680,3680,92
02/01/2023,GRA,ST009,QAR,PRK.1127,Rock Shrimp,45,2340,2340,52
02/01/2023,GRA,ST009,QAR,PRK.1133,Lamb  Kabsa,45,3510,3510,78
02/01/2023,GRA,ST009,QAR,PRK.1140,Chicken Curry & Saffron r,43,2881,2881,67
02/01/2023,GRA,ST009,QAR,PRK.1141,CRAB BOWL,28,252,252,9
02/01/2023,GRA,ST009,QAR,PRK.1145,Yoghurt & Cucumber dip,12,180,180,15
02/01/2023,GRA,ST009,QAR,PRK.1146,Spicy Guacamole Pot,13,247,247,19
02/01/2023,GRA,ST009,QAR,PRK.1149,Edamame Pot,12,408,408,34
02/01/2023,GRA,ST009,QAR,PRK.1155,Classic hummus pot,18,18,18,1
02/01/2023,GRA,ST009,QAR,PRK.1159,Greek Tabbouleh,20,700,700,35
02/01/2023,GRA,ST009,QAR,PRK.1173,Choco Chia Energy Ball,30,930,930,31
02/01/2023,GRA,ST009,QAR,PRK.1175,Pecan Bars,14,672,672,48
02/01/2023,GRA,ST009,QAR,PRK.1177,Carrot Cake,15,435,435,29
02/01/2023,GRA,ST009,QAR,PRK.1183,Bannana,2,50,50,25
02/01/2023,GRA,ST009,QAR,PRK.1184,Watermelon,18,792,792,44
02/01/2023,GRA,ST009,QAR,PRK.1185,Pineapplemix,18,630,630,35
02/01/2023,GRA,ST009,QAR,PRK.1186,Mixed Berries,22,682,682,31
02/01/2023,GRA,ST009,QAR,PRK.1194,Lotus Cheesecake,15,330,330,22
02/01/2023,GRA,ST009,QAR,PRK.1196,Chia Blueberry Yodurt,24,264,264,11
02/01/2023,GRA,ST009,QAR,PRK.1201,Iced Flat White,18,108,108,6
02/01/2023,GRA,ST009,QAR,PRK.1203,Iced Spanish Latte,20,340,340,17
02/01/2023,GRA,ST009,QAR,PRK.1204,Iced Latte,18,144,144,8
02/01/2023,GRA,ST009,QAR,PRK.1205,Iced Americano,15,135,135,9
02/01/2023,GRA,ST009,QAR,PRK.1234,Pepperoni Pizza small,40,320,320,8
02/01/2023,GRA,ST009,QAR,PRK.1235,Margherita Pizza small,30,330,330,11
02/01/2023,GRA,ST009,QAR,PRK.1236,BBQ chicken Pizza small,35,280,280,8
02/01/2023,GRA,ST009,QAR,PRK.1262,Highland Still,5,505,505,101
02/01/2023,GRA,ST009,QAR,PRK.1265,Perrier Sparkling,9,189,189,21
02/01/2023,GRA,ST009,QAR,PRK.1291,Coke,5,205,205,41
02/01/2023,GRA,ST009,QAR,PRK.1292,Diet Coke,5,280,280,56
02/01/2023,GRA,ST009,QAR,PRK.1351,Espresso Single,12,120,120,10
02/01/2023,GRA,ST009,QAR,PRK.1352,Macchiato,18,18,18,1
02/01/2023,GRA,ST009,QAR,PRK.1353,Americano Hot,15,690,600,46
02/01/2023,GRA,ST009,QAR,PRK.1354,Flat White Hot,18,630,630,35
02/01/2023,GRA,ST009,QAR,PRK.1355,Cappucino,18,990,954,55
02/01/2023,GRA,ST009,QAR,PRK.1356,Cortado,18,360,360,20
02/01/2023,GRA,ST009,QAR,PRK.1358,Spanish Latte,20,920,920,46
02/01/2023,GRA,ST009,QAR,PRK.1359,Classic Mocha,25,50,50,2
02/01/2023,GRA,ST009,QAR,PRK.1360,Slated Caramel Mocha,25,75,75,3
02/01/2023,GRA,ST009,QAR,PRK.1362,Double Espresso,14,210,210,15
02/01/2023,GRA,ST009,QAR,PRK.1363,Latte Hot,18,864,864,48
02/01/2023,GRA,ST009,QAR,PRK.1364,English B/F,12,132,132,11
02/01/2023,GRA,ST009,QAR,PRK.1368,Lemon Grass/ Ginger,12,24,24,2
02/01/2023,GRA,ST009,QAR,PRK.1372,Hot Cocoa,24,168,168,7
02/01/2023,GRA,ST009,QAR,PRK.1373,Hibiscus Iced tea,18,180,180,10
02/01/2023,GRA,ST009,QAR,PRK.1374,Peach Iced Tea,18,108,108,6
02/01/2023,GRA,ST009,QAR,PRK.1375,Matcha Latte,25,150,150,6
02/01/2023,GRA,ST009,QAR,PRK.1376,Cinnamon Latte,25,50,50,2
02/01/2023,GRA,ST009,QAR,PRK.1386,Orange Juice,22,1826,1826,83
02/01/2023,GRA,ST009,QAR,PRK.1387,Carrot Juice,22,330,330,15
02/01/2023,GRA,ST009,QAR,PRK.1390,Morning Boost,24,624,624,26
02/01/2023,GRA,ST009,QAR,PRK.1392,Immune Boost,22,990,990,45
02/01/2023,GRA,ST009,QAR,PRK.1396,Ginger Aid Shot,18,1008,1008,56
02/01/2023,GRA,ST009,QAR,PRK.1402,Laban Drink,18,594,594,33
02/01/2023,GRA,ST009,QAR,PRK.1406,Beetroot & Apple Juice,20,1020,1020,51
02/01/2023,GRA,ST009,QAR,PRK.1409,Turmeric wellness shot,16,592,592,37
02/01/2023,GRA,ST009,QAR,PRK.1412, Mini Cup Yogurt,14,882,882,63
02/01/2023,GRA,ST009,QAR,PRK.1413,Regular Cup Yogurt,21,1029,1029,49
02/01/2023,GRA,ST009,QAR,PRK.1416,Large Cup Yogurt,23,230,230,10
02/01/2023,GRA,ST009,QAR,PRK.1418, Mini Cup Yogurt/Topping,18,720,720,40
02/01/2023,GRA,ST009,QAR,PRK.1419,Reg Cup Yogurt/Toping,26,1222,1222,47
02/01/2023,GRA,ST009,QAR,PRK.1422,Large Cup Yogurt/Topping,30,60,60,2
02/01/2023,GRA,ST009,QAR,PRK.1429,Mini Mango Ice Cream,14,2212,2212,158
02/01/2023,GRA,ST009,QAR,PRK.1430,Regular Mango Ice Cream,21,1722,1722,82
02/01/2023,GRA,ST009,QAR,PRK.1431,Large Mango Ice Cream,23,782,782,34
02/01/2023,GRA,ST009,QAR,PRK.1432,Mini Mango Ice Cream/Topp,18,1332,1332,74
02/01/2023,GRA,ST009,QAR,PRK.1433,Reg Mango Ice cream/Topp,26,1560,1560,60
02/01/2023,GRA,ST009,QAR,PRK.1434,Large Mango Ice Cream/Top,30,630,630,21
02/01/2023,GRA,ST009,QAR,PRK.1464,Fresh Pineapple,3,3,3,1
02/01/2023,GRA,ST009,QAR,PRK.1470,Lotus Biscuit,3,3,3,1
02/01/2023,GRA,ST009,QAR,PRK.1474,Spaghetti Bolognese,45,1395,1395,31
02/01/2023,GRA,ST009,QAR,PRK.1475,Salmon with Cilantro Rice,65,2340,2340,36
02/01/2023,GRA,ST009,QAR,PRK.1476,Chicken Noodle Bowl,40,920,920,23
02/01/2023,GRA,ST009,QAR,PRK.1477,BBQ Steak,45,990,990,22
02/01/2023,GRA,ST009,QAR,PRK.1478,Rib eye Steak with Vegeta,55,1925,1925,35
02/01/2023,GRA,ST009,QAR,PRK.1479,Lasagne Pasta,45,990,990,22
02/01/2023,GRA,ST009,QAR,PRK.1480,Steak cajun potato,50,2050,2050,41
02/01/2023,GRA,ST009,QAR,PRK.1501,pomegranate,3,36,36,12
02/01/2023,GRA,ST009,QAR,PRK.1502,Strawberry,3,39,39,13
02/01/2023,GRA,ST009,QAR,PRK.1505,Salted Caramel,3,9,9,3
02/01/2023,GRA,ST009,QAR,PRK.1506,Pretzel,3,3,3,1
02/01/2023,GRA,ST009,QAR,PRK.1507,Crispy Crepe,3,42,42,14
02/01/2023,GRA,ST009,QAR,PRK.1508,Granola,3,39,39,13
02/01/2023,GRA,ST009,QAR,PRK.1509,Coconut Flakes,3,24,24,8
02/01/2023,GRA,ST009,QAR,PRK.1510,Crushed Graham,3,24,24,8
02/01/2023,GRA,ST009,QAR,PRK.1514,Dulce de Leche,3,9,9,3
02/01/2023,GRA,ST009,QAR,PRK.1520,Mixed Berries Sauce,3,15,15,5
02/01/2023,GRA,ST009,QAR,PRK.1521,Mango Sauce,3,18,18,6
02/01/2023,GRA,ST009,QAR,PRK.1523,Peanut Butter Sauce,3,9,9,3
02/01/2023,GRA,ST009,QAR,PRK.1527,Mango,3,84,84,28
02/01/2023,GRA,ST009,QAR,PRK.1532,Peanut Power Shake,35,35,35,1
02/01/2023,GRA,ST009,QAR,PRK.1536,Energizer protine Shakes,45,315,315,7
02/01/2023,GRA,ST009,QAR,PRK.1540,Energizer shakes,35,35,35,1
02/01/2023,GRA,ST009,QAR,PRK.1587,Supersize,45,270,270,6
02/01/2023,GRA,ST009,QAR,PRK.1592,Watermelon coolex,24,96,96,4
02/01/2023,GRA,ST009,QAR,PRK.1593,Tropicana,24,192,192,8
02/01/2023,GRA,ST009,QAR,PRK.1623,Brownie flavour cookies,10,800,800,80
02/01/2023,GRA,ST009,QAR,PRK.1628,Brownie bites,13,377,377,29
02/01/2023,GRA,ST009,QAR,PRK.1632,Turkey cheese roll,19,209,209,11
02/01/2023,GRA,ST009,QAR,PRK.1633,Spinach feta roll,18,234,234,13
02/01/2023,GRA,ST009,QAR,PRK.1634,Madeleine,12,396,396,33
02/01/2023,GRA,ST009,QAR,PRK.1635,Poppy Lemon seeds,12,84,84,7
02/01/2023,GRA,ST009,QAR,PRK.1651,■PB & Jam sourdough bread,18,36,36,2
02/01/2023,GRA,ST009,QAR,PRK.1681,Salted Caramel Mocha,24,24,24,1
02/01/2023,GRA,ST009,QAR,PRK.1682,■Matcha Frappe,26,260,260,10
02/01/2023,GRA,ST009,QAR,PRK.1711,Pomegranate Pot,18,414,414,23
02/01/2023,GRA,ST009,QAR,PRK.1713,Overnight oats PB&Jam,25,475,475,19
02/01/2023,GRA,ST009,QAR,PRK.1741,Spicy Tuna sandwich,26,1144,1144,44
02/01/2023,GRA,ST009,QAR,PRK.1742,Three cheese,22,946,946,43
02/01/2023,GRA,ST009,QAR,PRK.1743,Falafel and Labna,25,250,250,10
02/01/2023,GRA,ST009,QAR,PRK.1747,BEEF BURGER,35,210,210,6
02/01/2023,GRA,ST009,QAR,PRK.1748,Chicken Shawarma,18,1062,1062,59
02/01/2023,GRA,ST009,QAR,PRK.1749,Tenderloin Beef Shawarma,22,748,748,34
02/01/2023,GRA,ST009,QAR,PRK.1752,Club sandwich,30,1740,1740,58
02/01/2023,GRA,ST009,QAR,PRK.1771,Pistachio Arabeshi,5,490,490,98
02/01/2023,GRA,ST009,QAR,PRK.1772,Fresh Raspberry,5,190,190,38
02/01/2023,GRA,ST009,QAR,PRK.1773,Fresh blueberry,5,120,120,24
02/01/2023,GRA,ST009,QAR,PRK.1774,Chocolate Flakes,5,290,290,58
02/01/2023,GRA,ST009,QAR,PRK.1775,Honey Comb,5,135,135,27
02/01/2023,GRA,ST009,QAR,PRK.1802,BEEF BURGER,35,35,35,1
02/01/2023,GRA,ST009,QAR,PRK.4502,Low Fat Milk,0,0,0,8
02/01/2023,GRA,ST009,QAR,PRK.4503,Almond Milk,2,60,60,30
02/01/2023,GRA,ST009,QAR,PRK.4504,Soya Milk,2,10,10,5
02/01/2023,GRA,ST009,QAR,PRK.4505,Less Sweet,0,0,0,1
02/01/2023,GRA,ST009,QAR,PRK.4509,Double Shot,0,0,0,1
02/01/2023,GRA,ST009,QAR,PRK.4511,More Hot,0,0,0,2
02/01/2023,GRA,ST009,QAR,PRK.4517,Vanilla Flavor,0,0,0,3
02/01/2023,GRA,ST009,QAR,PRK.4519,caramel flavor,0,0,0,2
02/01/2023,GRA,ST009,QAR,PRK.4521,Oat Milk,2,14,14,7
02/01/2023,GRA,ST009,QAR,PRK.4522,Skimmed Milk,2,16,16,8
02/01/2023,GRA,ST009,QAR,PRK.4523,Coconut Milk,2,8,8,4
02/01/2023,GRA,ST009,QAR,PRK.4531,w/ Granola,0,0,0,83
02/01/2023,GRA,ST009,QAR,PRK.4533,w/ Pretzel,0,0,0,7
02/01/2023,GRA,ST009,QAR,PRK.4534,w/ Coconut Flakes,0,0,0,14
02/01/2023,GRA,ST009,QAR,PRK.4535,w/ Crispy Crepe,0,0,0,45
02/01/2023,GRA,ST009,QAR,PRK.4537,w/ Mixed Berries Sauce,0,0,0,14
02/01/2023,GRA,ST009,QAR,PRK.4541,w/ Strawberry,0,0,0,113
02/01/2023,GRA,ST009,QAR,PRK.4543,w/ Salted Caramel,0,0,0,5
02/01/2023,GRA,ST009,QAR,PRK.4544,w/ Pomegranate,0,0,0,60
02/01/2023,GRA,ST009,QAR,PRK.4545,w/ Dulce de leche,0,0,0,10
02/01/2023,GRA,ST009,QAR,PRK.4549,w/ Mango Sauce,0,0,0,19
02/01/2023,GRA,ST009,QAR,PRK.4550,w/ Mango,0,0,0,145
02/01/2023,GRA,ST009,QAR,PRK.4551,w/ Peanut Butter Sauce,0,0,0,2
02/01/2023,GRA,ST009,QAR,PRK.4552,w/ Crushed Grahams,0,0,0,8
02/01/2023,GRA,ST009,QAR,PRK.4556,w/ Fresh Pineapple,0,0,0,1
02/01/2023,GRA,ST009,QAR,PRK.4558,w/ Lotus Biscuit,0,0,0,31
02/01/2023,GRA,ST009,QAR,PRK.4561,MIXED FROZEN YOGURT,0,0,0,26
02/01/2023,GRA,ST009,QAR,PRK.4562,MIXED MANGO YOGURT,0,0,0,23
