DATE,BRANCHCODE,WAREHOUSECODE,CURRENCY,ERPCODE,ITEMNAME,RAWPRICE,GROSSAMT,NETVALUE,QTYSOLD
03/01/2023,GRA,ST009,QAR,PRK.902,Granola,55,1375,1375,25
03/01/2023,GRA,ST009,QAR,PRK.907,Zaatar Chips,6,156,156,26
03/01/2023,GRA,ST009,QAR,PRK.909,Spicy Pesto Chips,6,120,120,20
03/01/2023,GRA,ST009,QAR,PRK.910,Graze Spicy Mix Sml,25,225,225,9
03/01/2023,GRA,ST009,QAR,PRK.911,Graze House Mix Sml,25,450,450,18
03/01/2023,GRA,ST009,QAR,PRK.937,Baby Mozzarella Salad,45,1080,1080,24
03/01/2023,GRA,ST009,QAR,PRK.938,4 Grain Salad with Beetro,55,990,990,18
03/01/2023,GRA,ST009,QAR,PRK.939,Steak Salad with Green Sa,55,1540,1540,28
03/01/2023,GRA,ST009,QAR,PRK.961,Extra cheese,5,5,5,1
03/01/2023,GRA,ST009,QAR,PRK.962,Extra flavor,3,48,48,16
03/01/2023,GRA,ST009,QAR,PRK.994,Crsnt w Egg/Avaca/ SunTom,24,624,624,26
03/01/2023,GRA,ST009,QAR,PRK.995,Egg Burrito,20,340,340,17
03/01/2023,GRA,ST009,QAR,PRK.996,Blueberry Granola parfait,25,900,900,36
03/01/2023,GRA,ST009,QAR,PRK.997,Yog Dates Chia Pista Alm,22,594,594,27
03/01/2023,GRA,ST009,QAR,PRK.1003,Cheese Croissant,16,128,128,8
03/01/2023,GRA,ST009,QAR,PRK.1007,Zatar Croissant,16,160,160,10
03/01/2023,GRA,ST009,QAR,PRK.1012,Three Berry Yogurt & Date,25,425,425,17
03/01/2023,GRA,ST009,QAR,PRK.1015,Kiri Cheese Danish,14,448,448,32
03/01/2023,GRA,ST009,QAR,PRK.1016,Plain Croissant,10,200,190,20
03/01/2023,GRA,ST009,QAR,PRK.1021,Shirazi Salad,12,468,468,39
03/01/2023,GRA,ST009,QAR,PRK.1023,Falafel Salad,45,1665,1620,37
03/01/2023,GRA,ST009,QAR,PRK.1024,Quinoa Swt potato Salad,40,800,800,20
03/01/2023,GRA,ST009,QAR,PRK.1027,Mex Chkn Chilli Bean Sld,40,1760,1760,44
03/01/2023,GRA,ST009,QAR,PRK.1031,Teriyaki GRAZE Salmn,55,2750,2750,50
03/01/2023,GRA,ST009,QAR,PRK.1039,Keto Chicken Salad,40,1400,1400,35
03/01/2023,GRA,ST009,QAR,PRK.1046,Greek Salad,30,1080,1080,36
03/01/2023,GRA,ST009,QAR,PRK.1048,Mexican  Caesar Salad chk,39,3510,3510,90
03/01/2023,GRA,ST009,QAR,PRK.1049,ROCCA SALAD,22,154,154,7
03/01/2023,GRA,ST009,QAR,PRK.1052,Smoke Turkey Sandwich,34,2210,2210,65
03/01/2023,GRA,ST009,QAR,PRK.1054,lemon&Rosemary Chkn,36,2664,2664,74
03/01/2023,GRA,ST009,QAR,PRK.1057,Steak & Philly Chz SW,32,1376,1376,43
03/01/2023,GRA,ST009,QAR,PRK.1063,Egg Mayo with Rocket,20,520,520,26
03/01/2023,GRA,ST009,QAR,PRK.1068,Crispy Chicken Bun,24,1200,1200,50
03/01/2023,GRA,ST009,QAR,PRK.1077,Spicy Halloumi,38,798,798,21
03/01/2023,GRA,ST009,QAR,PRK.1078,Graze Breakfast (egg box),32,64,64,2
03/01/2023,GRA,ST009,QAR,PRK.1083,Chkn Soup,19,855,855,45
03/01/2023,GRA,ST009,QAR,PRK.1086,Lamb Soup,35,35,35,1
03/01/2023,GRA,ST009,QAR,PRK.1087,Lentil Soup,20,600,600,30
03/01/2023,GRA,ST009,QAR,PRK.1089,Vegetable soup,16,416,416,26
03/01/2023,GRA,ST009,QAR,PRK.1090,Tom kha soup,28,140,140,5
03/01/2023,GRA,ST009,QAR,PRK.1113,Chkn Katsu Curry,45,4815,4815,107
03/01/2023,GRA,ST009,QAR,PRK.1115,Mushroom Pasta,40,2880,2880,72
03/01/2023,GRA,ST009,QAR,PRK.1119,Chicken Biryani,45,5670,5670,126
03/01/2023,GRA,ST009,QAR,PRK.1121,Chinese Sesame Chicken,40,4320,4320,108
03/01/2023,GRA,ST009,QAR,PRK.1127,Rock Shrimp,45,2970,2970,66
03/01/2023,GRA,ST009,QAR,PRK.1133,Lamb  Kabsa,45,4410,4410,98
03/01/2023,GRA,ST009,QAR,PRK.1140,Chicken Curry & Saffron r,43,3741,3741,87
03/01/2023,GRA,ST009,QAR,PRK.1141,CRAB BOWL,28,224,224,8
03/01/2023,GRA,ST009,QAR,PRK.1145,Yoghurt & Cucumber dip,12,240,240,20
03/01/2023,GRA,ST009,QAR,PRK.1146,Spicy Guacamole Pot,13,234,234,18
03/01/2023,GRA,ST009,QAR,PRK.1149,Edamame Pot,12,300,300,25
03/01/2023,GRA,ST009,QAR,PRK.1155,Classic hummus pot,18,36,36,2
03/01/2023,GRA,ST009,QAR,PRK.1159,Greek Tabbouleh,20,640,640,32
03/01/2023,GRA,ST009,QAR,PRK.1173,Choco Chia Energy Ball,30,1020,1020,34
03/01/2023,GRA,ST009,QAR,PRK.1175,Pecan Bars,14,630,630,45
03/01/2023,GRA,ST009,QAR,PRK.1177,Carrot Cake,15,315,315,21
03/01/2023,GRA,ST009,QAR,PRK.1183,Bannana,2,82,82,41
03/01/2023,GRA,ST009,QAR,PRK.1184,Watermelon,18,1026,1026,57
03/01/2023,GRA,ST009,QAR,PRK.1185,Pineapplemix,18,522,522,29
03/01/2023,GRA,ST009,QAR,PRK.1186,Mixed Berries,22,858,858,39
03/01/2023,GRA,ST009,QAR,PRK.1194,Lotus Cheesecake,15,420,420,28
03/01/2023,GRA,ST009,QAR,PRK.1196,Chia Blueberry Yodurt,24,408,408,17
03/01/2023,GRA,ST009,QAR,PRK.1201,Iced Flat White,18,72,72,4
03/01/2023,GRA,ST009,QAR,PRK.1203,Iced Spanish Latte,20,780,780,39
03/01/2023,GRA,ST009,QAR,PRK.1204,Iced Latte,18,432,432,24
03/01/2023,GRA,ST009,QAR,PRK.1205,Iced Americano,15,225,210,15
03/01/2023,GRA,ST009,QAR,PRK.1234,Pepperoni Pizza small,40,280,280,7
03/01/2023,GRA,ST009,QAR,PRK.1235,Margherita Pizza small,30,270,270,9
03/01/2023,GRA,ST009,QAR,PRK.1236,BBQ chicken Pizza small,35,420,420,12
03/01/2023,GRA,ST009,QAR,PRK.1262,Highland Still,5,755,750,151
03/01/2023,GRA,ST009,QAR,PRK.1265,Perrier Sparkling,9,72,72,8
03/01/2023,GRA,ST009,QAR,PRK.1291,Coke,5,180,180,36
03/01/2023,GRA,ST009,QAR,PRK.1292,Diet Coke,5,300,300,60
03/01/2023,GRA,ST009,QAR,PRK.1331,Stay Home w/ Graze R 6 X1,185,370,370,2
03/01/2023,GRA,ST009,QAR,PRK.1335,Cool Box,15,15,15,1
03/01/2023,GRA,ST009,QAR,PRK.1351,Espresso Single,12,108,108,9
03/01/2023,GRA,ST009,QAR,PRK.1353,Americano Hot,15,525,435,35
03/01/2023,GRA,ST009,QAR,PRK.1354,Flat White Hot,18,558,558,31
03/01/2023,GRA,ST009,QAR,PRK.1355,Cappucino,18,846,846,47
03/01/2023,GRA,ST009,QAR,PRK.1356,Cortado,18,414,414,23
03/01/2023,GRA,ST009,QAR,PRK.1358,Spanish Latte,20,860,860,43
03/01/2023,GRA,ST009,QAR,PRK.1360,Slated Caramel Mocha,25,50,50,2
03/01/2023,GRA,ST009,QAR,PRK.1362,Double Espresso,14,112,112,8
03/01/2023,GRA,ST009,QAR,PRK.1363,Latte Hot,18,774,774,43
03/01/2023,GRA,ST009,QAR,PRK.1364,English B/F,12,84,84,7
03/01/2023,GRA,ST009,QAR,PRK.1372,Hot Cocoa,24,120,120,5
03/01/2023,GRA,ST009,QAR,PRK.1373,Hibiscus Iced tea,18,198,198,11
03/01/2023,GRA,ST009,QAR,PRK.1374,Peach Iced Tea,18,90,90,5
03/01/2023,GRA,ST009,QAR,PRK.1375,Matcha Latte,25,75,75,3
03/01/2023,GRA,ST009,QAR,PRK.1376,Cinnamon Latte,25,100,100,4
03/01/2023,GRA,ST009,QAR,PRK.1386,Orange Juice,22,2332,2332,106
03/01/2023,GRA,ST009,QAR,PRK.1387,Carrot Juice,22,374,374,17
03/01/2023,GRA,ST009,QAR,PRK.1390,Morning Boost,24,552,552,23
03/01/2023,GRA,ST009,QAR,PRK.1392,Immune Boost,22,858,858,39
03/01/2023,GRA,ST009,QAR,PRK.1396,Ginger Aid Shot,18,1224,1224,68
03/01/2023,GRA,ST009,QAR,PRK.1402,Laban Drink,18,540,540,30
03/01/2023,GRA,ST009,QAR,PRK.1403,Vimto Juice,18,162,162,9
03/01/2023,GRA,ST009,QAR,PRK.1404,Green Boost Juice,24,672,672,28
03/01/2023,GRA,ST009,QAR,PRK.1406,Beetroot & Apple Juice,20,1540,1540,77
03/01/2023,GRA,ST009,QAR,PRK.1409,Turmeric wellness shot,16,624,624,39
03/01/2023,GRA,ST009,QAR,PRK.1412, Mini Cup Yogurt,14,1134,1134,81
03/01/2023,GRA,ST009,QAR,PRK.1413,Regular Cup Yogurt,21,735,735,35
03/01/2023,GRA,ST009,QAR,PRK.1416,Large Cup Yogurt,23,299,299,13
03/01/2023,GRA,ST009,QAR,PRK.1418, Mini Cup Yogurt/Topping,18,1116,1116,62
03/01/2023,GRA,ST009,QAR,PRK.1419,Reg Cup Yogurt/Toping,26,1794,1794,69
03/01/2023,GRA,ST009,QAR,PRK.1422,Large Cup Yogurt/Topping,30,480,480,16
03/01/2023,GRA,ST009,QAR,PRK.1429,Mini Mango Ice Cream,14,2492,2492,178
03/01/2023,GRA,ST009,QAR,PRK.1430,Regular Mango Ice Cream,21,2352,2352,112
03/01/2023,GRA,ST009,QAR,PRK.1431,Large Mango Ice Cream,23,897,897,39
03/01/2023,GRA,ST009,QAR,PRK.1432,Mini Mango Ice Cream/Topp,18,1908,1908,106
03/01/2023,GRA,ST009,QAR,PRK.1433,Reg Mango Ice cream/Topp,26,2392,2392,92
03/01/2023,GRA,ST009,QAR,PRK.1434,Large Mango Ice Cream/Top,30,480,480,16
03/01/2023,GRA,ST009,QAR,PRK.1464,Fresh Pineapple,3,3,3,1
03/01/2023,GRA,ST009,QAR,PRK.1470,Lotus Biscuit,3,6,6,2
03/01/2023,GRA,ST009,QAR,PRK.1474,Spaghetti Bolognese,45,1575,1575,35
03/01/2023,GRA,ST009,QAR,PRK.1475,Salmon with Cilantro Rice,65,2405,2405,37
03/01/2023,GRA,ST009,QAR,PRK.1476,Chicken Noodle Bowl,40,1120,1120,28
03/01/2023,GRA,ST009,QAR,PRK.1477,BBQ Steak,45,945,945,21
03/01/2023,GRA,ST009,QAR,PRK.1478,Rib eye Steak with Vegeta,55,1815,1815,33
03/01/2023,GRA,ST009,QAR,PRK.1479,Lasagne Pasta,45,1395,1395,31
03/01/2023,GRA,ST009,QAR,PRK.1480,Steak cajun potato,50,3000,3000,60
03/01/2023,GRA,ST009,QAR,PRK.1501,pomegranate,3,87,87,29
03/01/2023,GRA,ST009,QAR,PRK.1502,Strawberry,3,81,81,27
03/01/2023,GRA,ST009,QAR,PRK.1505,Salted Caramel,3,9,9,3
03/01/2023,GRA,ST009,QAR,PRK.1506,Pretzel,3,3,3,1
03/01/2023,GRA,ST009,QAR,PRK.1507,Crispy Crepe,3,39,39,13
03/01/2023,GRA,ST009,QAR,PRK.1508,Granola,3,45,45,15
03/01/2023,GRA,ST009,QAR,PRK.1509,Coconut Flakes,3,33,33,11
03/01/2023,GRA,ST009,QAR,PRK.1510,Crushed Graham,3,6,6,2
03/01/2023,GRA,ST009,QAR,PRK.1514,Dulce de Leche,3,9,9,3
03/01/2023,GRA,ST009,QAR,PRK.1520,Mixed Berries Sauce,3,12,12,4
03/01/2023,GRA,ST009,QAR,PRK.1521,Mango Sauce,3,36,36,12
03/01/2023,GRA,ST009,QAR,PRK.1523,Peanut Butter Sauce,3,3,3,1
03/01/2023,GRA,ST009,QAR,PRK.1527,Mango,3,96,96,32
03/01/2023,GRA,ST009,QAR,PRK.1531,Power Shake,35,560,560,16
03/01/2023,GRA,ST009,QAR,PRK.1532,Peanut Power Shake,35,665,665,19
03/01/2023,GRA,ST009,QAR,PRK.1536,Energizer protine Shakes,45,1080,1080,24
03/01/2023,GRA,ST009,QAR,PRK.1537,Essential protine shakes,45,45,45,1
03/01/2023,GRA,ST009,QAR,PRK.1540,Energizer shakes,35,280,280,8
03/01/2023,GRA,ST009,QAR,PRK.1545,14oz Energizer protine,40,280,280,7
03/01/2023,GRA,ST009,QAR,PRK.1550,Extra Protein,10,30,30,3
03/01/2023,GRA,ST009,QAR,PRK.1580,Ogaily cardamom ice cream,30,1290,1290,43
03/01/2023,GRA,ST009,QAR,PRK.1587,Supersize,45,315,315,7
03/01/2023,GRA,ST009,QAR,PRK.1588,Acai Small,35,525,525,15
03/01/2023,GRA,ST009,QAR,PRK.1589,Acai Large,40,520,520,13
03/01/2023,GRA,ST009,QAR,PRK.1592,Watermelon coolex,24,288,288,12
03/01/2023,GRA,ST009,QAR,PRK.1593,Tropicana,24,360,360,15
03/01/2023,GRA,ST009,QAR,PRK.1623,Brownie flavour cookies,10,580,580,58
03/01/2023,GRA,ST009,QAR,PRK.1628,Brownie bites,13,169,169,13
03/01/2023,GRA,ST009,QAR,PRK.1632,Turkey cheese roll,19,171,171,9
03/01/2023,GRA,ST009,QAR,PRK.1633,Spinach feta roll,18,216,216,12
03/01/2023,GRA,ST009,QAR,PRK.1634,Madeleine,12,252,252,21
03/01/2023,GRA,ST009,QAR,PRK.1635,Poppy Lemon seeds,12,24,24,2
03/01/2023,GRA,ST009,QAR,PRK.1651,■PB & Jam sourdough bread,18,180,180,10
03/01/2023,GRA,ST009,QAR,PRK.1681,Salted Caramel Mocha,24,24,24,1
03/01/2023,GRA,ST009,QAR,PRK.1682,■Matcha Frappe,26,650,650,25
03/01/2023,GRA,ST009,QAR,PRK.1711,Pomegranate Pot,18,486,486,27
03/01/2023,GRA,ST009,QAR,PRK.1713,Overnight oats PB&Jam,25,800,800,32
03/01/2023,GRA,ST009,QAR,PRK.1741,Spicy Tuna sandwich,26,936,936,36
03/01/2023,GRA,ST009,QAR,PRK.1742,Three cheese,22,704,704,32
03/01/2023,GRA,ST009,QAR,PRK.1743,Falafel and Labna,25,325,325,13
03/01/2023,GRA,ST009,QAR,PRK.1747,BEEF BURGER,35,560,560,16
03/01/2023,GRA,ST009,QAR,PRK.1748,Chicken Shawarma,18,1044,1044,58
03/01/2023,GRA,ST009,QAR,PRK.1749,Tenderloin Beef Shawarma,22,484,484,22
03/01/2023,GRA,ST009,QAR,PRK.1752,Club sandwich,30,1530,1530,51
03/01/2023,GRA,ST009,QAR,PRK.1771,Pistachio Arabeshi,5,690,690,138
03/01/2023,GRA,ST009,QAR,PRK.1772,Fresh Raspberry,5,340,340,68
03/01/2023,GRA,ST009,QAR,PRK.1773,Fresh blueberry,5,200,200,40
03/01/2023,GRA,ST009,QAR,PRK.1774,Chocolate Flakes,5,155,155,31
03/01/2023,GRA,ST009,QAR,PRK.1775,Honey Comb,5,65,65,13
03/01/2023,GRA,ST009,QAR,PRK.4501,Full Fat Milk,0,0,0,5
03/01/2023,GRA,ST009,QAR,PRK.4502,Low Fat Milk,0,0,0,10
03/01/2023,GRA,ST009,QAR,PRK.4503,Almond Milk,2,82,82,41
03/01/2023,GRA,ST009,QAR,PRK.4504,Soya Milk,2,18,18,9
03/01/2023,GRA,ST009,QAR,PRK.4516,Decaf,0,0,0,1
03/01/2023,GRA,ST009,QAR,PRK.4517,Vanilla Flavor,0,0,0,6
03/01/2023,GRA,ST009,QAR,PRK.4519,caramel flavor,0,0,0,3
03/01/2023,GRA,ST009,QAR,PRK.4521,Oat Milk,2,10,10,5
03/01/2023,GRA,ST009,QAR,PRK.4522,Skimmed Milk,2,10,10,5
03/01/2023,GRA,ST009,QAR,PRK.4523,Coconut Milk,2,4,4,2
03/01/2023,GRA,ST009,QAR,PRK.4531,w/ Granola,0,0,0,56
03/01/2023,GRA,ST009,QAR,PRK.4533,w/ Pretzel,0,0,0,8
03/01/2023,GRA,ST009,QAR,PRK.4534,w/ Coconut Flakes,0,0,0,35
03/01/2023,GRA,ST009,QAR,PRK.4535,w/ Crispy Crepe,0,0,0,51
03/01/2023,GRA,ST009,QAR,PRK.4537,w/ Mixed Berries Sauce,0,0,0,13
03/01/2023,GRA,ST009,QAR,PRK.4541,w/ Strawberry,0,0,0,122
03/01/2023,GRA,ST009,QAR,PRK.4543,w/ Salted Caramel,0,0,0,12
03/01/2023,GRA,ST009,QAR,PRK.4544,w/ Pomegranate,0,0,0,96
03/01/2023,GRA,ST009,QAR,PRK.4545,w/ Dulce de leche,0,0,0,12
03/01/2023,GRA,ST009,QAR,PRK.4549,w/ Mango Sauce,0,0,0,22
03/01/2023,GRA,ST009,QAR,PRK.4550,w/ Mango,0,0,0,181
03/01/2023,GRA,ST009,QAR,PRK.4551,w/ Peanut Butter Sauce,0,0,0,1
03/01/2023,GRA,ST009,QAR,PRK.4552,w/ Crushed Grahams,0,0,0,16
03/01/2023,GRA,ST009,QAR,PRK.4556,w/ Fresh Pineapple,0,0,0,3
03/01/2023,GRA,ST009,QAR,PRK.4558,w/ Lotus Biscuit,0,0,0,16
03/01/2023,GRA,ST009,QAR,PRK.4561,MIXED FROZEN YOGURT,0,0,0,19
03/01/2023,GRA,ST009,QAR,PRK.4562,MIXED MANGO YOGURT,0,0,0,23
