DATE,BRANCHCODE,WAREHOUSECODE,CURRENCY,ERPCODE,ITEMNAME,RAWPRICE,GROSSAMT,NETVALUE,QTYSOLD
06/01/2023,GRA,ST009,QAR,PRK.902,Granola,55,2750,2750,50
06/01/2023,GRA,ST009,QAR,PRK.903,Graze Spicy  Mix,55,110,110,2
06/01/2023,GRA,ST009,QAR,PRK.907,Zaatar Chips,6,132,132,22
06/01/2023,GRA,ST009,QAR,PRK.909,Spicy Pesto Chips,6,144,144,24
06/01/2023,GRA,ST009,QAR,PRK.910,Graze Spicy Mix Sml,25,300,300,12
06/01/2023,GRA,ST009,QAR,PRK.911,Graze House Mix Sml,25,450,450,18
06/01/2023,GRA,ST009,QAR,PRK.937,Baby Mozzarella Salad,45,810,810,18
06/01/2023,GRA,ST009,QAR,PRK.938,4 Grain Salad with Beetro,55,990,990,18
06/01/2023,GRA,ST009,QAR,PRK.939,Steak Salad with Green Sa,55,1430,1430,26
06/01/2023,GRA,ST009,QAR,PRK.962,Extra flavor,3,9,9,3
06/01/2023,GRA,ST009,QAR,PRK.994,Crsnt w Egg/Avaca/ SunTom,24,1104,1104,46
06/01/2023,GRA,ST009,QAR,PRK.995,Egg Burrito,20,760,760,38
06/01/2023,GRA,ST009,QAR,PRK.996,Blueberry Granola parfait,25,1100,1100,44
06/01/2023,GRA,ST009,QAR,PRK.997,Yog Dates Chia Pista Alm,22,638,638,29
06/01/2023,GRA,ST009,QAR,PRK.1003,Cheese Croissant,16,64,64,4
06/01/2023,GRA,ST009,QAR,PRK.1007,Zatar Croissant,16,160,160,10
06/01/2023,GRA,ST009,QAR,PRK.1012,Three Berry Yogurt & Date,25,525,525,21
06/01/2023,GRA,ST009,QAR,PRK.1015,Kiri Cheese Danish,14,518,518,37
06/01/2023,GRA,ST009,QAR,PRK.1016,Plain Croissant,10,290,290,29
06/01/2023,GRA,ST009,QAR,PRK.1021,Shirazi Salad,12,396,384,33
06/01/2023,GRA,ST009,QAR,PRK.1023,Falafel Salad,45,1575,1575,35
06/01/2023,GRA,ST009,QAR,PRK.1024,Quinoa Swt potato Salad,40,720,720,18
06/01/2023,GRA,ST009,QAR,PRK.1027,Mex Chkn Chilli Bean Sld,40,1440,1440,36
06/01/2023,GRA,ST009,QAR,PRK.1031,Teriyaki GRAZE Salmn,55,2530,2530,46
06/01/2023,GRA,ST009,QAR,PRK.1039,Keto Chicken Salad,40,1120,1120,28
06/01/2023,GRA,ST009,QAR,PRK.1046,Greek Salad,30,1170,1170,39
06/01/2023,GRA,ST009,QAR,PRK.1048,Mexican  Caesar Salad chk,39,3588,3588,92
06/01/2023,GRA,ST009,QAR,PRK.1049,ROCCA SALAD,22,462,462,21
06/01/2023,GRA,ST009,QAR,PRK.1052,Smoke Turkey Sandwich,34,2278,2278,67
06/01/2023,GRA,ST009,QAR,PRK.1054,lemon&Rosemary Chkn,36,2052,2052,57
06/01/2023,GRA,ST009,QAR,PRK.1057,Steak & Philly Chz SW,32,1280,1280,40
06/01/2023,GRA,ST009,QAR,PRK.1063,Egg Mayo with Rocket,20,340,340,17
06/01/2023,GRA,ST009,QAR,PRK.1068,Crispy Chicken Bun,24,288,288,12
06/01/2023,GRA,ST009,QAR,PRK.1077,Spicy Halloumi,38,988,988,26
06/01/2023,GRA,ST009,QAR,PRK.1083,Chkn Soup,19,665,665,35
06/01/2023,GRA,ST009,QAR,PRK.1087,Lentil Soup,20,640,640,32
06/01/2023,GRA,ST009,QAR,PRK.1089,Vegetable soup,16,336,336,21
06/01/2023,GRA,ST009,QAR,PRK.1113,Chkn Katsu Curry,45,4725,4725,105
06/01/2023,GRA,ST009,QAR,PRK.1115,Mushroom Pasta,40,2480,2480,62
06/01/2023,GRA,ST009,QAR,PRK.1119,Chicken Biryani,45,5715,5593.5,127
06/01/2023,GRA,ST009,QAR,PRK.1121,Chinese Sesame Chicken,40,5040,4872,126
06/01/2023,GRA,ST009,QAR,PRK.1127,Rock Shrimp,45,2115,2115,47
06/01/2023,GRA,ST009,QAR,PRK.1133,Lamb  Kabsa,45,3060,3060,68
06/01/2023,GRA,ST009,QAR,PRK.1140,Chicken Curry & Saffron r,43,2924,2924,68
06/01/2023,GRA,ST009,QAR,PRK.1145,Yoghurt & Cucumber dip,12,336,336,28
06/01/2023,GRA,ST009,QAR,PRK.1146,Spicy Guacamole Pot,13,429,429,33
06/01/2023,GRA,ST009,QAR,PRK.1149,Edamame Pot,12,456,456,38
06/01/2023,GRA,ST009,QAR,PRK.1155,Classic hummus pot,18,162,162,9
06/01/2023,GRA,ST009,QAR,PRK.1159,Greek Tabbouleh,20,780,780,39
06/01/2023,GRA,ST009,QAR,PRK.1173,Choco Chia Energy Ball,30,750,750,25
06/01/2023,GRA,ST009,QAR,PRK.1175,Pecan Bars,14,448,448,32
06/01/2023,GRA,ST009,QAR,PRK.1177,Carrot Cake,15,270,270,18
06/01/2023,GRA,ST009,QAR,PRK.1183,Bannana,2,110,110,55
06/01/2023,GRA,ST009,QAR,PRK.1184,Watermelon,18,1044,1044,58
06/01/2023,GRA,ST009,QAR,PRK.1185,Pineapplemix,18,684,684,38
06/01/2023,GRA,ST009,QAR,PRK.1186,Mixed Berries,22,748,748,34
06/01/2023,GRA,ST009,QAR,PRK.1194,Lotus Cheesecake,15,405,405,27
06/01/2023,GRA,ST009,QAR,PRK.1196,Chia Blueberry Yodurt,24,240,240,10
06/01/2023,GRA,ST009,QAR,PRK.1201,Iced Flat White,18,144,144,8
06/01/2023,GRA,ST009,QAR,PRK.1203,Iced Spanish Latte,20,760,760,38
06/01/2023,GRA,ST009,QAR,PRK.1204,Iced Latte,18,306,306,17
06/01/2023,GRA,ST009,QAR,PRK.1205,Iced Americano,15,345,345,23
06/01/2023,GRA,ST009,QAR,PRK.1234,Pepperoni Pizza small,40,120,120,3
06/01/2023,GRA,ST009,QAR,PRK.1235,Margherita Pizza small,30,300,300,10
06/01/2023,GRA,ST009,QAR,PRK.1236,BBQ chicken Pizza small,35,140,140,4
06/01/2023,GRA,ST009,QAR,PRK.1262,Highland Still,5,585,585,117
06/01/2023,GRA,ST009,QAR,PRK.1291,Coke,5,215,215,43
06/01/2023,GRA,ST009,QAR,PRK.1292,Diet Coke,5,395,395,79
06/01/2023,GRA,ST009,QAR,PRK.1321,Mini Cup /Pina Colada,14,938,938,67
06/01/2023,GRA,ST009,QAR,PRK.1322,Regular Cup / Pina Colada,21,504,504,24
06/01/2023,GRA,ST009,QAR,PRK.1323,Large cup /Pina Colada,23,276,276,12
06/01/2023,GRA,ST009,QAR,PRK.1324,Mini Pina Colada/Topping,18,558,558,31
06/01/2023,GRA,ST009,QAR,PRK.1325,Regular Pina Colada/Toppi,26,468,468,18
06/01/2023,GRA,ST009,QAR,PRK.1326,Large Pina Colada/Topping,30,60,60,2
06/01/2023,GRA,ST009,QAR,PRK.1335,Cool Box,15,15,15,1
06/01/2023,GRA,ST009,QAR,PRK.1351,Espresso Single,12,180,180,15
06/01/2023,GRA,ST009,QAR,PRK.1353,Americano Hot,15,405,390,27
06/01/2023,GRA,ST009,QAR,PRK.1354,Flat White Hot,18,378,378,21
06/01/2023,GRA,ST009,QAR,PRK.1355,Cappucino,18,738,738,41
06/01/2023,GRA,ST009,QAR,PRK.1356,Cortado,18,126,126,7
06/01/2023,GRA,ST009,QAR,PRK.1358,Spanish Latte,20,760,740,38
06/01/2023,GRA,ST009,QAR,PRK.1359,Classic Mocha,25,100,100,4
06/01/2023,GRA,ST009,QAR,PRK.1360,Slated Caramel Mocha,25,50,50,2
06/01/2023,GRA,ST009,QAR,PRK.1362,Double Espresso,14,336,336,24
06/01/2023,GRA,ST009,QAR,PRK.1363,Latte Hot,18,684,684,38
06/01/2023,GRA,ST009,QAR,PRK.1364,English B/F,12,60,60,5
06/01/2023,GRA,ST009,QAR,PRK.1365,Green Tea,12,24,24,2
06/01/2023,GRA,ST009,QAR,PRK.1372,Hot Cocoa,24,144,144,6
06/01/2023,GRA,ST009,QAR,PRK.1374,Peach Iced Tea,18,234,234,13
06/01/2023,GRA,ST009,QAR,PRK.1375,Matcha Latte,25,50,50,2
06/01/2023,GRA,ST009,QAR,PRK.1376,Cinnamon Latte,25,25,25,1
06/01/2023,GRA,ST009,QAR,PRK.1386,Orange Juice,22,2310,2310,105
06/01/2023,GRA,ST009,QAR,PRK.1387,Carrot Juice,22,264,264,12
06/01/2023,GRA,ST009,QAR,PRK.1390,Morning Boost,24,600,600,25
06/01/2023,GRA,ST009,QAR,PRK.1392,Immune Boost,22,748,748,34
06/01/2023,GRA,ST009,QAR,PRK.1396,Ginger Aid Shot,18,792,792,44
06/01/2023,GRA,ST009,QAR,PRK.1402,Laban Drink,18,396,396,22
06/01/2023,GRA,ST009,QAR,PRK.1404,Green Boost Juice,24,1224,1224,51
06/01/2023,GRA,ST009,QAR,PRK.1406,Beetroot & Apple Juice,20,1320,1320,66
06/01/2023,GRA,ST009,QAR,PRK.1409,Turmeric wellness shot,16,240,240,15
06/01/2023,GRA,ST009,QAR,PRK.1412, Mini Cup Yogurt,14,1204,1204,86
06/01/2023,GRA,ST009,QAR,PRK.1413,Regular Cup Yogurt,21,861,861,41
06/01/2023,GRA,ST009,QAR,PRK.1416,Large Cup Yogurt,23,391,391,17
06/01/2023,GRA,ST009,QAR,PRK.1418, Mini Cup Yogurt/Topping,18,1044,1044,58
06/01/2023,GRA,ST009,QAR,PRK.1419,Reg Cup Yogurt/Toping,26,1092,1092,42
06/01/2023,GRA,ST009,QAR,PRK.1422,Large Cup Yogurt/Topping,30,90,90,3
06/01/2023,GRA,ST009,QAR,PRK.1429,Mini Mango Ice Cream,14,4018,4018,287
06/01/2023,GRA,ST009,QAR,PRK.1430,Regular Mango Ice Cream,21,2436,2436,116
06/01/2023,GRA,ST009,QAR,PRK.1431,Large Mango Ice Cream,23,1932,1932,84
06/01/2023,GRA,ST009,QAR,PRK.1432,Mini Mango Ice Cream/Topp,18,2268,2268,126
06/01/2023,GRA,ST009,QAR,PRK.1433,Reg Mango Ice cream/Topp,26,2106,2106,81
06/01/2023,GRA,ST009,QAR,PRK.1434,Large Mango Ice Cream/Top,30,1080,1080,36
06/01/2023,GRA,ST009,QAR,PRK.1464,Fresh Pineapple,3,3,3,1
06/01/2023,GRA,ST009,QAR,PRK.1469,Kiwi Fruit,3,3,3,1
06/01/2023,GRA,ST009,QAR,PRK.1470,Lotus Biscuit,3,15,15,5
06/01/2023,GRA,ST009,QAR,PRK.1474,Spaghetti Bolognese,45,1485,1485,33
06/01/2023,GRA,ST009,QAR,PRK.1475,Salmon with Cilantro Rice,65,2470,2470,38
06/01/2023,GRA,ST009,QAR,PRK.1476,Chicken Noodle Bowl,40,1000,1000,25
06/01/2023,GRA,ST009,QAR,PRK.1477,BBQ Steak,45,720,720,16
06/01/2023,GRA,ST009,QAR,PRK.1478,Rib eye Steak with Vegeta,55,2255,2255,41
06/01/2023,GRA,ST009,QAR,PRK.1479,Lasagne Pasta,45,810,810,18
06/01/2023,GRA,ST009,QAR,PRK.1480,Steak cajun potato,50,2300,2300,46
06/01/2023,GRA,ST009,QAR,PRK.1501,pomegranate,3,24,24,8
06/01/2023,GRA,ST009,QAR,PRK.1502,Strawberry,3,39,39,13
06/01/2023,GRA,ST009,QAR,PRK.1505,Salted Caramel,3,18,18,6
06/01/2023,GRA,ST009,QAR,PRK.1506,Pretzel,3,15,15,5
06/01/2023,GRA,ST009,QAR,PRK.1507,Crispy Crepe,3,57,57,19
06/01/2023,GRA,ST009,QAR,PRK.1508,Granola,3,18,18,6
06/01/2023,GRA,ST009,QAR,PRK.1509,Coconut Flakes,3,36,36,12
06/01/2023,GRA,ST009,QAR,PRK.1510,Crushed Graham,3,15,15,5
06/01/2023,GRA,ST009,QAR,PRK.1514,Dulce de Leche,3,3,3,1
06/01/2023,GRA,ST009,QAR,PRK.1520,Mixed Berries Sauce,3,3,3,1
06/01/2023,GRA,ST009,QAR,PRK.1523,Peanut Butter Sauce,3,15,15,5
06/01/2023,GRA,ST009,QAR,PRK.1527,Mango,3,75,75,25
06/01/2023,GRA,ST009,QAR,PRK.1531,Power Shake,35,770,770,22
06/01/2023,GRA,ST009,QAR,PRK.1532,Peanut Power Shake,35,280,280,8
06/01/2023,GRA,ST009,QAR,PRK.1536,Energizer protine Shakes,45,540,540,12
06/01/2023,GRA,ST009,QAR,PRK.1540,Energizer shakes,35,245,245,7
06/01/2023,GRA,ST009,QAR,PRK.1545,14oz Energizer protine,40,80,80,2
06/01/2023,GRA,ST009,QAR,PRK.1550,Extra Protein,10,50,50,5
06/01/2023,GRA,ST009,QAR,PRK.1587,Supersize,45,360,360,8
06/01/2023,GRA,ST009,QAR,PRK.1588,Acai Small,35,2835,2835,81
06/01/2023,GRA,ST009,QAR,PRK.1589,Acai Large,40,1840,1840,46
06/01/2023,GRA,ST009,QAR,PRK.1592,Watermelon coolex,24,336,336,14
06/01/2023,GRA,ST009,QAR,PRK.1593,Tropicana,24,360,360,15
06/01/2023,GRA,ST009,QAR,PRK.1623,Brownie flavour cookies,10,880,880,88
06/01/2023,GRA,ST009,QAR,PRK.1628,Brownie bites,13,325,325,25
06/01/2023,GRA,ST009,QAR,PRK.1632,Turkey cheese roll,19,228,228,12
06/01/2023,GRA,ST009,QAR,PRK.1633,Spinach feta roll,18,108,108,6
06/01/2023,GRA,ST009,QAR,PRK.1634,Madeleine,12,492,492,41
06/01/2023,GRA,ST009,QAR,PRK.1681,Salted Caramel Mocha,24,72,72,3
06/01/2023,GRA,ST009,QAR,PRK.1682,■Matcha Frappe,26,572,572,22
06/01/2023,GRA,ST009,QAR,PRK.1711,Pomegranate Pot,18,468,468,26
06/01/2023,GRA,ST009,QAR,PRK.1712,Mango Peach Muesli Pot,24,24,24,1
06/01/2023,GRA,ST009,QAR,PRK.1713,Overnight oats PB&Jam,25,500,500,20
06/01/2023,GRA,ST009,QAR,PRK.1741,Spicy Tuna sandwich,26,1326,1326,51
06/01/2023,GRA,ST009,QAR,PRK.1742,Three cheese,22,528,528,24
06/01/2023,GRA,ST009,QAR,PRK.1743,Falafel and Labna,25,550,550,22
06/01/2023,GRA,ST009,QAR,PRK.1747,BEEF BURGER,35,280,280,8
06/01/2023,GRA,ST009,QAR,PRK.1748,Chicken Shawarma,18,972,972,54
06/01/2023,GRA,ST009,QAR,PRK.1749,Tenderloin Beef Shawarma,22,682,682,31
06/01/2023,GRA,ST009,QAR,PRK.1752,Club sandwich,30,1410,1410,47
06/01/2023,GRA,ST009,QAR,PRK.1753,Slider Chicken Burger,38,950,950,25
06/01/2023,GRA,ST009,QAR,PRK.1754,Slider Beef Burger,39,273,273,7
06/01/2023,GRA,ST009,QAR,PRK.1771,Pistachio Arabeshi,5,770,770,154
06/01/2023,GRA,ST009,QAR,PRK.1772,Fresh Raspberry,5,150,150,30
06/01/2023,GRA,ST009,QAR,PRK.1773,Fresh blueberry,5,160,160,32
06/01/2023,GRA,ST009,QAR,PRK.1774,Chocolate Flakes,5,270,270,54
06/01/2023,GRA,ST009,QAR,PRK.1775,Honey Comb,5,140,140,28
06/01/2023,GRA,ST009,QAR,PRK.1802,BEEF BURGER,35,70,70,2
06/01/2023,GRA,ST009,QAR,PRK.4501,Full Fat Milk,0,0,0,2
06/01/2023,GRA,ST009,QAR,PRK.4502,Low Fat Milk,0,0,0,6
06/01/2023,GRA,ST009,QAR,PRK.4503,Almond Milk,2,40,40,20
06/01/2023,GRA,ST009,QAR,PRK.4504,Soya Milk,2,18,18,9
06/01/2023,GRA,ST009,QAR,PRK.4516,Decaf,0,0,0,1
06/01/2023,GRA,ST009,QAR,PRK.4521,Oat Milk,2,2,2,1
06/01/2023,GRA,ST009,QAR,PRK.4522,Skimmed Milk,2,2,2,1
06/01/2023,GRA,ST009,QAR,PRK.4523,Coconut Milk,2,2,2,1
06/01/2023,GRA,ST009,QAR,PRK.4531,w/ Granola,0,0,0,33
06/01/2023,GRA,ST009,QAR,PRK.4533,w/ Pretzel,0,0,0,3
06/01/2023,GRA,ST009,QAR,PRK.4534,w/ Coconut Flakes,0,0,0,15
06/01/2023,GRA,ST009,QAR,PRK.4535,w/ Crispy Crepe,0,0,0,26
06/01/2023,GRA,ST009,QAR,PRK.4537,w/ Mixed Berries Sauce,0,0,0,3
06/01/2023,GRA,ST009,QAR,PRK.4541,w/ Strawberry,0,0,0,84
06/01/2023,GRA,ST009,QAR,PRK.4543,w/ Salted Caramel,0,0,0,13
06/01/2023,GRA,ST009,QAR,PRK.4544,w/ Pomegranate,0,0,0,51
06/01/2023,GRA,ST009,QAR,PRK.4545,w/ Dulce de leche,0,0,0,10
06/01/2023,GRA,ST009,QAR,PRK.4549,w/ Mango Sauce,0,0,0,27
06/01/2023,GRA,ST009,QAR,PRK.4550,w/ Mango,0,0,0,107
06/01/2023,GRA,ST009,QAR,PRK.4552,w/ Crushed Grahams,0,0,0,3
06/01/2023,GRA,ST009,QAR,PRK.4556,w/ Fresh Pineapple,0,0,0,7
06/01/2023,GRA,ST009,QAR,PRK.4558,w/ Lotus Biscuit,0,0,0,17
06/01/2023,GRA,ST009,QAR,PRK.4561,MIXED FROZEN YOGURT,0,0,0,18
06/01/2023,GRA,ST009,QAR,PRK.4562,MIXED MANGO YOGURT,0,0,0,8
