DATE,BRANCHCODE,WAREHOUSECODE,CURRENCY,ERPCODE,ITEMNAME,RAWPRICE,GROSSAMT,NETVALUE,QTYSOLD
05/01/2023,GRA,ST009,QAR,PRK.902,Granola,55,3190,3190,58
05/01/2023,GRA,ST009,QAR,PRK.907,Zaatar Chips,6,216,216,36
05/01/2023,GRA,ST009,QAR,PRK.909,Spicy Pesto Chips,6,138,138,23
05/01/2023,GRA,ST009,QAR,PRK.910,Graze Spicy Mix Sml,25,350,350,14
05/01/2023,GRA,ST009,QAR,PRK.911,Graze House Mix Sml,25,325,325,13
05/01/2023,GRA,ST009,QAR,PRK.937,Baby Mozzarella Salad,45,1305,1305,29
05/01/2023,GRA,ST009,QAR,PRK.938,4 Grain Salad with Beetro,55,1320,1320,24
05/01/2023,GRA,ST009,QAR,PRK.939,Steak Salad with Green Sa,55,1485,1485,27
05/01/2023,GRA,ST009,QAR,PRK.961,Extra cheese,5,5,5,1
05/01/2023,GRA,ST009,QAR,PRK.962,Extra flavor,3,33,33,11
05/01/2023,GRA,ST009,QAR,PRK.994,Crsnt w Egg/Avaca/ SunTom,24,1248,1248,52
05/01/2023,GRA,ST009,QAR,PRK.995,Egg Burrito,20,740,740,37
05/01/2023,GRA,ST009,QAR,PRK.996,Blueberry Granola parfait,25,1525,1525,61
05/01/2023,GRA,ST009,QAR,PRK.997,Yog Dates Chia Pista Alm,22,946,946,43
05/01/2023,GRA,ST009,QAR,PRK.1003,Cheese Croissant,16,160,160,10
05/01/2023,GRA,ST009,QAR,PRK.1007,Zatar Croissant,16,224,224,14
05/01/2023,GRA,ST009,QAR,PRK.1012,Three Berry Yogurt & Date,25,550,550,22
05/01/2023,GRA,ST009,QAR,PRK.1015,Kiri Cheese Danish,14,560,560,40
05/01/2023,GRA,ST009,QAR,PRK.1016,Plain Croissant,10,280,280,28
05/01/2023,GRA,ST009,QAR,PRK.1021,Shirazi Salad,12,324,324,27
05/01/2023,GRA,ST009,QAR,PRK.1023,Falafel Salad,45,2295,2295,51
05/01/2023,GRA,ST009,QAR,PRK.1024,Quinoa Swt potato Salad,40,840,840,21
05/01/2023,GRA,ST009,QAR,PRK.1027,Mex Chkn Chilli Bean Sld,40,1560,1560,39
05/01/2023,GRA,ST009,QAR,PRK.1031,Teriyaki GRAZE Salmn,55,2915,2915,53
05/01/2023,GRA,ST009,QAR,PRK.1039,Keto Chicken Salad,40,1600,1600,40
05/01/2023,GRA,ST009,QAR,PRK.1046,Greek Salad,30,960,960,32
05/01/2023,GRA,ST009,QAR,PRK.1048,Mexican  Caesar Salad chk,39,3471,3471,89
05/01/2023,GRA,ST009,QAR,PRK.1049,ROCCA SALAD,22,506,506,23
05/01/2023,GRA,ST009,QAR,PRK.1052,Smoke Turkey Sandwich,34,2448,2448,72
05/01/2023,GRA,ST009,QAR,PRK.1054,lemon&Rosemary Chkn,36,2412,2412,67
05/01/2023,GRA,ST009,QAR,PRK.1057,Steak & Philly Chz SW,32,1440,1440,45
05/01/2023,GRA,ST009,QAR,PRK.1063,Egg Mayo with Rocket,20,340,340,17
05/01/2023,GRA,ST009,QAR,PRK.1068,Crispy Chicken Bun,24,1080,1080,45
05/01/2023,GRA,ST009,QAR,PRK.1077,Spicy Halloumi,38,1026,1026,27
05/01/2023,GRA,ST009,QAR,PRK.1083,Chkn Soup,19,570,570,30
05/01/2023,GRA,ST009,QAR,PRK.1087,Lentil Soup,20,740,740,37
05/01/2023,GRA,ST009,QAR,PRK.1089,Vegetable soup,16,304,304,19
05/01/2023,GRA,ST009,QAR,PRK.1090,Tom kha soup,28,28,28,1
05/01/2023,GRA,ST009,QAR,PRK.1113,Chkn Katsu Curry,45,4500,4500,100
05/01/2023,GRA,ST009,QAR,PRK.1115,Mushroom Pasta,40,3160,3160,79
05/01/2023,GRA,ST009,QAR,PRK.1119,Chicken Biryani,45,6525,6336,145
05/01/2023,GRA,ST009,QAR,PRK.1121,Chinese Sesame Chicken,40,5680,5320,142
05/01/2023,GRA,ST009,QAR,PRK.1127,Rock Shrimp,45,2655,2655,59
05/01/2023,GRA,ST009,QAR,PRK.1133,Lamb  Kabsa,45,3735,3735,83
05/01/2023,GRA,ST009,QAR,PRK.1140,Chicken Curry & Saffron r,43,3096,3096,72
05/01/2023,GRA,ST009,QAR,PRK.1145,Yoghurt & Cucumber dip,12,276,276,23
05/01/2023,GRA,ST009,QAR,PRK.1146,Spicy Guacamole Pot,13,585,585,45
05/01/2023,GRA,ST009,QAR,PRK.1149,Edamame Pot,12,504,504,42
05/01/2023,GRA,ST009,QAR,PRK.1155,Classic hummus pot,18,144,144,8
05/01/2023,GRA,ST009,QAR,PRK.1159,Greek Tabbouleh,20,840,840,42
05/01/2023,GRA,ST009,QAR,PRK.1173,Choco Chia Energy Ball,30,510,480,17
05/01/2023,GRA,ST009,QAR,PRK.1175,Pecan Bars,14,588,588,42
05/01/2023,GRA,ST009,QAR,PRK.1177,Carrot Cake,15,345,345,23
05/01/2023,GRA,ST009,QAR,PRK.1183,Bannana,2,84,84,42
05/01/2023,GRA,ST009,QAR,PRK.1184,Watermelon,18,972,972,54
05/01/2023,GRA,ST009,QAR,PRK.1185,Pineapplemix,18,756,756,42
05/01/2023,GRA,ST009,QAR,PRK.1186,Mixed Berries,22,1078,1078,49
05/01/2023,GRA,ST009,QAR,PRK.1194,Lotus Cheesecake,15,675,675,45
05/01/2023,GRA,ST009,QAR,PRK.1196,Chia Blueberry Yodurt,24,504,504,21
05/01/2023,GRA,ST009,QAR,PRK.1201,Iced Flat White,18,162,162,9
05/01/2023,GRA,ST009,QAR,PRK.1203,Iced Spanish Latte,20,460,460,23
05/01/2023,GRA,ST009,QAR,PRK.1204,Iced Latte,18,198,198,11
05/01/2023,GRA,ST009,QAR,PRK.1205,Iced Americano,15,285,270,19
05/01/2023,GRA,ST009,QAR,PRK.1234,Pepperoni Pizza small,40,160,160,4
05/01/2023,GRA,ST009,QAR,PRK.1235,Margherita Pizza small,30,300,300,10
05/01/2023,GRA,ST009,QAR,PRK.1236,BBQ chicken Pizza small,35,350,350,10
05/01/2023,GRA,ST009,QAR,PRK.1262,Highland Still,5,630,620,126
05/01/2023,GRA,ST009,QAR,PRK.1265,Perrier Sparkling,9,162,162,18
05/01/2023,GRA,ST009,QAR,PRK.1291,Coke,5,125,125,25
05/01/2023,GRA,ST009,QAR,PRK.1292,Diet Coke,5,350,350,70
05/01/2023,GRA,ST009,QAR,PRK.1321,Mini Cup /Pina Colada,14,434,434,31
05/01/2023,GRA,ST009,QAR,PRK.1322,Regular Cup / Pina Colada,21,462,462,22
05/01/2023,GRA,ST009,QAR,PRK.1323,Large cup /Pina Colada,23,115,115,5
05/01/2023,GRA,ST009,QAR,PRK.1324,Mini Pina Colada/Topping,18,396,396,22
05/01/2023,GRA,ST009,QAR,PRK.1325,Regular Pina Colada/Toppi,26,624,624,24
05/01/2023,GRA,ST009,QAR,PRK.1326,Large Pina Colada/Topping,30,90,90,3
05/01/2023,GRA,ST009,QAR,PRK.1351,Espresso Single,12,240,240,20
05/01/2023,GRA,ST009,QAR,PRK.1353,Americano Hot,15,990,750,66
05/01/2023,GRA,ST009,QAR,PRK.1354,Flat White Hot,18,648,648,36
05/01/2023,GRA,ST009,QAR,PRK.1355,Cappucino,18,864,846,48
05/01/2023,GRA,ST009,QAR,PRK.1356,Cortado,18,378,378,21
05/01/2023,GRA,ST009,QAR,PRK.1358,Spanish Latte,20,540,540,27
05/01/2023,GRA,ST009,QAR,PRK.1359,Classic Mocha,25,250,250,10
05/01/2023,GRA,ST009,QAR,PRK.1360,Slated Caramel Mocha,25,25,25,1
05/01/2023,GRA,ST009,QAR,PRK.1362,Double Espresso,14,532,518,38
05/01/2023,GRA,ST009,QAR,PRK.1363,Latte Hot,18,1116,1116,62
05/01/2023,GRA,ST009,QAR,PRK.1364,English B/F,12,84,84,7
05/01/2023,GRA,ST009,QAR,PRK.1365,Green Tea,12,12,12,1
05/01/2023,GRA,ST009,QAR,PRK.1372,Hot Cocoa,24,120,120,5
05/01/2023,GRA,ST009,QAR,PRK.1374,Peach Iced Tea,18,180,180,10
05/01/2023,GRA,ST009,QAR,PRK.1375,Matcha Latte,25,150,150,6
05/01/2023,GRA,ST009,QAR,PRK.1376,Cinnamon Latte,25,150,150,6
05/01/2023,GRA,ST009,QAR,PRK.1386,Orange Juice,22,2376,2376,108
05/01/2023,GRA,ST009,QAR,PRK.1387,Carrot Juice,22,308,308,14
05/01/2023,GRA,ST009,QAR,PRK.1390,Morning Boost,24,600,600,25
05/01/2023,GRA,ST009,QAR,PRK.1392,Immune Boost,22,1254,1254,57
05/01/2023,GRA,ST009,QAR,PRK.1396,Ginger Aid Shot,18,1332,1332,74
05/01/2023,GRA,ST009,QAR,PRK.1402,Laban Drink,18,270,270,15
05/01/2023,GRA,ST009,QAR,PRK.1404,Green Boost Juice,24,1368,1368,57
05/01/2023,GRA,ST009,QAR,PRK.1406,Beetroot & Apple Juice,20,1480,1480,74
05/01/2023,GRA,ST009,QAR,PRK.1409,Turmeric wellness shot,16,688,688,43
05/01/2023,GRA,ST009,QAR,PRK.1412, Mini Cup Yogurt,14,1554,1554,111
05/01/2023,GRA,ST009,QAR,PRK.1413,Regular Cup Yogurt,21,966,966,46
05/01/2023,GRA,ST009,QAR,PRK.1416,Large Cup Yogurt,23,230,230,10
05/01/2023,GRA,ST009,QAR,PRK.1418, Mini Cup Yogurt/Topping,18,936,936,52
05/01/2023,GRA,ST009,QAR,PRK.1419,Reg Cup Yogurt/Toping,26,520,520,20
05/01/2023,GRA,ST009,QAR,PRK.1422,Large Cup Yogurt/Topping,30,300,300,10
05/01/2023,GRA,ST009,QAR,PRK.1429,Mini Mango Ice Cream,14,3472,3472,248
05/01/2023,GRA,ST009,QAR,PRK.1430,Regular Mango Ice Cream,21,2856,2856,136
05/01/2023,GRA,ST009,QAR,PRK.1431,Large Mango Ice Cream,23,1725,1725,75
05/01/2023,GRA,ST009,QAR,PRK.1432,Mini Mango Ice Cream/Topp,18,1854,1854,103
05/01/2023,GRA,ST009,QAR,PRK.1433,Reg Mango Ice cream/Topp,26,2626,2626,101
05/01/2023,GRA,ST009,QAR,PRK.1434,Large Mango Ice Cream/Top,30,990,990,33
05/01/2023,GRA,ST009,QAR,PRK.1464,Fresh Pineapple,3,9,9,3
05/01/2023,GRA,ST009,QAR,PRK.1470,Lotus Biscuit,3,33,33,11
05/01/2023,GRA,ST009,QAR,PRK.1474,Spaghetti Bolognese,45,1710,1710,38
05/01/2023,GRA,ST009,QAR,PRK.1475,Salmon with Cilantro Rice,65,2730,2730,42
05/01/2023,GRA,ST009,QAR,PRK.1476,Chicken Noodle Bowl,40,1360,1360,34
05/01/2023,GRA,ST009,QAR,PRK.1477,BBQ Steak,45,1260,1260,28
05/01/2023,GRA,ST009,QAR,PRK.1478,Rib eye Steak with Vegeta,55,2090,2090,38
05/01/2023,GRA,ST009,QAR,PRK.1479,Lasagne Pasta,45,630,630,14
05/01/2023,GRA,ST009,QAR,PRK.1480,Steak cajun potato,50,2950,2950,59
05/01/2023,GRA,ST009,QAR,PRK.1501,pomegranate,3,12,12,4
05/01/2023,GRA,ST009,QAR,PRK.1502,Strawberry,3,21,21,7
05/01/2023,GRA,ST009,QAR,PRK.1505,Salted Caramel,3,24,24,8
05/01/2023,GRA,ST009,QAR,PRK.1507,Crispy Crepe,3,81,81,27
05/01/2023,GRA,ST009,QAR,PRK.1508,Granola,3,45,45,15
05/01/2023,GRA,ST009,QAR,PRK.1509,Coconut Flakes,3,12,12,4
05/01/2023,GRA,ST009,QAR,PRK.1510,Crushed Graham,3,6,6,2
05/01/2023,GRA,ST009,QAR,PRK.1520,Mixed Berries Sauce,3,6,6,2
05/01/2023,GRA,ST009,QAR,PRK.1521,Mango Sauce,3,6,6,2
05/01/2023,GRA,ST009,QAR,PRK.1523,Peanut Butter Sauce,3,6,6,2
05/01/2023,GRA,ST009,QAR,PRK.1527,Mango,3,27,27,9
05/01/2023,GRA,ST009,QAR,PRK.1531,Power Shake,35,665,665,19
05/01/2023,GRA,ST009,QAR,PRK.1532,Peanut Power Shake,35,945,945,27
05/01/2023,GRA,ST009,QAR,PRK.1536,Energizer protine Shakes,45,450,450,10
05/01/2023,GRA,ST009,QAR,PRK.1540,Energizer shakes,35,455,455,13
05/01/2023,GRA,ST009,QAR,PRK.1545,14oz Energizer protine,40,40,40,1
05/01/2023,GRA,ST009,QAR,PRK.1550,Extra Protein,10,50,50,5
05/01/2023,GRA,ST009,QAR,PRK.1587,Supersize,45,135,135,3
05/01/2023,GRA,ST009,QAR,PRK.1588,Acai Small,35,2135,2135,61
05/01/2023,GRA,ST009,QAR,PRK.1589,Acai Large,40,800,800,20
05/01/2023,GRA,ST009,QAR,PRK.1592,Watermelon coolex,24,528,528,22
05/01/2023,GRA,ST009,QAR,PRK.1593,Tropicana,24,288,288,12
05/01/2023,GRA,ST009,QAR,PRK.1623,Brownie flavour cookies,10,520,520,52
05/01/2023,GRA,ST009,QAR,PRK.1628,Brownie bites,13,234,234,18
05/01/2023,GRA,ST009,QAR,PRK.1632,Turkey cheese roll,19,304,304,16
05/01/2023,GRA,ST009,QAR,PRK.1633,Spinach feta roll,18,144,144,8
05/01/2023,GRA,ST009,QAR,PRK.1634,Madeleine,12,288,288,24
05/01/2023,GRA,ST009,QAR,PRK.1681,Salted Caramel Mocha,24,144,144,6
05/01/2023,GRA,ST009,QAR,PRK.1682,■Matcha Frappe,26,546,546,21
05/01/2023,GRA,ST009,QAR,PRK.1711,Pomegranate Pot,18,414,414,23
05/01/2023,GRA,ST009,QAR,PRK.1713,Overnight oats PB&Jam,25,625,625,25
05/01/2023,GRA,ST009,QAR,PRK.1741,Spicy Tuna sandwich,26,1768,1768,68
05/01/2023,GRA,ST009,QAR,PRK.1742,Three cheese,22,704,704,32
05/01/2023,GRA,ST009,QAR,PRK.1743,Falafel and Labna,25,525,525,21
05/01/2023,GRA,ST009,QAR,PRK.1747,BEEF BURGER,35,315,315,9
05/01/2023,GRA,ST009,QAR,PRK.1748,Chicken Shawarma,18,1422,1422,79
05/01/2023,GRA,ST009,QAR,PRK.1749,Tenderloin Beef Shawarma,22,902,902,41
05/01/2023,GRA,ST009,QAR,PRK.1752,Club sandwich,30,1650,1650,55
05/01/2023,GRA,ST009,QAR,PRK.1771,Pistachio Arabeshi,5,810,810,162
05/01/2023,GRA,ST009,QAR,PRK.1772,Fresh Raspberry,5,140,140,28
05/01/2023,GRA,ST009,QAR,PRK.1773,Fresh blueberry,5,145,145,29
05/01/2023,GRA,ST009,QAR,PRK.1774,Chocolate Flakes,5,195,195,39
05/01/2023,GRA,ST009,QAR,PRK.1775,Honey Comb,5,105,105,21
05/01/2023,GRA,ST009,QAR,PRK.1802,BEEF BURGER,35,140,140,4
05/01/2023,GRA,ST009,QAR,PRK.4501,Full Fat Milk,0,0,0,5
05/01/2023,GRA,ST009,QAR,PRK.4502,Low Fat Milk,0,0,0,13
05/01/2023,GRA,ST009,QAR,PRK.4503,Almond Milk,2,68,68,34
05/01/2023,GRA,ST009,QAR,PRK.4504,Soya Milk,2,8,8,4
05/01/2023,GRA,ST009,QAR,PRK.4516,Decaf,0,0,0,2
05/01/2023,GRA,ST009,QAR,PRK.4517,Vanilla Flavor,0,0,0,1
05/01/2023,GRA,ST009,QAR,PRK.4519,caramel flavor,0,0,0,3
05/01/2023,GRA,ST009,QAR,PRK.4521,Oat Milk,2,12,12,6
05/01/2023,GRA,ST009,QAR,PRK.4522,Skimmed Milk,2,4,4,2
05/01/2023,GRA,ST009,QAR,PRK.4523,Coconut Milk,2,2,2,1
05/01/2023,GRA,ST009,QAR,PRK.4531,w/ Granola,0,0,0,63
05/01/2023,GRA,ST009,QAR,PRK.4533,w/ Pretzel,0,0,0,7
05/01/2023,GRA,ST009,QAR,PRK.4534,w/ Coconut Flakes,0,0,0,12
05/01/2023,GRA,ST009,QAR,PRK.4535,w/ Crispy Crepe,0,0,0,50
05/01/2023,GRA,ST009,QAR,PRK.4537,w/ Mixed Berries Sauce,0,0,0,4
05/01/2023,GRA,ST009,QAR,PRK.4541,w/ Strawberry,0,0,0,93
05/01/2023,GRA,ST009,QAR,PRK.4543,w/ Salted Caramel,0,0,0,10
05/01/2023,GRA,ST009,QAR,PRK.4544,w/ Pomegranate,0,0,0,47
05/01/2023,GRA,ST009,QAR,PRK.4545,w/ Dulce de leche,0,0,0,4
05/01/2023,GRA,ST009,QAR,PRK.4549,w/ Mango Sauce,0,0,0,11
05/01/2023,GRA,ST009,QAR,PRK.4550,w/ Mango,0,0,0,112
05/01/2023,GRA,ST009,QAR,PRK.4551,w/ Peanut Butter Sauce,0,0,0,2
05/01/2023,GRA,ST009,QAR,PRK.4552,w/ Crushed Grahams,0,0,0,7
05/01/2023,GRA,ST009,QAR,PRK.4556,w/ Fresh Pineapple,0,0,0,3
05/01/2023,GRA,ST009,QAR,PRK.4558,w/ Lotus Biscuit,0,0,0,8
05/01/2023,GRA,ST009,QAR,PRK.4561,MIXED FROZEN YOGURT,0,0,0,19
05/01/2023,GRA,ST009,QAR,PRK.4562,MIXED MANGO YOGURT,0,0,0,6
