DATE,BRANCHCODE,WAREHOUSECODE,CURRENCY,ERPCODE,ITEMNAME,RAWPRICE,GROSSAMT,NETVALUE,QTYSOLD
12/01/2022,GRA,ST004,QAR,PRK.902,Granola,55,330,330,6
12/01/2022,GRA,ST004,QAR,PRK.903,Graze Spicy  Mix,55,55,55,1
12/01/2022,GRA,ST004,QAR,PRK.904,Graze House Mix,55,165,165,3
12/01/2022,GRA,ST004,QAR,PRK.907,Zaatar Chips,6,306,306,51
12/01/2022,GRA,ST004,QAR,PRK.909,Spicy Pesto Chips,6,240,240,40
12/01/2022,GRA,ST004,QAR,PRK.910,Graze Spicy Mix Sml,25,500,475,20
12/01/2022,GRA,ST004,QAR,PRK.911,Graze House Mix Sml,25,550,550,22
12/01/2022,GRA,ST004,QAR,PRK.961,Extra cheese,5,40,40,8
12/01/2022,GRA,ST004,QAR,PRK.962,Extra flavor,3,33,33,11
12/01/2022,GRA,ST004,QAR,PRK.994,Crsnt w Egg/Avaca/ SunTom,24,3072,3048,128
12/01/2022,GRA,ST004,QAR,PRK.995,Egg Burrito,20,2500,2500,125
12/01/2022,GRA,ST004,QAR,PRK.996,Blueberry Granola parfait,25,2300,2300,92
12/01/2022,GRA,ST004,QAR,PRK.997,Yog Dates Chia Pista Alm,22,2618,2618,119
12/01/2022,GRA,ST004,QAR,PRK.1003,Cheese Croissant,16,592,592,37
12/01/2022,GRA,ST004,QAR,PRK.1007,Zatar Croissant,16,752,688,47
12/01/2022,GRA,ST004,QAR,PRK.1008,Chocolate Croissant,16,384,384,24
12/01/2022,GRA,ST004,QAR,PRK.1010,Tomato Puff Pastry,16,1216,1216,76
12/01/2022,GRA,ST004,QAR,PRK.1012,Three Berry Yogurt & Date,25,850,850,34
12/01/2022,GRA,ST004,QAR,PRK.1015,Kiri Cheese Danish,14,1092,1092,78
12/01/2022,GRA,ST004,QAR,PRK.1016,Plain Croissant,10,350,350,35
12/01/2022,GRA,ST004,QAR,PRK.1020,Almond Croissant,16,576,576,36
12/01/2022,GRA,ST004,QAR,PRK.1021,Shirazi Salad,12,720,696,60
12/01/2022,GRA,ST004,QAR,PRK.1023,Falafel Salad,45,3105,3105,69
12/01/2022,GRA,ST004,QAR,PRK.1024,Quinoa Swt potato Salad,40,1400,1400,35
12/01/2022,GRA,ST004,QAR,PRK.1027,Mex Chkn Chilli Bean Sld,40,3360,3360,84
12/01/2022,GRA,ST004,QAR,PRK.1029,Burrata Salad,50,1100,1100,22
12/01/2022,GRA,ST004,QAR,PRK.1031,Teriyaki GRAZE Salmn,55,7810,7645,142
12/01/2022,GRA,ST004,QAR,PRK.1039,Keto Chicken Salad,40,3840,3800,96
12/01/2022,GRA,ST004,QAR,PRK.1046,Greek Salad,30,1260,1260,42
12/01/2022,GRA,ST004,QAR,PRK.1048,Mexican  Caesar Salad chk,39,6006,6006,154
12/01/2022,GRA,ST004,QAR,PRK.1049,ROCCA SALAD,22,1276,1276,58
12/01/2022,GRA,ST004,QAR,PRK.1052,Smoke Turkey Sandwich,34,7650,7650,225
12/01/2022,GRA,ST004,QAR,PRK.1054,lemon&Rosemary Chkn,36,6624,6516,184
12/01/2022,GRA,ST004,QAR,PRK.1057,Steak & Philly Chz SW,32,2880,2848,90
12/01/2022,GRA,ST004,QAR,PRK.1063,Egg Mayo with Rocket,20,1400,1400,70
12/01/2022,GRA,ST004,QAR,PRK.1068,Crispy Chicken Bun,24,1848,1848,77
12/01/2022,GRA,ST004,QAR,PRK.1070,Chicken Pesto & Mozzarell,32,3360,3360,105
12/01/2022,GRA,ST004,QAR,PRK.1075,Avocado Toast,40,1160,1160,29
12/01/2022,GRA,ST004,QAR,PRK.1077,Spicy Halloumi,38,2964,2964,78
12/01/2022,GRA,ST004,QAR,PRK.1078,Graze Breakfast (egg box),32,1184,1184,37
12/01/2022,GRA,ST004,QAR,PRK.1083,Chkn Soup,19,3667,3610,193
12/01/2022,GRA,ST004,QAR,PRK.1087,Lentil Soup,20,3800,3800,190
12/01/2022,GRA,ST004,QAR,PRK.1089,Vegetable soup,16,1136,1104,71
12/01/2022,GRA,ST004,QAR,PRK.1113,Chkn Katsu Curry,45,6210,6210,138
12/01/2022,GRA,ST004,QAR,PRK.1115,Mushroom Pasta,40,3680,3680,92
12/01/2022,GRA,ST004,QAR,PRK.1118,Steak With Mushroom Sauce,45,6435,6390,143
12/01/2022,GRA,ST004,QAR,PRK.1119,Chicken Biryani,45,11430,11430,254
12/01/2022,GRA,ST004,QAR,PRK.1121,Chinese Sesame Chicken,40,6560,6560,164
12/01/2022,GRA,ST004,QAR,PRK.1127,Rock Shrimp,45,3015,3015,67
12/01/2022,GRA,ST004,QAR,PRK.1133,Lamb  Kabsa,45,8235,8190,183
12/01/2022,GRA,ST004,QAR,PRK.1140,Chicken Curry & Saffron r,43,4472,4472,104
12/01/2022,GRA,ST004,QAR,PRK.1141,CRAB BOWL,28,588,588,21
12/01/2022,GRA,ST004,QAR,PRK.1145,Yoghurt & Cucumber dip,12,336,336,28
12/01/2022,GRA,ST004,QAR,PRK.1146,Spicy Guacamole Pot,13,572,572,44
12/01/2022,GRA,ST004,QAR,PRK.1149,Edamame Pot,12,396,396,33
12/01/2022,GRA,ST004,QAR,PRK.1155,Classic hummus pot,18,108,108,6
12/01/2022,GRA,ST004,QAR,PRK.1159,Greek Tabbouleh,20,740,740,37
12/01/2022,GRA,ST004,QAR,PRK.1160,Egg pot,16,224,224,14
12/01/2022,GRA,ST004,QAR,PRK.1161,Labneh Beetroot,12,96,96,8
12/01/2022,GRA,ST004,QAR,PRK.1173,Choco Chia Energy Ball,30,960,960,32
12/01/2022,GRA,ST004,QAR,PRK.1175,Pecan Bars,14,504,504,36
12/01/2022,GRA,ST004,QAR,PRK.1177,Carrot Cake,15,540,540,36
12/01/2022,GRA,ST004,QAR,PRK.1181,Green Apple,2,10,10,5
12/01/2022,GRA,ST004,QAR,PRK.1182,Red Apple,2,10,10,5
12/01/2022,GRA,ST004,QAR,PRK.1183,Bannana,2,324,324,162
12/01/2022,GRA,ST004,QAR,PRK.1184,Watermelon,18,1530,1530,85
12/01/2022,GRA,ST004,QAR,PRK.1185,Pineapplemix,18,1980,1980,110
12/01/2022,GRA,ST004,QAR,PRK.1186,Mixed Berries,22,2662,2662,121
12/01/2022,GRA,ST004,QAR,PRK.1194,Lotus Cheesecake,15,975,975,65
12/01/2022,GRA,ST004,QAR,PRK.1196,Chia Blueberry Yodurt,24,768,744,32
12/01/2022,GRA,ST004,QAR,PRK.1201,Iced Flat White,18,54,54,3
12/01/2022,GRA,ST004,QAR,PRK.1203,Iced Spanish Latte,20,1240,1220,62
12/01/2022,GRA,ST004,QAR,PRK.1204,Iced Latte,18,558,558,31
12/01/2022,GRA,ST004,QAR,PRK.1205,Iced Americano,15,255,255,17
12/01/2022,GRA,ST004,QAR,PRK.1234,Pepperoni Pizza small,40,240,240,6
12/01/2022,GRA,ST004,QAR,PRK.1235,Margherita Pizza small,30,450,450,15
12/01/2022,GRA,ST004,QAR,PRK.1236,BBQ chicken Pizza small,35,280,280,8
12/01/2022,GRA,ST004,QAR,PRK.1262,Highland Still,5,2110,2095,422
12/01/2022,GRA,ST004,QAR,PRK.1265,Perrier Sparkling,9,1035,1035,115
12/01/2022,GRA,ST004,QAR,PRK.1291,Coke,5,845,845,169
12/01/2022,GRA,ST004,QAR,PRK.1292,Diet Coke,5,1485,1485,297
12/01/2022,GRA,ST004,QAR,PRK.1335,Cool Box,15,30,30,2
12/01/2022,GRA,ST004,QAR,PRK.1351,Espresso Single,12,576,504,48
12/01/2022,GRA,ST004,QAR,PRK.1353,Americano Hot,15,2805,2745,187
12/01/2022,GRA,ST004,QAR,PRK.1354,Flat White Hot,18,2970,2970,165
12/01/2022,GRA,ST004,QAR,PRK.1355,Cappucino,18,3492,3492,194
12/01/2022,GRA,ST004,QAR,PRK.1356,Cortado,18,666,666,37
12/01/2022,GRA,ST004,QAR,PRK.1358,Spanish Latte,20,2320,2200,116
12/01/2022,GRA,ST004,QAR,PRK.1359,Classic Mocha,25,550,550,22
12/01/2022,GRA,ST004,QAR,PRK.1360,Slated Caramel Mocha,25,825,825,33
12/01/2022,GRA,ST004,QAR,PRK.1362,Double Espresso,14,1036,1036,74
12/01/2022,GRA,ST004,QAR,PRK.1363,Latte Hot,18,3276,3276,182
12/01/2022,GRA,ST004,QAR,PRK.1364,English B/F,12,324,312,27
12/01/2022,GRA,ST004,QAR,PRK.1365,Green Tea,12,24,24,2
12/01/2022,GRA,ST004,QAR,PRK.1366,Earl Grey,12,60,60,5
12/01/2022,GRA,ST004,QAR,PRK.1367,Pepper Mint,12,36,36,3
12/01/2022,GRA,ST004,QAR,PRK.1368,Lemon Grass/ Ginger,12,36,24,3
12/01/2022,GRA,ST004,QAR,PRK.1369,Jasmine,12,60,60,5
12/01/2022,GRA,ST004,QAR,PRK.1370,Habiscuss & Black Currant,12,12,12,1
12/01/2022,GRA,ST004,QAR,PRK.1371,Chamomile,12,72,72,6
12/01/2022,GRA,ST004,QAR,PRK.1372,Hot Cocoa,24,1776,1776,74
12/01/2022,GRA,ST004,QAR,PRK.1373,Hibiscus Iced tea,18,702,702,39
12/01/2022,GRA,ST004,QAR,PRK.1374,Peach Iced Tea,18,378,378,21
12/01/2022,GRA,ST004,QAR,PRK.1375,Matcha Latte,25,100,100,4
12/01/2022,GRA,ST004,QAR,PRK.1376,Cinnamon Latte,25,350,350,14
12/01/2022,GRA,ST004,QAR,PRK.1386,Orange Juice,22,7282,7216,331
12/01/2022,GRA,ST004,QAR,PRK.1387,Carrot Juice,22,638,638,29
12/01/2022,GRA,ST004,QAR,PRK.1390,Morning Boost,24,2112,2112,88
12/01/2022,GRA,ST004,QAR,PRK.1392,Immune Boost,22,1738,1716,79
12/01/2022,GRA,ST004,QAR,PRK.1396,Ginger Aid Shot,18,4104,4068,228
12/01/2022,GRA,ST004,QAR,PRK.1402,Laban Drink,18,882,882,49
12/01/2022,GRA,ST004,QAR,PRK.1404,Green Boost Juice,24,1488,1488,62
12/01/2022,GRA,ST004,QAR,PRK.1406,Beetroot & Apple Juice,20,1240,1220,62
12/01/2022,GRA,ST004,QAR,PRK.1409,Turmeric wellness shot,16,1744,1744,109
12/01/2022,GRA,ST004,QAR,PRK.1412, Mini Cup Yogurt,14,1568,1568,112
12/01/2022,GRA,ST004,QAR,PRK.1413,Regular Cup Yogurt,21,1344,1344,64
12/01/2022,GRA,ST004,QAR,PRK.1416,Large Cup Yogurt,23,138,138,6
12/01/2022,GRA,ST004,QAR,PRK.1418, Mini Cup Yogurt/Topping,18,1224,1224,68
12/01/2022,GRA,ST004,QAR,PRK.1419,Reg Cup Yogurt/Toping,26,1586,1586,61
12/01/2022,GRA,ST004,QAR,PRK.1422,Large Cup Yogurt/Topping,30,330,330,11
12/01/2022,GRA,ST004,QAR,PRK.1429,Mini Mango Ice Cream,14,4172,4158,298
12/01/2022,GRA,ST004,QAR,PRK.1430,Regular Mango Ice Cream,21,2331,2331,111
12/01/2022,GRA,ST004,QAR,PRK.1431,Large Mango Ice Cream,23,759,759,33
12/01/2022,GRA,ST004,QAR,PRK.1432,Mini Mango Ice Cream/Topp,18,2358,2358,131
12/01/2022,GRA,ST004,QAR,PRK.1433,Reg Mango Ice cream/Topp,26,3120,3120,120
12/01/2022,GRA,ST004,QAR,PRK.1434,Large Mango Ice Cream/Top,30,450,450,15
12/01/2022,GRA,ST004,QAR,PRK.1464,Fresh Pineapple,3,18,18,6
12/01/2022,GRA,ST004,QAR,PRK.1469,Kiwi Fruit,3,9,9,3
12/01/2022,GRA,ST004,QAR,PRK.1470,Lotus Biscuit,3,93,93,31
12/01/2022,GRA,ST004,QAR,PRK.1472,CHICKEN CURRY & RICE,48,2640,2592,55
12/01/2022,GRA,ST004,QAR,PRK.1474, Spaghetti Bolognese,45,1935,1935,43
12/01/2022,GRA,ST004,QAR,PRK.1475,Salmon with Cilantro Rice,65,4095,4095,63
12/01/2022,GRA,ST004,QAR,PRK.1476,Chicken Noodle Bowl,40,2520,2480,63
12/01/2022,GRA,ST004,QAR,PRK.1501,pomegranate,3,147,147,49
12/01/2022,GRA,ST004,QAR,PRK.1502,Strawberry,3,213,213,71
12/01/2022,GRA,ST004,QAR,PRK.1505,Salted Caramel,3,15,15,5
12/01/2022,GRA,ST004,QAR,PRK.1507,Crispy Crepe,3,63,63,21
12/01/2022,GRA,ST004,QAR,PRK.1508,Granola,3,81,81,27
12/01/2022,GRA,ST004,QAR,PRK.1509,Coconut Flakes,3,105,105,35
12/01/2022,GRA,ST004,QAR,PRK.1510,Crushed Graham,3,3,3,1
12/01/2022,GRA,ST004,QAR,PRK.1514,Dulce de Leche,3,24,24,8
12/01/2022,GRA,ST004,QAR,PRK.1520,Mixed Berries Sauce,3,12,12,4
12/01/2022,GRA,ST004,QAR,PRK.1521,Mango Sauce,3,9,9,3
12/01/2022,GRA,ST004,QAR,PRK.1523,Peanut Butter Sauce,3,12,12,4
12/01/2022,GRA,ST004,QAR,PRK.1527,Mango,3,105,105,35
12/01/2022,GRA,ST004,QAR,PRK.1531,Power Shake,35,385,385,11
12/01/2022,GRA,ST004,QAR,PRK.1532,Peanut Power Shake,35,350,350,10
12/01/2022,GRA,ST004,QAR,PRK.1533,Pre-workout protein shak,45,270,270,6
12/01/2022,GRA,ST004,QAR,PRK.1534,Choco Power Shake,35,70,70,2
12/01/2022,GRA,ST004,QAR,PRK.1536,Energizer protine Shakes,45,2070,2070,46
12/01/2022,GRA,ST004,QAR,PRK.1538,Pre-workout shake,35,105,105,3
12/01/2022,GRA,ST004,QAR,PRK.1540,Energizer shakes,35,210,210,6
12/01/2022,GRA,ST004,QAR,PRK.1542,14oz Pre-work out Protein,40,80,80,2
12/01/2022,GRA,ST004,QAR,PRK.1545,14oz Energizer protine,40,240,240,6
12/01/2022,GRA,ST004,QAR,PRK.1548,14oz Energizer shakes,30,210,210,7
12/01/2022,GRA,ST004,QAR,PRK.1550,Extra Protein,10,90,90,9
12/01/2022,GRA,ST004,QAR,PRK.1581,Mini coconut frz yog I/C,14,294,294,21
12/01/2022,GRA,ST004,QAR,PRK.1582,Regular coconut frz yog I,21,252,252,12
12/01/2022,GRA,ST004,QAR,PRK.1583,Large coconut frz yog I/C,23,23,23,1
12/01/2022,GRA,ST004,QAR,PRK.1584,Mini coconut frz yog top,18,54,54,3
12/01/2022,GRA,ST004,QAR,PRK.1585,Reg- coconut frz yog Topp,26,156,156,6
12/01/2022,GRA,ST004,QAR,PRK.1586,Large coconut frz yog Top,30,60,60,2
12/01/2022,GRA,ST004,QAR,PRK.1587,Supersize,45,270,270,6
12/01/2022,GRA,ST004,QAR,PRK.1588,Acai Small,35,4270,4270,122
12/01/2022,GRA,ST004,QAR,PRK.1589,Acai Large,40,2720,2720,68
12/01/2022,GRA,ST004,QAR,PRK.1590, Peanut Choco Ice Cream,30,1320,1260,44
12/01/2022,GRA,ST004,QAR,PRK.1621,Orange loaf,12,660,648,55
12/01/2022,GRA,ST004,QAR,PRK.1623,Brownie flavour cookies,10,1450,1430,145
12/01/2022,GRA,ST004,QAR,PRK.1626,Cinnamon Roll,13,507,507,39
12/01/2022,GRA,ST004,QAR,PRK.1628,Brownie bites,13,780,754,60
12/01/2022,GRA,ST004,QAR,PRK.1632,Turkey cheese roll,19,874,874,46
12/01/2022,GRA,ST004,QAR,PRK.1633,Spinach feta roll,18,828,828,46
12/01/2022,GRA,ST004,QAR,PRK.1634,Madeleine,12,1212,1200,101
12/01/2022,GRA,ST004,QAR,PRK.1635,Poppy Lemon seeds,12,900,840,75
12/01/2022,GRA,ST004,QAR,PRK.1651,■PB & Jam sourdough bread,18,450,450,25
12/01/2022,GRA,ST004,QAR,PRK.1655,Graze Oatmeal,30,1980,1980,66
12/01/2022,GRA,ST004,QAR,PRK.1681,Salted Caramel Mocha,24,432,432,18
12/01/2022,GRA,ST004,QAR,PRK.1682,■Matcha Frappe,26,286,286,11
12/01/2022,GRA,ST004,QAR,PRK.1711,Pomegranate Pot,18,702,702,39
12/01/2022,GRA,ST004,QAR,PRK.1712,Mango Peach Muesli Pot,24,24,24,1
12/01/2022,GRA,ST004,QAR,PRK.1713,Overnight oats PB&Jam,25,1725,1725,69
12/01/2022,GRA,ST004,QAR,PRK.1741,Spicy Tuna sandwich,26,2132,2132,82
12/01/2022,GRA,ST004,QAR,PRK.1742,Three cheese,22,2266,2266,103
12/01/2022,GRA,ST004,QAR,PRK.1743,Falafel and Labna,25,1225,1225,49
12/01/2022,GRA,ST004,QAR,PRK.1747,BEEF BURGER,35,210,210,6
12/01/2022,GRA,ST004,QAR,PRK.1748,Chicken Shawarma,18,3438,3420,191
12/01/2022,GRA,ST004,QAR,PRK.1749,Tenderloin Beef Shawarma,22,2288,2288,104
12/01/2022,GRA,ST004,QAR,PRK.1750,Cream Cheese Roll,9,423,423,47
12/01/2022,GRA,ST004,QAR,PRK.1751,Egg Mayo Roll,9,864,864,96
12/01/2022,GRA,ST004,QAR,PRK.1771,Pistachio Arabeshi,5,655,650,131
12/01/2022,GRA,ST004,QAR,PRK.1772,Fresh Raspberry,5,535,535,107
12/01/2022,GRA,ST004,QAR,PRK.1773,Fresh blueberry,5,430,430,86
12/01/2022,GRA,ST004,QAR,PRK.1774,Chocolate Flakes,5,310,310,62
12/01/2022,GRA,ST004,QAR,PRK.1775,Honey Comb,5,110,110,22
12/01/2022,GRA,ST004,QAR,PRK.1776,Milk powder,3,27,27,9
12/01/2022,GRA,ST004,QAR,PRK.4501,Full Fat Milk,0,0,0,4
12/01/2022,GRA,ST004,QAR,PRK.4502,Low Fat Milk,0,0,0,25
12/01/2022,GRA,ST004,QAR,PRK.4503,Almond Milk,2,148,148,74
12/01/2022,GRA,ST004,QAR,PRK.4504,Soya Milk,2,28,28,14
12/01/2022,GRA,ST004,QAR,PRK.4505,Less Sweet,0,0,0,3
12/01/2022,GRA,ST004,QAR,PRK.4509,Double Shot,0,0,0,4
12/01/2022,GRA,ST004,QAR,PRK.4511,More Hot,0,0,0,2
12/01/2022,GRA,ST004,QAR,PRK.4516,Decaf,0,0,0,13
12/01/2022,GRA,ST004,QAR,PRK.4517,Vanilla Flavor,0,0,0,3
12/01/2022,GRA,ST004,QAR,PRK.4519,caramel flavor,0,0,0,4
12/01/2022,GRA,ST004,QAR,PRK.4520,hazelnut flavor,0,0,0,5
12/01/2022,GRA,ST004,QAR,PRK.4521,Oat Milk,2,20,20,10
12/01/2022,GRA,ST004,QAR,PRK.4522,Skimmed milk,2,12,12,6
12/01/2022,GRA,ST004,QAR,PRK.4523,Coconut Milk,2,6,6,3
12/01/2022,GRA,ST004,QAR,PRK.4531,w/ Granola,0,0,0,76
12/01/2022,GRA,ST004,QAR,PRK.4533,w/ Pretzel,0,0,0,13
12/01/2022,GRA,ST004,QAR,PRK.4534,w/ Coconut Flakes,0,0,0,33
12/01/2022,GRA,ST004,QAR,PRK.4535,w/ Crispy Crepe,0,0,0,123
12/01/2022,GRA,ST004,QAR,PRK.4537,w/ Mixed Berries Sauce,0,0,0,18
12/01/2022,GRA,ST004,QAR,PRK.4541,w/ Strawberry,0,0,0,192
12/01/2022,GRA,ST004,QAR,PRK.4543,w/ Salted Caramel,0,0,0,34
12/01/2022,GRA,ST004,QAR,PRK.4544,w/ Pomegranate,0,0,0,101
12/01/2022,GRA,ST004,QAR,PRK.4545,w/ Dulce de leche,0,0,0,18
12/01/2022,GRA,ST004,QAR,PRK.4549,w/ Mango Sauce,0,0,0,40
12/01/2022,GRA,ST004,QAR,PRK.4550,w/ Mango,0,0,0,252
12/01/2022,GRA,ST004,QAR,PRK.4551,w/ Peanut Butter Sauce,0,0,0,57
12/01/2022,GRA,ST004,QAR,PRK.4552,w/ Crushed Grahams,0,0,0,18
12/01/2022,GRA,ST004,QAR,PRK.4556,w/Kiwi Fruit,0,0,0,5
12/01/2022,GRA,ST004,QAR,PRK.4557,w/Lotus Biscut,0,0,0,37
12/01/2022,GRA,ST004,QAR,PRK.4558,w/Fresh Pineapple,0,0,0,11
12/01/2022,GRA,ST004,QAR,PRK.4561,MIXED FROZEN YOGURT,0,0,0,31
12/01/2022,GRA,ST004,QAR,PRK.4562,MIXED MANGO YOGURT,0,0,0,52
