DATE,BRANCHCODE,WAREHOUSECODE,CURRENCY,ERPCODE,ITEMNAME,RAWPRICE,GROSSAMT,NETVALUE,QTYSOLD
05/01/2022,GRA,ST004,QAR,PRK.902,Granola,55,990,990,18
05/01/2022,GRA,ST004,QAR,PRK.903,Graze Spicy  Mix,55,110,110,2
05/01/2022,GRA,ST004,QAR,PRK.904,Graze House Mix,55,220,220,4
05/01/2022,GRA,ST004,QAR,PRK.907,Zaatar Chips,6,504,504,84
05/01/2022,GRA,ST004,QAR,PRK.909,Spicy Pesto Chips,6,480,480,80
05/01/2022,GRA,ST004,QAR,PRK.910,Graze Spicy Mix Sml,25,875,875,35
05/01/2022,GRA,ST004,QAR,PRK.911,Graze House Mix Sml,25,1300,1300,52
05/01/2022,GRA,ST004,QAR,PRK.961,Extra cheese,5,10,10,2
05/01/2022,GRA,ST004,QAR,PRK.962,Extra flavor,3,36,36,12
05/01/2022,GRA,ST004,QAR,PRK.963,Crispy bread,2,4,4,2
05/01/2022,GRA,ST004,QAR,PRK.994,Crsnt w Egg/Avaca/ SunTom,24,4680,4680,195
05/01/2022,GRA,ST004,QAR,PRK.995,Egg Burrito,20,3240,3240,162
05/01/2022,GRA,ST004,QAR,PRK.996,Blueberry Granola parfait,25,5000,5000,200
05/01/2022,GRA,ST004,QAR,PRK.997,Yog Dates Chia Pista Alm,22,3762,3762,171
05/01/2022,GRA,ST004,QAR,PRK.1003,Cheese Croissant,16,1088,1088,68
05/01/2022,GRA,ST004,QAR,PRK.1007,Zatar Croissant,16,592,592,37
05/01/2022,GRA,ST004,QAR,PRK.1008,Chocolate Croissant,16,368,368,23
05/01/2022,GRA,ST004,QAR,PRK.1010,Tomato Puff Pastry,16,1536,1536,96
05/01/2022,GRA,ST004,QAR,PRK.1012,Three Berry Yogurt & Date,25,1575,1575,63
05/01/2022,GRA,ST004,QAR,PRK.1015,Kiri Cheese Danish,14,1372,1372,98
05/01/2022,GRA,ST004,QAR,PRK.1016,Plain Croissant,10,680,680,68
05/01/2022,GRA,ST004,QAR,PRK.1020,Almond Croissant,16,512,512,32
05/01/2022,GRA,ST004,QAR,PRK.1021,Shirazi Salad,12,1740,1740,145
05/01/2022,GRA,ST004,QAR,PRK.1023,Falafel Salad,35,5145,5145,147
05/01/2022,GRA,ST004,QAR,PRK.1024,Quinoa Swt potato Salad,40,3400,3400,85
05/01/2022,GRA,ST004,QAR,PRK.1027,Mex Chkn Chilli Bean Sld,40,7840,7840,196
05/01/2022,GRA,ST004,QAR,PRK.1029,Burrata Salad,50,3450,3450,69
05/01/2022,GRA,ST004,QAR,PRK.1031,Teriyaki GRAZE Salmn,55,16995,16995,309
05/01/2022,GRA,ST004,QAR,PRK.1034,BBQ Chick Peas,38,2926,2926,77
05/01/2022,GRA,ST004,QAR,PRK.1039,Keto Chicken Salad,40,10120,10120,253
05/01/2022,GRA,ST004,QAR,PRK.1044,Southern Chicken Salad,45,5760,5760,128
05/01/2022,GRA,ST004,QAR,PRK.1048,Mexican  Caesar Salad chk,39,17160,17160,440
05/01/2022,GRA,ST004,QAR,PRK.1049,ROCCA SALAD,22,2090,2090,95
05/01/2022,GRA,ST004,QAR,PRK.1052,Smoke Turkey Sandwich,34,10268,10268,302
05/01/2022,GRA,ST004,QAR,PRK.1054,lemon&Rosemary Chkn,36,13320,13320,370
05/01/2022,GRA,ST004,QAR,PRK.1057,Steak & Philly Chz SW,32,3840,3840,120
05/01/2022,GRA,ST004,QAR,PRK.1063,Egg Mayo with Rocket,20,1820,1820,91
05/01/2022,GRA,ST004,QAR,PRK.1068,Crispy Chicken Bun,24,3336,3336,139
05/01/2022,GRA,ST004,QAR,PRK.1069,Spicy Courgette Falafel W,24,2784,2784,116
05/01/2022,GRA,ST004,QAR,PRK.1070,Chicken Pesto & Mozzarell,32,7328,7328,229
05/01/2022,GRA,ST004,QAR,PRK.1075,Avocado Toast,40,2560,2560,64
05/01/2022,GRA,ST004,QAR,PRK.1077,Spicy Halloumi,38,3420,3420,90
05/01/2022,GRA,ST004,QAR,PRK.1078,Graze Breakfast (egg box),32,1664,1664,52
05/01/2022,GRA,ST004,QAR,PRK.1079,Smoked Salmon Sandwich,35,595,595,17
05/01/2022,GRA,ST004,QAR,PRK.1083,Chkn Soup,19,4560,4560,240
05/01/2022,GRA,ST004,QAR,PRK.1086,Lamb Soup,28,1792,1792,64
05/01/2022,GRA,ST004,QAR,PRK.1087,Lentil Soup,20,5500,5500,275
05/01/2022,GRA,ST004,QAR,PRK.1111,Penne Bolognese,50,3950,3950,79
05/01/2022,GRA,ST004,QAR,PRK.1113,Chkn Katsu Curry,45,11025,11025,245
05/01/2022,GRA,ST004,QAR,PRK.1115,Mushroom Pasta,40,4400,4400,110
05/01/2022,GRA,ST004,QAR,PRK.1118,Steak With Mushroom Sauce,45,8775,8775,195
05/01/2022,GRA,ST004,QAR,PRK.1119,Chicken Biryani,45,15345,15345,341
05/01/2022,GRA,ST004,QAR,PRK.1121,Chinese Sesame Chicken,40,11080,11080,277
05/01/2022,GRA,ST004,QAR,PRK.1127,Rock Shrimp,45,7785,7785,173
05/01/2022,GRA,ST004,QAR,PRK.1133,Lamb  Kabsa,45,10485,10485,233
05/01/2022,GRA,ST004,QAR,PRK.1140,Chicken Curry & Saffron r,43,5934,5934,138
05/01/2022,GRA,ST004,QAR,PRK.1141,CRAB BOWL,28,476,476,17
05/01/2022,GRA,ST004,QAR,PRK.1145,Yoghurt & Cucumber dip,12,648,648,54
05/01/2022,GRA,ST004,QAR,PRK.1146,Spicy Guacamole Pot,13,1027,1027,79
05/01/2022,GRA,ST004,QAR,PRK.1149,Edamame Pot,12,1056,1056,88
05/01/2022,GRA,ST004,QAR,PRK.1155,Classic hummus pot,18,450,450,25
05/01/2022,GRA,ST004,QAR,PRK.1159,Greek Tabbouleh,20,1840,1840,92
05/01/2022,GRA,ST004,QAR,PRK.1160,Egg pot,16,592,592,37
05/01/2022,GRA,ST004,QAR,PRK.1161,Labneh Beetroot,28,1568,1568,56
05/01/2022,GRA,ST004,QAR,PRK.1173,Choco Chia Energy Ball,30,1110,1110,37
05/01/2022,GRA,ST004,QAR,PRK.1175,Pecan Bars,14,742,742,53
05/01/2022,GRA,ST004,QAR,PRK.1177,Carrot Cake,15,825,825,55
05/01/2022,GRA,ST004,QAR,PRK.1178,Sweet Potatoe Choco Cake,15,600,600,40
05/01/2022,GRA,ST004,QAR,PRK.1180,Tropical Fruits,18,198,198,11
05/01/2022,GRA,ST004,QAR,PRK.1181,Green Apple,2,26,26,13
05/01/2022,GRA,ST004,QAR,PRK.1182,Red Apple,2,90,90,45
05/01/2022,GRA,ST004,QAR,PRK.1183,Bannana,2,374,374,187
05/01/2022,GRA,ST004,QAR,PRK.1184,Watermelon,18,2700,2700,150
05/01/2022,GRA,ST004,QAR,PRK.1185,Pineapplemix,18,2790,2790,155
05/01/2022,GRA,ST004,QAR,PRK.1186,Mixed Berries,22,4004,4004,182
05/01/2022,GRA,ST004,QAR,PRK.1194,Lotus Cheesecake,15,1320,1320,88
05/01/2022,GRA,ST004,QAR,PRK.1196,Chia Blueberry Yodurt,24,1608,1608,67
05/01/2022,GRA,ST004,QAR,PRK.1201,Iced Flat White,18,594,594,33
05/01/2022,GRA,ST004,QAR,PRK.1203,Iced Spanish Latte,20,3760,3760,188
05/01/2022,GRA,ST004,QAR,PRK.1204,Iced Latte,18,1746,1746,97
05/01/2022,GRA,ST004,QAR,PRK.1205,Iced Americano,15,1470,1470,98
05/01/2022,GRA,ST004,QAR,PRK.1234,Pepperoni Pizza small,40,440,440,11
05/01/2022,GRA,ST004,QAR,PRK.1235,Margherita Pizza small,30,420,420,14
05/01/2022,GRA,ST004,QAR,PRK.1236,BBQ chicken Pizza small,35,490,490,14
05/01/2022,GRA,ST004,QAR,PRK.1262,Highland Still,5,4055,4055,811
05/01/2022,GRA,ST004,QAR,PRK.1265,Perrier Sparkling,9,2187,2160,243
05/01/2022,GRA,ST004,QAR,PRK.1291,Coke,5,1050,1050,210
05/01/2022,GRA,ST004,QAR,PRK.1292,Diet Coke,5,2390,2390,478
05/01/2022,GRA,ST004,QAR,PRK.1321,Mini Cup /Pina Colada,14,532,532,38
05/01/2022,GRA,ST004,QAR,PRK.1322,Regular Cup / Pina Colada,21,630,630,30
05/01/2022,GRA,ST004,QAR,PRK.1323,Large cup /Pina Colada,23,207,207,9
05/01/2022,GRA,ST004,QAR,PRK.1324,Mini Pina Colada/Topping,18,684,684,38
05/01/2022,GRA,ST004,QAR,PRK.1325,Regular Pina Colada/Toppi,26,806,806,31
05/01/2022,GRA,ST004,QAR,PRK.1326,Large Pina Colada/Topping,30,150,150,5
05/01/2022,GRA,ST004,QAR,PRK.1332,Stay Home w/ Graze R 8 X1,240,240,240,1
05/01/2022,GRA,ST004,QAR,PRK.1334,Stay Home w/Graze M12 X1,240,480,480,2
05/01/2022,GRA,ST004,QAR,PRK.1335,Cool Box,15,90,90,6
05/01/2022,GRA,ST004,QAR,PRK.1351,Espresso Single,12,696,696,58
05/01/2022,GRA,ST004,QAR,PRK.1352,Macchiato,18,54,54,3
05/01/2022,GRA,ST004,QAR,PRK.1353,Americano Hot,15,2685,2685,179
05/01/2022,GRA,ST004,QAR,PRK.1354,Flat White Hot,18,2682,2682,149
05/01/2022,GRA,ST004,QAR,PRK.1355,Cappucino,18,4824,4824,268
05/01/2022,GRA,ST004,QAR,PRK.1356,Cortado,18,846,846,47
05/01/2022,GRA,ST004,QAR,PRK.1358,Spanish Latte,20,3340,3340,167
05/01/2022,GRA,ST004,QAR,PRK.1359,Classic Mocha,25,550,550,22
05/01/2022,GRA,ST004,QAR,PRK.1360,Slated Caramel Mocha,25,675,675,27
05/01/2022,GRA,ST004,QAR,PRK.1362,Double Espresso,14,770,770,55
05/01/2022,GRA,ST004,QAR,PRK.1363,Latte Hot,18,3114,3114,173
05/01/2022,GRA,ST004,QAR,PRK.1364,English B/F,12,480,480,40
05/01/2022,GRA,ST004,QAR,PRK.1365,Green Tea,12,144,144,12
05/01/2022,GRA,ST004,QAR,PRK.1366,Earl Grey,12,60,60,5
05/01/2022,GRA,ST004,QAR,PRK.1367,Pepper Mint,12,36,36,3
05/01/2022,GRA,ST004,QAR,PRK.1368,Lemon Grass/ Ginger,12,12,12,1
05/01/2022,GRA,ST004,QAR,PRK.1369,Jasmine,12,48,48,4
05/01/2022,GRA,ST004,QAR,PRK.1371,Chamomile,12,60,60,5
05/01/2022,GRA,ST004,QAR,PRK.1372,Hot Cocoa,24,576,576,24
05/01/2022,GRA,ST004,QAR,PRK.1373,Hibiscus Iced tea,18,1566,1566,87
05/01/2022,GRA,ST004,QAR,PRK.1374,Peach Iced Tea,18,918,918,51
05/01/2022,GRA,ST004,QAR,PRK.1375,Matcha Latte,25,425,425,17
05/01/2022,GRA,ST004,QAR,PRK.1376,Cinnamon Latte,25,275,275,11
05/01/2022,GRA,ST004,QAR,PRK.1383,Watermelon & Coconut cool,20,860,860,43
05/01/2022,GRA,ST004,QAR,PRK.1386,Orange Juice,22,9988,9988,454
05/01/2022,GRA,ST004,QAR,PRK.1387,Carrot Juice,22,968,968,44
05/01/2022,GRA,ST004,QAR,PRK.1390,Morning Boost,24,2736,2736,114
05/01/2022,GRA,ST004,QAR,PRK.1392,Immune Boost,22,3146,3146,143
05/01/2022,GRA,ST004,QAR,PRK.1396,Ginger Aid Shot,18,4788,4788,266
05/01/2022,GRA,ST004,QAR,PRK.1402,Laban Drink,18,1746,1746,97
05/01/2022,GRA,ST004,QAR,PRK.1403,Vimto juice,18,162,162,9
05/01/2022,GRA,ST004,QAR,PRK.1404,Green Boost Juice,24,2376,2376,99
05/01/2022,GRA,ST004,QAR,PRK.1406,Beetroot & Apple Juice,20,2360,2360,118
05/01/2022,GRA,ST004,QAR,PRK.1407,Coconut & Pineapple Juice,24,1344,1344,56
05/01/2022,GRA,ST004,QAR,PRK.1409,Turmeric wellness shot,16,1776,1776,111
05/01/2022,GRA,ST004,QAR,PRK.1412, Mini Cup Yogurt,14,2800,2800,200
05/01/2022,GRA,ST004,QAR,PRK.1413,Regular Cup Yogurt,21,2205,2205,105
05/01/2022,GRA,ST004,QAR,PRK.1416,Large Cup Yogurt,23,552,552,24
05/01/2022,GRA,ST004,QAR,PRK.1418, Mini Cup Yogurt/Topping,18,3402,3402,189
05/01/2022,GRA,ST004,QAR,PRK.1419,Reg Cup Yogurt/Toping,26,3536,3536,136
05/01/2022,GRA,ST004,QAR,PRK.1422,Large Cup Yogurt/Topping,30,810,810,27
05/01/2022,GRA,ST004,QAR,PRK.1429,Mini Mango Ice Cream,14,8316,8316,594
05/01/2022,GRA,ST004,QAR,PRK.1430,Regular Mango Ice Cream,21,6657,6657,317
05/01/2022,GRA,ST004,QAR,PRK.1431,Large Mango Ice Cream,23,1334,1334,58
05/01/2022,GRA,ST004,QAR,PRK.1432,Mini Mango Ice Cream/Topp,18,4626,4626,257
05/01/2022,GRA,ST004,QAR,PRK.1433,Reg Mango Ice cream/Topp,26,6110,6110,235
05/01/2022,GRA,ST004,QAR,PRK.1434,Large Mango Ice Cream/Top,30,990,990,33
05/01/2022,GRA,ST004,QAR,PRK.1435,Mini Cup Milky Ice Cream,14,1134,1134,81
05/01/2022,GRA,ST004,QAR,PRK.1436,Reg Cup Milky Ice Cream,21,1071,1071,51
05/01/2022,GRA,ST004,QAR,PRK.1437,Lrge Cup Milky Ice Cream,23,115,115,5
05/01/2022,GRA,ST004,QAR,PRK.1438,Mini Cup Milky Ice C/Top,18,1044,1044,58
05/01/2022,GRA,ST004,QAR,PRK.1439,Reg Cup Milky Ice Cre/Top,26,1118,1118,43
05/01/2022,GRA,ST004,QAR,PRK.1440,Lrge Cup Milky Ice Cr/Top,30,180,180,6
05/01/2022,GRA,ST004,QAR,PRK.1464,Fresh Pineapple,3,3,3,1
05/01/2022,GRA,ST004,QAR,PRK.1469,Kiwi Fruit,3,6,6,2
05/01/2022,GRA,ST004,QAR,PRK.1470,Lotus Biscuit,3,18,18,6
05/01/2022,GRA,ST004,QAR,PRK.1471,NOODLES BOWL,45,3510,3510,78
05/01/2022,GRA,ST004,QAR,PRK.1472,CHICKEN CURRY & RICE,48,4176,4176,87
05/01/2022,GRA,ST004,QAR,PRK.1473,BEEF STROGANOFF,50,3050,3050,61
05/01/2022,GRA,ST004,QAR,PRK.1501,pomegranate,3,60,60,20
05/01/2022,GRA,ST004,QAR,PRK.1502,Strawberry,3,105,105,35
05/01/2022,GRA,ST004,QAR,PRK.1505,Salted Caramel,3,33,33,11
05/01/2022,GRA,ST004,QAR,PRK.1506,Pretzel,3,3,3,1
05/01/2022,GRA,ST004,QAR,PRK.1507,Crispy Crepe,3,108,108,36
05/01/2022,GRA,ST004,QAR,PRK.1508,Granola,3,69,69,23
05/01/2022,GRA,ST004,QAR,PRK.1509,Coconut Flakes,3,33,33,11
05/01/2022,GRA,ST004,QAR,PRK.1510,Crushed Graham,3,18,18,6
05/01/2022,GRA,ST004,QAR,PRK.1514,Dulce de Leche,3,18,18,6
05/01/2022,GRA,ST004,QAR,PRK.1520,Mixed Berries Sauce,3,3,3,1
05/01/2022,GRA,ST004,QAR,PRK.1521,Mango Sauce,3,78,78,26
05/01/2022,GRA,ST004,QAR,PRK.1523,Peanut Butter Sauce,3,6,6,2
05/01/2022,GRA,ST004,QAR,PRK.1527,Mango,3,69,69,23
05/01/2022,GRA,ST004,QAR,PRK.1529,Raita,3,15,15,5
05/01/2022,GRA,ST004,QAR,PRK.1530,Chili Tomato Sauce,3,3,3,1
05/01/2022,GRA,ST004,QAR,PRK.1531,Power Shake,35,770,770,22
05/01/2022,GRA,ST004,QAR,PRK.1532,Peanut Power Shake,35,630,630,18
05/01/2022,GRA,ST004,QAR,PRK.1533,Pre-workout protein shak,45,450,450,10
05/01/2022,GRA,ST004,QAR,PRK.1534,Choco Power Shake,35,175,175,5
05/01/2022,GRA,ST004,QAR,PRK.1536,Energizer protine Shakes,45,855,855,19
05/01/2022,GRA,ST004,QAR,PRK.1538,Pre-workout shake,35,350,350,10
05/01/2022,GRA,ST004,QAR,PRK.1540,Energizer shakes,35,455,455,13
05/01/2022,GRA,ST004,QAR,PRK.1542,14oz Pre-work out Protein,40,160,160,4
05/01/2022,GRA,ST004,QAR,PRK.1545,14oz Energizer protine,40,240,240,6
05/01/2022,GRA,ST004,QAR,PRK.1546,14oz Pre-workout shake,30,60,60,2
05/01/2022,GRA,ST004,QAR,PRK.1548,14oz Energizer shakes,30,120,120,4
05/01/2022,GRA,ST004,QAR,PRK.1550,Extra Protein,10,30,30,3
05/01/2022,GRA,ST004,QAR,PRK.1580,Ogaily cardamom ice cream,25,750,750,30
05/01/2022,GRA,ST004,QAR,PRK.1587,Supersize,45,225,225,5
05/01/2022,GRA,ST004,QAR,PRK.1621,Orange loaf,12,912,912,76
05/01/2022,GRA,ST004,QAR,PRK.1623,Brownie flavour cookies,10,2170,2170,217
05/01/2022,GRA,ST004,QAR,PRK.1626,Cinnamon Roll,13,442,442,34
05/01/2022,GRA,ST004,QAR,PRK.1627,Custard Raisin Roll,14,196,196,14
05/01/2022,GRA,ST004,QAR,PRK.1628,Brownie bites,13,975,975,75
05/01/2022,GRA,ST004,QAR,PRK.1632,Turkey cheese roll,19,361,361,19
05/01/2022,GRA,ST004,QAR,PRK.1633,Spinach feta roll,18,432,432,24
05/01/2022,GRA,ST004,QAR,PRK.1651,■PB & Jam sourdough bread,18,774,774,43
05/01/2022,GRA,ST004,QAR,PRK.1652,■Italian Poached Eggs,32,480,480,15
05/01/2022,GRA,ST004,QAR,PRK.1655,Graze Oatmeal,30,3600,3600,120
05/01/2022,GRA,ST004,QAR,PRK.1656,Eid breakfast,350,13300,13300,38
05/01/2022,GRA,ST004,QAR,PRK.1681,Salted Caramel Mocha,24,984,984,41
05/01/2022,GRA,ST004,QAR,PRK.1682,■Matcha Frappe,26,728,728,28
05/01/2022,GRA,ST004,QAR,PRK.1711,Pomegranate Pot,18,1188,1188,66
05/01/2022,GRA,ST004,QAR,PRK.1712,Mango Peach Muesli Pot,24,1008,1008,42
05/01/2022,GRA,ST004,QAR,PRK.1713,Overnight oats PB&Jam,25,2350,2350,94
05/01/2022,GRA,ST004,QAR,PRK.1741,Spicy Tuna sandwich,26,2990,2990,115
05/01/2022,GRA,ST004,QAR,PRK.1742,Three cheese,22,2860,2860,130
05/01/2022,GRA,ST004,QAR,PRK.1743,Falafel and Labna,25,1400,1400,56
05/01/2022,GRA,ST004,QAR,PRK.1744,Three berry croissant,35,525,525,15
05/01/2022,GRA,ST004,QAR,PRK.1746,GRAZE CLUB SANDWICH,42,3486,3486,83
05/01/2022,GRA,ST004,QAR,PRK.1747,BEEF BURGER,35,1085,1085,31
05/01/2022,GRA,ST004,QAR,PRK.1771,Pistachio Arabeshi,5,1740,1740,348
05/01/2022,GRA,ST004,QAR,PRK.1772,Fresh Raspberry,5,1150,1150,230
05/01/2022,GRA,ST004,QAR,PRK.1773,Fresh blueberry,5,730,730,146
05/01/2022,GRA,ST004,QAR,PRK.1774,Chocolate Flakes,5,370,370,74
05/01/2022,GRA,ST004,QAR,PRK.1775,Honey Comb,5,230,230,46
05/01/2022,GRA,ST004,QAR,PRK.4501,Full Fat Milk,0,0,0,8
05/01/2022,GRA,ST004,QAR,PRK.4502,Low Fat Milk,0,0,0,69
05/01/2022,GRA,ST004,QAR,PRK.4503,Almond Milk,2,238,238,119
05/01/2022,GRA,ST004,QAR,PRK.4504,Soya Milk,2,146,146,73
05/01/2022,GRA,ST004,QAR,PRK.4505,Less Sweet,0,0,0,13
05/01/2022,GRA,ST004,QAR,PRK.4506,More Sweet,0,0,0,3
05/01/2022,GRA,ST004,QAR,PRK.4507,Half Shot,0,0,0,1
05/01/2022,GRA,ST004,QAR,PRK.4508,Single Shot,0,0,0,1
05/01/2022,GRA,ST004,QAR,PRK.4509,Double Shot,0,0,0,25
05/01/2022,GRA,ST004,QAR,PRK.4511,More Hot,0,0,0,8
05/01/2022,GRA,ST004,QAR,PRK.4516,Decaf,0,0,0,33
05/01/2022,GRA,ST004,QAR,PRK.4517,Vanilla Flavor,0,0,0,6
05/01/2022,GRA,ST004,QAR,PRK.4519,caramel flavor,0,0,0,4
05/01/2022,GRA,ST004,QAR,PRK.4520,hazelnut flavor,0,0,0,1
05/01/2022,GRA,ST004,QAR,PRK.4531,w/ Granola,0,0,0,153
05/01/2022,GRA,ST004,QAR,PRK.4533,w/ Pretzel,0,0,0,22
05/01/2022,GRA,ST004,QAR,PRK.4534,w/ Coconut Flakes,0,0,0,115
05/01/2022,GRA,ST004,QAR,PRK.4535,w/ Crispy Crepe,0,0,0,232
05/01/2022,GRA,ST004,QAR,PRK.4537,w/ Mixed Berries Sauce,0,0,0,50
05/01/2022,GRA,ST004,QAR,PRK.4541,w/ Strawberry,0,0,0,449
05/01/2022,GRA,ST004,QAR,PRK.4543,w/ Salted Caramel,0,0,0,112
05/01/2022,GRA,ST004,QAR,PRK.4544,w/ Pomegranate,0,0,0,258
05/01/2022,GRA,ST004,QAR,PRK.4545,w/ Dulce de leche,0,0,0,37
05/01/2022,GRA,ST004,QAR,PRK.4549,w/ Mango Sauce,0,0,0,78
05/01/2022,GRA,ST004,QAR,PRK.4550,w/ Mango,0,0,0,516
05/01/2022,GRA,ST004,QAR,PRK.4551,w/ Peanut Butter Sauce,0,0,0,3
05/01/2022,GRA,ST004,QAR,PRK.4552,w/ Crushed Grahams,0,0,0,28
05/01/2022,GRA,ST004,QAR,PRK.4556,w/Kiwi Fruit,0,0,0,28
05/01/2022,GRA,ST004,QAR,PRK.4557,w/Lotus Biscut,0,0,0,52
05/01/2022,GRA,ST004,QAR,PRK.4558,w/Fresh Pineapple,0,0,0,66
05/01/2022,GRA,ST004,QAR,PRK.4561,MIXED FROZEN YOGURT,0,0,0,97
05/01/2022,GRA,ST004,QAR,PRK.4562,MIXED MANGO YOGURT,0,0,0,134
05/01/2022,GRA,ST004,QAR,PRK.4564,MIXED MILKY ICE CREAM,0,0,0,19
