DATE,BRANCHCODE,WAREHOUSECODE,CURRENCY,ERPCODE,ITEMNAME,RAWPRICE,GROSSAMT,NETVALUE,QTYSOLD
06/01/2022,GRA,ST004,QAR,PRK.902,Granola,55,1650,1650,30
06/01/2022,GRA,ST004,QAR,PRK.903,Graze Spicy  Mix,55,55,55,1
06/01/2022,GRA,ST004,QAR,PRK.904,Graze House Mix,55,110,110,2
06/01/2022,GRA,ST004,QAR,PRK.907,Zaatar Chips,6,546,546,91
06/01/2022,GRA,ST004,QAR,PRK.909,Spicy Pesto Chips,6,792,792,132
06/01/2022,GRA,ST004,QAR,PRK.910,Graze Spicy Mix Sml,25,1150,1150,46
06/01/2022,GRA,ST004,QAR,PRK.911,Graze House Mix Sml,25,1950,1950,78
06/01/2022,GRA,ST004,QAR,PRK.961,Extra cheese,5,5,5,1
06/01/2022,GRA,ST004,QAR,PRK.962,Extra flavor,3,66,66,22
06/01/2022,GRA,ST004,QAR,PRK.963,Crispy bread,2,2,2,1
06/01/2022,GRA,ST004,QAR,PRK.994,Crsnt w Egg/Avaca/ SunTom,24,6120,6120,255
06/01/2022,GRA,ST004,QAR,PRK.995,Egg Burrito,20,4340,4340,217
06/01/2022,GRA,ST004,QAR,PRK.996,Blueberry Granola parfait,25,5650,5650,226
06/01/2022,GRA,ST004,QAR,PRK.997,Yog Dates Chia Pista Alm,22,4422,4422,201
06/01/2022,GRA,ST004,QAR,PRK.1003,Cheese Croissant,16,1024,1024,64
06/01/2022,GRA,ST004,QAR,PRK.1007,Zatar Croissant,16,1008,1008,63
06/01/2022,GRA,ST004,QAR,PRK.1008,Chocolate Croissant,16,768,768,48
06/01/2022,GRA,ST004,QAR,PRK.1010,Tomato Puff Pastry,16,1824,1824,114
06/01/2022,GRA,ST004,QAR,PRK.1012,Three Berry Yogurt & Date,25,1825,1825,73
06/01/2022,GRA,ST004,QAR,PRK.1015,Kiri Cheese Danish,14,1806,1806,129
06/01/2022,GRA,ST004,QAR,PRK.1016,Plain Croissant,10,610,610,61
06/01/2022,GRA,ST004,QAR,PRK.1020,Almond Croissant,16,752,752,47
06/01/2022,GRA,ST004,QAR,PRK.1021,Shirazi Salad,12,2160,2160,180
06/01/2022,GRA,ST004,QAR,PRK.1023,Falafel Salad,35,4585,4585,131
06/01/2022,GRA,ST004,QAR,PRK.1024,Quinoa Swt potato Salad,40,3920,3920,98
06/01/2022,GRA,ST004,QAR,PRK.1027,Mex Chkn Chilli Bean Sld,40,9080,9080,227
06/01/2022,GRA,ST004,QAR,PRK.1029,Burrata Salad,50,4150,4150,83
06/01/2022,GRA,ST004,QAR,PRK.1031,Teriyaki GRAZE Salmn,55,21285,21285,387
06/01/2022,GRA,ST004,QAR,PRK.1034,BBQ Chick Peas,38,2394,2394,63
06/01/2022,GRA,ST004,QAR,PRK.1039,Keto Chicken Salad,40,10840,10840,271
06/01/2022,GRA,ST004,QAR,PRK.1044,Southern Chicken Salad,45,5940,5940,132
06/01/2022,GRA,ST004,QAR,PRK.1048,Mexican  Caesar Salad chk,39,18252,18252,468
06/01/2022,GRA,ST004,QAR,PRK.1049,ROCCA SALAD,22,2662,2662,121
06/01/2022,GRA,ST004,QAR,PRK.1052,Smoke Turkey Sandwich,34,12818,12818,377
06/01/2022,GRA,ST004,QAR,PRK.1054,lemon&Rosemary Chkn,36,15732,15732,437
06/01/2022,GRA,ST004,QAR,PRK.1057,Steak & Philly Chz SW,32,4512,4512,141
06/01/2022,GRA,ST004,QAR,PRK.1063,Egg Mayo with Rocket,20,2320,2320,116
06/01/2022,GRA,ST004,QAR,PRK.1068,Crispy Chicken Bun,24,3864,3864,161
06/01/2022,GRA,ST004,QAR,PRK.1069,Spicy Courgette Falafel W,24,528,528,22
06/01/2022,GRA,ST004,QAR,PRK.1070,Chicken Pesto & Mozzarell,32,8384,8384,262
06/01/2022,GRA,ST004,QAR,PRK.1075,Avocado Toast,40,3480,3480,87
06/01/2022,GRA,ST004,QAR,PRK.1077,Spicy Halloumi,38,5168,5168,136
06/01/2022,GRA,ST004,QAR,PRK.1078,Graze Breakfast (egg box),32,1824,1824,57
06/01/2022,GRA,ST004,QAR,PRK.1079,Smoked Salmon Sandwich,35,490,490,14
06/01/2022,GRA,ST004,QAR,PRK.1083,Chkn Soup,19,5833,5833,307
06/01/2022,GRA,ST004,QAR,PRK.1086,Lamb Soup,28,2016,2016,72
06/01/2022,GRA,ST004,QAR,PRK.1087,Lentil Soup,20,6100,6100,305
06/01/2022,GRA,ST004,QAR,PRK.1111,Penne Bolognese,50,4750,4750,95
06/01/2022,GRA,ST004,QAR,PRK.1113,Chkn Katsu Curry,45,13725,13725,305
06/01/2022,GRA,ST004,QAR,PRK.1115,Mushroom Pasta,40,6040,6040,151
06/01/2022,GRA,ST004,QAR,PRK.1118,Steak With Mushroom Sauce,45,12330,12330,274
06/01/2022,GRA,ST004,QAR,PRK.1119,Chicken Biryani,45,18675,18675,415
06/01/2022,GRA,ST004,QAR,PRK.1121,Chinese Sesame Chicken,40,12280,12280,307
06/01/2022,GRA,ST004,QAR,PRK.1127,Rock Shrimp,45,9090,9090,202
06/01/2022,GRA,ST004,QAR,PRK.1133,Lamb  Kabsa,45,13815,13815,307
06/01/2022,GRA,ST004,QAR,PRK.1140,Chicken Curry & Saffron r,43,8084,8084,188
06/01/2022,GRA,ST004,QAR,PRK.1141,CRAB BOWL,28,2268,2268,81
06/01/2022,GRA,ST004,QAR,PRK.1145,Yoghurt & Cucumber dip,12,840,840,70
06/01/2022,GRA,ST004,QAR,PRK.1146,Spicy Guacamole Pot,13,1755,1755,135
06/01/2022,GRA,ST004,QAR,PRK.1149,Edamame Pot,12,1116,1116,93
06/01/2022,GRA,ST004,QAR,PRK.1155,Classic hummus pot,18,594,594,33
06/01/2022,GRA,ST004,QAR,PRK.1159,Greek Tabbouleh,20,2020,2020,101
06/01/2022,GRA,ST004,QAR,PRK.1160,Egg pot,16,816,816,51
06/01/2022,GRA,ST004,QAR,PRK.1173,Choco Chia Energy Ball,30,1260,1260,42
06/01/2022,GRA,ST004,QAR,PRK.1175,Pecan Bars,14,840,840,60
06/01/2022,GRA,ST004,QAR,PRK.1177,Carrot Cake,15,870,870,58
06/01/2022,GRA,ST004,QAR,PRK.1178,Sweet Potatoe Choco Cake,15,675,675,45
06/01/2022,GRA,ST004,QAR,PRK.1180,Tropical Fruits,18,378,378,21
06/01/2022,GRA,ST004,QAR,PRK.1181,Green Apple,2,64,64,32
06/01/2022,GRA,ST004,QAR,PRK.1182,Red Apple,2,76,76,38
06/01/2022,GRA,ST004,QAR,PRK.1183,Bannana,2,360,360,180
06/01/2022,GRA,ST004,QAR,PRK.1184,Watermelon,18,4248,4248,236
06/01/2022,GRA,ST004,QAR,PRK.1185,Pineapplemix,18,3330,3330,185
06/01/2022,GRA,ST004,QAR,PRK.1186,Mixed Berries,22,4554,4554,207
06/01/2022,GRA,ST004,QAR,PRK.1194,Lotus Cheesecake,15,1365,1365,91
06/01/2022,GRA,ST004,QAR,PRK.1196,Chia Blueberry Yodurt,24,1848,1848,77
06/01/2022,GRA,ST004,QAR,PRK.1201,Iced Flat White,18,612,612,34
06/01/2022,GRA,ST004,QAR,PRK.1203,Iced Spanish Latte,20,3860,3860,193
06/01/2022,GRA,ST004,QAR,PRK.1204,Iced Latte,18,1494,1494,83
06/01/2022,GRA,ST004,QAR,PRK.1205,Iced Americano,15,2145,2145,143
06/01/2022,GRA,ST004,QAR,PRK.1234,Pepperoni Pizza small,40,960,960,24
06/01/2022,GRA,ST004,QAR,PRK.1235,Margherita Pizza small,30,1110,1110,37
06/01/2022,GRA,ST004,QAR,PRK.1236,BBQ chicken Pizza small,35,945,945,27
06/01/2022,GRA,ST004,QAR,PRK.1262,Highland Still,5,4040,4040,808
06/01/2022,GRA,ST004,QAR,PRK.1265,Perrier Sparkling,9,2484,2484,276
06/01/2022,GRA,ST004,QAR,PRK.1291,Coke,5,1105,1105,221
06/01/2022,GRA,ST004,QAR,PRK.1292,Diet Coke,5,2575,2575,515
06/01/2022,GRA,ST004,QAR,PRK.1321,Mini Cup /Pina Colada,14,1008,1008,72
06/01/2022,GRA,ST004,QAR,PRK.1322,Regular Cup / Pina Colada,21,630,630,30
06/01/2022,GRA,ST004,QAR,PRK.1323,Large cup /Pina Colada,23,299,299,13
06/01/2022,GRA,ST004,QAR,PRK.1324,Mini Pina Colada/Topping,18,864,864,48
06/01/2022,GRA,ST004,QAR,PRK.1325,Regular Pina Colada/Toppi,26,1690,1690,65
06/01/2022,GRA,ST004,QAR,PRK.1326,Large Pina Colada/Topping,30,120,120,4
06/01/2022,GRA,ST004,QAR,PRK.1327,Stay Home w/ Graze L 4X1,140,140,140,1
06/01/2022,GRA,ST004,QAR,PRK.1334,Stay Home w/Graze M12 X1,240,1440,1440,6
06/01/2022,GRA,ST004,QAR,PRK.1335,Cool Box,15,105,105,7
06/01/2022,GRA,ST004,QAR,PRK.1351,Espresso Single,12,840,840,70
06/01/2022,GRA,ST004,QAR,PRK.1352,Macchiato,18,90,90,5
06/01/2022,GRA,ST004,QAR,PRK.1353,Americano Hot,15,2685,2685,179
06/01/2022,GRA,ST004,QAR,PRK.1354,Flat White Hot,18,2682,2682,149
06/01/2022,GRA,ST004,QAR,PRK.1355,Cappucino,18,4068,4068,226
06/01/2022,GRA,ST004,QAR,PRK.1356,Cortado,18,1008,1008,56
06/01/2022,GRA,ST004,QAR,PRK.1358,Spanish Latte,20,3380,3380,169
06/01/2022,GRA,ST004,QAR,PRK.1359,Classic Mocha,25,325,325,13
06/01/2022,GRA,ST004,QAR,PRK.1360,Slated Caramel Mocha,25,750,750,30
06/01/2022,GRA,ST004,QAR,PRK.1362,Double Espresso,14,210,210,15
06/01/2022,GRA,ST004,QAR,PRK.1363,Latte Hot,18,3852,3852,214
06/01/2022,GRA,ST004,QAR,PRK.1364,English B/F,12,396,396,33
06/01/2022,GRA,ST004,QAR,PRK.1365,Green Tea,12,84,84,7
06/01/2022,GRA,ST004,QAR,PRK.1366,Earl Grey,12,36,36,3
06/01/2022,GRA,ST004,QAR,PRK.1367,Pepper Mint,12,48,48,4
06/01/2022,GRA,ST004,QAR,PRK.1368,Lemon Grass/ Ginger,12,36,36,3
06/01/2022,GRA,ST004,QAR,PRK.1369,Jasmine,12,12,12,1
06/01/2022,GRA,ST004,QAR,PRK.1370,Habiscuss & Black Currant,12,24,24,2
06/01/2022,GRA,ST004,QAR,PRK.1371,Chamomile,12,60,60,5
06/01/2022,GRA,ST004,QAR,PRK.1372,Hot Cocoa,24,528,528,22
06/01/2022,GRA,ST004,QAR,PRK.1373,Hibiscus Iced tea,18,2142,2142,119
06/01/2022,GRA,ST004,QAR,PRK.1374,Peach Iced Tea,18,1494,1494,83
06/01/2022,GRA,ST004,QAR,PRK.1375,Matcha Latte,25,425,425,17
06/01/2022,GRA,ST004,QAR,PRK.1376,Cinnamon Latte,25,350,350,14
06/01/2022,GRA,ST004,QAR,PRK.1383,Watermelon & Coconut cool,20,1340,1340,67
06/01/2022,GRA,ST004,QAR,PRK.1386,Orange Juice,22,12650,12650,575
06/01/2022,GRA,ST004,QAR,PRK.1387,Carrot Juice,22,1166,1166,53
06/01/2022,GRA,ST004,QAR,PRK.1390,Morning Boost,24,2976,2976,124
06/01/2022,GRA,ST004,QAR,PRK.1392,Immune Boost,22,3322,3322,151
06/01/2022,GRA,ST004,QAR,PRK.1396,Ginger Aid Shot,18,5940,5940,330
06/01/2022,GRA,ST004,QAR,PRK.1399,Watermelon Granita,20,1300,1300,65
06/01/2022,GRA,ST004,QAR,PRK.1402,Laban Drink,18,1440,1440,80
06/01/2022,GRA,ST004,QAR,PRK.1404,Green Boost Juice,24,2064,2064,86
06/01/2022,GRA,ST004,QAR,PRK.1406,Beetroot & Apple Juice,20,3120,3120,156
06/01/2022,GRA,ST004,QAR,PRK.1407,Coconut & Pineapple Juice,24,1320,1320,55
06/01/2022,GRA,ST004,QAR,PRK.1409,Turmeric wellness shot,16,1776,1776,111
06/01/2022,GRA,ST004,QAR,PRK.1412, Mini Cup Yogurt,14,2968,2968,212
06/01/2022,GRA,ST004,QAR,PRK.1413,Regular Cup Yogurt,21,2898,2898,138
06/01/2022,GRA,ST004,QAR,PRK.1416,Large Cup Yogurt,23,759,759,33
06/01/2022,GRA,ST004,QAR,PRK.1418, Mini Cup Yogurt/Topping,18,3132,3132,174
06/01/2022,GRA,ST004,QAR,PRK.1419,Reg Cup Yogurt/Toping,26,4446,4446,171
06/01/2022,GRA,ST004,QAR,PRK.1422,Large Cup Yogurt/Topping,30,1020,1020,34
06/01/2022,GRA,ST004,QAR,PRK.1429,Mini Mango Ice Cream,14,9730,9730,695
06/01/2022,GRA,ST004,QAR,PRK.1430,Regular Mango Ice Cream,21,8505,8505,405
06/01/2022,GRA,ST004,QAR,PRK.1431,Large Mango Ice Cream,23,2484,2484,108
06/01/2022,GRA,ST004,QAR,PRK.1432,Mini Mango Ice Cream/Topp,18,5364,5364,298
06/01/2022,GRA,ST004,QAR,PRK.1433,Reg Mango Ice cream/Topp,26,10140,10140,390
06/01/2022,GRA,ST004,QAR,PRK.1434,Large Mango Ice Cream/Top,30,1530,1530,51
06/01/2022,GRA,ST004,QAR,PRK.1435,Mini Cup Milky Ice Cream,14,1218,1218,87
06/01/2022,GRA,ST004,QAR,PRK.1436,Reg Cup Milky Ice Cream,21,1071,1071,51
06/01/2022,GRA,ST004,QAR,PRK.1437,Lrge Cup Milky Ice Cream,23,184,184,8
06/01/2022,GRA,ST004,QAR,PRK.1438,Mini Cup Milky Ice C/Top,18,882,882,49
06/01/2022,GRA,ST004,QAR,PRK.1439,Reg Cup Milky Ice Cre/Top,26,1274,1274,49
06/01/2022,GRA,ST004,QAR,PRK.1440,Lrge Cup Milky Ice Cr/Top,30,300,300,10
06/01/2022,GRA,ST004,QAR,PRK.1464,Fresh Pineapple,3,18,18,6
06/01/2022,GRA,ST004,QAR,PRK.1469,Kiwi Fruit,3,24,24,8
06/01/2022,GRA,ST004,QAR,PRK.1470,Lotus Biscuit,3,24,24,8
06/01/2022,GRA,ST004,QAR,PRK.1471,NOODLES BOWL,45,4140,4140,92
06/01/2022,GRA,ST004,QAR,PRK.1472,CHICKEN CURRY & RICE,48,4992,4992,104
06/01/2022,GRA,ST004,QAR,PRK.1473,BEEF STROGANOFF,50,3050,3050,61
06/01/2022,GRA,ST004,QAR,PRK.1501,pomegranate,3,78,78,26
06/01/2022,GRA,ST004,QAR,PRK.1502,Strawberry,3,219,219,73
06/01/2022,GRA,ST004,QAR,PRK.1505,Salted Caramel,3,72,72,24
06/01/2022,GRA,ST004,QAR,PRK.1506,Pretzel,3,33,33,11
06/01/2022,GRA,ST004,QAR,PRK.1507,Crispy Crepe,3,165,165,55
06/01/2022,GRA,ST004,QAR,PRK.1508,Granola,3,69,69,23
06/01/2022,GRA,ST004,QAR,PRK.1509,Coconut Flakes,3,45,45,15
06/01/2022,GRA,ST004,QAR,PRK.1510,Crushed Graham,3,33,33,11
06/01/2022,GRA,ST004,QAR,PRK.1514,Dulce de Leche,3,36,36,12
06/01/2022,GRA,ST004,QAR,PRK.1520,Mixed Berries Sauce,3,9,9,3
06/01/2022,GRA,ST004,QAR,PRK.1521,Mango Sauce,3,72,72,24
06/01/2022,GRA,ST004,QAR,PRK.1523,Peanut Butter Sauce,3,3,3,1
06/01/2022,GRA,ST004,QAR,PRK.1527,Mango,3,219,219,73
06/01/2022,GRA,ST004,QAR,PRK.1528,Spicy Mayo,3,3,3,1
06/01/2022,GRA,ST004,QAR,PRK.1529,Raita,3,30,30,10
06/01/2022,GRA,ST004,QAR,PRK.1530,Chili Tomato Sauce,3,6,6,2
06/01/2022,GRA,ST004,QAR,PRK.1531,Power Shake,35,875,875,25
06/01/2022,GRA,ST004,QAR,PRK.1532,Peanut Power Shake,35,735,735,21
06/01/2022,GRA,ST004,QAR,PRK.1533,Pre-workout protein shak,45,540,540,12
06/01/2022,GRA,ST004,QAR,PRK.1534,Choco Power Shake,35,140,140,4
06/01/2022,GRA,ST004,QAR,PRK.1536,Energizer protine Shakes,45,1890,1890,42
06/01/2022,GRA,ST004,QAR,PRK.1538,Pre-workout shake,35,175,175,5
06/01/2022,GRA,ST004,QAR,PRK.1540,Energizer shakes,35,840,840,24
06/01/2022,GRA,ST004,QAR,PRK.1542,14oz Pre-work out Protein,40,160,160,4
06/01/2022,GRA,ST004,QAR,PRK.1545,14oz Energizer protine,40,1120,1120,28
06/01/2022,GRA,ST004,QAR,PRK.1548,14oz Energizer shakes,30,210,210,7
06/01/2022,GRA,ST004,QAR,PRK.1550,Extra Protein,10,100,100,10
06/01/2022,GRA,ST004,QAR,PRK.1587,Supersize,45,495,495,11
06/01/2022,GRA,ST004,QAR,PRK.1621,Orange loaf,12,840,840,70
06/01/2022,GRA,ST004,QAR,PRK.1623,Brownie flavour cookies,10,1750,1750,175
06/01/2022,GRA,ST004,QAR,PRK.1626,Cinnamon Roll,13,403,403,31
06/01/2022,GRA,ST004,QAR,PRK.1627,Custard Raisin Roll,14,336,336,24
06/01/2022,GRA,ST004,QAR,PRK.1628,Brownie bites,13,1014,1014,78
06/01/2022,GRA,ST004,QAR,PRK.1632,Turkey cheese roll,19,1216,1216,64
06/01/2022,GRA,ST004,QAR,PRK.1633,Spinach feta roll,18,612,612,34
06/01/2022,GRA,ST004,QAR,PRK.1651,■PB & Jam sourdough bread,18,1656,1656,92
06/01/2022,GRA,ST004,QAR,PRK.1652,■Italian Poached Eggs,32,544,544,17
06/01/2022,GRA,ST004,QAR,PRK.1655,Graze Oatmeal,30,4860,4860,162
06/01/2022,GRA,ST004,QAR,PRK.1681,Salted Caramel Mocha,24,792,792,33
06/01/2022,GRA,ST004,QAR,PRK.1682,■Matcha Frappe,26,1404,1404,54
06/01/2022,GRA,ST004,QAR,PRK.1711,Pomegranate Pot,18,1620,1620,90
06/01/2022,GRA,ST004,QAR,PRK.1712,Mango Peach Muesli Pot,24,936,936,39
06/01/2022,GRA,ST004,QAR,PRK.1713,Overnight oats PB&Jam,25,3550,3550,142
06/01/2022,GRA,ST004,QAR,PRK.1741,Spicy Tuna sandwich,26,4030,4030,155
06/01/2022,GRA,ST004,QAR,PRK.1742,Three cheese,22,4642,4642,211
06/01/2022,GRA,ST004,QAR,PRK.1743,Falafel and Labna,25,1975,1975,79
06/01/2022,GRA,ST004,QAR,PRK.1744,Three berry croissant,35,525,525,15
06/01/2022,GRA,ST004,QAR,PRK.1746,GRAZE CLUB SANDWICH,42,3486,3486,83
06/01/2022,GRA,ST004,QAR,PRK.1747,BEEF BURGER,35,1295,1295,37
06/01/2022,GRA,ST004,QAR,PRK.1771,Pistachio Arabeshi,5,2245,2245,449
06/01/2022,GRA,ST004,QAR,PRK.1772,Fresh Raspberry,5,1425,1425,285
06/01/2022,GRA,ST004,QAR,PRK.1773,Fresh blueberry,5,580,580,116
06/01/2022,GRA,ST004,QAR,PRK.1774,Chocolate Flakes,5,465,465,93
06/01/2022,GRA,ST004,QAR,PRK.1775,Honey Comb,5,125,125,25
06/01/2022,GRA,ST004,QAR,PRK.4501,Full Fat Milk,0,0,0,13
06/01/2022,GRA,ST004,QAR,PRK.4502,Low Fat Milk,0,0,0,129
06/01/2022,GRA,ST004,QAR,PRK.4503,Almond Milk,2,326,326,163
06/01/2022,GRA,ST004,QAR,PRK.4504,Soya Milk,2,102,102,51
06/01/2022,GRA,ST004,QAR,PRK.4505,Less Sweet,0,0,0,10
06/01/2022,GRA,ST004,QAR,PRK.4507,Half Shot,0,0,0,2
06/01/2022,GRA,ST004,QAR,PRK.4508,Single Shot,0,0,0,3
06/01/2022,GRA,ST004,QAR,PRK.4509,Double Shot,0,0,0,18
06/01/2022,GRA,ST004,QAR,PRK.4511,More Hot,0,0,0,13
06/01/2022,GRA,ST004,QAR,PRK.4516,Decaf,0,0,0,18
06/01/2022,GRA,ST004,QAR,PRK.4517,Vanilla Flavor,0,0,0,2
06/01/2022,GRA,ST004,QAR,PRK.4518,Chocolate Flavor,0,0,0,1
06/01/2022,GRA,ST004,QAR,PRK.4519,caramel flavor,0,0,0,15
06/01/2022,GRA,ST004,QAR,PRK.4520,hazelnut flavor,0,0,0,1
06/01/2022,GRA,ST004,QAR,PRK.4531,w/ Granola,0,0,0,241
06/01/2022,GRA,ST004,QAR,PRK.4533,w/ Pretzel,0,0,0,18
06/01/2022,GRA,ST004,QAR,PRK.4534,w/ Coconut Flakes,0,0,0,127
06/01/2022,GRA,ST004,QAR,PRK.4535,w/ Crispy Crepe,0,0,0,224
06/01/2022,GRA,ST004,QAR,PRK.4537,w/ Mixed Berries Sauce,0,0,0,48
06/01/2022,GRA,ST004,QAR,PRK.4541,w/ Strawberry,0,0,0,736
06/01/2022,GRA,ST004,QAR,PRK.4543,w/ Salted Caramel,0,0,0,101
06/01/2022,GRA,ST004,QAR,PRK.4544,w/ Pomegranate,0,0,0,335
06/01/2022,GRA,ST004,QAR,PRK.4545,w/ Dulce de leche,0,0,0,81
06/01/2022,GRA,ST004,QAR,PRK.4549,w/ Mango Sauce,0,0,0,75
06/01/2022,GRA,ST004,QAR,PRK.4550,w/ Mango,0,0,0,836
06/01/2022,GRA,ST004,QAR,PRK.4551,w/ Peanut Butter Sauce,0,0,0,10
06/01/2022,GRA,ST004,QAR,PRK.4552,w/ Crushed Grahams,0,0,0,60
06/01/2022,GRA,ST004,QAR,PRK.4556,w/Kiwi Fruit,0,0,0,40
06/01/2022,GRA,ST004,QAR,PRK.4557,w/Lotus Biscut,0,0,0,78
06/01/2022,GRA,ST004,QAR,PRK.4558,w/Fresh Pineapple,0,0,0,74
06/01/2022,GRA,ST004,QAR,PRK.4561,MIXED FROZEN YOGURT,0,0,0,152
06/01/2022,GRA,ST004,QAR,PRK.4562,MIXED MANGO YOGURT,0,0,0,130
06/01/2022,GRA,ST004,QAR,PRK.4564,MIXED MILKY ICE CREAM,0,0,0,56
