DATE,BRANCHCODE,WAREHOUSECODE,CURRENCY,ERPCODE,ITEMNAME,RAWPRICE,GROSSAMT,NETVALUE,QTYSOLD
08/01/2022,GRA,ST004,QAR,PRK.902,Granola,55,1375,1375,25
08/01/2022,GRA,ST004,QAR,PRK.903,Graze Spicy  Mix,55,165,165,3
08/01/2022,GRA,ST004,QAR,PRK.904,Graze House Mix,55,220,220,4
08/01/2022,GRA,ST004,QAR,PRK.907,Zaatar Chips,6,678,678,113
08/01/2022,GRA,ST004,QAR,PRK.909,Spicy Pesto Chips,6,594,594,99
08/01/2022,GRA,ST004,QAR,PRK.910,Graze Spicy Mix Sml,25,950,950,38
08/01/2022,GRA,ST004,QAR,PRK.911,Graze House Mix Sml,25,1425,1425,57
08/01/2022,GRA,ST004,QAR,PRK.961,Extra cheese,5,30,30,6
08/01/2022,GRA,ST004,QAR,PRK.962,Extra flavor,3,21,21,7
08/01/2022,GRA,ST004,QAR,PRK.994,Crsnt w Egg/Avaca/ SunTom,24,6432,6432,268
08/01/2022,GRA,ST004,QAR,PRK.995,Egg Burrito,20,2800,2800,140
08/01/2022,GRA,ST004,QAR,PRK.996,Blueberry Granola parfait,25,6025,6025,241
08/01/2022,GRA,ST004,QAR,PRK.997,Yog Dates Chia Pista Alm,22,4400,4400,200
08/01/2022,GRA,ST004,QAR,PRK.1003,Cheese Croissant,16,1296,1296,81
08/01/2022,GRA,ST004,QAR,PRK.1007,Zatar Croissant,16,1040,1040,65
08/01/2022,GRA,ST004,QAR,PRK.1008,Chocolate Croissant,16,576,576,36
08/01/2022,GRA,ST004,QAR,PRK.1010,Tomato Puff Pastry,16,1840,1840,115
08/01/2022,GRA,ST004,QAR,PRK.1012,Three Berry Yogurt & Date,25,1700,1700,68
08/01/2022,GRA,ST004,QAR,PRK.1015,Kiri Cheese Danish,14,1610,1610,115
08/01/2022,GRA,ST004,QAR,PRK.1016,Plain Croissant,10,610,610,61
08/01/2022,GRA,ST004,QAR,PRK.1020,Almond Croissant,16,624,624,39
08/01/2022,GRA,ST004,QAR,PRK.1021,Shirazi Salad,12,2424,2424,202
08/01/2022,GRA,ST004,QAR,PRK.1023,Falafel Salad,45,5945,5945,159
08/01/2022,GRA,ST004,QAR,PRK.1024,Quinoa Swt potato Salad,40,3040,3040,76
08/01/2022,GRA,ST004,QAR,PRK.1027,Mex Chkn Chilli Bean Sld,40,6840,6840,171
08/01/2022,GRA,ST004,QAR,PRK.1029,Burrata Salad,50,4400,4400,88
08/01/2022,GRA,ST004,QAR,PRK.1031,Teriyaki GRAZE Salmn,55,19360,19305,352
08/01/2022,GRA,ST004,QAR,PRK.1034,BBQ Chick Peas,38,2660,2660,70
08/01/2022,GRA,ST004,QAR,PRK.1039,Keto Chicken Salad,40,10440,10440,261
08/01/2022,GRA,ST004,QAR,PRK.1044,Southern Chicken Salad,45,6030,6030,134
08/01/2022,GRA,ST004,QAR,PRK.1046,Greek Salad,30,900,900,30
08/01/2022,GRA,ST004,QAR,PRK.1048,Mexican  Caesar Salad chk,39,15639,15639,401
08/01/2022,GRA,ST004,QAR,PRK.1049,ROCCA SALAD,22,1452,1452,66
08/01/2022,GRA,ST004,QAR,PRK.1052,Smoke Turkey Sandwich,34,10846,10846,319
08/01/2022,GRA,ST004,QAR,PRK.1054,lemon&Rosemary Chkn,36,14400,14400,400
08/01/2022,GRA,ST004,QAR,PRK.1057,Steak & Philly Chz SW,32,3904,3904,122
08/01/2022,GRA,ST004,QAR,PRK.1063,Egg Mayo with Rocket,20,1940,1940,97
08/01/2022,GRA,ST004,QAR,PRK.1068,Crispy Chicken Bun,24,2496,2496,104
08/01/2022,GRA,ST004,QAR,PRK.1070,Chicken Pesto & Mozzarell,32,6112,6112,191
08/01/2022,GRA,ST004,QAR,PRK.1075,Avocado Toast,40,3600,3600,90
08/01/2022,GRA,ST004,QAR,PRK.1077,Spicy Halloumi,38,4940,4940,130
08/01/2022,GRA,ST004,QAR,PRK.1078,Graze Breakfast (egg box),32,2208,2208,69
08/01/2022,GRA,ST004,QAR,PRK.1079,Smoked Salmon Sandwich,35,35,35,1
08/01/2022,GRA,ST004,QAR,PRK.1083,Chkn Soup,19,5054,5054,266
08/01/2022,GRA,ST004,QAR,PRK.1087,Lentil Soup,20,5160,5160,258
08/01/2022,GRA,ST004,QAR,PRK.1089,Vegetable soup,16,352,352,22
08/01/2022,GRA,ST004,QAR,PRK.1111,Penne Bolognese,50,4200,4200,84
08/01/2022,GRA,ST004,QAR,PRK.1113,Chkn Katsu Curry,45,13860,13860,308
08/01/2022,GRA,ST004,QAR,PRK.1115,Mushroom Pasta,40,6800,6800,170
08/01/2022,GRA,ST004,QAR,PRK.1118,Steak With Mushroom Sauce,45,11655,11655,259
08/01/2022,GRA,ST004,QAR,PRK.1119,Chicken Biryani,45,19260,19260,428
08/01/2022,GRA,ST004,QAR,PRK.1121,Chinese Sesame Chicken,40,11640,11640,291
08/01/2022,GRA,ST004,QAR,PRK.1127,Rock Shrimp,45,7560,7560,168
08/01/2022,GRA,ST004,QAR,PRK.1133,Lamb  Kabsa,45,12780,12780,284
08/01/2022,GRA,ST004,QAR,PRK.1140,Chicken Curry & Saffron r,43,10750,10750,250
08/01/2022,GRA,ST004,QAR,PRK.1141,CRAB BOWL,28,1596,1596,57
08/01/2022,GRA,ST004,QAR,PRK.1145,Yoghurt & Cucumber dip,12,816,816,68
08/01/2022,GRA,ST004,QAR,PRK.1146,Spicy Guacamole Pot,13,1625,1625,125
08/01/2022,GRA,ST004,QAR,PRK.1149,Edamame Pot,12,912,912,76
08/01/2022,GRA,ST004,QAR,PRK.1155,Classic hummus pot,18,540,540,30
08/01/2022,GRA,ST004,QAR,PRK.1159,Greek Tabbouleh,20,2380,2380,119
08/01/2022,GRA,ST004,QAR,PRK.1160,Egg pot,16,592,592,37
08/01/2022,GRA,ST004,QAR,PRK.1161,Labneh Beetroot,12,72,72,6
08/01/2022,GRA,ST004,QAR,PRK.1173,Choco Chia Energy Ball,30,1350,1350,45
08/01/2022,GRA,ST004,QAR,PRK.1175,Pecan Bars,14,882,882,63
08/01/2022,GRA,ST004,QAR,PRK.1177,Carrot Cake,15,810,810,54
08/01/2022,GRA,ST004,QAR,PRK.1178,Sweet Potatoe Choco Cake,15,615,615,41
08/01/2022,GRA,ST004,QAR,PRK.1180,Tropical Fruits,18,306,306,17
08/01/2022,GRA,ST004,QAR,PRK.1181,Green Apple,2,38,38,19
08/01/2022,GRA,ST004,QAR,PRK.1182,Red Apple,2,84,84,42
08/01/2022,GRA,ST004,QAR,PRK.1183,Bannana,2,394,394,197
08/01/2022,GRA,ST004,QAR,PRK.1184,Watermelon,18,4572,4572,254
08/01/2022,GRA,ST004,QAR,PRK.1185,Pineapplemix,18,4032,4032,224
08/01/2022,GRA,ST004,QAR,PRK.1186,Mixed Berries,22,5126,5126,233
08/01/2022,GRA,ST004,QAR,PRK.1194,Lotus Cheesecake,15,1215,1215,81
08/01/2022,GRA,ST004,QAR,PRK.1196,Chia Blueberry Yodurt,24,1752,1752,73
08/01/2022,GRA,ST004,QAR,PRK.1201,Iced Flat White,18,378,378,21
08/01/2022,GRA,ST004,QAR,PRK.1203,Iced Spanish Latte,20,2100,2100,105
08/01/2022,GRA,ST004,QAR,PRK.1204,Iced Latte,18,1170,1170,65
08/01/2022,GRA,ST004,QAR,PRK.1205,Iced Americano,15,1545,1545,103
08/01/2022,GRA,ST004,QAR,PRK.1234,Pepperoni Pizza small,40,720,720,18
08/01/2022,GRA,ST004,QAR,PRK.1235,Margherita Pizza small,30,780,780,26
08/01/2022,GRA,ST004,QAR,PRK.1236,BBQ chicken Pizza small,35,490,490,14
08/01/2022,GRA,ST004,QAR,PRK.1262,Highland Still,5,4240,4240,848
08/01/2022,GRA,ST004,QAR,PRK.1265,Perrier Sparkling,9,882,882,98
08/01/2022,GRA,ST004,QAR,PRK.1291,Coke,5,1270,1270,254
08/01/2022,GRA,ST004,QAR,PRK.1292,Diet Coke,5,2615,2615,523
08/01/2022,GRA,ST004,QAR,PRK.1321,Mini Cup /Pina Colada,14,14,14,1
08/01/2022,GRA,ST004,QAR,PRK.1328,Stay Home w/ Graze L 6 X1,195,195,195,1
08/01/2022,GRA,ST004,QAR,PRK.1334,Stay Home w/Graze M12 X1,240,240,240,1
08/01/2022,GRA,ST004,QAR,PRK.1335,Cool Box,15,300,300,20
08/01/2022,GRA,ST004,QAR,PRK.1351,Espresso Single,12,432,432,36
08/01/2022,GRA,ST004,QAR,PRK.1352,Macchiato,18,18,18,1
08/01/2022,GRA,ST004,QAR,PRK.1353,Americano Hot,15,2595,2595,173
08/01/2022,GRA,ST004,QAR,PRK.1354,Flat White Hot,18,3150,3150,175
08/01/2022,GRA,ST004,QAR,PRK.1355,Cappucino,18,3978,3978,221
08/01/2022,GRA,ST004,QAR,PRK.1356,Cortado,18,900,900,50
08/01/2022,GRA,ST004,QAR,PRK.1358,Spanish Latte,20,2320,2320,116
08/01/2022,GRA,ST004,QAR,PRK.1359,Classic Mocha,25,125,125,5
08/01/2022,GRA,ST004,QAR,PRK.1360,Slated Caramel Mocha,25,725,725,29
08/01/2022,GRA,ST004,QAR,PRK.1362,Double Espresso,14,560,560,40
08/01/2022,GRA,ST004,QAR,PRK.1363,Latte Hot,18,4140,4140,230
08/01/2022,GRA,ST004,QAR,PRK.1364,English B/F,12,252,252,21
08/01/2022,GRA,ST004,QAR,PRK.1365,Green Tea,12,84,84,7
08/01/2022,GRA,ST004,QAR,PRK.1366,Earl Grey,12,72,72,6
08/01/2022,GRA,ST004,QAR,PRK.1367,Pepper Mint,12,48,48,4
08/01/2022,GRA,ST004,QAR,PRK.1368,Lemon Grass/ Ginger,12,48,48,4
08/01/2022,GRA,ST004,QAR,PRK.1369,Jasmine,12,36,36,3
08/01/2022,GRA,ST004,QAR,PRK.1370,Habiscuss & Black Currant,12,12,12,1
08/01/2022,GRA,ST004,QAR,PRK.1371,Chamomile,12,24,24,2
08/01/2022,GRA,ST004,QAR,PRK.1372,Hot Cocoa,24,408,408,17
08/01/2022,GRA,ST004,QAR,PRK.1373,Hibiscus Iced tea,18,2232,2232,124
08/01/2022,GRA,ST004,QAR,PRK.1374,Peach Iced Tea,18,1368,1368,76
08/01/2022,GRA,ST004,QAR,PRK.1375,Matcha Latte,25,225,225,9
08/01/2022,GRA,ST004,QAR,PRK.1376,Cinnamon Latte,25,200,200,8
08/01/2022,GRA,ST004,QAR,PRK.1383,Watermelon & Coconut cool,20,860,860,43
08/01/2022,GRA,ST004,QAR,PRK.1386,Orange Juice,22,10802,10802,491
08/01/2022,GRA,ST004,QAR,PRK.1387,Carrot Juice,22,1034,1034,47
08/01/2022,GRA,ST004,QAR,PRK.1390,Morning Boost,24,2544,2544,106
08/01/2022,GRA,ST004,QAR,PRK.1392,Immune Boost,22,2662,2662,121
08/01/2022,GRA,ST004,QAR,PRK.1396,Ginger Aid Shot,18,4878,4878,271
08/01/2022,GRA,ST004,QAR,PRK.1399,Watermelon Granita,20,1740,1740,87
08/01/2022,GRA,ST004,QAR,PRK.1402,Laban Drink,18,1620,1620,90
08/01/2022,GRA,ST004,QAR,PRK.1404,Green Boost Juice,24,2184,2184,91
08/01/2022,GRA,ST004,QAR,PRK.1406,Beetroot & Apple Juice,20,3120,3120,156
08/01/2022,GRA,ST004,QAR,PRK.1407,Coconut & Pineapple Juice,24,1104,1104,46
08/01/2022,GRA,ST004,QAR,PRK.1409,Turmeric wellness shot,16,2608,2608,163
08/01/2022,GRA,ST004,QAR,PRK.1412, Mini Cup Yogurt,14,2702,2702,193
08/01/2022,GRA,ST004,QAR,PRK.1413,Regular Cup Yogurt,21,2163,2163,103
08/01/2022,GRA,ST004,QAR,PRK.1416,Large Cup Yogurt,23,552,552,24
08/01/2022,GRA,ST004,QAR,PRK.1418, Mini Cup Yogurt/Topping,18,2466,2466,137
08/01/2022,GRA,ST004,QAR,PRK.1419,Reg Cup Yogurt/Toping,26,2860,2860,110
08/01/2022,GRA,ST004,QAR,PRK.1422,Large Cup Yogurt/Topping,30,750,750,25
08/01/2022,GRA,ST004,QAR,PRK.1429,Mini Mango Ice Cream,14,10136,10136,724
08/01/2022,GRA,ST004,QAR,PRK.1430,Regular Mango Ice Cream,21,4872,4872,232
08/01/2022,GRA,ST004,QAR,PRK.1431,Large Mango Ice Cream,23,1380,1380,60
08/01/2022,GRA,ST004,QAR,PRK.1432,Mini Mango Ice Cream/Topp,18,4320,4320,240
08/01/2022,GRA,ST004,QAR,PRK.1433,Reg Mango Ice cream/Topp,26,5642,5642,217
08/01/2022,GRA,ST004,QAR,PRK.1434,Large Mango Ice Cream/Top,30,1650,1650,55
08/01/2022,GRA,ST004,QAR,PRK.1435,Mini Cup Milky Ice Cream,14,1568,1568,112
08/01/2022,GRA,ST004,QAR,PRK.1436,Reg Cup Milky Ice Cream,21,651,651,31
08/01/2022,GRA,ST004,QAR,PRK.1437,Lrge Cup Milky Ice Cream,23,115,115,5
08/01/2022,GRA,ST004,QAR,PRK.1438,Mini Cup Milky Ice C/Top,18,1116,1116,62
08/01/2022,GRA,ST004,QAR,PRK.1439,Reg Cup Milky Ice Cre/Top,26,754,754,29
08/01/2022,GRA,ST004,QAR,PRK.1440,Lrge Cup Milky Ice Cr/Top,30,120,120,4
08/01/2022,GRA,ST004,QAR,PRK.1464,Fresh Pineapple,3,9,9,3
08/01/2022,GRA,ST004,QAR,PRK.1469,Kiwi Fruit,3,15,15,5
08/01/2022,GRA,ST004,QAR,PRK.1470,Lotus Biscuit,3,30,30,10
08/01/2022,GRA,ST004,QAR,PRK.1471,NOODLES BOWL,45,2880,2880,64
08/01/2022,GRA,ST004,QAR,PRK.1472,CHICKEN CURRY & RICE,48,5184,5184,108
08/01/2022,GRA,ST004,QAR,PRK.1473,BEEF STROGANOFF,50,2750,2750,55
08/01/2022,GRA,ST004,QAR,PRK.1474, Spaghetti Bolognese,45,945,945,21
08/01/2022,GRA,ST004,QAR,PRK.1475,Salmon with Cilantro Rice,65,2210,2210,34
08/01/2022,GRA,ST004,QAR,PRK.1476,Chicken Noodle Bowl,40,1200,1200,30
08/01/2022,GRA,ST004,QAR,PRK.1501,pomegranate,3,144,144,48
08/01/2022,GRA,ST004,QAR,PRK.1502,Strawberry,3,222,222,74
08/01/2022,GRA,ST004,QAR,PRK.1505,Salted Caramel,3,51,51,17
08/01/2022,GRA,ST004,QAR,PRK.1506,Pretzel,3,12,12,4
08/01/2022,GRA,ST004,QAR,PRK.1507,Crispy Crepe,3,138,138,46
08/01/2022,GRA,ST004,QAR,PRK.1508,Granola,3,93,93,31
08/01/2022,GRA,ST004,QAR,PRK.1509,Coconut Flakes,3,48,48,16
08/01/2022,GRA,ST004,QAR,PRK.1510,Crushed Graham,3,27,27,9
08/01/2022,GRA,ST004,QAR,PRK.1514,Dulce de Leche,3,45,45,15
08/01/2022,GRA,ST004,QAR,PRK.1520,Mixed Berries Sauce,3,36,36,12
08/01/2022,GRA,ST004,QAR,PRK.1521,Mango Sauce,3,105,105,35
08/01/2022,GRA,ST004,QAR,PRK.1523,Peanut Butter Sauce,3,3,3,1
08/01/2022,GRA,ST004,QAR,PRK.1527,Mango,3,237,237,79
08/01/2022,GRA,ST004,QAR,PRK.1531,Power Shake,35,1050,1050,30
08/01/2022,GRA,ST004,QAR,PRK.1532,Peanut Power Shake,35,525,525,15
08/01/2022,GRA,ST004,QAR,PRK.1533,Pre-workout protein shak,45,720,720,16
08/01/2022,GRA,ST004,QAR,PRK.1534,Choco Power Shake,35,70,70,2
08/01/2022,GRA,ST004,QAR,PRK.1536,Energizer protine Shakes,45,2880,2880,64
08/01/2022,GRA,ST004,QAR,PRK.1538,Pre-workout shake,35,315,315,9
08/01/2022,GRA,ST004,QAR,PRK.1540,Energizer shakes,35,455,455,13
08/01/2022,GRA,ST004,QAR,PRK.1542,14oz Pre-work out Protein,40,200,200,5
08/01/2022,GRA,ST004,QAR,PRK.1545,14oz Energizer protine,40,1640,1640,41
08/01/2022,GRA,ST004,QAR,PRK.1548,14oz Energizer shakes,30,90,90,3
08/01/2022,GRA,ST004,QAR,PRK.1550,Extra Protein,10,90,90,9
08/01/2022,GRA,ST004,QAR,PRK.1561,Mini Pomegranate i/c,14,532,532,38
08/01/2022,GRA,ST004,QAR,PRK.1562,Regular Pomegranate i/c,21,336,336,16
08/01/2022,GRA,ST004,QAR,PRK.1563,Large Pomegranate i/c,23,92,92,4
08/01/2022,GRA,ST004,QAR,PRK.1564,Mini pomegranate /topping,18,468,468,26
08/01/2022,GRA,ST004,QAR,PRK.1565,Regular Pomegrante /topp,26,390,390,15
08/01/2022,GRA,ST004,QAR,PRK.1566,Large Pomegranate/topping,30,240,240,8
08/01/2022,GRA,ST004,QAR,PRK.1581,Mini coconut frz yog I/C,14,1176,1176,84
08/01/2022,GRA,ST004,QAR,PRK.1582,Regular coconut frz yog I,21,651,651,31
08/01/2022,GRA,ST004,QAR,PRK.1583,Large coconut frz yog I/C,23,253,253,11
08/01/2022,GRA,ST004,QAR,PRK.1584,Mini coconut frz yog top,18,288,288,16
08/01/2022,GRA,ST004,QAR,PRK.1585,Reg- coconut frz yog Topp,26,546,546,21
08/01/2022,GRA,ST004,QAR,PRK.1586,Large coconut frz yog Top,30,240,240,8
08/01/2022,GRA,ST004,QAR,PRK.1587,Supersize,45,855,855,19
08/01/2022,GRA,ST004,QAR,PRK.1621,Orange loaf,12,1056,1056,88
08/01/2022,GRA,ST004,QAR,PRK.1623,Brownie flavour cookies,10,2220,2220,222
08/01/2022,GRA,ST004,QAR,PRK.1626,Cinnamon Roll,13,468,468,36
08/01/2022,GRA,ST004,QAR,PRK.1627,Custard Raisin Roll,14,238,238,17
08/01/2022,GRA,ST004,QAR,PRK.1628,Brownie bites,13,819,819,63
08/01/2022,GRA,ST004,QAR,PRK.1632,Turkey cheese roll,19,1083,1083,57
08/01/2022,GRA,ST004,QAR,PRK.1633,Spinach feta roll,18,954,954,53
08/01/2022,GRA,ST004,QAR,PRK.1651,■PB & Jam sourdough bread,18,1260,1260,70
08/01/2022,GRA,ST004,QAR,PRK.1652,■Italian Poached Eggs,32,576,576,18
08/01/2022,GRA,ST004,QAR,PRK.1655,Graze Oatmeal,30,4650,4650,155
08/01/2022,GRA,ST004,QAR,PRK.1681,Salted Caramel Mocha,24,528,528,22
08/01/2022,GRA,ST004,QAR,PRK.1682,■Matcha Frappe,26,1040,1040,40
08/01/2022,GRA,ST004,QAR,PRK.1711,Pomegranate Pot,18,1188,1188,66
08/01/2022,GRA,ST004,QAR,PRK.1712,Mango Peach Muesli Pot,24,456,456,19
08/01/2022,GRA,ST004,QAR,PRK.1713,Overnight oats PB&Jam,25,3300,3300,132
08/01/2022,GRA,ST004,QAR,PRK.1741,Spicy Tuna sandwich,26,4290,4290,165
08/01/2022,GRA,ST004,QAR,PRK.1742,Three cheese,22,3916,3916,178
08/01/2022,GRA,ST004,QAR,PRK.1743,Falafel and Labna,25,1625,1625,65
08/01/2022,GRA,ST004,QAR,PRK.1746,GRAZE CLUB SANDWICH,42,2268,2268,54
08/01/2022,GRA,ST004,QAR,PRK.1747,BEEF BURGER,35,770,770,22
08/01/2022,GRA,ST004,QAR,PRK.1748,Chicken Shawarma,18,540,540,30
08/01/2022,GRA,ST004,QAR,PRK.1749,Tenderloin Beef Shawarma,22,440,440,20
08/01/2022,GRA,ST004,QAR,PRK.1771,Pistachio Arabeshi,5,1385,1385,277
08/01/2022,GRA,ST004,QAR,PRK.1772,Fresh Raspberry,5,1045,1045,209
08/01/2022,GRA,ST004,QAR,PRK.1773,Fresh blueberry,5,485,485,97
08/01/2022,GRA,ST004,QAR,PRK.1774,Chocolate Flakes,5,385,385,77
08/01/2022,GRA,ST004,QAR,PRK.1775,Honey Comb,5,140,140,28
08/01/2022,GRA,ST004,QAR,PRK.4501,Full Fat Milk,0,0,0,16
08/01/2022,GRA,ST004,QAR,PRK.4502,Low Fat Milk,0,0,0,33
08/01/2022,GRA,ST004,QAR,PRK.4503,Almond Milk,2,290,290,145
08/01/2022,GRA,ST004,QAR,PRK.4504,Soya Milk,2,110,110,55
08/01/2022,GRA,ST004,QAR,PRK.4505,Less Sweet,0,0,0,2
08/01/2022,GRA,ST004,QAR,PRK.4506,More Sweet,0,0,0,1
08/01/2022,GRA,ST004,QAR,PRK.4507,Half Shot,0,0,0,2
08/01/2022,GRA,ST004,QAR,PRK.4509,Double Shot,0,0,0,6
08/01/2022,GRA,ST004,QAR,PRK.4511,More Hot,0,0,0,5
08/01/2022,GRA,ST004,QAR,PRK.4516,Decaf,0,0,0,15
08/01/2022,GRA,ST004,QAR,PRK.4517,Vanilla Flavor,0,0,0,7
08/01/2022,GRA,ST004,QAR,PRK.4531,w/ Granola,0,0,0,142
08/01/2022,GRA,ST004,QAR,PRK.4533,w/ Pretzel,0,0,0,37
08/01/2022,GRA,ST004,QAR,PRK.4534,w/ Coconut Flakes,0,0,0,95
08/01/2022,GRA,ST004,QAR,PRK.4535,w/ Crispy Crepe,0,0,0,277
08/01/2022,GRA,ST004,QAR,PRK.4537,w/ Mixed Berries Sauce,0,0,0,41
08/01/2022,GRA,ST004,QAR,PRK.4541,w/ Strawberry,0,0,0,680
08/01/2022,GRA,ST004,QAR,PRK.4543,w/ Salted Caramel,0,0,0,78
08/01/2022,GRA,ST004,QAR,PRK.4544,w/ Pomegranate,0,0,0,368
08/01/2022,GRA,ST004,QAR,PRK.4545,w/ Dulce de leche,0,0,0,52
08/01/2022,GRA,ST004,QAR,PRK.4549,w/ Mango Sauce,0,0,0,85
08/01/2022,GRA,ST004,QAR,PRK.4550,w/ Mango,0,0,0,725
08/01/2022,GRA,ST004,QAR,PRK.4551,w/ Peanut Butter Sauce,0,0,0,1
08/01/2022,GRA,ST004,QAR,PRK.4552,w/ Crushed Grahams,0,0,0,42
08/01/2022,GRA,ST004,QAR,PRK.4556,w/Kiwi Fruit,0,0,0,30
08/01/2022,GRA,ST004,QAR,PRK.4557,w/Lotus Biscut,0,0,0,58
08/01/2022,GRA,ST004,QAR,PRK.4558,w/Fresh Pineapple,0,0,0,36
08/01/2022,GRA,ST004,QAR,PRK.4561,MIXED FROZEN YOGURT,0,0,0,106
08/01/2022,GRA,ST004,QAR,PRK.4562,MIXED MANGO YOGURT,0,0,0,126
08/01/2022,GRA,ST004,QAR,PRK.4564,MIXED MILKY ICE CREAM,0,0,0,12
