DATE,BRANCHCODE,WAREHOUSECODE,CURRENCY,ERPCODE,ITEMNAME,RAWPRICE,GROSSAMT,NETVALUE,QTYSOLD
09/01/2022,GRA,ST004,QAR,PRK.902,Granola,55,1595,1595,29
09/01/2022,GRA,ST004,QAR,PRK.903,Graze Spicy  Mix,55,165,165,3
09/01/2022,GRA,ST004,QAR,PRK.904,Graze House Mix,55,275,275,5
09/01/2022,GRA,ST004,QAR,PRK.907,Zaatar Chips,6,672,672,112
09/01/2022,GRA,ST004,QAR,PRK.909,Spicy Pesto Chips,6,540,540,90
09/01/2022,GRA,ST004,QAR,PRK.910,Graze Spicy Mix Sml,25,1000,1000,40
09/01/2022,GRA,ST004,QAR,PRK.911,Graze House Mix Sml,25,1750,1750,70
09/01/2022,GRA,ST004,QAR,PRK.961,Extra cheese,5,95,95,19
09/01/2022,GRA,ST004,QAR,PRK.962,Extra flavor,3,21,21,7
09/01/2022,GRA,ST004,QAR,PRK.994,Crsnt w Egg/Avaca/ SunTom,24,5112,5112,213
09/01/2022,GRA,ST004,QAR,PRK.995,Egg Burrito,20,3360,3360,168
09/01/2022,GRA,ST004,QAR,PRK.996,Blueberry Granola parfait,25,6150,6150,246
09/01/2022,GRA,ST004,QAR,PRK.997,Yog Dates Chia Pista Alm,22,4620,4620,210
09/01/2022,GRA,ST004,QAR,PRK.1003,Cheese Croissant,16,944,944,59
09/01/2022,GRA,ST004,QAR,PRK.1007,Zatar Croissant,16,800,800,50
09/01/2022,GRA,ST004,QAR,PRK.1008,Chocolate Croissant,16,480,480,30
09/01/2022,GRA,ST004,QAR,PRK.1010,Tomato Puff Pastry,16,1920,1920,120
09/01/2022,GRA,ST004,QAR,PRK.1012,Three Berry Yogurt & Date,25,1875,1875,75
09/01/2022,GRA,ST004,QAR,PRK.1015,Kiri Cheese Danish,14,1652,1652,118
09/01/2022,GRA,ST004,QAR,PRK.1016,Plain Croissant,10,530,530,53
09/01/2022,GRA,ST004,QAR,PRK.1020,Almond Croissant,16,688,688,43
09/01/2022,GRA,ST004,QAR,PRK.1021,Shirazi Salad,12,2316,2316,193
09/01/2022,GRA,ST004,QAR,PRK.1023,Falafel Salad,45,8145,8145,181
09/01/2022,GRA,ST004,QAR,PRK.1024,Quinoa Swt potato Salad,40,2840,2840,71
09/01/2022,GRA,ST004,QAR,PRK.1027,Mex Chkn Chilli Bean Sld,40,7160,7160,179
09/01/2022,GRA,ST004,QAR,PRK.1029,Burrata Salad,50,2250,2250,45
09/01/2022,GRA,ST004,QAR,PRK.1031,Teriyaki GRAZE Salmn,55,16885,16885,307
09/01/2022,GRA,ST004,QAR,PRK.1034,BBQ Chick Peas,38,2090,2090,55
09/01/2022,GRA,ST004,QAR,PRK.1039,Keto Chicken Salad,40,9480,9480,237
09/01/2022,GRA,ST004,QAR,PRK.1044,Southern Chicken Salad,45,5535,5535,123
09/01/2022,GRA,ST004,QAR,PRK.1046,Greek Salad,30,3630,3630,121
09/01/2022,GRA,ST004,QAR,PRK.1048,Mexican  Caesar Salad chk,39,12831,12831,329
09/01/2022,GRA,ST004,QAR,PRK.1049,ROCCA SALAD,22,660,660,30
09/01/2022,GRA,ST004,QAR,PRK.1052,Smoke Turkey Sandwich,34,10132,10132,298
09/01/2022,GRA,ST004,QAR,PRK.1054,lemon&Rosemary Chkn,36,12240,12240,340
09/01/2022,GRA,ST004,QAR,PRK.1057,Steak & Philly Chz SW,32,3680,3680,115
09/01/2022,GRA,ST004,QAR,PRK.1063,Egg Mayo with Rocket,20,1840,1840,92
09/01/2022,GRA,ST004,QAR,PRK.1068,Crispy Chicken Bun,24,2688,2688,112
09/01/2022,GRA,ST004,QAR,PRK.1070,Chicken Pesto & Mozzarell,32,5600,5600,175
09/01/2022,GRA,ST004,QAR,PRK.1075,Avocado Toast,40,3360,3360,84
09/01/2022,GRA,ST004,QAR,PRK.1077,Spicy Halloumi,38,3838,3838,101
09/01/2022,GRA,ST004,QAR,PRK.1078,Graze Breakfast (egg box),32,2144,2144,67
09/01/2022,GRA,ST004,QAR,PRK.1083,Chkn Soup,19,5282,5282,278
09/01/2022,GRA,ST004,QAR,PRK.1087,Lentil Soup,20,5100,5100,255
09/01/2022,GRA,ST004,QAR,PRK.1089,Vegetable soup,16,2384,2384,149
09/01/2022,GRA,ST004,QAR,PRK.1113,Chkn Katsu Curry,45,14310,14310,318
09/01/2022,GRA,ST004,QAR,PRK.1115,Mushroom Pasta,40,7960,7960,199
09/01/2022,GRA,ST004,QAR,PRK.1118,Steak With Mushroom Sauce,45,12375,12375,275
09/01/2022,GRA,ST004,QAR,PRK.1119,Chicken Biryani,45,17775,17730,395
09/01/2022,GRA,ST004,QAR,PRK.1121,Chinese Sesame Chicken,40,11760,11760,294
09/01/2022,GRA,ST004,QAR,PRK.1127,Rock Shrimp,45,6030,6030,134
09/01/2022,GRA,ST004,QAR,PRK.1133,Lamb  Kabsa,45,13230,13230,294
09/01/2022,GRA,ST004,QAR,PRK.1140,Chicken Curry & Saffron r,43,10965,10965,255
09/01/2022,GRA,ST004,QAR,PRK.1141,CRAB BOWL,28,1148,1148,41
09/01/2022,GRA,ST004,QAR,PRK.1145,Yoghurt & Cucumber dip,12,852,852,71
09/01/2022,GRA,ST004,QAR,PRK.1146,Spicy Guacamole Pot,13,1326,1326,102
09/01/2022,GRA,ST004,QAR,PRK.1149,Edamame Pot,12,864,864,72
09/01/2022,GRA,ST004,QAR,PRK.1155,Classic hummus pot,18,414,414,23
09/01/2022,GRA,ST004,QAR,PRK.1159,Greek Tabbouleh,20,2380,2380,119
09/01/2022,GRA,ST004,QAR,PRK.1160,Egg pot,16,576,576,36
09/01/2022,GRA,ST004,QAR,PRK.1161,Labneh Beetroot,12,360,360,30
09/01/2022,GRA,ST004,QAR,PRK.1173,Choco Chia Energy Ball,30,1710,1710,57
09/01/2022,GRA,ST004,QAR,PRK.1175,Pecan Bars,14,504,504,36
09/01/2022,GRA,ST004,QAR,PRK.1177,Carrot Cake,15,750,750,50
09/01/2022,GRA,ST004,QAR,PRK.1178,Sweet Potatoe Choco Cake,15,585,585,39
09/01/2022,GRA,ST004,QAR,PRK.1180,Tropical Fruits,18,504,504,28
09/01/2022,GRA,ST004,QAR,PRK.1181,Green Apple,2,26,26,13
09/01/2022,GRA,ST004,QAR,PRK.1182,Red Apple,2,62,62,31
09/01/2022,GRA,ST004,QAR,PRK.1183,Bannana,2,312,312,156
09/01/2022,GRA,ST004,QAR,PRK.1184,Watermelon,18,3942,3942,219
09/01/2022,GRA,ST004,QAR,PRK.1185,Pineapplemix,18,3096,3096,172
09/01/2022,GRA,ST004,QAR,PRK.1186,Mixed Berries,22,4422,4422,201
09/01/2022,GRA,ST004,QAR,PRK.1194,Lotus Cheesecake,15,1410,1410,94
09/01/2022,GRA,ST004,QAR,PRK.1196,Chia Blueberry Yodurt,24,1584,1584,66
09/01/2022,GRA,ST004,QAR,PRK.1201,Iced Flat White,18,540,540,30
09/01/2022,GRA,ST004,QAR,PRK.1203,Iced Spanish Latte,20,2580,2580,129
09/01/2022,GRA,ST004,QAR,PRK.1204,Iced Latte,18,1296,1296,72
09/01/2022,GRA,ST004,QAR,PRK.1205,Iced Americano,15,960,960,64
09/01/2022,GRA,ST004,QAR,PRK.1234,Pepperoni Pizza small,40,320,320,8
09/01/2022,GRA,ST004,QAR,PRK.1235,Margherita Pizza small,30,720,720,24
09/01/2022,GRA,ST004,QAR,PRK.1236,BBQ chicken Pizza small,35,455,455,13
09/01/2022,GRA,ST004,QAR,PRK.1262,Highland Still,5,4075,4075,815
09/01/2022,GRA,ST004,QAR,PRK.1265,Perrier Sparkling,9,2007,2007,223
09/01/2022,GRA,ST004,QAR,PRK.1291,Coke,5,1350,1350,270
09/01/2022,GRA,ST004,QAR,PRK.1292,Diet Coke,5,2885,2885,577
09/01/2022,GRA,ST004,QAR,PRK.1333,Stay Home w/Graze M 6 X1,130,260,260,2
09/01/2022,GRA,ST004,QAR,PRK.1335,Cool Box,15,135,135,9
09/01/2022,GRA,ST004,QAR,PRK.1351,Espresso Single,12,336,336,28
09/01/2022,GRA,ST004,QAR,PRK.1353,Americano Hot,15,2955,2955,197
09/01/2022,GRA,ST004,QAR,PRK.1354,Flat White Hot,18,2880,2880,160
09/01/2022,GRA,ST004,QAR,PRK.1355,Cappucino,18,4122,4122,229
09/01/2022,GRA,ST004,QAR,PRK.1356,Cortado,18,900,900,50
09/01/2022,GRA,ST004,QAR,PRK.1358,Spanish Latte,20,2960,2960,148
09/01/2022,GRA,ST004,QAR,PRK.1359,Classic Mocha,25,175,175,7
09/01/2022,GRA,ST004,QAR,PRK.1360,Slated Caramel Mocha,25,550,550,22
09/01/2022,GRA,ST004,QAR,PRK.1362,Double Espresso,14,616,616,44
09/01/2022,GRA,ST004,QAR,PRK.1363,Latte Hot,18,4158,4158,231
09/01/2022,GRA,ST004,QAR,PRK.1364,English B/F,12,300,300,25
09/01/2022,GRA,ST004,QAR,PRK.1365,Green Tea,12,60,60,5
09/01/2022,GRA,ST004,QAR,PRK.1366,Earl Grey,12,36,36,3
09/01/2022,GRA,ST004,QAR,PRK.1367,Pepper Mint,12,96,96,8
09/01/2022,GRA,ST004,QAR,PRK.1368,Lemon Grass/ Ginger,12,36,36,3
09/01/2022,GRA,ST004,QAR,PRK.1369,Jasmine,12,36,36,3
09/01/2022,GRA,ST004,QAR,PRK.1371,Chamomile,12,48,48,4
09/01/2022,GRA,ST004,QAR,PRK.1372,Hot Cocoa,24,672,672,28
09/01/2022,GRA,ST004,QAR,PRK.1373,Hibiscus Iced tea,18,2250,2250,125
09/01/2022,GRA,ST004,QAR,PRK.1374,Peach Iced Tea,18,990,990,55
09/01/2022,GRA,ST004,QAR,PRK.1375,Matcha Latte,25,300,300,12
09/01/2022,GRA,ST004,QAR,PRK.1376,Cinnamon Latte,25,775,775,31
09/01/2022,GRA,ST004,QAR,PRK.1383,Watermelon & Coconut cool,20,1000,1000,50
09/01/2022,GRA,ST004,QAR,PRK.1386,Orange Juice,22,10032,10032,456
09/01/2022,GRA,ST004,QAR,PRK.1387,Carrot Juice,22,660,660,30
09/01/2022,GRA,ST004,QAR,PRK.1390,Morning Boost,24,3048,3048,127
09/01/2022,GRA,ST004,QAR,PRK.1392,Immune Boost,22,2464,2464,112
09/01/2022,GRA,ST004,QAR,PRK.1396,Ginger Aid Shot,18,5166,5166,287
09/01/2022,GRA,ST004,QAR,PRK.1399,Watermelon Granita,20,800,800,40
09/01/2022,GRA,ST004,QAR,PRK.1402,Laban Drink,18,1530,1530,85
09/01/2022,GRA,ST004,QAR,PRK.1404,Green Boost Juice,24,2568,2568,107
09/01/2022,GRA,ST004,QAR,PRK.1406,Beetroot & Apple Juice,20,3080,3080,154
09/01/2022,GRA,ST004,QAR,PRK.1407,Coconut & Pineapple Juice,24,936,936,39
09/01/2022,GRA,ST004,QAR,PRK.1409,Turmeric wellness shot,16,2352,2352,147
09/01/2022,GRA,ST004,QAR,PRK.1412, Mini Cup Yogurt,14,2884,2884,206
09/01/2022,GRA,ST004,QAR,PRK.1413,Regular Cup Yogurt,21,1785,1785,85
09/01/2022,GRA,ST004,QAR,PRK.1416,Large Cup Yogurt,23,368,368,16
09/01/2022,GRA,ST004,QAR,PRK.1418, Mini Cup Yogurt/Topping,18,2124,2124,118
09/01/2022,GRA,ST004,QAR,PRK.1419,Reg Cup Yogurt/Toping,26,2834,2834,109
09/01/2022,GRA,ST004,QAR,PRK.1422,Large Cup Yogurt/Topping,30,480,480,16
09/01/2022,GRA,ST004,QAR,PRK.1429,Mini Mango Ice Cream,14,7378,7378,527
09/01/2022,GRA,ST004,QAR,PRK.1430,Regular Mango Ice Cream,21,4179,4179,199
09/01/2022,GRA,ST004,QAR,PRK.1431,Large Mango Ice Cream,23,1633,1633,71
09/01/2022,GRA,ST004,QAR,PRK.1432,Mini Mango Ice Cream/Topp,18,4266,4266,237
09/01/2022,GRA,ST004,QAR,PRK.1433,Reg Mango Ice cream/Topp,26,4368,4368,168
09/01/2022,GRA,ST004,QAR,PRK.1434,Large Mango Ice Cream/Top,30,1080,1080,36
09/01/2022,GRA,ST004,QAR,PRK.1435,Mini Cup Milky Ice Cream,14,616,616,44
09/01/2022,GRA,ST004,QAR,PRK.1436,Reg Cup Milky Ice Cream,21,147,147,7
09/01/2022,GRA,ST004,QAR,PRK.1437,Lrge Cup Milky Ice Cream,23,69,69,3
09/01/2022,GRA,ST004,QAR,PRK.1438,Mini Cup Milky Ice C/Top,18,126,126,7
09/01/2022,GRA,ST004,QAR,PRK.1439,Reg Cup Milky Ice Cre/Top,26,286,286,11
09/01/2022,GRA,ST004,QAR,PRK.1440,Lrge Cup Milky Ice Cr/Top,30,60,60,2
09/01/2022,GRA,ST004,QAR,PRK.1464,Fresh Pineapple,3,12,12,4
09/01/2022,GRA,ST004,QAR,PRK.1469,Kiwi Fruit,3,24,24,8
09/01/2022,GRA,ST004,QAR,PRK.1470,Lotus Biscuit,3,30,30,10
09/01/2022,GRA,ST004,QAR,PRK.1472,CHICKEN CURRY & RICE,48,4224,4224,88
09/01/2022,GRA,ST004,QAR,PRK.1473,BEEF STROGANOFF,50,4000,4000,80
09/01/2022,GRA,ST004,QAR,PRK.1474, Spaghetti Bolognese,45,4635,4635,103
09/01/2022,GRA,ST004,QAR,PRK.1475,Salmon with Cilantro Rice,65,13715,13715,211
09/01/2022,GRA,ST004,QAR,PRK.1476,Chicken Noodle Bowl,40,4280,4280,107
09/01/2022,GRA,ST004,QAR,PRK.1501,pomegranate,3,132,132,44
09/01/2022,GRA,ST004,QAR,PRK.1502,Strawberry,3,204,204,68
09/01/2022,GRA,ST004,QAR,PRK.1505,Salted Caramel,3,18,18,6
09/01/2022,GRA,ST004,QAR,PRK.1506,Pretzel,3,3,3,1
09/01/2022,GRA,ST004,QAR,PRK.1507,Crispy Crepe,3,141,141,47
09/01/2022,GRA,ST004,QAR,PRK.1508,Granola,3,57,57,19
09/01/2022,GRA,ST004,QAR,PRK.1509,Coconut Flakes,3,51,51,17
09/01/2022,GRA,ST004,QAR,PRK.1510,Crushed Graham,3,30,30,10
09/01/2022,GRA,ST004,QAR,PRK.1514,Dulce de Leche,3,21,21,7
09/01/2022,GRA,ST004,QAR,PRK.1520,Mixed Berries Sauce,3,45,45,15
09/01/2022,GRA,ST004,QAR,PRK.1521,Mango Sauce,3,27,27,9
09/01/2022,GRA,ST004,QAR,PRK.1523,Peanut Butter Sauce,3,3,3,1
09/01/2022,GRA,ST004,QAR,PRK.1527,Mango,3,51,51,17
09/01/2022,GRA,ST004,QAR,PRK.1531,Power Shake,35,560,560,16
09/01/2022,GRA,ST004,QAR,PRK.1532,Peanut Power Shake,35,945,945,27
09/01/2022,GRA,ST004,QAR,PRK.1533,Pre-workout protein shak,45,585,585,13
09/01/2022,GRA,ST004,QAR,PRK.1534,Choco Power Shake,35,70,70,2
09/01/2022,GRA,ST004,QAR,PRK.1536,Energizer protine Shakes,45,2070,2070,46
09/01/2022,GRA,ST004,QAR,PRK.1538,Pre-workout shake,35,35,35,1
09/01/2022,GRA,ST004,QAR,PRK.1540,Energizer shakes,35,420,420,12
09/01/2022,GRA,ST004,QAR,PRK.1542,14oz Pre-work out Protein,40,120,120,3
09/01/2022,GRA,ST004,QAR,PRK.1545,14oz Energizer protine,40,520,520,13
09/01/2022,GRA,ST004,QAR,PRK.1546,14oz Pre-workout shake,30,60,60,2
09/01/2022,GRA,ST004,QAR,PRK.1548,14oz Energizer shakes,30,210,210,7
09/01/2022,GRA,ST004,QAR,PRK.1550,Extra Protein,10,100,100,10
09/01/2022,GRA,ST004,QAR,PRK.1581,Mini coconut frz yog I/C,14,1022,1022,73
09/01/2022,GRA,ST004,QAR,PRK.1582,Regular coconut frz yog I,21,735,735,35
09/01/2022,GRA,ST004,QAR,PRK.1583,Large coconut frz yog I/C,23,253,253,11
09/01/2022,GRA,ST004,QAR,PRK.1584,Mini coconut frz yog top,18,846,846,47
09/01/2022,GRA,ST004,QAR,PRK.1585,Reg- coconut frz yog Topp,26,1300,1300,50
09/01/2022,GRA,ST004,QAR,PRK.1586,Large coconut frz yog Top,30,600,600,20
09/01/2022,GRA,ST004,QAR,PRK.1587,Supersize,45,180,180,4
09/01/2022,GRA,ST004,QAR,PRK.1588,Acai Small,35,3710,3710,106
09/01/2022,GRA,ST004,QAR,PRK.1589,Acai Large,40,1080,1080,27
09/01/2022,GRA,ST004,QAR,PRK.1621,Orange loaf,12,996,996,83
09/01/2022,GRA,ST004,QAR,PRK.1623,Brownie flavour cookies,10,2390,2390,239
09/01/2022,GRA,ST004,QAR,PRK.1626,Cinnamon Roll,13,364,364,28
09/01/2022,GRA,ST004,QAR,PRK.1627,Custard Raisin Roll,14,308,308,22
09/01/2022,GRA,ST004,QAR,PRK.1628,Brownie bites,13,1274,1274,98
09/01/2022,GRA,ST004,QAR,PRK.1632,Turkey cheese roll,19,1634,1634,86
09/01/2022,GRA,ST004,QAR,PRK.1633,Spinach feta roll,18,1080,1080,60
09/01/2022,GRA,ST004,QAR,PRK.1651,■PB & Jam sourdough bread,18,1206,1206,67
09/01/2022,GRA,ST004,QAR,PRK.1652,■Italian Poached Eggs,32,512,512,16
09/01/2022,GRA,ST004,QAR,PRK.1655,Graze Oatmeal,30,5310,5310,177
09/01/2022,GRA,ST004,QAR,PRK.1681,Salted Caramel Mocha,24,504,504,21
09/01/2022,GRA,ST004,QAR,PRK.1682,■Matcha Frappe,26,858,858,33
09/01/2022,GRA,ST004,QAR,PRK.1711,Pomegranate Pot,18,1566,1566,87
09/01/2022,GRA,ST004,QAR,PRK.1712,Mango Peach Muesli Pot,24,432,432,18
09/01/2022,GRA,ST004,QAR,PRK.1713,Overnight oats PB&Jam,25,3225,3225,129
09/01/2022,GRA,ST004,QAR,PRK.1741,Spicy Tuna sandwich,26,3796,3796,146
09/01/2022,GRA,ST004,QAR,PRK.1742,Three cheese,22,3058,3058,139
09/01/2022,GRA,ST004,QAR,PRK.1743,Falafel and Labna,25,1525,1525,61
09/01/2022,GRA,ST004,QAR,PRK.1746,GRAZE CLUB SANDWICH,42,2184,2184,52
09/01/2022,GRA,ST004,QAR,PRK.1747,BEEF BURGER,35,630,630,18
09/01/2022,GRA,ST004,QAR,PRK.1748,Chicken Shawarma,18,6048,6048,336
09/01/2022,GRA,ST004,QAR,PRK.1749,Tenderloin Beef Shawarma,22,3388,3388,154
09/01/2022,GRA,ST004,QAR,PRK.1771,Pistachio Arabeshi,5,1395,1395,279
09/01/2022,GRA,ST004,QAR,PRK.1772,Fresh Raspberry,5,865,865,173
09/01/2022,GRA,ST004,QAR,PRK.1773,Fresh blueberry,5,645,645,129
09/01/2022,GRA,ST004,QAR,PRK.1774,Chocolate Flakes,5,560,560,112
09/01/2022,GRA,ST004,QAR,PRK.1775,Honey Comb,5,75,75,15
09/01/2022,GRA,ST004,QAR,PRK.4501,Full Fat Milk,0,0,0,6
09/01/2022,GRA,ST004,QAR,PRK.4502,Low Fat Milk,0,0,0,46
09/01/2022,GRA,ST004,QAR,PRK.4503,Almond Milk,2,306,306,153
09/01/2022,GRA,ST004,QAR,PRK.4504,Soya Milk,2,108,108,54
09/01/2022,GRA,ST004,QAR,PRK.4505,Less Sweet,0,0,0,3
09/01/2022,GRA,ST004,QAR,PRK.4507,Half Shot,0,0,0,3
09/01/2022,GRA,ST004,QAR,PRK.4508,Single Shot,0,0,0,1
09/01/2022,GRA,ST004,QAR,PRK.4509,Double Shot,0,0,0,5
09/01/2022,GRA,ST004,QAR,PRK.4511,More Hot,0,0,0,1
09/01/2022,GRA,ST004,QAR,PRK.4514,Less Ice,0,0,0,2
09/01/2022,GRA,ST004,QAR,PRK.4516,Decaf,0,0,0,15
09/01/2022,GRA,ST004,QAR,PRK.4517,Vanilla Flavor,0,0,0,2
09/01/2022,GRA,ST004,QAR,PRK.4519,caramel flavor,0,0,0,6
09/01/2022,GRA,ST004,QAR,PRK.4531,w/ Granola,0,0,0,206
09/01/2022,GRA,ST004,QAR,PRK.4533,w/ Pretzel,0,0,0,20
09/01/2022,GRA,ST004,QAR,PRK.4534,w/ Coconut Flakes,0,0,0,92
09/01/2022,GRA,ST004,QAR,PRK.4535,w/ Crispy Crepe,0,0,0,164
09/01/2022,GRA,ST004,QAR,PRK.4537,w/ Mixed Berries Sauce,0,0,0,29
09/01/2022,GRA,ST004,QAR,PRK.4541,w/ Strawberry,0,0,0,439
09/01/2022,GRA,ST004,QAR,PRK.4543,w/ Salted Caramel,0,0,0,58
09/01/2022,GRA,ST004,QAR,PRK.4544,w/ Pomegranate,0,0,0,233
09/01/2022,GRA,ST004,QAR,PRK.4545,w/ Dulce de leche,0,0,0,32
09/01/2022,GRA,ST004,QAR,PRK.4549,w/ Mango Sauce,0,0,0,191
09/01/2022,GRA,ST004,QAR,PRK.4550,w/ Mango,0,0,0,531
09/01/2022,GRA,ST004,QAR,PRK.4552,w/ Crushed Grahams,0,0,0,38
09/01/2022,GRA,ST004,QAR,PRK.4556,w/Kiwi Fruit,0,0,0,40
09/01/2022,GRA,ST004,QAR,PRK.4557,w/Lotus Biscut,0,0,0,59
09/01/2022,GRA,ST004,QAR,PRK.4558,w/Fresh Pineapple,0,0,0,33
09/01/2022,GRA,ST004,QAR,PRK.4561,MIXED FROZEN YOGURT,0,0,0,46
09/01/2022,GRA,ST004,QAR,PRK.4562,MIXED MANGO YOGURT,0,0,0,143
09/01/2022,GRA,ST004,QAR,PRK.4564,MIXED MILKY ICE CREAM,0,0,0,2
