DATE,BRANCHCODE,WAREHOUSECODE,CURRENCY,ERPCODE,ITEMNAME,RAWPRICE,GROSSAMT,NETVALUE,QTYSOLD
04/01/2022,GRA,ST004,QAR,PRK.902,Granola,55,495,495,9
04/01/2022,GRA,ST004,QAR,PRK.904,Graze House Mix,55,55,55,1
04/01/2022,GRA,ST004,QAR,PRK.907,Zaatar Chips,6,174,174,29
04/01/2022,GRA,ST004,QAR,PRK.909,Spicy Pesto Chips,6,168,168,28
04/01/2022,GRA,ST004,QAR,PRK.910,Graze Spicy Mix Sml,25,275,250,11
04/01/2022,GRA,ST004,QAR,PRK.911,Graze House Mix Sml,25,400,400,16
04/01/2022,GRA,ST004,QAR,PRK.962,Extra flavor,3,36,36,12
04/01/2022,GRA,ST004,QAR,PRK.963,Crispy bread,2,8,8,4
04/01/2022,GRA,ST004,QAR,PRK.994,Crsnt w Egg/Avaca/ SunTom,24,1080,1080,45
04/01/2022,GRA,ST004,QAR,PRK.995,Egg Burrito,20,1180,1180,59
04/01/2022,GRA,ST004,QAR,PRK.996,Blueberry Granola parfait,25,750,750,30
04/01/2022,GRA,ST004,QAR,PRK.997,Yog Dates Chia Pista Alm,22,396,396,18
04/01/2022,GRA,ST004,QAR,PRK.1003,Cheese Croissant,16,112,112,7
04/01/2022,GRA,ST004,QAR,PRK.1007,Zatar Croissant,16,160,160,10
04/01/2022,GRA,ST004,QAR,PRK.1008,Chocolate Croissant,16,64,48,4
04/01/2022,GRA,ST004,QAR,PRK.1010,Tomato Puff Pastry,16,400,400,25
04/01/2022,GRA,ST004,QAR,PRK.1012,Three Berry Yogurt & Date,25,275,275,11
04/01/2022,GRA,ST004,QAR,PRK.1015,Kiri Cheese Danish,14,168,168,12
04/01/2022,GRA,ST004,QAR,PRK.1016,Plain Croissant,10,150,150,15
04/01/2022,GRA,ST004,QAR,PRK.1020,Almond Croissant,16,160,144,10
04/01/2022,GRA,ST004,QAR,PRK.1021,Shirazi Salad,12,156,156,13
04/01/2022,GRA,ST004,QAR,PRK.1023,Falafel Salad,35,1995,1995,57
04/01/2022,GRA,ST004,QAR,PRK.1024,Quinoa Swt potato Salad,40,1320,1280,33
04/01/2022,GRA,ST004,QAR,PRK.1027,Mex Chkn Chilli Bean Sld,40,4000,4000,100
04/01/2022,GRA,ST004,QAR,PRK.1029,Burrata Salad,50,1550,1550,31
04/01/2022,GRA,ST004,QAR,PRK.1031,Teriyaki GRAZE Salmn,55,6820,6820,124
04/01/2022,GRA,ST004,QAR,PRK.1034,BBQ Chick Peas,38,1330,1292,35
04/01/2022,GRA,ST004,QAR,PRK.1039,Keto Chicken Salad,40,4160,4160,104
04/01/2022,GRA,ST004,QAR,PRK.1044,Southern Chicken Salad,45,2115,2070,47
04/01/2022,GRA,ST004,QAR,PRK.1048,Mexican  Caesar Salad chk,39,5733,5733,147
04/01/2022,GRA,ST004,QAR,PRK.1049,ROCCA SALAD,22,968,968,44
04/01/2022,GRA,ST004,QAR,PRK.1052,Smoke Turkey Sandwich,34,3196,3196,94
04/01/2022,GRA,ST004,QAR,PRK.1054,lemon&Rosemary Chkn,36,4464,4464,124
04/01/2022,GRA,ST004,QAR,PRK.1057,Steak & Philly Chz SW,32,1120,1120,35
04/01/2022,GRA,ST004,QAR,PRK.1063,Egg Mayo with Rocket,20,600,600,30
04/01/2022,GRA,ST004,QAR,PRK.1068,Crispy Chicken Bun,24,1272,1272,53
04/01/2022,GRA,ST004,QAR,PRK.1069,Spicy Courgette Falafel W,24,1344,1344,56
04/01/2022,GRA,ST004,QAR,PRK.1070,Chicken Pesto & Mozzarell,32,2176,2176,68
04/01/2022,GRA,ST004,QAR,PRK.1077,Spicy Halloumi,38,76,76,2
04/01/2022,GRA,ST004,QAR,PRK.1083,Chkn Soup,19,2907,2907,153
04/01/2022,GRA,ST004,QAR,PRK.1086,Lamb Soup,28,1008,980,36
04/01/2022,GRA,ST004,QAR,PRK.1087,Lentil Soup,20,2780,2780,139
04/01/2022,GRA,ST004,QAR,PRK.1111,Penne Bolognese,50,1500,1450,30
04/01/2022,GRA,ST004,QAR,PRK.1113,Chkn Katsu Curry,45,4950,4950,110
04/01/2022,GRA,ST004,QAR,PRK.1115,Mushroom Pasta,40,1800,1800,45
04/01/2022,GRA,ST004,QAR,PRK.1118,Steak With Mushroom Sauce,45,3060,3060,68
04/01/2022,GRA,ST004,QAR,PRK.1119,Chicken Biryani,45,6210,6210,138
04/01/2022,GRA,ST004,QAR,PRK.1121,Chinese Sesame Chicken,40,4800,4800,120
04/01/2022,GRA,ST004,QAR,PRK.1127,Rock Shrimp,45,2430,2430,54
04/01/2022,GRA,ST004,QAR,PRK.1133,Lamb  Kabsa,45,5130,5130,114
04/01/2022,GRA,ST004,QAR,PRK.1140,Chicken Curry & Saffron r,43,2279,2279,53
04/01/2022,GRA,ST004,QAR,PRK.1145,Yoghurt & Cucumber dip,12,228,228,19
04/01/2022,GRA,ST004,QAR,PRK.1146,Spicy Guacamole Pot,13,338,338,26
04/01/2022,GRA,ST004,QAR,PRK.1149,Edamame Pot,12,168,168,14
04/01/2022,GRA,ST004,QAR,PRK.1159,Greek Tabbouleh,20,220,220,11
04/01/2022,GRA,ST004,QAR,PRK.1160,Egg pot,16,16,16,1
04/01/2022,GRA,ST004,QAR,PRK.1161,Labneh Beetroot,28,840,812,30
04/01/2022,GRA,ST004,QAR,PRK.1173,Choco Chia Energy Ball,30,540,540,18
04/01/2022,GRA,ST004,QAR,PRK.1175,Pecan Bars,14,392,392,28
04/01/2022,GRA,ST004,QAR,PRK.1177,Carrot Cake,15,390,390,26
04/01/2022,GRA,ST004,QAR,PRK.1178,Sweet Potatoe Choco Cake,15,390,390,26
04/01/2022,GRA,ST004,QAR,PRK.1181,Green Apple,2,20,20,10
04/01/2022,GRA,ST004,QAR,PRK.1182,Red Apple,2,56,56,28
04/01/2022,GRA,ST004,QAR,PRK.1183,Bannana,2,178,178,89
04/01/2022,GRA,ST004,QAR,PRK.1184,Watermelon,18,270,270,15
04/01/2022,GRA,ST004,QAR,PRK.1185,Pineapplemix,18,306,288,17
04/01/2022,GRA,ST004,QAR,PRK.1186,Mixed Berries,22,374,374,17
04/01/2022,GRA,ST004,QAR,PRK.1194,Lotus Cheesecake,15,630,630,42
04/01/2022,GRA,ST004,QAR,PRK.1196,Chia Blueberry Yodurt,24,192,144,8
04/01/2022,GRA,ST004,QAR,PRK.1201,Iced Flat White,18,252,252,14
04/01/2022,GRA,ST004,QAR,PRK.1203,Iced Spanish Latte,20,1240,1240,62
04/01/2022,GRA,ST004,QAR,PRK.1204,Iced Latte,18,396,396,22
04/01/2022,GRA,ST004,QAR,PRK.1205,Iced Americano,15,780,780,52
04/01/2022,GRA,ST004,QAR,PRK.1234,Pepperoni Pizza small,40,320,320,8
04/01/2022,GRA,ST004,QAR,PRK.1235,Margherita Pizza small,30,240,240,8
04/01/2022,GRA,ST004,QAR,PRK.1236,BBQ chicken Pizza small,35,210,210,6
04/01/2022,GRA,ST004,QAR,PRK.1262,Highland Still,5,1720,1720,344
04/01/2022,GRA,ST004,QAR,PRK.1265,Perrier Sparkling,9,441,441,49
04/01/2022,GRA,ST004,QAR,PRK.1291,Coke,5,415,415,83
04/01/2022,GRA,ST004,QAR,PRK.1292,Diet Coke,5,855,855,171
04/01/2022,GRA,ST004,QAR,PRK.1330,Stay Home w/ Graze R 4X1,130,130,130,1
04/01/2022,GRA,ST004,QAR,PRK.1331,Stay Home w/ Graze R 6 X1,185,185,185,1
04/01/2022,GRA,ST004,QAR,PRK.1332,Stay Home w/ Graze R 8 X1,240,480,480,2
04/01/2022,GRA,ST004,QAR,PRK.1351,Espresso Single,12,1716,1716,143
04/01/2022,GRA,ST004,QAR,PRK.1352,Macchiato,18,54,54,3
04/01/2022,GRA,ST004,QAR,PRK.1353,Americano Hot,15,1920,1920,128
04/01/2022,GRA,ST004,QAR,PRK.1354,Flat White Hot,18,990,990,55
04/01/2022,GRA,ST004,QAR,PRK.1355,Cappucino,18,1854,1854,103
04/01/2022,GRA,ST004,QAR,PRK.1356,Cortado,18,774,774,43
04/01/2022,GRA,ST004,QAR,PRK.1358,Spanish Latte,20,960,960,48
04/01/2022,GRA,ST004,QAR,PRK.1359,Classic Mocha,25,300,300,12
04/01/2022,GRA,ST004,QAR,PRK.1360,Slated Caramel Mocha,25,350,350,14
04/01/2022,GRA,ST004,QAR,PRK.1362,Double Espresso,14,756,756,54
04/01/2022,GRA,ST004,QAR,PRK.1363,Latte Hot,18,1386,1386,77
04/01/2022,GRA,ST004,QAR,PRK.1364,English B/F,12,48,48,4
04/01/2022,GRA,ST004,QAR,PRK.1365,Green Tea,12,84,84,7
04/01/2022,GRA,ST004,QAR,PRK.1366,Earl Grey,12,12,12,1
04/01/2022,GRA,ST004,QAR,PRK.1367,Pepper Mint,12,12,12,1
04/01/2022,GRA,ST004,QAR,PRK.1369,Jasmine,12,12,12,1
04/01/2022,GRA,ST004,QAR,PRK.1370,Habiscuss & Black Currant,12,24,24,2
04/01/2022,GRA,ST004,QAR,PRK.1371,Chamomile,12,24,24,2
04/01/2022,GRA,ST004,QAR,PRK.1372,Hot Cocoa,24,312,312,13
04/01/2022,GRA,ST004,QAR,PRK.1373,Hibiscus Iced tea,18,378,378,21
04/01/2022,GRA,ST004,QAR,PRK.1374,Peach Iced Tea,18,288,270,16
04/01/2022,GRA,ST004,QAR,PRK.1375,Matcha Latte,25,100,100,4
04/01/2022,GRA,ST004,QAR,PRK.1376,Cinnamon Latte,25,50,50,2
04/01/2022,GRA,ST004,QAR,PRK.1383,Watermelon & Coconut cool,20,40,40,2
04/01/2022,GRA,ST004,QAR,PRK.1386,Orange Juice,22,2200,2200,100
04/01/2022,GRA,ST004,QAR,PRK.1387,Carrot Juice,22,396,374,18
04/01/2022,GRA,ST004,QAR,PRK.1390,Morning Boost,24,1032,1032,43
04/01/2022,GRA,ST004,QAR,PRK.1392,Immune Boost,22,1144,1144,52
04/01/2022,GRA,ST004,QAR,PRK.1396,Ginger Aid Shot,18,1548,1548,86
04/01/2022,GRA,ST004,QAR,PRK.1402,Laban Drink,18,396,396,22
04/01/2022,GRA,ST004,QAR,PRK.1403,Vimto juice,18,630,630,35
04/01/2022,GRA,ST004,QAR,PRK.1404,Green Boost Juice,24,936,912,39
04/01/2022,GRA,ST004,QAR,PRK.1406,Beetroot & Apple Juice,20,880,880,44
04/01/2022,GRA,ST004,QAR,PRK.1407,Coconut & Pineapple Juice,24,264,264,11
04/01/2022,GRA,ST004,QAR,PRK.1409,Turmeric wellness shot,16,576,576,36
04/01/2022,GRA,ST004,QAR,PRK.1412, Mini Cup Yogurt,14,1218,1218,87
04/01/2022,GRA,ST004,QAR,PRK.1413,Regular Cup Yogurt,21,1491,1491,71
04/01/2022,GRA,ST004,QAR,PRK.1416,Large Cup Yogurt,23,322,322,14
04/01/2022,GRA,ST004,QAR,PRK.1418, Mini Cup Yogurt/Topping,18,1476,1476,82
04/01/2022,GRA,ST004,QAR,PRK.1419,Reg Cup Yogurt/Toping,26,1014,1014,39
04/01/2022,GRA,ST004,QAR,PRK.1422,Large Cup Yogurt/Topping,30,390,390,13
04/01/2022,GRA,ST004,QAR,PRK.1423,Mini Cup Choco Ice cream,14,42,42,3
04/01/2022,GRA,ST004,QAR,PRK.1424,Reg.Cup Choco Ice Cream,20,40,40,2
04/01/2022,GRA,ST004,QAR,PRK.1425,Large Cup Choco Ice Cream,22,22,22,1
04/01/2022,GRA,ST004,QAR,PRK.1429,Mini Mango Ice Cream,14,3766,3766,269
04/01/2022,GRA,ST004,QAR,PRK.1430,Regular Mango Ice Cream,21,3927,3927,187
04/01/2022,GRA,ST004,QAR,PRK.1431,Large Mango Ice Cream,23,621,621,27
04/01/2022,GRA,ST004,QAR,PRK.1432,Mini Mango Ice Cream/Topp,18,2646,2646,147
04/01/2022,GRA,ST004,QAR,PRK.1433,Reg Mango Ice cream/Topp,26,3458,3458,133
04/01/2022,GRA,ST004,QAR,PRK.1434,Large Mango Ice Cream/Top,30,330,330,11
04/01/2022,GRA,ST004,QAR,PRK.1435,Mini Cup Milky Ice Cream,14,770,770,55
04/01/2022,GRA,ST004,QAR,PRK.1436,Reg Cup Milky Ice Cream,21,546,546,26
04/01/2022,GRA,ST004,QAR,PRK.1437,Lrge Cup Milky Ice Cream,23,92,92,4
04/01/2022,GRA,ST004,QAR,PRK.1438,Mini Cup Milky Ice C/Top,18,288,288,16
04/01/2022,GRA,ST004,QAR,PRK.1439,Reg Cup Milky Ice Cre/Top,26,286,286,11
04/01/2022,GRA,ST004,QAR,PRK.1464,Fresh Pineapple,3,3,3,1
04/01/2022,GRA,ST004,QAR,PRK.1469,Kiwi Fruit,3,3,3,1
04/01/2022,GRA,ST004,QAR,PRK.1470,Lotus Biscuit,3,24,24,8
04/01/2022,GRA,ST004,QAR,PRK.1471,NOODLES BOWL,45,1350,1305,30
04/01/2022,GRA,ST004,QAR,PRK.1472,CHICKEN CURRY & RICE,48,1920,1872,40
04/01/2022,GRA,ST004,QAR,PRK.1473,BEEF STROGANOFF,50,1650,1600,33
04/01/2022,GRA,ST004,QAR,PRK.1501,pomegranate,3,30,30,10
04/01/2022,GRA,ST004,QAR,PRK.1502,Strawberry,3,54,54,18
04/01/2022,GRA,ST004,QAR,PRK.1505,Salted Caramel,3,39,39,13
04/01/2022,GRA,ST004,QAR,PRK.1506,Pretzel,3,18,18,6
04/01/2022,GRA,ST004,QAR,PRK.1507,Crispy Crepe,3,30,30,10
04/01/2022,GRA,ST004,QAR,PRK.1508,Granola,3,51,51,17
04/01/2022,GRA,ST004,QAR,PRK.1509,Coconut Flakes,3,27,27,9
04/01/2022,GRA,ST004,QAR,PRK.1510,Crushed Graham,3,15,15,5
04/01/2022,GRA,ST004,QAR,PRK.1514,Dulce de Leche,3,33,33,11
04/01/2022,GRA,ST004,QAR,PRK.1520,Mixed Berries Sauce,3,36,36,12
04/01/2022,GRA,ST004,QAR,PRK.1521,Mango Sauce,3,36,36,12
04/01/2022,GRA,ST004,QAR,PRK.1523,Peanut Butter Sauce,3,3,3,1
04/01/2022,GRA,ST004,QAR,PRK.1527,Mango,3,78,78,26
04/01/2022,GRA,ST004,QAR,PRK.1531,Power Shake,35,105,105,3
04/01/2022,GRA,ST004,QAR,PRK.1532,Peanut Power Shake,35,455,455,13
04/01/2022,GRA,ST004,QAR,PRK.1533,Pre-workout protein shak,45,45,45,1
04/01/2022,GRA,ST004,QAR,PRK.1534,Choco Power Shake,35,70,70,2
04/01/2022,GRA,ST004,QAR,PRK.1536,Energizer protine Shakes,45,675,675,15
04/01/2022,GRA,ST004,QAR,PRK.1538,Pre-workout shake,35,35,35,1
04/01/2022,GRA,ST004,QAR,PRK.1540,Energizer shakes,35,175,175,5
04/01/2022,GRA,ST004,QAR,PRK.1545,14oz Energizer protine,40,200,200,5
04/01/2022,GRA,ST004,QAR,PRK.1546,14oz Pre-workout shake,30,30,30,1
04/01/2022,GRA,ST004,QAR,PRK.1548,14oz Energizer shakes,30,60,60,2
04/01/2022,GRA,ST004,QAR,PRK.1550,Extra Protein,10,10,10,1
04/01/2022,GRA,ST004,QAR,PRK.1580,Ogaily cardamom ice cream,25,7000,7000,280
04/01/2022,GRA,ST004,QAR,PRK.1587,Supersize,45,270,270,6
04/01/2022,GRA,ST004,QAR,PRK.1621,Orange loaf,12,396,396,33
04/01/2022,GRA,ST004,QAR,PRK.1623,Brownie flavour cookies,10,1440,1440,144
04/01/2022,GRA,ST004,QAR,PRK.1628,Brownie bites,13,403,403,31
04/01/2022,GRA,ST004,QAR,PRK.1651,■PB & Jam sourdough bread,18,90,90,5
04/01/2022,GRA,ST004,QAR,PRK.1655,Graze Oatmeal,30,30,30,1
04/01/2022,GRA,ST004,QAR,PRK.1681,Salted Caramel Mocha,24,240,240,10
04/01/2022,GRA,ST004,QAR,PRK.1682,■Matcha Frappe,26,104,104,4
04/01/2022,GRA,ST004,QAR,PRK.1711,Pomegranate Pot,18,666,648,37
04/01/2022,GRA,ST004,QAR,PRK.1712,Mango Peach Muesli Pot,24,144,120,6
04/01/2022,GRA,ST004,QAR,PRK.1713,Overnight oats PB&Jam,25,225,200,9
04/01/2022,GRA,ST004,QAR,PRK.1741,Spicy Tuna sandwich,26,936,936,36
04/01/2022,GRA,ST004,QAR,PRK.1742,Three cheese,22,924,924,42
04/01/2022,GRA,ST004,QAR,PRK.1743,Falafel and Labna,25,450,450,18
04/01/2022,GRA,ST004,QAR,PRK.1746,GRAZE CLUB SANDWICH,42,966,966,23
04/01/2022,GRA,ST004,QAR,PRK.1747,BEEF BURGER,35,770,770,22
04/01/2022,GRA,ST004,QAR,PRK.1771,Pistachio Arabeshi,5,760,760,152
04/01/2022,GRA,ST004,QAR,PRK.1772,Fresh Raspberry,5,640,640,128
04/01/2022,GRA,ST004,QAR,PRK.1773,Fresh blueberry,5,310,310,62
04/01/2022,GRA,ST004,QAR,PRK.1774,Chocolate Flakes,5,335,335,67
04/01/2022,GRA,ST004,QAR,PRK.1775,Honey Comb,5,90,90,18
04/01/2022,GRA,ST004,QAR,PRK.4501,Full Fat Milk,0,0,0,6
04/01/2022,GRA,ST004,QAR,PRK.4502,Low Fat Milk,0,0,0,26
04/01/2022,GRA,ST004,QAR,PRK.4503,Almond Milk,2,84,84,42
04/01/2022,GRA,ST004,QAR,PRK.4504,Soya Milk,2,54,54,27
04/01/2022,GRA,ST004,QAR,PRK.4505,Less Sweet,0,0,0,1
04/01/2022,GRA,ST004,QAR,PRK.4506,More Sweet,0,0,0,1
04/01/2022,GRA,ST004,QAR,PRK.4511,More Hot,0,0,0,1
04/01/2022,GRA,ST004,QAR,PRK.4516,Decaf,0,0,0,12
04/01/2022,GRA,ST004,QAR,PRK.4517,Vanilla Flavor,0,0,0,5
04/01/2022,GRA,ST004,QAR,PRK.4519,caramel flavor,0,0,0,5
04/01/2022,GRA,ST004,QAR,PRK.4520,hazelnut flavor,0,0,0,3
04/01/2022,GRA,ST004,QAR,PRK.4531,w/ Granola,0,0,0,73
04/01/2022,GRA,ST004,QAR,PRK.4533,w/ Pretzel,0,0,0,11
04/01/2022,GRA,ST004,QAR,PRK.4534,w/ Coconut Flakes,0,0,0,40
04/01/2022,GRA,ST004,QAR,PRK.4535,w/ Crispy Crepe,0,0,0,87
04/01/2022,GRA,ST004,QAR,PRK.4537,w/ Mixed Berries Sauce,0,0,0,21
04/01/2022,GRA,ST004,QAR,PRK.4541,w/ Strawberry,0,0,0,238
04/01/2022,GRA,ST004,QAR,PRK.4543,w/ Salted Caramel,0,0,0,52
04/01/2022,GRA,ST004,QAR,PRK.4544,w/ Pomegranate,0,0,0,128
04/01/2022,GRA,ST004,QAR,PRK.4545,w/ Dulce de leche,0,0,0,18
04/01/2022,GRA,ST004,QAR,PRK.4549,w/ Mango Sauce,0,0,0,24
04/01/2022,GRA,ST004,QAR,PRK.4550,w/ Mango,0,0,0,304
04/01/2022,GRA,ST004,QAR,PRK.4551,w/ Peanut Butter Sauce,0,0,0,4
04/01/2022,GRA,ST004,QAR,PRK.4552,w/ Crushed Grahams,0,0,0,12
04/01/2022,GRA,ST004,QAR,PRK.4556,w/Kiwi Fruit,0,0,0,16
04/01/2022,GRA,ST004,QAR,PRK.4557,w/Lotus Biscut,0,0,0,28
04/01/2022,GRA,ST004,QAR,PRK.4558,w/Fresh Pineapple,0,0,0,19
04/01/2022,GRA,ST004,QAR,PRK.4561,MIXED FROZEN YOGURT,0,0,0,77
04/01/2022,GRA,ST004,QAR,PRK.4562,MIXED MANGO YOGURT,0,0,0,20
04/01/2022,GRA,ST004,QAR,PRK.4564,MIXED MILKY ICE CREAM,0,0,0,9
