DATE,BRANCHCODE,WAREHOUSECODE,CURRENCY,ERPCODE,ITEMNAME,RAWPRICE,GROSSAMT,NETVALUE,QTYSOLD
10/01/2022,GRA,ST004,QAR,PRK.902,Granola,55,1100,1100,20
10/01/2022,GRA,ST004,QAR,PRK.903,Graze Spicy  Mix,55,55,55,1
10/01/2022,GRA,ST004,QAR,PRK.904,Graze House Mix,55,220,220,4
10/01/2022,GRA,ST004,QAR,PRK.907,Zaatar Chips,6,588,588,98
10/01/2022,GRA,ST004,QAR,PRK.909,Spicy Pesto Chips,6,432,432,72
10/01/2022,GRA,ST004,QAR,PRK.910,Graze Spicy Mix Sml,25,1100,1100,44
10/01/2022,GRA,ST004,QAR,PRK.911,Graze House Mix Sml,25,1475,1475,59
10/01/2022,GRA,ST004,QAR,PRK.961,Extra cheese,5,80,80,16
10/01/2022,GRA,ST004,QAR,PRK.962,Extra flavor,3,36,36,12
10/01/2022,GRA,ST004,QAR,PRK.994,Crsnt w Egg/Avaca/ SunTom,24,5064,5064,211
10/01/2022,GRA,ST004,QAR,PRK.995,Egg Burrito,20,3420,3400,171
10/01/2022,GRA,ST004,QAR,PRK.996,Blueberry Granola parfait,25,4750,4750,190
10/01/2022,GRA,ST004,QAR,PRK.997,Yog Dates Chia Pista Alm,22,4686,4686,213
10/01/2022,GRA,ST004,QAR,PRK.1003,Cheese Croissant,16,880,880,55
10/01/2022,GRA,ST004,QAR,PRK.1007,Zatar Croissant,16,1184,1184,74
10/01/2022,GRA,ST004,QAR,PRK.1008,Chocolate Croissant,16,832,832,52
10/01/2022,GRA,ST004,QAR,PRK.1010,Tomato Puff Pastry,16,2064,2064,129
10/01/2022,GRA,ST004,QAR,PRK.1012,Three Berry Yogurt & Date,25,1925,1925,77
10/01/2022,GRA,ST004,QAR,PRK.1015,Kiri Cheese Danish,14,1652,1652,118
10/01/2022,GRA,ST004,QAR,PRK.1016,Plain Croissant,10,490,490,49
10/01/2022,GRA,ST004,QAR,PRK.1020,Almond Croissant,16,688,688,43
10/01/2022,GRA,ST004,QAR,PRK.1021,Shirazi Salad,12,2628,2628,219
10/01/2022,GRA,ST004,QAR,PRK.1023,Falafel Salad,45,10575,10530,235
10/01/2022,GRA,ST004,QAR,PRK.1024,Quinoa Swt potato Salad,40,3240,3240,81
10/01/2022,GRA,ST004,QAR,PRK.1027,Mex Chkn Chilli Bean Sld,40,9000,8960,225
10/01/2022,GRA,ST004,QAR,PRK.1029,Burrata Salad,50,1850,1850,37
10/01/2022,GRA,ST004,QAR,PRK.1031,Teriyaki GRAZE Salmn,55,18425,18370,335
10/01/2022,GRA,ST004,QAR,PRK.1034,BBQ Chick Peas,38,190,190,5
10/01/2022,GRA,ST004,QAR,PRK.1039,Keto Chicken Salad,40,10760,10720,269
10/01/2022,GRA,ST004,QAR,PRK.1044,Southern Chicken Salad,45,180,180,4
10/01/2022,GRA,ST004,QAR,PRK.1046,Greek Salad,30,3750,3750,125
10/01/2022,GRA,ST004,QAR,PRK.1048,Mexican  Caesar Salad chk,39,12870,12870,330
10/01/2022,GRA,ST004,QAR,PRK.1049,ROCCA SALAD,22,2068,2068,94
10/01/2022,GRA,ST004,QAR,PRK.1052,Smoke Turkey Sandwich,34,8500,8500,250
10/01/2022,GRA,ST004,QAR,PRK.1054,lemon&Rosemary Chkn,36,13104,13068,364
10/01/2022,GRA,ST004,QAR,PRK.1057,Steak & Philly Chz SW,32,3712,3712,116
10/01/2022,GRA,ST004,QAR,PRK.1063,Egg Mayo with Rocket,20,1280,1280,64
10/01/2022,GRA,ST004,QAR,PRK.1068,Crispy Chicken Bun,24,2520,2520,105
10/01/2022,GRA,ST004,QAR,PRK.1070,Chicken Pesto & Mozzarell,32,5856,5856,183
10/01/2022,GRA,ST004,QAR,PRK.1075,Avocado Toast,40,2440,2440,61
10/01/2022,GRA,ST004,QAR,PRK.1077,Spicy Halloumi,38,4028,4028,106
10/01/2022,GRA,ST004,QAR,PRK.1078,Graze Breakfast (egg box),32,2432,2432,76
10/01/2022,GRA,ST004,QAR,PRK.1083,Chkn Soup,19,6460,6460,340
10/01/2022,GRA,ST004,QAR,PRK.1087,Lentil Soup,20,6340,6320,317
10/01/2022,GRA,ST004,QAR,PRK.1089,Vegetable soup,16,2288,2272,143
10/01/2022,GRA,ST004,QAR,PRK.1113,Chkn Katsu Curry,45,16380,16335,364
10/01/2022,GRA,ST004,QAR,PRK.1115,Mushroom Pasta,40,8920,8920,223
10/01/2022,GRA,ST004,QAR,PRK.1118,Steak With Mushroom Sauce,45,12600,12555,280
10/01/2022,GRA,ST004,QAR,PRK.1119,Chicken Biryani,45,20025,20025,445
10/01/2022,GRA,ST004,QAR,PRK.1121,Chinese Sesame Chicken,40,11680,11680,292
10/01/2022,GRA,ST004,QAR,PRK.1127,Rock Shrimp,45,6840,6840,152
10/01/2022,GRA,ST004,QAR,PRK.1133,Lamb  Kabsa,45,14940,14940,332
10/01/2022,GRA,ST004,QAR,PRK.1140,Chicken Curry & Saffron r,43,12040,12040,280
10/01/2022,GRA,ST004,QAR,PRK.1141,CRAB BOWL,28,1148,1148,41
10/01/2022,GRA,ST004,QAR,PRK.1145,Yoghurt & Cucumber dip,12,1044,1044,87
10/01/2022,GRA,ST004,QAR,PRK.1146,Spicy Guacamole Pot,13,988,988,76
10/01/2022,GRA,ST004,QAR,PRK.1149,Edamame Pot,12,888,888,74
10/01/2022,GRA,ST004,QAR,PRK.1155,Classic hummus pot,18,450,450,25
10/01/2022,GRA,ST004,QAR,PRK.1159,Greek Tabbouleh,20,2240,2240,112
10/01/2022,GRA,ST004,QAR,PRK.1160,Egg pot,16,608,608,38
10/01/2022,GRA,ST004,QAR,PRK.1161,Labneh Beetroot,12,348,348,29
10/01/2022,GRA,ST004,QAR,PRK.1173,Choco Chia Energy Ball,30,1590,1590,53
10/01/2022,GRA,ST004,QAR,PRK.1175,Pecan Bars,14,1106,1106,79
10/01/2022,GRA,ST004,QAR,PRK.1177,Carrot Cake,15,900,900,60
10/01/2022,GRA,ST004,QAR,PRK.1178,Sweet Potatoe Choco Cake,15,750,735,50
10/01/2022,GRA,ST004,QAR,PRK.1180,Tropical Fruits,18,18,18,1
10/01/2022,GRA,ST004,QAR,PRK.1181,Green Apple,2,54,54,27
10/01/2022,GRA,ST004,QAR,PRK.1182,Red Apple,2,56,56,28
10/01/2022,GRA,ST004,QAR,PRK.1183,Bannana,2,382,382,191
10/01/2022,GRA,ST004,QAR,PRK.1184,Watermelon,18,3960,3960,220
10/01/2022,GRA,ST004,QAR,PRK.1185,Pineapplemix,18,3348,3348,186
10/01/2022,GRA,ST004,QAR,PRK.1186,Mixed Berries,22,5082,5082,231
10/01/2022,GRA,ST004,QAR,PRK.1194,Lotus Cheesecake,15,1620,1605,108
10/01/2022,GRA,ST004,QAR,PRK.1196,Chia Blueberry Yodurt,24,1584,1584,66
10/01/2022,GRA,ST004,QAR,PRK.1201,Iced Flat White,18,270,270,15
10/01/2022,GRA,ST004,QAR,PRK.1203,Iced Spanish Latte,20,2380,2380,119
10/01/2022,GRA,ST004,QAR,PRK.1204,Iced Latte,18,1098,1098,61
10/01/2022,GRA,ST004,QAR,PRK.1205,Iced Americano,15,1275,1275,85
10/01/2022,GRA,ST004,QAR,PRK.1234,Pepperoni Pizza small,40,360,360,9
10/01/2022,GRA,ST004,QAR,PRK.1235,Margherita Pizza small,30,330,330,11
10/01/2022,GRA,ST004,QAR,PRK.1236,BBQ chicken Pizza small,35,455,455,13
10/01/2022,GRA,ST004,QAR,PRK.1262,Highland Still,5,4405,4395,881
10/01/2022,GRA,ST004,QAR,PRK.1265,Perrier Sparkling,9,2187,2187,243
10/01/2022,GRA,ST004,QAR,PRK.1291,Coke,5,1415,1410,283
10/01/2022,GRA,ST004,QAR,PRK.1292,Diet Coke,5,2680,2680,536
10/01/2022,GRA,ST004,QAR,PRK.1321,Mini Cup /Pina Colada,14,1680,1680,120
10/01/2022,GRA,ST004,QAR,PRK.1322,Regular Cup / Pina Colada,21,693,693,33
10/01/2022,GRA,ST004,QAR,PRK.1323,Large cup /Pina Colada,23,92,92,4
10/01/2022,GRA,ST004,QAR,PRK.1324,Mini Pina Colada/Topping,18,720,720,40
10/01/2022,GRA,ST004,QAR,PRK.1325,Regular Pina Colada/Toppi,26,936,936,36
10/01/2022,GRA,ST004,QAR,PRK.1326,Large Pina Colada/Topping,30,180,180,6
10/01/2022,GRA,ST004,QAR,PRK.1333,Stay Home w/Graze M 6 X1,130,390,390,3
10/01/2022,GRA,ST004,QAR,PRK.1334,Stay Home w/Graze M12 X1,240,480,480,2
10/01/2022,GRA,ST004,QAR,PRK.1335,Cool Box,15,165,165,11
10/01/2022,GRA,ST004,QAR,PRK.1351,Espresso Single,12,732,732,61
10/01/2022,GRA,ST004,QAR,PRK.1353,Americano Hot,15,3570,3570,238
10/01/2022,GRA,ST004,QAR,PRK.1354,Flat White Hot,18,2556,2556,142
10/01/2022,GRA,ST004,QAR,PRK.1355,Cappucino,18,4680,4680,260
10/01/2022,GRA,ST004,QAR,PRK.1356,Cortado,18,1008,1008,56
10/01/2022,GRA,ST004,QAR,PRK.1358,Spanish Latte,20,3120,3120,156
10/01/2022,GRA,ST004,QAR,PRK.1359,Classic Mocha,25,750,750,30
10/01/2022,GRA,ST004,QAR,PRK.1360,Slated Caramel Mocha,25,550,550,22
10/01/2022,GRA,ST004,QAR,PRK.1362,Double Espresso,14,882,882,63
10/01/2022,GRA,ST004,QAR,PRK.1363,Latte Hot,18,3978,3978,221
10/01/2022,GRA,ST004,QAR,PRK.1364,English B/F,12,156,156,13
10/01/2022,GRA,ST004,QAR,PRK.1365,Green Tea,12,144,144,12
10/01/2022,GRA,ST004,QAR,PRK.1366,Earl Grey,12,156,156,13
10/01/2022,GRA,ST004,QAR,PRK.1367,Pepper Mint,12,24,24,2
10/01/2022,GRA,ST004,QAR,PRK.1368,Lemon Grass/ Ginger,12,48,48,4
10/01/2022,GRA,ST004,QAR,PRK.1369,Jasmine,12,24,24,2
10/01/2022,GRA,ST004,QAR,PRK.1370,Habiscuss & Black Currant,12,24,24,2
10/01/2022,GRA,ST004,QAR,PRK.1371,Chamomile,12,72,72,6
10/01/2022,GRA,ST004,QAR,PRK.1372,Hot Cocoa,24,504,504,21
10/01/2022,GRA,ST004,QAR,PRK.1373,Hibiscus Iced tea,18,2718,2718,151
10/01/2022,GRA,ST004,QAR,PRK.1374,Peach Iced Tea,18,1062,1062,59
10/01/2022,GRA,ST004,QAR,PRK.1375,Matcha Latte,25,350,350,14
10/01/2022,GRA,ST004,QAR,PRK.1376,Cinnamon Latte,25,375,375,15
10/01/2022,GRA,ST004,QAR,PRK.1383,Watermelon & Coconut cool,20,1100,1100,55
10/01/2022,GRA,ST004,QAR,PRK.1386,Orange Juice,22,10340,10340,470
10/01/2022,GRA,ST004,QAR,PRK.1387,Carrot Juice,22,704,704,32
10/01/2022,GRA,ST004,QAR,PRK.1390,Morning Boost,24,2808,2808,117
10/01/2022,GRA,ST004,QAR,PRK.1392,Immune Boost,22,2992,2992,136
10/01/2022,GRA,ST004,QAR,PRK.1396,Ginger Aid Shot,18,5508,5490,306
10/01/2022,GRA,ST004,QAR,PRK.1399,Watermelon Granita,20,100,100,5
10/01/2022,GRA,ST004,QAR,PRK.1402,Laban Drink,18,1278,1278,71
10/01/2022,GRA,ST004,QAR,PRK.1404,Green Boost Juice,24,3024,3024,126
10/01/2022,GRA,ST004,QAR,PRK.1406,Beetroot & Apple Juice,20,3940,3940,197
10/01/2022,GRA,ST004,QAR,PRK.1407,Coconut & Pineapple Juice,24,1200,1200,50
10/01/2022,GRA,ST004,QAR,PRK.1409,Turmeric wellness shot,16,2800,2800,175
10/01/2022,GRA,ST004,QAR,PRK.1412, Mini Cup Yogurt,14,742,742,53
10/01/2022,GRA,ST004,QAR,PRK.1413,Regular Cup Yogurt,21,525,525,25
10/01/2022,GRA,ST004,QAR,PRK.1416,Large Cup Yogurt,23,207,207,9
10/01/2022,GRA,ST004,QAR,PRK.1418, Mini Cup Yogurt/Topping,18,306,306,17
10/01/2022,GRA,ST004,QAR,PRK.1419,Reg Cup Yogurt/Toping,26,702,702,27
10/01/2022,GRA,ST004,QAR,PRK.1422,Large Cup Yogurt/Topping,30,60,60,2
10/01/2022,GRA,ST004,QAR,PRK.1429,Mini Mango Ice Cream,14,7938,7938,567
10/01/2022,GRA,ST004,QAR,PRK.1430,Regular Mango Ice Cream,21,4473,4473,213
10/01/2022,GRA,ST004,QAR,PRK.1431,Large Mango Ice Cream,23,1311,1311,57
10/01/2022,GRA,ST004,QAR,PRK.1432,Mini Mango Ice Cream/Topp,18,3240,3240,180
10/01/2022,GRA,ST004,QAR,PRK.1433,Reg Mango Ice cream/Topp,26,4108,4108,158
10/01/2022,GRA,ST004,QAR,PRK.1434,Large Mango Ice Cream/Top,30,960,960,32
10/01/2022,GRA,ST004,QAR,PRK.1464,Fresh Pineapple,3,15,15,5
10/01/2022,GRA,ST004,QAR,PRK.1469,Kiwi Fruit,3,30,30,10
10/01/2022,GRA,ST004,QAR,PRK.1470,Lotus Biscuit,3,30,30,10
10/01/2022,GRA,ST004,QAR,PRK.1472,CHICKEN CURRY & RICE,48,4992,4944,104
10/01/2022,GRA,ST004,QAR,PRK.1473,BEEF STROGANOFF,50,200,200,4
10/01/2022,GRA,ST004,QAR,PRK.1474, Spaghetti Bolognese,45,4590,4590,102
10/01/2022,GRA,ST004,QAR,PRK.1475,Salmon with Cilantro Rice,65,13650,13650,210
10/01/2022,GRA,ST004,QAR,PRK.1476,Chicken Noodle Bowl,40,5520,5520,138
10/01/2022,GRA,ST004,QAR,PRK.1501,pomegranate,3,129,129,43
10/01/2022,GRA,ST004,QAR,PRK.1502,Strawberry,3,198,198,66
10/01/2022,GRA,ST004,QAR,PRK.1505,Salted Caramel,3,15,15,5
10/01/2022,GRA,ST004,QAR,PRK.1506,Pretzel,3,9,9,3
10/01/2022,GRA,ST004,QAR,PRK.1507,Crispy Crepe,3,63,63,21
10/01/2022,GRA,ST004,QAR,PRK.1508,Granola,3,33,33,11
10/01/2022,GRA,ST004,QAR,PRK.1509,Coconut Flakes,3,57,57,19
10/01/2022,GRA,ST004,QAR,PRK.1510,Crushed Graham,3,12,12,4
10/01/2022,GRA,ST004,QAR,PRK.1520,Mixed Berries Sauce,3,12,12,4
10/01/2022,GRA,ST004,QAR,PRK.1521,Mango Sauce,3,39,39,13
10/01/2022,GRA,ST004,QAR,PRK.1523,Peanut Butter Sauce,3,42,42,14
10/01/2022,GRA,ST004,QAR,PRK.1527,Mango,3,93,93,31
10/01/2022,GRA,ST004,QAR,PRK.1530,Chili Tomato Sauce,3,3,3,1
10/01/2022,GRA,ST004,QAR,PRK.1531,Power Shake,35,630,630,18
10/01/2022,GRA,ST004,QAR,PRK.1532,Peanut Power Shake,35,595,595,17
10/01/2022,GRA,ST004,QAR,PRK.1533,Pre-workout protein shak,45,765,765,17
10/01/2022,GRA,ST004,QAR,PRK.1534,Choco Power Shake,35,175,175,5
10/01/2022,GRA,ST004,QAR,PRK.1536,Energizer protine Shakes,45,3060,3060,68
10/01/2022,GRA,ST004,QAR,PRK.1538,Pre-workout shake,35,105,105,3
10/01/2022,GRA,ST004,QAR,PRK.1540,Energizer shakes,35,595,595,17
10/01/2022,GRA,ST004,QAR,PRK.1542,14oz Pre-work out Protein,40,120,120,3
10/01/2022,GRA,ST004,QAR,PRK.1545,14oz Energizer protine,40,600,600,15
10/01/2022,GRA,ST004,QAR,PRK.1548,14oz Energizer shakes,30,150,150,5
10/01/2022,GRA,ST004,QAR,PRK.1550,Extra Protein,10,160,160,16
10/01/2022,GRA,ST004,QAR,PRK.1581,Mini coconut frz yog I/C,14,1834,1834,131
10/01/2022,GRA,ST004,QAR,PRK.1582,Regular coconut frz yog I,21,1344,1344,64
10/01/2022,GRA,ST004,QAR,PRK.1583,Large coconut frz yog I/C,23,345,345,15
10/01/2022,GRA,ST004,QAR,PRK.1584,Mini coconut frz yog top,18,990,990,55
10/01/2022,GRA,ST004,QAR,PRK.1585,Reg- coconut frz yog Topp,26,1248,1248,48
10/01/2022,GRA,ST004,QAR,PRK.1586,Large coconut frz yog Top,30,600,600,20
10/01/2022,GRA,ST004,QAR,PRK.1587,Supersize,45,405,405,9
10/01/2022,GRA,ST004,QAR,PRK.1588,Acai Small,35,6475,6475,185
10/01/2022,GRA,ST004,QAR,PRK.1589,Acai Large,40,3040,3040,76
10/01/2022,GRA,ST004,QAR,PRK.1621,Orange loaf,12,732,732,61
10/01/2022,GRA,ST004,QAR,PRK.1623,Brownie flavour cookies,10,2450,2400,245
10/01/2022,GRA,ST004,QAR,PRK.1626,Cinnamon Roll,13,754,754,58
10/01/2022,GRA,ST004,QAR,PRK.1627,Custard Raisin Roll,14,14,14,1
10/01/2022,GRA,ST004,QAR,PRK.1628,Brownie bites,13,1300,1300,100
10/01/2022,GRA,ST004,QAR,PRK.1632,Turkey cheese roll,19,1843,1843,97
10/01/2022,GRA,ST004,QAR,PRK.1633,Spinach feta roll,18,1314,1314,73
10/01/2022,GRA,ST004,QAR,PRK.1634,Madeleine,12,1548,1548,129
10/01/2022,GRA,ST004,QAR,PRK.1651,■PB & Jam sourdough bread,18,1098,1098,61
10/01/2022,GRA,ST004,QAR,PRK.1652,■Italian Poached Eggs,32,416,416,13
10/01/2022,GRA,ST004,QAR,PRK.1655,Graze Oatmeal,30,4440,4440,148
10/01/2022,GRA,ST004,QAR,PRK.1681,Salted Caramel Mocha,24,672,672,28
10/01/2022,GRA,ST004,QAR,PRK.1682,■Matcha Frappe,26,1170,1170,45
10/01/2022,GRA,ST004,QAR,PRK.1711,Pomegranate Pot,18,1512,1512,84
10/01/2022,GRA,ST004,QAR,PRK.1712,Mango Peach Muesli Pot,24,504,504,21
10/01/2022,GRA,ST004,QAR,PRK.1713,Overnight oats PB&Jam,25,3125,3125,125
10/01/2022,GRA,ST004,QAR,PRK.1741,Spicy Tuna sandwich,26,3718,3692,143
10/01/2022,GRA,ST004,QAR,PRK.1742,Three cheese,22,3366,3366,153
10/01/2022,GRA,ST004,QAR,PRK.1743,Falafel and Labna,25,1775,1775,71
10/01/2022,GRA,ST004,QAR,PRK.1746,GRAZE CLUB SANDWICH,42,798,798,19
10/01/2022,GRA,ST004,QAR,PRK.1747,BEEF BURGER,35,560,525,16
10/01/2022,GRA,ST004,QAR,PRK.1748,Chicken Shawarma,18,5994,5976,333
10/01/2022,GRA,ST004,QAR,PRK.1749,Tenderloin Beef Shawarma,22,3740,3718,170
10/01/2022,GRA,ST004,QAR,PRK.1750,Cream Cheese Roll,9,801,801,89
10/01/2022,GRA,ST004,QAR,PRK.1751,Egg Mayo Roll,9,1611,1611,179
10/01/2022,GRA,ST004,QAR,PRK.1771,Pistachio Arabeshi,5,1470,1470,294
10/01/2022,GRA,ST004,QAR,PRK.1772,Fresh Raspberry,5,920,920,184
10/01/2022,GRA,ST004,QAR,PRK.1773,Fresh blueberry,5,460,460,92
10/01/2022,GRA,ST004,QAR,PRK.1774,Chocolate Flakes,5,350,350,70
10/01/2022,GRA,ST004,QAR,PRK.1775,Honey Comb,5,110,110,22
10/01/2022,GRA,ST004,QAR,PRK.1776,Milk powder,3,48,48,16
10/01/2022,GRA,ST004,QAR,PRK.4501,Full Fat Milk,0,0,0,7
10/01/2022,GRA,ST004,QAR,PRK.4502,Low Fat Milk,0,0,0,43
10/01/2022,GRA,ST004,QAR,PRK.4503,Almond Milk,2,348,348,174
10/01/2022,GRA,ST004,QAR,PRK.4504,Soya Milk,2,68,68,34
10/01/2022,GRA,ST004,QAR,PRK.4505,Less Sweet,0,0,0,3
10/01/2022,GRA,ST004,QAR,PRK.4506,More Sweet,0,0,0,2
10/01/2022,GRA,ST004,QAR,PRK.4509,Double Shot,0,0,0,12
10/01/2022,GRA,ST004,QAR,PRK.4511,More Hot,0,0,0,3
10/01/2022,GRA,ST004,QAR,PRK.4512,Milk on the Side,0,0,0,1
10/01/2022,GRA,ST004,QAR,PRK.4515,More Ice,0,0,0,2
10/01/2022,GRA,ST004,QAR,PRK.4516,Decaf,0,0,0,11
10/01/2022,GRA,ST004,QAR,PRK.4517,Vanilla Flavor,0,0,0,8
10/01/2022,GRA,ST004,QAR,PRK.4518,Chocolate Flavor,0,0,0,1
10/01/2022,GRA,ST004,QAR,PRK.4519,caramel flavor,0,0,0,2
10/01/2022,GRA,ST004,QAR,PRK.4531,w/ Granola,0,0,0,81
10/01/2022,GRA,ST004,QAR,PRK.4533,w/ Pretzel,0,0,0,6
10/01/2022,GRA,ST004,QAR,PRK.4534,w/ Coconut Flakes,0,0,0,45
10/01/2022,GRA,ST004,QAR,PRK.4535,w/ Crispy Crepe,0,0,0,107
10/01/2022,GRA,ST004,QAR,PRK.4537,w/ Mixed Berries Sauce,0,0,0,29
10/01/2022,GRA,ST004,QAR,PRK.4541,w/ Strawberry,0,0,0,252
10/01/2022,GRA,ST004,QAR,PRK.4543,w/ Salted Caramel,0,0,0,42
10/01/2022,GRA,ST004,QAR,PRK.4544,w/ Pomegranate,0,0,0,211
10/01/2022,GRA,ST004,QAR,PRK.4545,w/ Dulce de leche,0,0,0,32
10/01/2022,GRA,ST004,QAR,PRK.4549,w/ Mango Sauce,0,0,0,51
10/01/2022,GRA,ST004,QAR,PRK.4550,w/ Mango,0,0,0,403
10/01/2022,GRA,ST004,QAR,PRK.4551,w/ Peanut Butter Sauce,0,0,0,33
10/01/2022,GRA,ST004,QAR,PRK.4552,w/ Crushed Grahams,0,0,0,16
10/01/2022,GRA,ST004,QAR,PRK.4556,w/Kiwi Fruit,0,0,0,28
10/01/2022,GRA,ST004,QAR,PRK.4557,w/Lotus Biscut,0,0,0,73
10/01/2022,GRA,ST004,QAR,PRK.4558,w/Fresh Pineapple,0,0,0,44
10/01/2022,GRA,ST004,QAR,PRK.4561,MIXED FROZEN YOGURT,0,0,0,20
10/01/2022,GRA,ST004,QAR,PRK.4562,MIXED MANGO YOGURT,0,0,0,153
