DATE,BRANCHCODE,WAREHOUSECODE,CURRENCY,ERPCODE,ITEMNAME,RAWPRICE,GROSSAMT,NETVALUE,QTYSOLD
11/01/2022,GRA,ST004,QAR,PRK.902,Granola,55,1650,1650,30
11/01/2022,GRA,ST004,QAR,PRK.903,Graze Spicy  Mix,55,110,110,2
11/01/2022,GRA,ST004,QAR,PRK.904,Graze House Mix,55,55,55,1
11/01/2022,GRA,ST004,QAR,PRK.907,Zaatar Chips,6,486,480,81
11/01/2022,GRA,ST004,QAR,PRK.909,Spicy Pesto Chips,6,348,342,58
11/01/2022,GRA,ST004,QAR,PRK.910,Graze Spicy Mix Sml,25,850,825,34
11/01/2022,GRA,ST004,QAR,PRK.911,Graze House Mix Sml,25,1250,1225,50
11/01/2022,GRA,ST004,QAR,PRK.961,Extra cheese,5,65,65,13
11/01/2022,GRA,ST004,QAR,PRK.962,Extra flavor,3,45,45,15
11/01/2022,GRA,ST004,QAR,PRK.994,Crsnt w Egg/Avaca/ SunTom,24,4344,4344,181
11/01/2022,GRA,ST004,QAR,PRK.995,Egg Burrito,20,2860,2860,143
11/01/2022,GRA,ST004,QAR,PRK.996,Blueberry Granola parfait,25,3850,3850,154
11/01/2022,GRA,ST004,QAR,PRK.997,Yog Dates Chia Pista Alm,22,3080,3080,140
11/01/2022,GRA,ST004,QAR,PRK.1003,Cheese Croissant,16,640,640,40
11/01/2022,GRA,ST004,QAR,PRK.1007,Zatar Croissant,16,1008,1008,63
11/01/2022,GRA,ST004,QAR,PRK.1008,Chocolate Croissant,16,1008,1008,63
11/01/2022,GRA,ST004,QAR,PRK.1010,Tomato Puff Pastry,16,1504,1488,94
11/01/2022,GRA,ST004,QAR,PRK.1012,Three Berry Yogurt & Date,25,1150,1150,46
11/01/2022,GRA,ST004,QAR,PRK.1015,Kiri Cheese Danish,14,1232,1232,88
11/01/2022,GRA,ST004,QAR,PRK.1016,Plain Croissant,10,730,730,73
11/01/2022,GRA,ST004,QAR,PRK.1020,Almond Croissant,16,800,784,50
11/01/2022,GRA,ST004,QAR,PRK.1021,Shirazi Salad,12,1428,1404,119
11/01/2022,GRA,ST004,QAR,PRK.1023,Falafel Salad,45,5130,5085,114
11/01/2022,GRA,ST004,QAR,PRK.1024,Quinoa Swt potato Salad,40,1840,1840,46
11/01/2022,GRA,ST004,QAR,PRK.1027,Mex Chkn Chilli Bean Sld,40,4800,4720,120
11/01/2022,GRA,ST004,QAR,PRK.1029,Burrata Salad,50,1050,1050,21
11/01/2022,GRA,ST004,QAR,PRK.1031,Teriyaki GRAZE Salmn,55,10780,10670,196
11/01/2022,GRA,ST004,QAR,PRK.1039,Keto Chicken Salad,40,6160,6080,154
11/01/2022,GRA,ST004,QAR,PRK.1046,Greek Salad,30,2970,2940,99
11/01/2022,GRA,ST004,QAR,PRK.1048,Mexican  Caesar Salad chk,39,8892,8892,228
11/01/2022,GRA,ST004,QAR,PRK.1049,ROCCA SALAD,22,1276,1276,58
11/01/2022,GRA,ST004,QAR,PRK.1052,Smoke Turkey Sandwich,34,8466,8466,249
11/01/2022,GRA,ST004,QAR,PRK.1054,lemon&Rosemary Chkn,36,8784,8676,244
11/01/2022,GRA,ST004,QAR,PRK.1057,Steak & Philly Chz SW,32,3456,3456,108
11/01/2022,GRA,ST004,QAR,PRK.1063,Egg Mayo with Rocket,20,1640,1640,82
11/01/2022,GRA,ST004,QAR,PRK.1068,Crispy Chicken Bun,24,2232,2232,93
11/01/2022,GRA,ST004,QAR,PRK.1070,Chicken Pesto & Mozzarell,32,4384,4384,137
11/01/2022,GRA,ST004,QAR,PRK.1075,Avocado Toast,40,1640,1600,41
11/01/2022,GRA,ST004,QAR,PRK.1077,Spicy Halloumi,38,3990,3990,105
11/01/2022,GRA,ST004,QAR,PRK.1078,Graze Breakfast (egg box),32,1600,1600,50
11/01/2022,GRA,ST004,QAR,PRK.1083,Chkn Soup,19,3572,3534,188
11/01/2022,GRA,ST004,QAR,PRK.1087,Lentil Soup,20,3900,3880,195
11/01/2022,GRA,ST004,QAR,PRK.1089,Vegetable soup,16,1120,1104,70
11/01/2022,GRA,ST004,QAR,PRK.1113,Chkn Katsu Curry,45,10215,10215,227
11/01/2022,GRA,ST004,QAR,PRK.1115,Mushroom Pasta,40,5400,5400,135
11/01/2022,GRA,ST004,QAR,PRK.1118,Steak With Mushroom Sauce,45,10080,9720,224
11/01/2022,GRA,ST004,QAR,PRK.1119,Chicken Biryani,45,15615,15525,347
11/01/2022,GRA,ST004,QAR,PRK.1121,Chinese Sesame Chicken,40,7640,7600,191
11/01/2022,GRA,ST004,QAR,PRK.1127,Rock Shrimp,45,5400,5400,120
11/01/2022,GRA,ST004,QAR,PRK.1133,Lamb  Kabsa,45,10440,10305,232
11/01/2022,GRA,ST004,QAR,PRK.1140,Chicken Curry & Saffron r,43,6106,6063,142
11/01/2022,GRA,ST004,QAR,PRK.1141,CRAB BOWL,28,756,728,27
11/01/2022,GRA,ST004,QAR,PRK.1145,Yoghurt & Cucumber dip,12,696,696,58
11/01/2022,GRA,ST004,QAR,PRK.1146,Spicy Guacamole Pot,13,884,884,68
11/01/2022,GRA,ST004,QAR,PRK.1149,Edamame Pot,12,660,660,55
11/01/2022,GRA,ST004,QAR,PRK.1155,Classic hummus pot,18,486,486,27
11/01/2022,GRA,ST004,QAR,PRK.1159,Greek Tabbouleh,20,1180,1160,59
11/01/2022,GRA,ST004,QAR,PRK.1160,Egg pot,16,384,368,24
11/01/2022,GRA,ST004,QAR,PRK.1161,Labneh Beetroot,12,264,264,22
11/01/2022,GRA,ST004,QAR,PRK.1173,Choco Chia Energy Ball,30,1260,1260,42
11/01/2022,GRA,ST004,QAR,PRK.1175,Pecan Bars,14,826,826,59
11/01/2022,GRA,ST004,QAR,PRK.1177,Carrot Cake,15,945,915,63
11/01/2022,GRA,ST004,QAR,PRK.1178,Sweet Potatoe Choco Cake,15,105,105,7
11/01/2022,GRA,ST004,QAR,PRK.1181,Green Apple,2,24,24,12
11/01/2022,GRA,ST004,QAR,PRK.1182,Red Apple,2,52,52,26
11/01/2022,GRA,ST004,QAR,PRK.1183,Bannana,2,424,424,212
11/01/2022,GRA,ST004,QAR,PRK.1184,Watermelon,18,2520,2520,140
11/01/2022,GRA,ST004,QAR,PRK.1185,Pineapplemix,18,2538,2538,141
11/01/2022,GRA,ST004,QAR,PRK.1186,Mixed Berries,22,3410,3410,155
11/01/2022,GRA,ST004,QAR,PRK.1194,Lotus Cheesecake,15,1410,1410,94
11/01/2022,GRA,ST004,QAR,PRK.1196,Chia Blueberry Yodurt,24,1056,1056,44
11/01/2022,GRA,ST004,QAR,PRK.1201,Iced Flat White,18,162,162,9
11/01/2022,GRA,ST004,QAR,PRK.1203,Iced Spanish Latte,20,2160,2160,108
11/01/2022,GRA,ST004,QAR,PRK.1204,Iced Latte,18,1044,1044,58
11/01/2022,GRA,ST004,QAR,PRK.1205,Iced Americano,15,825,825,55
11/01/2022,GRA,ST004,QAR,PRK.1234,Pepperoni Pizza small,40,480,480,12
11/01/2022,GRA,ST004,QAR,PRK.1235,Margherita Pizza small,30,540,540,18
11/01/2022,GRA,ST004,QAR,PRK.1236,BBQ chicken Pizza small,35,385,385,11
11/01/2022,GRA,ST004,QAR,PRK.1262,Highland Still,5,3230,3215,646
11/01/2022,GRA,ST004,QAR,PRK.1265,Perrier Sparkling,9,1728,1728,192
11/01/2022,GRA,ST004,QAR,PRK.1291,Coke,5,1195,1175,239
11/01/2022,GRA,ST004,QAR,PRK.1292,Diet Coke,5,1940,1940,388
11/01/2022,GRA,ST004,QAR,PRK.1328,Stay Home w/ Graze L 6 X1,195,195,195,1
11/01/2022,GRA,ST004,QAR,PRK.1335,Cool Box,15,30,30,2
11/01/2022,GRA,ST004,QAR,PRK.1351,Espresso Single,12,828,792,69
11/01/2022,GRA,ST004,QAR,PRK.1353,Americano Hot,15,3240,3240,216
11/01/2022,GRA,ST004,QAR,PRK.1354,Flat White Hot,18,2520,2520,140
11/01/2022,GRA,ST004,QAR,PRK.1355,Cappucino,18,4212,4212,234
11/01/2022,GRA,ST004,QAR,PRK.1356,Cortado,18,954,954,53
11/01/2022,GRA,ST004,QAR,PRK.1358,Spanish Latte,20,2200,2200,110
11/01/2022,GRA,ST004,QAR,PRK.1359,Classic Mocha,25,775,775,31
11/01/2022,GRA,ST004,QAR,PRK.1360,Slated Caramel Mocha,25,950,950,38
11/01/2022,GRA,ST004,QAR,PRK.1362,Double Espresso,14,812,798,58
11/01/2022,GRA,ST004,QAR,PRK.1363,Latte Hot,18,3744,3744,208
11/01/2022,GRA,ST004,QAR,PRK.1364,English B/F,12,276,276,23
11/01/2022,GRA,ST004,QAR,PRK.1365,Green Tea,12,36,36,3
11/01/2022,GRA,ST004,QAR,PRK.1366,Earl Grey,12,264,264,22
11/01/2022,GRA,ST004,QAR,PRK.1367,Pepper Mint,12,24,24,2
11/01/2022,GRA,ST004,QAR,PRK.1368,Lemon Grass/ Ginger,12,120,120,10
11/01/2022,GRA,ST004,QAR,PRK.1369,Jasmine,12,60,60,5
11/01/2022,GRA,ST004,QAR,PRK.1371,Chamomile,12,24,24,2
11/01/2022,GRA,ST004,QAR,PRK.1372,Hot Cocoa,24,696,696,29
11/01/2022,GRA,ST004,QAR,PRK.1373,Hibiscus Iced tea,18,1152,1152,64
11/01/2022,GRA,ST004,QAR,PRK.1374,Peach Iced Tea,18,630,630,35
11/01/2022,GRA,ST004,QAR,PRK.1375,Matcha Latte,25,175,175,7
11/01/2022,GRA,ST004,QAR,PRK.1376,Cinnamon Latte,25,275,275,11
11/01/2022,GRA,ST004,QAR,PRK.1386,Orange Juice,22,8514,8492,387
11/01/2022,GRA,ST004,QAR,PRK.1387,Carrot Juice,22,726,726,33
11/01/2022,GRA,ST004,QAR,PRK.1390,Morning Boost,24,2880,2880,120
11/01/2022,GRA,ST004,QAR,PRK.1392,Immune Boost,22,2178,2156,99
11/01/2022,GRA,ST004,QAR,PRK.1396,Ginger Aid Shot,18,5076,5076,282
11/01/2022,GRA,ST004,QAR,PRK.1402,Laban Drink,18,1080,1062,60
11/01/2022,GRA,ST004,QAR,PRK.1404,Green Boost Juice,24,3072,3072,128
11/01/2022,GRA,ST004,QAR,PRK.1406,Beetroot & Apple Juice,20,2120,2100,106
11/01/2022,GRA,ST004,QAR,PRK.1409,Turmeric wellness shot,16,2704,2688,169
11/01/2022,GRA,ST004,QAR,PRK.1412, Mini Cup Yogurt,14,2044,2044,146
11/01/2022,GRA,ST004,QAR,PRK.1413,Regular Cup Yogurt,21,1365,1365,65
11/01/2022,GRA,ST004,QAR,PRK.1416,Large Cup Yogurt,23,874,874,38
11/01/2022,GRA,ST004,QAR,PRK.1418, Mini Cup Yogurt/Topping,18,1998,1998,111
11/01/2022,GRA,ST004,QAR,PRK.1419,Reg Cup Yogurt/Toping,26,1898,1898,73
11/01/2022,GRA,ST004,QAR,PRK.1422,Large Cup Yogurt/Topping,30,300,300,10
11/01/2022,GRA,ST004,QAR,PRK.1429,Mini Mango Ice Cream,14,5138,5138,367
11/01/2022,GRA,ST004,QAR,PRK.1430,Regular Mango Ice Cream,21,3381,3381,161
11/01/2022,GRA,ST004,QAR,PRK.1431,Large Mango Ice Cream,23,1058,1058,46
11/01/2022,GRA,ST004,QAR,PRK.1432,Mini Mango Ice Cream/Topp,18,2970,2970,165
11/01/2022,GRA,ST004,QAR,PRK.1433,Reg Mango Ice cream/Topp,26,3016,3016,116
11/01/2022,GRA,ST004,QAR,PRK.1434,Large Mango Ice Cream/Top,30,480,480,16
11/01/2022,GRA,ST004,QAR,PRK.1464,Fresh Pineapple,3,30,30,10
11/01/2022,GRA,ST004,QAR,PRK.1469,Kiwi Fruit,3,18,18,6
11/01/2022,GRA,ST004,QAR,PRK.1470,Lotus Biscuit,3,39,39,13
11/01/2022,GRA,ST004,QAR,PRK.1472,CHICKEN CURRY & RICE,48,2976,2976,62
11/01/2022,GRA,ST004,QAR,PRK.1474, Spaghetti Bolognese,45,3015,3015,67
11/01/2022,GRA,ST004,QAR,PRK.1475,Salmon with Cilantro Rice,65,5915,5915,91
11/01/2022,GRA,ST004,QAR,PRK.1476,Chicken Noodle Bowl,40,3840,3840,96
11/01/2022,GRA,ST004,QAR,PRK.1501,pomegranate,3,144,144,48
11/01/2022,GRA,ST004,QAR,PRK.1502,Strawberry,3,213,213,71
11/01/2022,GRA,ST004,QAR,PRK.1505,Salted Caramel,3,42,42,14
11/01/2022,GRA,ST004,QAR,PRK.1506,Pretzel,3,12,12,4
11/01/2022,GRA,ST004,QAR,PRK.1507,Crispy Crepe,3,75,75,25
11/01/2022,GRA,ST004,QAR,PRK.1508,Granola,3,45,45,15
11/01/2022,GRA,ST004,QAR,PRK.1509,Coconut Flakes,3,66,66,22
11/01/2022,GRA,ST004,QAR,PRK.1510,Crushed Graham,3,15,15,5
11/01/2022,GRA,ST004,QAR,PRK.1514,Dulce de Leche,3,24,24,8
11/01/2022,GRA,ST004,QAR,PRK.1520,Mixed Berries Sauce,3,12,12,4
11/01/2022,GRA,ST004,QAR,PRK.1521,Mango Sauce,3,27,27,9
11/01/2022,GRA,ST004,QAR,PRK.1523,Peanut Butter Sauce,3,24,24,8
11/01/2022,GRA,ST004,QAR,PRK.1527,Mango,3,147,147,49
11/01/2022,GRA,ST004,QAR,PRK.1531,Power Shake,35,420,385,12
11/01/2022,GRA,ST004,QAR,PRK.1532,Peanut Power Shake,35,280,280,8
11/01/2022,GRA,ST004,QAR,PRK.1533,Pre-workout protein shak,45,360,360,8
11/01/2022,GRA,ST004,QAR,PRK.1534,Choco Power Shake,35,35,35,1
11/01/2022,GRA,ST004,QAR,PRK.1536,Energizer protine Shakes,45,1440,1440,32
11/01/2022,GRA,ST004,QAR,PRK.1538,Pre-workout shake,35,70,70,2
11/01/2022,GRA,ST004,QAR,PRK.1540,Energizer shakes,35,210,210,6
11/01/2022,GRA,ST004,QAR,PRK.1542,14oz Pre-work out Protein,40,160,160,4
11/01/2022,GRA,ST004,QAR,PRK.1545,14oz Energizer protine,40,40,40,1
11/01/2022,GRA,ST004,QAR,PRK.1546,14oz Pre-workout shake,30,30,30,1
11/01/2022,GRA,ST004,QAR,PRK.1548,14oz Energizer shakes,30,90,90,3
11/01/2022,GRA,ST004,QAR,PRK.1550,Extra Protein,10,180,180,18
11/01/2022,GRA,ST004,QAR,PRK.1581,Mini coconut frz yog I/C,14,938,938,67
11/01/2022,GRA,ST004,QAR,PRK.1582,Regular coconut frz yog I,21,630,630,30
11/01/2022,GRA,ST004,QAR,PRK.1583,Large coconut frz yog I/C,23,161,161,7
11/01/2022,GRA,ST004,QAR,PRK.1584,Mini coconut frz yog top,18,1026,1026,57
11/01/2022,GRA,ST004,QAR,PRK.1585,Reg- coconut frz yog Topp,26,1248,1248,48
11/01/2022,GRA,ST004,QAR,PRK.1586,Large coconut frz yog Top,30,210,210,7
11/01/2022,GRA,ST004,QAR,PRK.1587,Supersize,45,180,180,4
11/01/2022,GRA,ST004,QAR,PRK.1588,Acai Small,35,5075,5075,145
11/01/2022,GRA,ST004,QAR,PRK.1589,Acai Large,40,3360,3360,84
11/01/2022,GRA,ST004,QAR,PRK.1621,Orange loaf,12,648,648,54
11/01/2022,GRA,ST004,QAR,PRK.1623,Brownie flavour cookies,10,1810,1800,181
11/01/2022,GRA,ST004,QAR,PRK.1626,Cinnamon Roll,13,754,754,58
11/01/2022,GRA,ST004,QAR,PRK.1628,Brownie bites,13,1131,1131,87
11/01/2022,GRA,ST004,QAR,PRK.1632,Turkey cheese roll,19,1083,1064,57
11/01/2022,GRA,ST004,QAR,PRK.1633,Spinach feta roll,18,1296,1260,72
11/01/2022,GRA,ST004,QAR,PRK.1634,Madeleine,12,1596,1572,133
11/01/2022,GRA,ST004,QAR,PRK.1651,■PB & Jam sourdough bread,18,648,630,36
11/01/2022,GRA,ST004,QAR,PRK.1652,■Italian Poached Eggs,32,256,256,8
11/01/2022,GRA,ST004,QAR,PRK.1655,Graze Oatmeal,30,2520,2520,84
11/01/2022,GRA,ST004,QAR,PRK.1681,Salted Caramel Mocha,24,456,456,19
11/01/2022,GRA,ST004,QAR,PRK.1682,■Matcha Frappe,26,598,598,23
11/01/2022,GRA,ST004,QAR,PRK.1711,Pomegranate Pot,18,1152,1152,64
11/01/2022,GRA,ST004,QAR,PRK.1712,Mango Peach Muesli Pot,24,48,48,2
11/01/2022,GRA,ST004,QAR,PRK.1713,Overnight oats PB&Jam,25,2925,2925,117
11/01/2022,GRA,ST004,QAR,PRK.1741,Spicy Tuna sandwich,26,2938,2938,113
11/01/2022,GRA,ST004,QAR,PRK.1742,Three cheese,22,2464,2464,112
11/01/2022,GRA,ST004,QAR,PRK.1743,Falafel and Labna,25,1100,1100,44
11/01/2022,GRA,ST004,QAR,PRK.1747,BEEF BURGER,35,595,595,17
11/01/2022,GRA,ST004,QAR,PRK.1748,Chicken Shawarma,18,5328,5310,296
11/01/2022,GRA,ST004,QAR,PRK.1749,Tenderloin Beef Shawarma,22,2728,2728,124
11/01/2022,GRA,ST004,QAR,PRK.1750,Cream Cheese Roll,9,423,414,47
11/01/2022,GRA,ST004,QAR,PRK.1751,Egg Mayo Roll,9,1008,1008,112
11/01/2022,GRA,ST004,QAR,PRK.1771,Pistachio Arabeshi,5,1130,1130,226
11/01/2022,GRA,ST004,QAR,PRK.1772,Fresh Raspberry,5,860,860,172
11/01/2022,GRA,ST004,QAR,PRK.1773,Fresh blueberry,5,585,585,117
11/01/2022,GRA,ST004,QAR,PRK.1774,Chocolate Flakes,5,275,275,55
11/01/2022,GRA,ST004,QAR,PRK.1775,Honey Comb,5,95,95,19
11/01/2022,GRA,ST004,QAR,PRK.1776,Milk powder,3,9,9,3
11/01/2022,GRA,ST004,QAR,PRK.4501,Full Fat Milk,0,0,0,11
11/01/2022,GRA,ST004,QAR,PRK.4502,Low Fat Milk,0,0,0,32
11/01/2022,GRA,ST004,QAR,PRK.4503,Almond Milk,2,162,162,81
11/01/2022,GRA,ST004,QAR,PRK.4504,Soya Milk,2,36,36,18
11/01/2022,GRA,ST004,QAR,PRK.4505,Less Sweet,0,0,0,4
11/01/2022,GRA,ST004,QAR,PRK.4506,More Sweet,0,0,0,4
11/01/2022,GRA,ST004,QAR,PRK.4509,Double Shot,0,0,0,8
11/01/2022,GRA,ST004,QAR,PRK.4511,More Hot,0,0,0,5
11/01/2022,GRA,ST004,QAR,PRK.4516,Decaf,0,0,0,18
11/01/2022,GRA,ST004,QAR,PRK.4517,Vanilla Flavor,0,0,0,5
11/01/2022,GRA,ST004,QAR,PRK.4519,caramel flavor,0,0,0,7
11/01/2022,GRA,ST004,QAR,PRK.4520,hazelnut flavor,0,0,0,1
11/01/2022,GRA,ST004,QAR,PRK.4521,Oat Milk,2,44,44,22
11/01/2022,GRA,ST004,QAR,PRK.4522,Skimmed milk,2,66,66,33
11/01/2022,GRA,ST004,QAR,PRK.4523,Coconut Milk,2,18,18,9
11/01/2022,GRA,ST004,QAR,PRK.4531,w/ Granola,0,0,0,83
11/01/2022,GRA,ST004,QAR,PRK.4533,w/ Pretzel,0,0,0,41
11/01/2022,GRA,ST004,QAR,PRK.4534,w/ Coconut Flakes,0,0,0,45
11/01/2022,GRA,ST004,QAR,PRK.4535,w/ Crispy Crepe,0,0,0,152
11/01/2022,GRA,ST004,QAR,PRK.4537,w/ Mixed Berries Sauce,0,0,0,28
11/01/2022,GRA,ST004,QAR,PRK.4541,w/ Strawberry,0,0,0,289
11/01/2022,GRA,ST004,QAR,PRK.4543,w/ Salted Caramel,0,0,0,65
11/01/2022,GRA,ST004,QAR,PRK.4544,w/ Pomegranate,0,0,0,165
11/01/2022,GRA,ST004,QAR,PRK.4545,w/ Dulce de leche,0,0,0,29
11/01/2022,GRA,ST004,QAR,PRK.4549,w/ Mango Sauce,0,0,0,37
11/01/2022,GRA,ST004,QAR,PRK.4550,w/ Mango,0,0,0,355
11/01/2022,GRA,ST004,QAR,PRK.4551,w/ Peanut Butter Sauce,0,0,0,31
11/01/2022,GRA,ST004,QAR,PRK.4552,w/ Crushed Grahams,0,0,0,17
11/01/2022,GRA,ST004,QAR,PRK.4556,w/Kiwi Fruit,0,0,0,16
11/01/2022,GRA,ST004,QAR,PRK.4557,w/Lotus Biscut,0,0,0,20
11/01/2022,GRA,ST004,QAR,PRK.4558,w/Fresh Pineapple,0,0,0,25
11/01/2022,GRA,ST004,QAR,PRK.4561,MIXED FROZEN YOGURT,0,0,0,16
11/01/2022,GRA,ST004,QAR,PRK.4562,MIXED MANGO YOGURT,0,0,0,117
