DATE,BRANCHCODE,WAREHOUSECODE,CURRENCY,ERPCODE,ITEMNAME,RAWPRICE,GROSSAMT,NETVALUE,QTYSOLD
07/01/2022,GRA,ST004,QAR,PRK.902,Granola,55,935,935,17
07/01/2022,GRA,ST004,QAR,PRK.903,Graze Spicy  Mix,55,110,110,2
07/01/2022,GRA,ST004,QAR,PRK.904,Graze House Mix,55,110,110,2
07/01/2022,GRA,ST004,QAR,PRK.907,Zaatar Chips,6,354,354,59
07/01/2022,GRA,ST004,QAR,PRK.909,Spicy Pesto Chips,6,378,378,63
07/01/2022,GRA,ST004,QAR,PRK.910,Graze Spicy Mix Sml,25,500,500,20
07/01/2022,GRA,ST004,QAR,PRK.911,Graze House Mix Sml,25,975,975,39
07/01/2022,GRA,ST004,QAR,PRK.961,Extra cheese,5,5,5,1
07/01/2022,GRA,ST004,QAR,PRK.962,Extra flavor,3,12,12,4
07/01/2022,GRA,ST004,QAR,PRK.994,Crsnt w Egg/Avaca/ SunTom,24,4320,4320,180
07/01/2022,GRA,ST004,QAR,PRK.995,Egg Burrito,20,2060,2060,103
07/01/2022,GRA,ST004,QAR,PRK.996,Blueberry Granola parfait,25,3075,3075,123
07/01/2022,GRA,ST004,QAR,PRK.997,Yog Dates Chia Pista Alm,22,3146,3146,143
07/01/2022,GRA,ST004,QAR,PRK.1003,Cheese Croissant,16,464,464,29
07/01/2022,GRA,ST004,QAR,PRK.1007,Zatar Croissant,16,720,720,45
07/01/2022,GRA,ST004,QAR,PRK.1008,Chocolate Croissant,16,368,368,23
07/01/2022,GRA,ST004,QAR,PRK.1010,Tomato Puff Pastry,16,960,960,60
07/01/2022,GRA,ST004,QAR,PRK.1012,Three Berry Yogurt & Date,25,975,975,39
07/01/2022,GRA,ST004,QAR,PRK.1015,Kiri Cheese Danish,14,966,966,69
07/01/2022,GRA,ST004,QAR,PRK.1016,Plain Croissant,10,350,350,35
07/01/2022,GRA,ST004,QAR,PRK.1020,Almond Croissant,16,304,304,19
07/01/2022,GRA,ST004,QAR,PRK.1021,Shirazi Salad,12,1380,1380,115
07/01/2022,GRA,ST004,QAR,PRK.1023,Falafel Salad,35,2520,2520,72
07/01/2022,GRA,ST004,QAR,PRK.1024,Quinoa Swt potato Salad,40,1440,1440,36
07/01/2022,GRA,ST004,QAR,PRK.1027,Mex Chkn Chilli Bean Sld,40,4440,4440,111
07/01/2022,GRA,ST004,QAR,PRK.1029,Burrata Salad,50,2100,2100,42
07/01/2022,GRA,ST004,QAR,PRK.1031,Teriyaki GRAZE Salmn,55,12210,12210,222
07/01/2022,GRA,ST004,QAR,PRK.1034,BBQ Chick Peas,38,1862,1862,49
07/01/2022,GRA,ST004,QAR,PRK.1039,Keto Chicken Salad,40,6240,6240,156
07/01/2022,GRA,ST004,QAR,PRK.1044,Southern Chicken Salad,45,3600,3600,80
07/01/2022,GRA,ST004,QAR,PRK.1048,Mexican  Caesar Salad chk,39,9516,9516,244
07/01/2022,GRA,ST004,QAR,PRK.1049,ROCCA SALAD,22,1650,1650,75
07/01/2022,GRA,ST004,QAR,PRK.1052,Smoke Turkey Sandwich,34,6052,6052,178
07/01/2022,GRA,ST004,QAR,PRK.1054,lemon&Rosemary Chkn,36,8712,8712,242
07/01/2022,GRA,ST004,QAR,PRK.1057,Steak & Philly Chz SW,32,2528,2528,79
07/01/2022,GRA,ST004,QAR,PRK.1063,Egg Mayo with Rocket,20,1020,1020,51
07/01/2022,GRA,ST004,QAR,PRK.1068,Crispy Chicken Bun,24,1776,1776,74
07/01/2022,GRA,ST004,QAR,PRK.1070,Chicken Pesto & Mozzarell,32,4096,4096,128
07/01/2022,GRA,ST004,QAR,PRK.1075,Avocado Toast,40,1840,1840,46
07/01/2022,GRA,ST004,QAR,PRK.1077,Spicy Halloumi,38,3002,3002,79
07/01/2022,GRA,ST004,QAR,PRK.1078,Graze Breakfast (egg box),32,1152,1152,36
07/01/2022,GRA,ST004,QAR,PRK.1079,Smoked Salmon Sandwich,35,70,70,2
07/01/2022,GRA,ST004,QAR,PRK.1083,Chkn Soup,19,2793,2793,147
07/01/2022,GRA,ST004,QAR,PRK.1086,Lamb Soup,28,924,924,33
07/01/2022,GRA,ST004,QAR,PRK.1087,Lentil Soup,20,3200,3200,160
07/01/2022,GRA,ST004,QAR,PRK.1111,Penne Bolognese,50,2350,2350,47
07/01/2022,GRA,ST004,QAR,PRK.1113,Chkn Katsu Curry,45,9630,9630,214
07/01/2022,GRA,ST004,QAR,PRK.1115,Mushroom Pasta,40,3840,3840,96
07/01/2022,GRA,ST004,QAR,PRK.1118,Steak With Mushroom Sauce,45,7695,7695,171
07/01/2022,GRA,ST004,QAR,PRK.1119,Chicken Biryani,45,12285,12285,273
07/01/2022,GRA,ST004,QAR,PRK.1121,Chinese Sesame Chicken,40,7200,7200,180
07/01/2022,GRA,ST004,QAR,PRK.1127,Rock Shrimp,45,6750,6750,150
07/01/2022,GRA,ST004,QAR,PRK.1133,Lamb  Kabsa,45,7830,7830,174
07/01/2022,GRA,ST004,QAR,PRK.1140,Chicken Curry & Saffron r,43,6063,6063,141
07/01/2022,GRA,ST004,QAR,PRK.1141,CRAB BOWL,28,560,560,20
07/01/2022,GRA,ST004,QAR,PRK.1145,Yoghurt & Cucumber dip,12,480,480,40
07/01/2022,GRA,ST004,QAR,PRK.1146,Spicy Guacamole Pot,13,1027,1027,79
07/01/2022,GRA,ST004,QAR,PRK.1149,Edamame Pot,12,768,768,64
07/01/2022,GRA,ST004,QAR,PRK.1155,Classic hummus pot,18,144,144,8
07/01/2022,GRA,ST004,QAR,PRK.1159,Greek Tabbouleh,20,1320,1320,66
07/01/2022,GRA,ST004,QAR,PRK.1160,Egg pot,16,496,496,31
07/01/2022,GRA,ST004,QAR,PRK.1173,Choco Chia Energy Ball,30,780,780,26
07/01/2022,GRA,ST004,QAR,PRK.1175,Pecan Bars,14,560,560,40
07/01/2022,GRA,ST004,QAR,PRK.1177,Carrot Cake,15,525,525,35
07/01/2022,GRA,ST004,QAR,PRK.1178,Sweet Potatoe Choco Cake,15,375,375,25
07/01/2022,GRA,ST004,QAR,PRK.1181,Green Apple,2,12,12,6
07/01/2022,GRA,ST004,QAR,PRK.1182,Red Apple,2,24,24,12
07/01/2022,GRA,ST004,QAR,PRK.1183,Bannana,2,212,212,106
07/01/2022,GRA,ST004,QAR,PRK.1184,Watermelon,18,2502,2502,139
07/01/2022,GRA,ST004,QAR,PRK.1185,Pineapplemix,18,2142,2142,119
07/01/2022,GRA,ST004,QAR,PRK.1186,Mixed Berries,22,2640,2640,120
07/01/2022,GRA,ST004,QAR,PRK.1194,Lotus Cheesecake,15,630,630,42
07/01/2022,GRA,ST004,QAR,PRK.1196,Chia Blueberry Yodurt,24,480,480,20
07/01/2022,GRA,ST004,QAR,PRK.1201,Iced Flat White,18,342,342,19
07/01/2022,GRA,ST004,QAR,PRK.1203,Iced Spanish Latte,20,1600,1600,80
07/01/2022,GRA,ST004,QAR,PRK.1204,Iced Latte,18,738,738,41
07/01/2022,GRA,ST004,QAR,PRK.1205,Iced Americano,15,1005,1005,67
07/01/2022,GRA,ST004,QAR,PRK.1234,Pepperoni Pizza small,40,360,360,9
07/01/2022,GRA,ST004,QAR,PRK.1235,Margherita Pizza small,30,540,540,18
07/01/2022,GRA,ST004,QAR,PRK.1236,BBQ chicken Pizza small,35,350,350,10
07/01/2022,GRA,ST004,QAR,PRK.1262,Highland Still,5,2895,2895,579
07/01/2022,GRA,ST004,QAR,PRK.1265,Perrier Sparkling,9,342,342,38
07/01/2022,GRA,ST004,QAR,PRK.1291,Coke,5,815,815,163
07/01/2022,GRA,ST004,QAR,PRK.1292,Diet Coke,5,1580,1580,316
07/01/2022,GRA,ST004,QAR,PRK.1329,Stay Home w/ Graze L 8 X1,250,250,250,1
07/01/2022,GRA,ST004,QAR,PRK.1333,Stay Home w/Graze M 6 X1,130,390,390,3
07/01/2022,GRA,ST004,QAR,PRK.1334,Stay Home w/Graze M12 X1,240,1680,1680,7
07/01/2022,GRA,ST004,QAR,PRK.1335,Cool Box,15,225,210,15
07/01/2022,GRA,ST004,QAR,PRK.1351,Espresso Single,12,252,252,21
07/01/2022,GRA,ST004,QAR,PRK.1352,Macchiato,18,36,36,2
07/01/2022,GRA,ST004,QAR,PRK.1353,Americano Hot,15,1455,1455,97
07/01/2022,GRA,ST004,QAR,PRK.1354,Flat White Hot,18,1620,1620,90
07/01/2022,GRA,ST004,QAR,PRK.1355,Cappucino,18,2142,2142,119
07/01/2022,GRA,ST004,QAR,PRK.1356,Cortado,18,288,288,16
07/01/2022,GRA,ST004,QAR,PRK.1358,Spanish Latte,20,1660,1660,83
07/01/2022,GRA,ST004,QAR,PRK.1359,Classic Mocha,25,200,200,8
07/01/2022,GRA,ST004,QAR,PRK.1360,Slated Caramel Mocha,25,600,600,24
07/01/2022,GRA,ST004,QAR,PRK.1362,Double Espresso,14,196,196,14
07/01/2022,GRA,ST004,QAR,PRK.1363,Latte Hot,18,2196,2196,122
07/01/2022,GRA,ST004,QAR,PRK.1364,English B/F,12,252,252,21
07/01/2022,GRA,ST004,QAR,PRK.1365,Green Tea,12,48,48,4
07/01/2022,GRA,ST004,QAR,PRK.1366,Earl Grey,12,36,36,3
07/01/2022,GRA,ST004,QAR,PRK.1368,Lemon Grass/ Ginger,12,24,24,2
07/01/2022,GRA,ST004,QAR,PRK.1370,Habiscuss & Black Currant,12,24,24,2
07/01/2022,GRA,ST004,QAR,PRK.1371,Chamomile,12,48,48,4
07/01/2022,GRA,ST004,QAR,PRK.1372,Hot Cocoa,24,168,168,7
07/01/2022,GRA,ST004,QAR,PRK.1373,Hibiscus Iced tea,18,1350,1350,75
07/01/2022,GRA,ST004,QAR,PRK.1374,Peach Iced Tea,18,990,990,55
07/01/2022,GRA,ST004,QAR,PRK.1375,Matcha Latte,25,250,250,10
07/01/2022,GRA,ST004,QAR,PRK.1376,Cinnamon Latte,25,150,150,6
07/01/2022,GRA,ST004,QAR,PRK.1383,Watermelon & Coconut cool,20,520,520,26
07/01/2022,GRA,ST004,QAR,PRK.1386,Orange Juice,22,6226,6226,283
07/01/2022,GRA,ST004,QAR,PRK.1387,Carrot Juice,22,572,572,26
07/01/2022,GRA,ST004,QAR,PRK.1390,Morning Boost,24,1944,1944,81
07/01/2022,GRA,ST004,QAR,PRK.1392,Immune Boost,22,2156,2156,98
07/01/2022,GRA,ST004,QAR,PRK.1396,Ginger Aid Shot,18,3888,3888,216
07/01/2022,GRA,ST004,QAR,PRK.1399,Watermelon Granita,20,540,540,27
07/01/2022,GRA,ST004,QAR,PRK.1402,Laban Drink,18,972,972,54
07/01/2022,GRA,ST004,QAR,PRK.1404,Green Boost Juice,24,1728,1728,72
07/01/2022,GRA,ST004,QAR,PRK.1406,Beetroot & Apple Juice,20,2040,2040,102
07/01/2022,GRA,ST004,QAR,PRK.1407,Coconut & Pineapple Juice,24,720,720,30
07/01/2022,GRA,ST004,QAR,PRK.1409,Turmeric wellness shot,16,1152,1152,72
07/01/2022,GRA,ST004,QAR,PRK.1412, Mini Cup Yogurt,14,2072,2072,148
07/01/2022,GRA,ST004,QAR,PRK.1413,Regular Cup Yogurt,21,1323,1323,63
07/01/2022,GRA,ST004,QAR,PRK.1416,Large Cup Yogurt,23,920,920,40
07/01/2022,GRA,ST004,QAR,PRK.1418, Mini Cup Yogurt/Topping,18,1800,1800,100
07/01/2022,GRA,ST004,QAR,PRK.1419,Reg Cup Yogurt/Toping,26,3094,2964,119
07/01/2022,GRA,ST004,QAR,PRK.1422,Large Cup Yogurt/Topping,30,480,480,16
07/01/2022,GRA,ST004,QAR,PRK.1429,Mini Mango Ice Cream,14,7210,7210,515
07/01/2022,GRA,ST004,QAR,PRK.1430,Regular Mango Ice Cream,21,5754,5754,274
07/01/2022,GRA,ST004,QAR,PRK.1431,Large Mango Ice Cream,23,1311,1311,57
07/01/2022,GRA,ST004,QAR,PRK.1432,Mini Mango Ice Cream/Topp,18,3798,3798,211
07/01/2022,GRA,ST004,QAR,PRK.1433,Reg Mango Ice cream/Topp,26,5876,5746,226
07/01/2022,GRA,ST004,QAR,PRK.1434,Large Mango Ice Cream/Top,30,1020,1020,34
07/01/2022,GRA,ST004,QAR,PRK.1435,Mini Cup Milky Ice Cream,14,966,966,69
07/01/2022,GRA,ST004,QAR,PRK.1436,Reg Cup Milky Ice Cream,21,1197,1197,57
07/01/2022,GRA,ST004,QAR,PRK.1437,Lrge Cup Milky Ice Cream,23,92,92,4
07/01/2022,GRA,ST004,QAR,PRK.1438,Mini Cup Milky Ice C/Top,18,594,594,33
07/01/2022,GRA,ST004,QAR,PRK.1439,Reg Cup Milky Ice Cre/Top,26,780,780,30
07/01/2022,GRA,ST004,QAR,PRK.1440,Lrge Cup Milky Ice Cr/Top,30,60,60,2
07/01/2022,GRA,ST004,QAR,PRK.1464,Fresh Pineapple,3,33,33,11
07/01/2022,GRA,ST004,QAR,PRK.1469,Kiwi Fruit,3,6,6,2
07/01/2022,GRA,ST004,QAR,PRK.1470,Lotus Biscuit,3,9,9,3
07/01/2022,GRA,ST004,QAR,PRK.1471,NOODLES BOWL,45,2430,2430,54
07/01/2022,GRA,ST004,QAR,PRK.1472,CHICKEN CURRY & RICE,48,3264,3264,68
07/01/2022,GRA,ST004,QAR,PRK.1473,BEEF STROGANOFF,50,1900,1900,38
07/01/2022,GRA,ST004,QAR,PRK.1501,pomegranate,3,66,66,22
07/01/2022,GRA,ST004,QAR,PRK.1502,Strawberry,3,96,96,32
07/01/2022,GRA,ST004,QAR,PRK.1505,Salted Caramel,3,30,30,10
07/01/2022,GRA,ST004,QAR,PRK.1507,Crispy Crepe,3,132,132,44
07/01/2022,GRA,ST004,QAR,PRK.1508,Granola,3,48,48,16
07/01/2022,GRA,ST004,QAR,PRK.1509,Coconut Flakes,3,12,12,4
07/01/2022,GRA,ST004,QAR,PRK.1510,Crushed Graham,3,9,9,3
07/01/2022,GRA,ST004,QAR,PRK.1514,Dulce de Leche,3,30,30,10
07/01/2022,GRA,ST004,QAR,PRK.1520,Mixed Berries Sauce,3,6,6,2
07/01/2022,GRA,ST004,QAR,PRK.1521,Mango Sauce,3,66,66,22
07/01/2022,GRA,ST004,QAR,PRK.1523,Peanut Butter Sauce,3,3,3,1
07/01/2022,GRA,ST004,QAR,PRK.1527,Mango,3,279,279,93
07/01/2022,GRA,ST004,QAR,PRK.1529,Raita,3,36,36,12
07/01/2022,GRA,ST004,QAR,PRK.1531,Power Shake,35,420,420,12
07/01/2022,GRA,ST004,QAR,PRK.1532,Peanut Power Shake,35,420,420,12
07/01/2022,GRA,ST004,QAR,PRK.1533,Pre-workout protein shak,45,225,225,5
07/01/2022,GRA,ST004,QAR,PRK.1534,Choco Power Shake,35,70,70,2
07/01/2022,GRA,ST004,QAR,PRK.1536,Energizer protine Shakes,45,1530,1530,34
07/01/2022,GRA,ST004,QAR,PRK.1538,Pre-workout shake,35,105,105,3
07/01/2022,GRA,ST004,QAR,PRK.1540,Energizer shakes,35,385,385,11
07/01/2022,GRA,ST004,QAR,PRK.1542,14oz Pre-work out Protein,40,120,120,3
07/01/2022,GRA,ST004,QAR,PRK.1545,14oz Energizer protine,40,1080,1080,27
07/01/2022,GRA,ST004,QAR,PRK.1548,14oz Energizer shakes,30,210,210,7
07/01/2022,GRA,ST004,QAR,PRK.1550,Extra Protein,10,30,30,3
07/01/2022,GRA,ST004,QAR,PRK.1561,Mini Pomegranate i/c,14,1176,1176,84
07/01/2022,GRA,ST004,QAR,PRK.1562,Regular Pomegranate i/c,21,924,924,44
07/01/2022,GRA,ST004,QAR,PRK.1563,Large Pomegranate i/c,23,276,276,12
07/01/2022,GRA,ST004,QAR,PRK.1564,Mini pomegranate /topping,18,900,900,50
07/01/2022,GRA,ST004,QAR,PRK.1565,Regular Pomegrante /topp,26,1248,1248,48
07/01/2022,GRA,ST004,QAR,PRK.1566,Large Pomegranate/topping,30,510,510,17
07/01/2022,GRA,ST004,QAR,PRK.1587,Supersize,45,765,765,17
07/01/2022,GRA,ST004,QAR,PRK.1621,Orange loaf,12,660,660,55
07/01/2022,GRA,ST004,QAR,PRK.1623,Brownie flavour cookies,10,1190,1190,119
07/01/2022,GRA,ST004,QAR,PRK.1626,Cinnamon Roll,13,130,130,10
07/01/2022,GRA,ST004,QAR,PRK.1627,Custard Raisin Roll,14,126,126,9
07/01/2022,GRA,ST004,QAR,PRK.1628,Brownie bites,13,351,351,27
07/01/2022,GRA,ST004,QAR,PRK.1632,Turkey cheese roll,19,665,665,35
07/01/2022,GRA,ST004,QAR,PRK.1633,Spinach feta roll,18,414,414,23
07/01/2022,GRA,ST004,QAR,PRK.1651,■PB & Jam sourdough bread,18,864,864,48
07/01/2022,GRA,ST004,QAR,PRK.1652,■Italian Poached Eggs,32,288,288,9
07/01/2022,GRA,ST004,QAR,PRK.1655,Graze Oatmeal,30,2370,2370,79
07/01/2022,GRA,ST004,QAR,PRK.1656,Eid breakfast,350,350,350,1
07/01/2022,GRA,ST004,QAR,PRK.1681,Salted Caramel Mocha,24,432,432,18
07/01/2022,GRA,ST004,QAR,PRK.1682,■Matcha Frappe,26,494,494,19
07/01/2022,GRA,ST004,QAR,PRK.1711,Pomegranate Pot,18,612,612,34
07/01/2022,GRA,ST004,QAR,PRK.1712,Mango Peach Muesli Pot,24,312,312,13
07/01/2022,GRA,ST004,QAR,PRK.1713,Overnight oats PB&Jam,25,1700,1700,68
07/01/2022,GRA,ST004,QAR,PRK.1741,Spicy Tuna sandwich,26,2704,2704,104
07/01/2022,GRA,ST004,QAR,PRK.1742,Three cheese,22,2574,2574,117
07/01/2022,GRA,ST004,QAR,PRK.1743,Falafel and Labna,25,1150,1150,46
07/01/2022,GRA,ST004,QAR,PRK.1745,Graze Sandwich Box,200,400,400,2
07/01/2022,GRA,ST004,QAR,PRK.1746,GRAZE CLUB SANDWICH,42,1344,1344,32
07/01/2022,GRA,ST004,QAR,PRK.1747,BEEF BURGER,35,280,280,8
07/01/2022,GRA,ST004,QAR,PRK.1771,Pistachio Arabeshi,5,1520,1520,304
07/01/2022,GRA,ST004,QAR,PRK.1772,Fresh Raspberry,5,875,870,175
07/01/2022,GRA,ST004,QAR,PRK.1773,Fresh blueberry,5,445,440,89
07/01/2022,GRA,ST004,QAR,PRK.1774,Chocolate Flakes,5,340,335,68
07/01/2022,GRA,ST004,QAR,PRK.1775,Honey Comb,5,65,65,13
07/01/2022,GRA,ST004,QAR,PRK.4501,Full Fat Milk,0,0,0,8
07/01/2022,GRA,ST004,QAR,PRK.4502,Low Fat Milk,0,0,0,28
07/01/2022,GRA,ST004,QAR,PRK.4503,Almond Milk,2,172,172,86
07/01/2022,GRA,ST004,QAR,PRK.4504,Soya Milk,2,74,74,37
07/01/2022,GRA,ST004,QAR,PRK.4505,Less Sweet,0,0,0,3
07/01/2022,GRA,ST004,QAR,PRK.4506,More Sweet,0,0,0,1
07/01/2022,GRA,ST004,QAR,PRK.4509,Double Shot,0,0,0,5
07/01/2022,GRA,ST004,QAR,PRK.4511,More Hot,0,0,0,4
07/01/2022,GRA,ST004,QAR,PRK.4514,Less Ice,0,0,0,1
07/01/2022,GRA,ST004,QAR,PRK.4516,Decaf,0,0,0,5
07/01/2022,GRA,ST004,QAR,PRK.4517,Vanilla Flavor,0,0,0,3
07/01/2022,GRA,ST004,QAR,PRK.4519,caramel flavor,0,0,0,1
07/01/2022,GRA,ST004,QAR,PRK.4531,w/ Granola,0,0,0,130
07/01/2022,GRA,ST004,QAR,PRK.4533,w/ Pretzel,0,0,0,10
07/01/2022,GRA,ST004,QAR,PRK.4534,w/ Coconut Flakes,0,0,0,76
07/01/2022,GRA,ST004,QAR,PRK.4535,w/ Crispy Crepe,0,0,0,207
07/01/2022,GRA,ST004,QAR,PRK.4537,w/ Mixed Berries Sauce,0,0,0,52
07/01/2022,GRA,ST004,QAR,PRK.4541,w/ Strawberry,0,0,0,392
07/01/2022,GRA,ST004,QAR,PRK.4543,w/ Salted Caramel,0,0,0,57
07/01/2022,GRA,ST004,QAR,PRK.4544,w/ Pomegranate,0,0,0,317
07/01/2022,GRA,ST004,QAR,PRK.4545,w/ Dulce de leche,0,0,0,33
07/01/2022,GRA,ST004,QAR,PRK.4549,w/ Mango Sauce,0,0,0,118
07/01/2022,GRA,ST004,QAR,PRK.4550,w/ Mango,0,0,0,689
07/01/2022,GRA,ST004,QAR,PRK.4551,w/ Peanut Butter Sauce,0,0,0,1
07/01/2022,GRA,ST004,QAR,PRK.4552,w/ Crushed Grahams,0,0,0,31
07/01/2022,GRA,ST004,QAR,PRK.4556,w/Kiwi Fruit,0,0,0,23
07/01/2022,GRA,ST004,QAR,PRK.4557,w/Lotus Biscut,0,0,0,32
07/01/2022,GRA,ST004,QAR,PRK.4558,w/Fresh Pineapple,0,0,0,41
07/01/2022,GRA,ST004,QAR,PRK.4561,MIXED FROZEN YOGURT,0,0,0,96
07/01/2022,GRA,ST004,QAR,PRK.4562,MIXED MANGO YOGURT,0,0,0,117
07/01/2022,GRA,ST004,QAR,PRK.4564,MIXED MILKY ICE CREAM,0,0,0,40
