DATE,BRANCHCODE,WAREHOUSECODE,CURRENCY,ERPCODE,ITEMNAME,RAWPRICE,GROSSAMT,NETVALUE,QTYSOLD
07/01/2022,VOL,ST020,QAR,RM.1,Salmon,14,126,126,9
07/01/2022,VOL,ST020,QAR,RM.2,Bacon,14,98,98,7
07/01/2022,VOL,ST020,QAR,RM.3,Cheese,14,798,798,57
07/01/2022,VOL,ST020,QAR,RM.4,Turkey,14,420,420,30
07/01/2022,VOL,ST020,QAR,RM.5,Extra chicken,10,40,40,4
07/01/2022,VOL,ST020,QAR,RM.6,Egg,6,456,456,76
07/01/2022,VOL,ST020,QAR,RM.7,Mushroom,12,120,120,10
07/01/2022,VOL,ST020,QAR,RM.8,Avocado,12,96,96,8
07/01/2022,VOL,ST020,QAR,RM.62,Halloumi Fries,20,3260,3220,163
07/01/2022,VOL,ST020,QAR,RM.63,Baked Potato Wedges,20,1760,1720,88
07/01/2022,VOL,ST020,QAR,RM.64,French fries,15,10470,10470,698
07/01/2022,VOL,ST020,QAR,RM.125,Small cereal ice cream,7,539,539,77
07/01/2022,VOL,ST020,QAR,RM.126,Medium cereal ice cream,15,210,210,14
07/01/2022,VOL,ST020,QAR,RM.127,Mango ice pudding,40,2240,2120,56
07/01/2022,VOL,ST020,QAR,RM.157,Slice Tiramisu Portofino,40,18040,18000,451
07/01/2022,VOL,ST020,QAR,RM.181,Espreso,18,2214,2214,123
07/01/2022,VOL,ST020,QAR,RM.182,Double Espreso,20,1760,1760,88
07/01/2022,VOL,ST020,QAR,RM.183,Americano,20,13720,13720,686
07/01/2022,VOL,ST020,QAR,RM.184,Cappucino,24,25536,25536,1064
07/01/2022,VOL,ST020,QAR,RM.186,Latte Cold,24,2904,2904,121
07/01/2022,VOL,ST020,QAR,RM.187,V60 Pour Over,24,14688,14688,612
07/01/2022,VOL,ST020,QAR,RM.193,Flat White hot,24,29784,29664,1241
07/01/2022,VOL,ST020,QAR,RM.194,Macciatto,20,180,180,9
07/01/2022,VOL,ST020,QAR,RM.197,Morochino,24,216,216,9
07/01/2022,VOL,ST020,QAR,RM.198,cortado,24,12456,12456,519
07/01/2022,VOL,ST020,QAR,RM.200,Latte Hot,24,12528,12480,522
07/01/2022,VOL,ST020,QAR,RM.201,Milk,20,300,300,15
07/01/2022,VOL,ST020,QAR,RM.206,Double espresso Machiatto,24,240,240,10
07/01/2022,VOL,ST020,QAR,RM.207,Americano ice,20,2820,2820,141
07/01/2022,VOL,ST020,QAR,RM.210,Flatwhite ice,24,1704,1704,71
07/01/2022,VOL,ST020,QAR,RM.211,Volume Special ice,28,756,756,27
07/01/2022,VOL,ST020,QAR,RM.212,Coconut Latte,28,1820,1820,65
07/01/2022,VOL,ST020,QAR,RM.213,Cereal Latte,28,2464,2464,88
07/01/2022,VOL,ST020,QAR,RM.216,Volume special hot,28,420,420,15
07/01/2022,VOL,ST020,QAR,RM.218,Dulce de leche hot,28,532,532,19
07/01/2022,VOL,ST020,QAR,RM.220,Dulce de Leche ice,28,952,924,34
07/01/2022,VOL,ST020,QAR,RM.221,Drink in Love,28,2352,2352,84
07/01/2022,VOL,ST020,QAR,RM.223,Spanish Ice latte,28,28616,28588,1022
07/01/2022,VOL,ST020,QAR,RM.224,Hot Chocolate,32,4032,4032,126
07/01/2022,VOL,ST020,QAR,RM.227,Spanish hot latte,28,34692,34692,1239
07/01/2022,VOL,ST020,QAR,RM.230,Frappe,28,924,896,33
07/01/2022,VOL,ST020,QAR,RM.231,Cinnamon Latte,28,3500,3500,125
07/01/2022,VOL,ST020,QAR,RM.233,Ginger Latte,28,784,784,28
07/01/2022,VOL,ST020,QAR,RM.242,Acqua Panna 250ml,17,38182,38148,2246
07/01/2022,VOL,ST020,QAR,RM.243,Acqua panna 0.5,25,18900,18825,756
07/01/2022,VOL,ST020,QAR,RM.244,Perrier medium 330ml,19,2869,2869,151
07/01/2022,VOL,ST020,QAR,RM.245,Cola regular,10,4750,4730,475
07/01/2022,VOL,ST020,QAR,RM.246,Coca cola light,10,2020,2010,202
07/01/2022,VOL,ST020,QAR,RM.247,Sprite,10,1290,1290,129
07/01/2022,VOL,ST020,QAR,RM.248,Fanta,10,270,270,27
07/01/2022,VOL,ST020,QAR,RM.253,Perrier small 200ml,17,3502,3502,206
07/01/2022,VOL,ST020,QAR,RM.271,Orange Juice,24,16200,16176,675
07/01/2022,VOL,ST020,QAR,RM.273,Lemon Mint Juice,24,6936,6936,289
07/01/2022,VOL,ST020,QAR,RM.275,Carrot Juice,24,1032,1008,43
07/01/2022,VOL,ST020,QAR,RM.361,Slice Monkey bread,35,10885,10885,311
07/01/2022,VOL,ST020,QAR,RM.362,SliceTres Leche Berry,45,2610,2610,58
07/01/2022,VOL,ST020,QAR,RM.363,Slice Coconut Cake,45,7560,7560,168
07/01/2022,VOL,ST020,QAR,RM.364,Slice Mango cake,45,37890,37845,842
07/01/2022,VOL,ST020,QAR,RM.365,Banoffee,35,2835,2835,81
07/01/2022,VOL,ST020,QAR,RM.367,Chocolate babka,30,4260,4230,142
07/01/2022,VOL,ST020,QAR,RM.369,Slice Raspberry swissroll,35,7350,7350,210
07/01/2022,VOL,ST020,QAR,RM.373,Slice Safron Milky Cake,45,9225,9225,205
07/01/2022,VOL,ST020,QAR,RM.374,Zaatar babka,30,4590,4590,153
07/01/2022,VOL,ST020,QAR,RM.375,Caramel Brownie,15,1530,1530,102
07/01/2022,VOL,ST020,QAR,RM.380,Slice Cereal milky  Cake,40,13040,13000,326
07/01/2022,VOL,ST020,QAR,RM.386,Slice Pecan Carmel Pie,35,3605,3570,103
07/01/2022,VOL,ST020,QAR,RM.388,Slice Chocolate Pudding,45,33975,33930,755
07/01/2022,VOL,ST020,QAR,RM.389,Slice Honey Pudding,45,37035,36990,823
07/01/2022,VOL,ST020,QAR,RM.390,ST.DATES CAKE,40,9560,9560,239
07/01/2022,VOL,ST020,QAR,RM.662,Virgin Mojito,35,22750,22715,650
07/01/2022,VOL,ST020,QAR,RM.664,Hawaiian Coconut,35,39270,39165,1122
07/01/2022,VOL,ST020,QAR,RM.671,Berry coconut,35,1330,1330,38
07/01/2022,VOL,ST020,QAR,RM.673,Berry mojito,35,11375,11340,325
07/01/2022,VOL,ST020,QAR,RM.676,Lemon ginger Iced tea,29,2291,2291,79
07/01/2022,VOL,ST020,QAR,RM.677,Jade passion Iced tea,29,7946,7917,274
07/01/2022,VOL,ST020,QAR,RM.691,English Breakfast Tea,25,7875,7875,315
07/01/2022,VOL,ST020,QAR,RM.692,Peppermint Tea,25,50,50,2
07/01/2022,VOL,ST020,QAR,RM.693,Earl Grey Tea,25,675,675,27
07/01/2022,VOL,ST020,QAR,RM.694,Jasmine Tea,25,925,925,37
07/01/2022,VOL,ST020,QAR,RM.695,Organic Green Tea,25,25,25,1
07/01/2022,VOL,ST020,QAR,RM.697,Lemon Grass tea,25,150,150,6
07/01/2022,VOL,ST020,QAR,RM.698,Chamomile,25,775,775,31
07/01/2022,VOL,ST020,QAR,RM.699,Green Tea,25,1350,1350,54
07/01/2022,VOL,ST020,QAR,RM.721,Labneh With Zaatar,36,6732,6696,187
07/01/2022,VOL,ST020,QAR,RM.727,Mushroom Egg Benedict,45,14670,14670,326
07/01/2022,VOL,ST020,QAR,RM.728,Stuffed Croissants,30,6420,6390,214
07/01/2022,VOL,ST020,QAR,RM.729,Falafel Peta,55,24640,24585,448
07/01/2022,VOL,ST020,QAR,RM.730,Greek Avocado Toast,49,12054,12054,246
07/01/2022,VOL,ST020,QAR,RM.731,Granola with yogurt,55,5610,5610,102
07/01/2022,VOL,ST020,QAR,RM.737,Egg and cheese slinders,35,6615,6580,189
07/01/2022,VOL,ST020,QAR,RM.738,Berry smoothie,55,440,385,8
07/01/2022,VOL,ST020,QAR,RM.739,Pancake rouges,55,5170,5170,94
07/01/2022,VOL,ST020,QAR,RM.740,Breakfast oat porridge,50,2400,2400,48
07/01/2022,VOL,ST020,QAR,RM.741,Plain Croissant,12,1308,1308,109
07/01/2022,VOL,ST020,QAR,RM.742,Zaatar Croissant,14,798,798,57
07/01/2022,VOL,ST020,QAR,RM.743,Cheese Croissant,16,1840,1840,115
07/01/2022,VOL,ST020,QAR,RM.744,Crispy Sweet Corn,55,2915,2915,53
07/01/2022,VOL,ST020,QAR,RM.745,Sesame Falafel,50,2300,2300,46
07/01/2022,VOL,ST020,QAR,RM.746,Baked Feta on Citrus Toma,55,3795,3795,69
07/01/2022,VOL,ST020,QAR,RM.787,Hazelnut Warm chocolate,50,14550,14550,291
07/01/2022,VOL,ST020,QAR,RM.788,Whole hazelnut warm choco,350,350,0,1
07/01/2022,VOL,ST020,QAR,RM.811,Big Honey pudding,250,250,250,1
07/01/2022,VOL,ST020,QAR,RM.812,Small Honey pudding,100,100,100,1
07/01/2022,VOL,ST020,QAR,RM.815,Big Cereal milky cake,250,250,250,1
07/01/2022,VOL,ST020,QAR,RM.816,Small Cereal milky cake,150,150,150,1
07/01/2022,VOL,ST020,QAR,RM.823,Big Pecan Caramel,350,350,350,1
07/01/2022,VOL,ST020,QAR,RM.830,Whole Tres Leche Berry,350,700,700,2
07/01/2022,VOL,ST020,QAR,RM.837,Small mango cake,120,360,360,3
07/01/2022,VOL,ST020,QAR,RM.840,Whole Raspberry Swissroll,180,180,180,1
07/01/2022,VOL,ST020,QAR,RM.844,Honey Mustard Chicken SLD,55,21670,21560,394
07/01/2022,VOL,ST020,QAR,RM.845,Smoked Turkey Sandwich,35,4970,4970,142
07/01/2022,VOL,ST020,QAR,RM.846,Roasted Beef Sandwich,65,5265,5265,81
07/01/2022,VOL,ST020,QAR,RM.848,Risotto Balls,40,9920,9840,248
07/01/2022,VOL,ST020,QAR,RM.849,Beef Burger,50,6750,6700,135
07/01/2022,VOL,ST020,QAR,RM.850,Chicken taco,45,8685,8685,193
07/01/2022,VOL,ST020,QAR,RM.851,Crispy chicken burger,40,12880,12840,322
07/01/2022,VOL,ST020,QAR,RM.852,Chicken spaghetti,60,27300,26940,455
07/01/2022,VOL,ST020,QAR,RM.853,Baked salmon with lemon c,68,4828,4828,71
07/01/2022,VOL,ST020,QAR,RM.854,Grilled Chicken Breast wi,58,5858,5800,101
07/01/2022,VOL,ST020,QAR,RM.855,Marinated Burrata Toast,55,3850,3850,70
07/01/2022,VOL,ST020,QAR,RM.856,Asia Beef Salad,58,2262,2262,39
07/01/2022,VOL,ST020,QAR,RM.858,Spicy club sandwich,35,20510,20405,586
07/01/2022,VOL,ST020,QAR,RM.861,Lasagna Bolognese,55,11330,11330,206
07/01/2022,VOL,ST020,QAR,RM.862,Quinoa kale garden greens,50,4300,4250,86
07/01/2022,VOL,ST020,QAR,RM.863,Burrito chicken salad,55,10890,10890,198
07/01/2022,VOL,ST020,QAR,RM.864,croissant basket,45,2070,2025,46
07/01/2022,VOL,ST020,QAR,RM.871,French Toast,50,12050,12050,241
07/01/2022,VOL,ST020,QAR,RM.873,Crushed Cookies,50,40950,40800,819
07/01/2022,VOL,ST020,QAR,RM.3691,extra hot,0,0,0,90
07/01/2022,VOL,ST020,QAR,RM.3692,TAKE AWAY,0,0,0,22
07/01/2022,VOL,ST020,QAR,RM.3695,extra sweet,0,0,0,6
07/01/2022,VOL,ST020,QAR,RM.3696,less sweet,0,0,0,29
07/01/2022,VOL,ST020,QAR,RM.3697,together w food,0,0,0,458
07/01/2022,VOL,ST020,QAR,RM.3698,together w drinks,0,0,0,449
07/01/2022,VOL,ST020,QAR,RM.3699,room temp.,0,0,0,88
07/01/2022,VOL,ST020,QAR,RM.3700,well done,0,0,0,1
07/01/2022,VOL,ST020,QAR,RM.3705,lowfat,0,0,0,74
07/01/2022,VOL,ST020,QAR,RM.3706,decaf,0,0,0,10
07/01/2022,VOL,ST020,QAR,RM.3707,now,0,0,0,1
07/01/2022,VOL,ST020,QAR,RM.3708,less coffee,0,0,0,1
07/01/2022,VOL,ST020,QAR,RM.3781,LESS ICE,0,0,0,1
07/01/2022,VOL,ST020,QAR,RM.3812,Well Done,0,0,0,176
07/01/2022,VOL,ST020,QAR,RM.3814,Medium,0,0,0,116
07/01/2022,VOL,ST020,QAR,RM.3815,Runny,0,0,0,16
07/01/2022,VOL,ST020,QAR,RM.6361,WITH CREAM,0,0,0,40
07/01/2022,VOL,ST020,QAR,RM.6362,WITHOUT CREAM,0,0,0,32
07/01/2022,VOL,ST020,QAR,RM.6363,Almond Milk,0,0,0,85
07/01/2022,VOL,ST020,QAR,RM.6364,Coconut Milk,0,0,0,22
07/01/2022,VOL,ST020,QAR,RM.6374,Soya milk,0,0,0,15
