DATE,BRANCHCODE,WAREHOUSECODE,CURRENCY,ERPCODE,ITEMNAME,RAWPRICE,GROSSAMT,NETVALUE,QTYSOLD
11/01/2022,VOL,ST020,QAR,RM.1,Salmon,14,196,196,14
11/01/2022,VOL,ST020,QAR,RM.2,Bacon,14,294,294,21
11/01/2022,VOL,ST020,QAR,RM.3,Cheese,14,2226,2226,159
11/01/2022,VOL,ST020,QAR,RM.4,Turkey,14,910,910,65
11/01/2022,VOL,ST020,QAR,RM.5,Extra chicken,10,140,140,14
11/01/2022,VOL,ST020,QAR,RM.6,Egg,6,768,768,128
11/01/2022,VOL,ST020,QAR,RM.7,Mushroom,12,120,120,10
11/01/2022,VOL,ST020,QAR,RM.8,Avocado,12,108,108,9
11/01/2022,VOL,ST020,QAR,RM.62,Halloumi Fries,20,5180,5160,259
11/01/2022,VOL,ST020,QAR,RM.63,Baked Potato Wedges,20,2780,2720,139
11/01/2022,VOL,ST020,QAR,RM.64,French fries,15,13560,13545,904
11/01/2022,VOL,ST020,QAR,RM.125,Small cereal ice cream,7,994,994,142
11/01/2022,VOL,ST020,QAR,RM.126,Medium cereal ice cream,15,435,435,29
11/01/2022,VOL,ST020,QAR,RM.127,Mango ice pudding,40,1360,1360,34
11/01/2022,VOL,ST020,QAR,RM.157,Slice Tiramisu Portofino,40,33400,33360,835
11/01/2022,VOL,ST020,QAR,RM.181,Espreso,18,5688,5580,316
11/01/2022,VOL,ST020,QAR,RM.182,Double Espreso,20,5720,5720,286
11/01/2022,VOL,ST020,QAR,RM.183,Americano,20,29680,29680,1484
11/01/2022,VOL,ST020,QAR,RM.184,Cappucino,24,42600,42552,1775
11/01/2022,VOL,ST020,QAR,RM.186,Latte Cold,24,4440,4440,185
11/01/2022,VOL,ST020,QAR,RM.187,V60 Pour Over,24,31392,31368,1308
11/01/2022,VOL,ST020,QAR,RM.188,French Press,24,1176,1176,49
11/01/2022,VOL,ST020,QAR,RM.193,Flat White hot,24,47544,47496,1981
11/01/2022,VOL,ST020,QAR,RM.194,Macciatto,20,1620,1620,81
11/01/2022,VOL,ST020,QAR,RM.197,Morochino,24,456,456,19
11/01/2022,VOL,ST020,QAR,RM.198,cortado,24,26808,26808,1117
11/01/2022,VOL,ST020,QAR,RM.200,Latte Hot,24,23472,23472,978
11/01/2022,VOL,ST020,QAR,RM.201,Milk,20,340,340,17
11/01/2022,VOL,ST020,QAR,RM.206,Double espresso Machiatto,24,576,576,24
11/01/2022,VOL,ST020,QAR,RM.207,Americano ice,20,5940,5900,297
11/01/2022,VOL,ST020,QAR,RM.210,Flatwhite ice,24,1392,1392,58
11/01/2022,VOL,ST020,QAR,RM.211,Volume Special ice,28,728,728,26
11/01/2022,VOL,ST020,QAR,RM.212,Coconut Latte,28,2044,2044,73
11/01/2022,VOL,ST020,QAR,RM.213,Cereal Latte,28,3556,3556,127
11/01/2022,VOL,ST020,QAR,RM.215,Ice Mocha,35,2310,2310,66
11/01/2022,VOL,ST020,QAR,RM.216,Volume special hot,28,1176,1176,42
11/01/2022,VOL,ST020,QAR,RM.218,Dulce de leche hot,28,1204,1204,43
11/01/2022,VOL,ST020,QAR,RM.220,Dulce de Leche ice,28,1036,1036,37
11/01/2022,VOL,ST020,QAR,RM.221,Drink in Love,28,2576,2576,92
11/01/2022,VOL,ST020,QAR,RM.223,Spanish Ice latte,28,30968,30912,1106
11/01/2022,VOL,ST020,QAR,RM.224,Hot Chocolate,32,12064,12064,377
11/01/2022,VOL,ST020,QAR,RM.227,Spanish hot latte,28,54936,54880,1962
11/01/2022,VOL,ST020,QAR,RM.230,Frappe,28,2268,2268,81
11/01/2022,VOL,ST020,QAR,RM.231,Cinnamon Latte,28,5292,5292,189
11/01/2022,VOL,ST020,QAR,RM.233,Ginger Latte,28,1400,1400,50
11/01/2022,VOL,ST020,QAR,RM.236,Cafe crema,24,408,408,17
11/01/2022,VOL,ST020,QAR,RM.242,Acqua Panna 250ml,17,68782,68731,4046
11/01/2022,VOL,ST020,QAR,RM.243,Acqua panna 0.5,25,34325,34325,1373
11/01/2022,VOL,ST020,QAR,RM.244,Perrier medium 330ml,19,5149,5149,271
11/01/2022,VOL,ST020,QAR,RM.245,Cola regular,10,6220,6170,622
11/01/2022,VOL,ST020,QAR,RM.246,Coca cola light,10,3400,3400,340
11/01/2022,VOL,ST020,QAR,RM.247,Sprite,10,2050,2050,205
11/01/2022,VOL,ST020,QAR,RM.248,Fanta,10,560,560,56
11/01/2022,VOL,ST020,QAR,RM.250,Highland water 500ml,5,20,5,4
11/01/2022,VOL,ST020,QAR,RM.253,Perrier small 200ml,17,6409,6409,377
11/01/2022,VOL,ST020,QAR,RM.271,Orange Juice,24,25368,25320,1057
11/01/2022,VOL,ST020,QAR,RM.272,Green Apple Juice,24,24,24,1
11/01/2022,VOL,ST020,QAR,RM.273,Lemon Mint Juice,24,12720,12720,530
11/01/2022,VOL,ST020,QAR,RM.275,Carrot Juice,24,2040,2040,85
11/01/2022,VOL,ST020,QAR,RM.361,Slice Monkey bread,35,13895,13895,397
11/01/2022,VOL,ST020,QAR,RM.362,SliceTres Leche Berry,45,4230,4230,94
11/01/2022,VOL,ST020,QAR,RM.363,Slice Coconut Cake,45,11925,11925,265
11/01/2022,VOL,ST020,QAR,RM.364,Slice Mango cake,45,60210,60165,1338
11/01/2022,VOL,ST020,QAR,RM.365,Banoffee,35,6125,6125,175
11/01/2022,VOL,ST020,QAR,RM.367,Chocolate babka,30,4770,4770,159
11/01/2022,VOL,ST020,QAR,RM.369,Slice Raspberry swissroll,35,8820,8820,252
11/01/2022,VOL,ST020,QAR,RM.373,Slice Safron Milky Cake,45,17640,17640,392
11/01/2022,VOL,ST020,QAR,RM.374,Zaatar babka,30,3930,3900,131
11/01/2022,VOL,ST020,QAR,RM.375,Caramel Brownie,15,2970,2970,198
11/01/2022,VOL,ST020,QAR,RM.380,Slice Cereal milky  Cake,40,21880,21880,547
11/01/2022,VOL,ST020,QAR,RM.386,Slice Pecan Carmel Pie,35,9380,9380,268
11/01/2022,VOL,ST020,QAR,RM.388,Slice Chocolate Pudding,45,51390,51345,1142
11/01/2022,VOL,ST020,QAR,RM.389,Slice Honey Pudding,45,59355,59355,1319
11/01/2022,VOL,ST020,QAR,RM.390,ST.DATES CAKE,40,16520,16520,413
11/01/2022,VOL,ST020,QAR,RM.662,Virgin Mojito,35,23275,23275,665
11/01/2022,VOL,ST020,QAR,RM.664,Hawaiian Coconut,35,55300,55300,1580
11/01/2022,VOL,ST020,QAR,RM.671,Berry coconut,35,2310,2310,66
11/01/2022,VOL,ST020,QAR,RM.673,Berry mojito,35,11305,11270,323
11/01/2022,VOL,ST020,QAR,RM.676,Lemon ginger Iced tea,29,3799,3799,131
11/01/2022,VOL,ST020,QAR,RM.677,Jade passion Iced tea,29,10063,10063,347
11/01/2022,VOL,ST020,QAR,RM.691,English Breakfast Tea,25,15925,15925,637
11/01/2022,VOL,ST020,QAR,RM.692,Peppermint Tea,25,400,400,16
11/01/2022,VOL,ST020,QAR,RM.693,Earl Grey Tea,25,2025,2025,81
11/01/2022,VOL,ST020,QAR,RM.694,Jasmine Tea,25,2350,2350,94
11/01/2022,VOL,ST020,QAR,RM.695,Organic Green Tea,25,4325,4325,173
11/01/2022,VOL,ST020,QAR,RM.697,Lemon Grass tea,25,975,975,39
11/01/2022,VOL,ST020,QAR,RM.698,Chamomile,25,2350,2325,94
11/01/2022,VOL,ST020,QAR,RM.721,Labneh With Zaatar,36,12060,12060,335
11/01/2022,VOL,ST020,QAR,RM.727,Mushroom Egg Benedict,45,22725,22725,505
11/01/2022,VOL,ST020,QAR,RM.728,Stuffed Croissants,30,8910,8910,297
11/01/2022,VOL,ST020,QAR,RM.729,Falafel Peta,55,29700,29480,540
11/01/2022,VOL,ST020,QAR,RM.730,Greek Avocado Toast,49,18620,18620,380
11/01/2022,VOL,ST020,QAR,RM.731,Granola with yogurt,55,6380,6380,116
11/01/2022,VOL,ST020,QAR,RM.737,Egg and cheese slinders,35,11270,11270,322
11/01/2022,VOL,ST020,QAR,RM.738,Berry smoothie,55,770,770,14
11/01/2022,VOL,ST020,QAR,RM.739,Pancake rouges,55,10340,10340,188
11/01/2022,VOL,ST020,QAR,RM.740,Breakfast oat porridge,50,2800,2800,56
11/01/2022,VOL,ST020,QAR,RM.741,Plain Croissant,12,1884,1884,157
11/01/2022,VOL,ST020,QAR,RM.742,Zaatar Croissant,14,938,938,67
11/01/2022,VOL,ST020,QAR,RM.743,Cheese Croissant,16,1968,1968,123
11/01/2022,VOL,ST020,QAR,RM.744,Crispy Sweet Corn,55,3630,3575,66
11/01/2022,VOL,ST020,QAR,RM.745,Sesame Falafel,50,3650,3650,73
11/01/2022,VOL,ST020,QAR,RM.746,Baked Feta on Citrus Toma,55,5225,5225,95
11/01/2022,VOL,ST020,QAR,RM.787,Hazelnut Warm chocolate,50,29500,29500,590
11/01/2022,VOL,ST020,QAR,RM.788,Whole hazelnut warm choco,350,350,350,1
11/01/2022,VOL,ST020,QAR,RM.815,Big Cereal milky cake,250,250,250,1
11/01/2022,VOL,ST020,QAR,RM.823,Big Pecan Caramel,350,350,350,1
11/01/2022,VOL,ST020,QAR,RM.825, Whole Coconut Cake,360,360,360,1
11/01/2022,VOL,ST020,QAR,RM.828,Whole Monkey bread,220,220,220,1
11/01/2022,VOL,ST020,QAR,RM.830,Whole Tres Leche Berry,350,350,350,1
11/01/2022,VOL,ST020,QAR,RM.840,Whole Raspberry Swissroll,180,360,360,2
11/01/2022,VOL,ST020,QAR,RM.844,Honey Mustard Chicken SLD,55,29590,29480,538
11/01/2022,VOL,ST020,QAR,RM.845,Smoked Turkey Sandwich,35,5075,5005,145
11/01/2022,VOL,ST020,QAR,RM.846,Roasted Beef Sandwich,65,9685,9555,149
11/01/2022,VOL,ST020,QAR,RM.848,Risotto Balls,40,10600,10600,265
11/01/2022,VOL,ST020,QAR,RM.849,Beef Burger,50,9550,9350,191
11/01/2022,VOL,ST020,QAR,RM.850,Chicken taco,45,9720,9720,216
11/01/2022,VOL,ST020,QAR,RM.851,Crispy chicken burger,40,18440,18440,461
11/01/2022,VOL,ST020,QAR,RM.852,Chicken spaghetti,60,33300,33300,555
11/01/2022,VOL,ST020,QAR,RM.853,Baked salmon with lemon c,68,5644,5576,83
11/01/2022,VOL,ST020,QAR,RM.854,Grilled Chicken Breast wi,58,6032,5974,104
11/01/2022,VOL,ST020,QAR,RM.855,Marinated Burrata Toast,55,5720,5665,104
11/01/2022,VOL,ST020,QAR,RM.856,Asia Beef Salad,58,2900,2900,50
11/01/2022,VOL,ST020,QAR,RM.858,Spicy club sandwich,35,20405,20405,583
11/01/2022,VOL,ST020,QAR,RM.861,Lasagna Bolognese,55,11440,11385,208
11/01/2022,VOL,ST020,QAR,RM.862,Quinoa kale garden greens,50,6150,6100,123
11/01/2022,VOL,ST020,QAR,RM.863,Burrito chicken salad,55,11055,10945,201
11/01/2022,VOL,ST020,QAR,RM.864,croissant basket,45,3015,2925,67
11/01/2022,VOL,ST020,QAR,RM.871,French Toast,50,21150,21150,423
11/01/2022,VOL,ST020,QAR,RM.873,Crushed Cookies,50,71600,71550,1432
11/01/2022,VOL,ST020,QAR,RM.3661,No/ Cheese,0,0,0,1
11/01/2022,VOL,ST020,QAR,RM.3691,extra hot,0,0,0,175
11/01/2022,VOL,ST020,QAR,RM.3692,TAKE AWAY,0,0,0,6
11/01/2022,VOL,ST020,QAR,RM.3693,HOLD,0,0,0,1
11/01/2022,VOL,ST020,QAR,RM.3694,with mint,0,0,0,1
11/01/2022,VOL,ST020,QAR,RM.3695,extra sweet,0,0,0,54
11/01/2022,VOL,ST020,QAR,RM.3696,less sweet,0,0,0,72
11/01/2022,VOL,ST020,QAR,RM.3697,together w food,0,0,0,629
11/01/2022,VOL,ST020,QAR,RM.3698,together w drinks,0,0,0,606
11/01/2022,VOL,ST020,QAR,RM.3699,room temp.,0,0,0,195
11/01/2022,VOL,ST020,QAR,RM.3700,well done,0,0,0,3
11/01/2022,VOL,ST020,QAR,RM.3701,runny,0,0,0,1
11/01/2022,VOL,ST020,QAR,RM.3702,meduim,0,0,0,9
11/01/2022,VOL,ST020,QAR,RM.3705,lowfat,0,0,0,194
11/01/2022,VOL,ST020,QAR,RM.3706,decaf,0,0,0,100
11/01/2022,VOL,ST020,QAR,RM.3707,now,0,0,0,27
11/01/2022,VOL,ST020,QAR,RM.3708,less coffee,0,0,0,2
11/01/2022,VOL,ST020,QAR,RM.3709,cut into half,0,0,0,7
11/01/2022,VOL,ST020,QAR,RM.3812,Well Done,0,0,0,258
11/01/2022,VOL,ST020,QAR,RM.3814,Medium,0,0,0,181
11/01/2022,VOL,ST020,QAR,RM.3815,Runny,0,0,0,44
11/01/2022,VOL,ST020,QAR,RM.6361,WITH CREAM,0,0,0,48
11/01/2022,VOL,ST020,QAR,RM.6362,WITHOUT CREAM,0,0,0,28
11/01/2022,VOL,ST020,QAR,RM.6363,Almond Milk,0,0,0,120
11/01/2022,VOL,ST020,QAR,RM.6364,Coconut Milk,0,0,0,47
11/01/2022,VOL,ST020,QAR,RM.6374,Soya milk,0,0,0,18
