DATE,BRANCHCODE,WAREHOUSECODE,CURRENCY,ERPCODE,ITEMNAME,RAWPRICE,GROSSAMT,NETVALUE,QTYSOLD
04/01/2022,VOL,ST020,QAR,RM.125,Small cereal ice cream,7,273,273,39
04/01/2022,VOL,ST020,QAR,RM.126,Medium cereal ice cream,15,105,105,7
04/01/2022,VOL,ST020,QAR,RM.127,Mango ice pudding,40,800,800,20
04/01/2022,VOL,ST020,QAR,RM.157,Slice Tiramisu Portofino,40,8920,8920,223
04/01/2022,VOL,ST020,QAR,RM.160,Pistachio cake,45,90,90,2
04/01/2022,VOL,ST020,QAR,RM.181,Espreso,18,1224,1224,68
04/01/2022,VOL,ST020,QAR,RM.182,Double Espreso,20,800,800,40
04/01/2022,VOL,ST020,QAR,RM.183,Americano,20,8120,8120,406
04/01/2022,VOL,ST020,QAR,RM.184,Cappucino,24,9720,9696,405
04/01/2022,VOL,ST020,QAR,RM.186,Latte Cold,24,1104,1104,46
04/01/2022,VOL,ST020,QAR,RM.193,Flat White hot,24,15744,15744,656
04/01/2022,VOL,ST020,QAR,RM.194,Macciatto,20,480,480,24
04/01/2022,VOL,ST020,QAR,RM.197,Morochino,24,192,192,8
04/01/2022,VOL,ST020,QAR,RM.198,cortado,24,9360,9360,390
04/01/2022,VOL,ST020,QAR,RM.200,Latte Hot,24,6216,6216,259
04/01/2022,VOL,ST020,QAR,RM.201,Milk,20,20,20,1
04/01/2022,VOL,ST020,QAR,RM.206,Double espresso Machiatto,24,168,168,7
04/01/2022,VOL,ST020,QAR,RM.207,Americano ice,20,1460,1460,73
04/01/2022,VOL,ST020,QAR,RM.210,Flatwhite ice,24,648,648,27
04/01/2022,VOL,ST020,QAR,RM.211,Volume Special ice,28,280,280,10
04/01/2022,VOL,ST020,QAR,RM.212,Coconut Latte,28,784,784,28
04/01/2022,VOL,ST020,QAR,RM.213,Cereal Latte,28,1232,1232,44
04/01/2022,VOL,ST020,QAR,RM.216,Volume special hot,28,532,532,19
04/01/2022,VOL,ST020,QAR,RM.218,Dulce de leche hot,28,476,476,17
04/01/2022,VOL,ST020,QAR,RM.220,Dulce de Leche ice,28,280,280,10
04/01/2022,VOL,ST020,QAR,RM.221,Drink in Love,28,616,616,22
04/01/2022,VOL,ST020,QAR,RM.223,Spanish Ice latte,28,13692,13692,489
04/01/2022,VOL,ST020,QAR,RM.224,Hot Chocolate,32,3680,3680,115
04/01/2022,VOL,ST020,QAR,RM.227,Spanish hot latte,28,29288,29288,1046
04/01/2022,VOL,ST020,QAR,RM.230,Frappe,28,392,392,14
04/01/2022,VOL,ST020,QAR,RM.231,Cinnamon Latte,28,1288,1288,46
04/01/2022,VOL,ST020,QAR,RM.233,Ginger Latte,28,308,308,11
04/01/2022,VOL,ST020,QAR,RM.242,Acqua Panna 250ml,17,12818,12818,754
04/01/2022,VOL,ST020,QAR,RM.243,Acqua panna 0.5,25,12250,12250,490
04/01/2022,VOL,ST020,QAR,RM.244,Perrier medium 330ml,19,1159,1159,61
04/01/2022,VOL,ST020,QAR,RM.245,Cola regular,10,210,210,21
04/01/2022,VOL,ST020,QAR,RM.246,Coca cola light,10,50,50,5
04/01/2022,VOL,ST020,QAR,RM.247,Sprite,10,140,140,14
04/01/2022,VOL,ST020,QAR,RM.248,Fanta,10,30,30,3
04/01/2022,VOL,ST020,QAR,RM.253,Perrier small 200ml,17,1462,1462,86
04/01/2022,VOL,ST020,QAR,RM.361,Slice Monkey bread,35,3045,3045,87
04/01/2022,VOL,ST020,QAR,RM.362,SliceTres Leche Berry,45,1485,1485,33
04/01/2022,VOL,ST020,QAR,RM.363,Slice Coconut Cake,45,3195,3195,71
04/01/2022,VOL,ST020,QAR,RM.364,Slice Mango cake,45,27585,27585,613
04/01/2022,VOL,ST020,QAR,RM.365,Banoffee,35,910,910,26
04/01/2022,VOL,ST020,QAR,RM.367,Chocolate babka,30,1860,1860,62
04/01/2022,VOL,ST020,QAR,RM.369,Slice Raspberry swissroll,35,1960,1960,56
04/01/2022,VOL,ST020,QAR,RM.373,Slice Safron Milky Cake,45,4500,4500,100
04/01/2022,VOL,ST020,QAR,RM.375,Caramel Brownie,15,375,375,25
04/01/2022,VOL,ST020,QAR,RM.380,Slice Cereal milky  Cake,40,8800,8800,220
04/01/2022,VOL,ST020,QAR,RM.386,Slice Pecan Carmel Pie,35,2135,2135,61
04/01/2022,VOL,ST020,QAR,RM.388,Slice Chocolate Pudding,45,15300,15300,340
04/01/2022,VOL,ST020,QAR,RM.389,Slice Honey Pudding,45,22005,22005,489
04/01/2022,VOL,ST020,QAR,RM.390,ST.DATES CAKE,40,4840,4840,121
04/01/2022,VOL,ST020,QAR,RM.662,Virgin Mojito,35,5495,5495,157
04/01/2022,VOL,ST020,QAR,RM.664,Hawaiian Coconut,35,21035,21035,601
04/01/2022,VOL,ST020,QAR,RM.671,Berry coconut,35,280,280,8
04/01/2022,VOL,ST020,QAR,RM.673,Berry mojito,35,3010,3010,86
04/01/2022,VOL,ST020,QAR,RM.676,Lemon ginger Iced tea,29,551,551,19
04/01/2022,VOL,ST020,QAR,RM.677,Jade passion Iced tea,29,2175,2175,75
04/01/2022,VOL,ST020,QAR,RM.691,English Breakfast Tea,25,1600,1600,64
04/01/2022,VOL,ST020,QAR,RM.692,Peppermint Tea,25,25,25,1
04/01/2022,VOL,ST020,QAR,RM.693,Earl Grey Tea,25,350,350,14
04/01/2022,VOL,ST020,QAR,RM.694,Jasmine Tea,25,375,375,15
04/01/2022,VOL,ST020,QAR,RM.697,Lemon Grass tea,25,100,100,4
04/01/2022,VOL,ST020,QAR,RM.698,Chamomile,25,500,500,20
04/01/2022,VOL,ST020,QAR,RM.699,Green Tea,25,675,675,27
04/01/2022,VOL,ST020,QAR,RM.787,Hazelnut Warm chocolate,50,7400,7400,148
04/01/2022,VOL,ST020,QAR,RM.873,Crushed Cookies,50,22850,22850,457
04/01/2022,VOL,ST020,QAR,RM.3691,extra hot,0,0,0,50
04/01/2022,VOL,ST020,QAR,RM.3692,TAKE AWAY,0,0,0,1
04/01/2022,VOL,ST020,QAR,RM.3695,extra sweet,0,0,0,23
04/01/2022,VOL,ST020,QAR,RM.3696,less sweet,0,0,0,17
04/01/2022,VOL,ST020,QAR,RM.3697,together w food,0,0,0,16
04/01/2022,VOL,ST020,QAR,RM.3698,together w drinks,0,0,0,31
04/01/2022,VOL,ST020,QAR,RM.3699,room temp.,0,0,0,26
04/01/2022,VOL,ST020,QAR,RM.3704,no foam,0,0,0,1
04/01/2022,VOL,ST020,QAR,RM.3705,lowfat,0,0,0,23
04/01/2022,VOL,ST020,QAR,RM.3706,decaf,0,0,0,8
04/01/2022,VOL,ST020,QAR,RM.6361,WITH CREAM,0,0,0,8
04/01/2022,VOL,ST020,QAR,RM.6362,WITHOUT CREAM,0,0,0,2
04/01/2022,VOL,ST020,QAR,RM.6363,Almond Milk,0,0,0,28
04/01/2022,VOL,ST020,QAR,RM.6364,Coconut Milk,0,0,0,21
04/01/2022,VOL,ST020,QAR,RM.6374,Soya milk,0,0,0,7
