DATE,BRANCHCODE,WAREHOUSECODE,CURRENCY,ERPCODE,ITEMNAME,RAWPRICE,GROSSAMT,NETVALUE,QTYSOLD
05/01/2022,VOL,ST020,QAR,RM.1,Salmon,14,112,112,8
05/01/2022,VOL,ST020,QAR,RM.2,Bacon,14,238,224,17
05/01/2022,VOL,ST020,QAR,RM.3,Cheese,14,1680,1680,120
05/01/2022,VOL,ST020,QAR,RM.4,Turkey,14,644,630,46
05/01/2022,VOL,ST020,QAR,RM.5,Extra chicken,10,170,170,17
05/01/2022,VOL,ST020,QAR,RM.6,Egg,6,372,372,62
05/01/2022,VOL,ST020,QAR,RM.7,Mushroom,12,36,36,3
05/01/2022,VOL,ST020,QAR,RM.8,Avocado,12,36,36,3
05/01/2022,VOL,ST020,QAR,RM.61,Truffle Mac N Cheese,30,1110,1110,37
05/01/2022,VOL,ST020,QAR,RM.62,Halloumi Fries,20,5260,5260,263
05/01/2022,VOL,ST020,QAR,RM.63,Baked Potato Wedges,20,1020,1020,51
05/01/2022,VOL,ST020,QAR,RM.64,French fries,15,14850,14835,990
05/01/2022,VOL,ST020,QAR,RM.125,Small cereal ice cream,7,602,602,86
05/01/2022,VOL,ST020,QAR,RM.126,Medium cereal ice cream,15,225,225,15
05/01/2022,VOL,ST020,QAR,RM.127,Mango ice pudding,40,2200,2200,55
05/01/2022,VOL,ST020,QAR,RM.157,Slice Tiramisu Portofino,40,28000,27920,700
05/01/2022,VOL,ST020,QAR,RM.181,Espreso,18,2844,2844,158
05/01/2022,VOL,ST020,QAR,RM.182,Double Espreso,20,2780,2760,139
05/01/2022,VOL,ST020,QAR,RM.183,Americano,20,23440,23400,1172
05/01/2022,VOL,ST020,QAR,RM.184,Cappucino,24,32352,32328,1348
05/01/2022,VOL,ST020,QAR,RM.186,Latte Cold,24,4056,4056,169
05/01/2022,VOL,ST020,QAR,RM.187,V60 Pour Over,24,2592,2592,108
05/01/2022,VOL,ST020,QAR,RM.193,Flat White hot,24,42024,42000,1751
05/01/2022,VOL,ST020,QAR,RM.194,Macciatto,20,620,620,31
05/01/2022,VOL,ST020,QAR,RM.197,Morochino,24,456,432,19
05/01/2022,VOL,ST020,QAR,RM.198,cortado,24,21720,21720,905
05/01/2022,VOL,ST020,QAR,RM.200,Latte Hot,24,17520,17496,730
05/01/2022,VOL,ST020,QAR,RM.201,Milk,20,200,200,10
05/01/2022,VOL,ST020,QAR,RM.206,Double espresso Machiatto,24,336,336,14
05/01/2022,VOL,ST020,QAR,RM.207,Americano ice,20,4880,4860,244
05/01/2022,VOL,ST020,QAR,RM.210,Flatwhite ice,24,1560,1560,65
05/01/2022,VOL,ST020,QAR,RM.211,Volume Special ice,28,1092,1064,39
05/01/2022,VOL,ST020,QAR,RM.212,Coconut Latte,28,2520,2492,90
05/01/2022,VOL,ST020,QAR,RM.213,Cereal Latte,28,3864,3864,138
05/01/2022,VOL,ST020,QAR,RM.216,Volume special hot,28,840,840,30
05/01/2022,VOL,ST020,QAR,RM.218,Dulce de leche hot,28,1008,1008,36
05/01/2022,VOL,ST020,QAR,RM.220,Dulce de Leche ice,28,952,924,34
05/01/2022,VOL,ST020,QAR,RM.221,Drink in Love,28,3220,3164,115
05/01/2022,VOL,ST020,QAR,RM.223,Spanish Ice latte,28,37884,37884,1353
05/01/2022,VOL,ST020,QAR,RM.224,Hot Chocolate,32,9440,9440,295
05/01/2022,VOL,ST020,QAR,RM.227,Spanish hot latte,28,70392,70336,2514
05/01/2022,VOL,ST020,QAR,RM.230,Frappe,28,1736,1736,62
05/01/2022,VOL,ST020,QAR,RM.231,Cinnamon Latte,28,4816,4788,172
05/01/2022,VOL,ST020,QAR,RM.233,Ginger Latte,28,980,980,35
05/01/2022,VOL,ST020,QAR,RM.242,Acqua Panna 250ml,17,47141,47073,2773
05/01/2022,VOL,ST020,QAR,RM.243,Acqua panna 0.5,25,36525,36500,1461
05/01/2022,VOL,ST020,QAR,RM.244,Perrier medium 330ml,19,3382,3363,178
05/01/2022,VOL,ST020,QAR,RM.245,Cola regular,10,6910,6900,691
05/01/2022,VOL,ST020,QAR,RM.246,Coca cola light,10,540,540,54
05/01/2022,VOL,ST020,QAR,RM.247,Sprite,10,1840,1840,184
05/01/2022,VOL,ST020,QAR,RM.248,Fanta,10,750,750,75
05/01/2022,VOL,ST020,QAR,RM.253,Perrier small 200ml,17,4284,4267,252
05/01/2022,VOL,ST020,QAR,RM.271,Orange Juice,24,16704,16680,696
05/01/2022,VOL,ST020,QAR,RM.273,Lemon Mint Juice,24,10368,10368,432
05/01/2022,VOL,ST020,QAR,RM.275,Carrot Juice,24,576,576,24
05/01/2022,VOL,ST020,QAR,RM.361,Slice Monkey bread,35,8820,8820,252
05/01/2022,VOL,ST020,QAR,RM.362,SliceTres Leche Berry,45,1215,1170,27
05/01/2022,VOL,ST020,QAR,RM.363,Slice Coconut Cake,45,10755,10755,239
05/01/2022,VOL,ST020,QAR,RM.364,Slice Mango cake,45,63405,63315,1409
05/01/2022,VOL,ST020,QAR,RM.365,Banoffee,35,4410,4410,126
05/01/2022,VOL,ST020,QAR,RM.367,Chocolate babka,30,6540,6540,218
05/01/2022,VOL,ST020,QAR,RM.369,Slice Raspberry swissroll,35,11900,11865,340
05/01/2022,VOL,ST020,QAR,RM.373,Slice Safron Milky Cake,45,16380,16380,364
05/01/2022,VOL,ST020,QAR,RM.374,Zaatar babka,30,4260,4260,142
05/01/2022,VOL,ST020,QAR,RM.375,Caramel Brownie,15,1125,1125,75
05/01/2022,VOL,ST020,QAR,RM.380,Slice Cereal milky  Cake,40,20720,20720,518
05/01/2022,VOL,ST020,QAR,RM.386,Slice Pecan Carmel Pie,35,5285,5285,151
05/01/2022,VOL,ST020,QAR,RM.388,Slice Chocolate Pudding,45,50625,50580,1125
05/01/2022,VOL,ST020,QAR,RM.389,Slice Honey Pudding,45,57915,57915,1287
05/01/2022,VOL,ST020,QAR,RM.390,ST.DATES CAKE,40,14000,14000,350
05/01/2022,VOL,ST020,QAR,RM.662,Virgin Mojito,35,29680,29610,848
05/01/2022,VOL,ST020,QAR,RM.664,Hawaiian Coconut,35,70560,70420,2016
05/01/2022,VOL,ST020,QAR,RM.671,Berry coconut,35,2345,2275,67
05/01/2022,VOL,ST020,QAR,RM.673,Berry mojito,35,18445,18410,527
05/01/2022,VOL,ST020,QAR,RM.676,Lemon ginger Iced tea,29,3480,3451,120
05/01/2022,VOL,ST020,QAR,RM.677,Jade passion Iced tea,29,11252,11223,388
05/01/2022,VOL,ST020,QAR,RM.691,English Breakfast Tea,25,11125,11125,445
05/01/2022,VOL,ST020,QAR,RM.692,Peppermint Tea,25,100,100,4
05/01/2022,VOL,ST020,QAR,RM.693,Earl Grey Tea,25,1500,1500,60
05/01/2022,VOL,ST020,QAR,RM.694,Jasmine Tea,25,1475,1475,59
05/01/2022,VOL,ST020,QAR,RM.695,Organic Green Tea,25,25,25,1
05/01/2022,VOL,ST020,QAR,RM.697,Lemon Grass tea,25,450,450,18
05/01/2022,VOL,ST020,QAR,RM.698,Chamomile,25,1100,1100,44
05/01/2022,VOL,ST020,QAR,RM.699,Green Tea,25,2350,2350,94
05/01/2022,VOL,ST020,QAR,RM.721,Labneh With Zaatar,36,9900,9900,275
05/01/2022,VOL,ST020,QAR,RM.725,Burrata On Toast,59,5310,5310,90
05/01/2022,VOL,ST020,QAR,RM.727,Mushroom Egg Benedict,45,6345,6345,141
05/01/2022,VOL,ST020,QAR,RM.728,Stuffed Croissants,30,8850,8790,295
05/01/2022,VOL,ST020,QAR,RM.729,Falafel Peta,55,51975,51920,945
05/01/2022,VOL,ST020,QAR,RM.730,Greek Avocado Toast,49,18473,18473,377
05/01/2022,VOL,ST020,QAR,RM.731,Granola with yogurt,55,7755,7755,141
05/01/2022,VOL,ST020,QAR,RM.733,Shakshuka,55,2310,2310,42
05/01/2022,VOL,ST020,QAR,RM.735,Olive Tapenade toast,45,4950,4950,110
05/01/2022,VOL,ST020,QAR,RM.737,Egg and cheese slinders,35,13265,13230,379
05/01/2022,VOL,ST020,QAR,RM.738,Berry smoothie,55,110,110,2
05/01/2022,VOL,ST020,QAR,RM.739,Pancake rouges,55,9955,9955,181
05/01/2022,VOL,ST020,QAR,RM.740,Breakfast oat porridge,50,1500,1500,30
05/01/2022,VOL,ST020,QAR,RM.741,Plain Croissant,12,1800,1788,150
05/01/2022,VOL,ST020,QAR,RM.742,Zaatar Croissant,14,1092,1092,78
05/01/2022,VOL,ST020,QAR,RM.743,Cheese Croissant,16,3296,3296,206
05/01/2022,VOL,ST020,QAR,RM.787,Hazelnut Warm chocolate,50,20000,19950,400
05/01/2022,VOL,ST020,QAR,RM.788,Whole hazelnut warm choco,350,350,0,1
05/01/2022,VOL,ST020,QAR,RM.811,Big Honey pudding,250,250,250,1
05/01/2022,VOL,ST020,QAR,RM.813,Big Chocolate pudding,350,350,350,1
05/01/2022,VOL,ST020,QAR,RM.815,Big Cereal milky cake,250,250,250,1
05/01/2022,VOL,ST020,QAR,RM.838,Mini falafel box,40,40,0,1
05/01/2022,VOL,ST020,QAR,RM.839,Whole Portofinol Tiramisu,350,350,350,1
05/01/2022,VOL,ST020,QAR,RM.840,Whole Raspberry Swissroll,180,180,180,1
05/01/2022,VOL,ST020,QAR,RM.841,Burrata Salad,55,6985,6985,127
05/01/2022,VOL,ST020,QAR,RM.844,Honey Mustard Chicken SLD,55,38940,38885,708
05/01/2022,VOL,ST020,QAR,RM.845,Smoked Turkey Sandwich,35,10115,10115,289
05/01/2022,VOL,ST020,QAR,RM.846,Roasted Beef Sandwich,65,2925,2925,45
05/01/2022,VOL,ST020,QAR,RM.848,Risotto Balls,40,18640,18640,466
05/01/2022,VOL,ST020,QAR,RM.849,Beef Burger,50,3250,3250,65
05/01/2022,VOL,ST020,QAR,RM.850,Chicken taco,45,5130,5040,114
05/01/2022,VOL,ST020,QAR,RM.851,Crispy chicken burger,40,6080,6080,152
05/01/2022,VOL,ST020,QAR,RM.852,Chicken spaghetti,60,11160,11160,186
05/01/2022,VOL,ST020,QAR,RM.858,Spicy club sandwich,35,45640,45605,1304
05/01/2022,VOL,ST020,QAR,RM.860,Gryo chicken wrap,35,945,945,27
05/01/2022,VOL,ST020,QAR,RM.861,Lasagna Bolognese,55,6050,6050,110
05/01/2022,VOL,ST020,QAR,RM.862,Quinoa kale garden greens,50,8100,8050,162
05/01/2022,VOL,ST020,QAR,RM.863,Burrito chicken salad,55,2915,2860,53
05/01/2022,VOL,ST020,QAR,RM.864,croissant basket,45,2700,2700,60
05/01/2022,VOL,ST020,QAR,RM.865,grilled chicken w/ tahina,60,3840,3840,64
05/01/2022,VOL,ST020,QAR,RM.866,grilled cheese sandwich,32,1280,1280,40
05/01/2022,VOL,ST020,QAR,RM.871,French Toast,50,4100,4100,82
05/01/2022,VOL,ST020,QAR,RM.873,Crushed Cookies,50,51550,51550,1031
05/01/2022,VOL,ST020,QAR,RM.3691,extra hot,0,0,0,74
05/01/2022,VOL,ST020,QAR,RM.3692,TAKE AWAY,0,0,0,4
05/01/2022,VOL,ST020,QAR,RM.3695,extra sweet,0,0,0,52
05/01/2022,VOL,ST020,QAR,RM.3696,less sweet,0,0,0,25
05/01/2022,VOL,ST020,QAR,RM.3697,together w food,0,0,0,254
05/01/2022,VOL,ST020,QAR,RM.3698,together w drinks,0,0,0,250
05/01/2022,VOL,ST020,QAR,RM.3699,room temp.,0,0,0,61
05/01/2022,VOL,ST020,QAR,RM.3700,well done,0,0,0,3
05/01/2022,VOL,ST020,QAR,RM.3705,lowfat,0,0,0,39
05/01/2022,VOL,ST020,QAR,RM.3706,decaf,0,0,0,17
05/01/2022,VOL,ST020,QAR,RM.3707,now,0,0,0,1
05/01/2022,VOL,ST020,QAR,RM.3708,less coffee,0,0,0,6
05/01/2022,VOL,ST020,QAR,RM.3812,Well Done,0,0,0,51
05/01/2022,VOL,ST020,QAR,RM.3814,Medium,0,0,0,51
05/01/2022,VOL,ST020,QAR,RM.3815,Runny,0,0,0,8
05/01/2022,VOL,ST020,QAR,RM.6361,WITH CREAM,0,0,0,59
05/01/2022,VOL,ST020,QAR,RM.6362,WITHOUT CREAM,0,0,0,29
05/01/2022,VOL,ST020,QAR,RM.6363,Almond Milk,0,0,0,79
05/01/2022,VOL,ST020,QAR,RM.6364,Coconut Milk,0,0,0,35
05/01/2022,VOL,ST020,QAR,RM.6374,Soya milk,0,0,0,13
