DATE,BRANCHCODE,WAREHOUSECODE,CURRENCY,ERPCODE,ITEMNAME,RAWPRICE,GROSSAMT,NETVALUE,QTYSOLD
09/01/2022,VOL,ST020,QAR,RM.1,Salmon,14,98,98,7
09/01/2022,VOL,ST020,QAR,RM.2,Bacon,14,154,154,11
09/01/2022,VOL,ST020,QAR,RM.3,Cheese,14,1750,1750,125
09/01/2022,VOL,ST020,QAR,RM.4,Turkey,14,714,714,51
09/01/2022,VOL,ST020,QAR,RM.5,Extra chicken,10,40,40,4
09/01/2022,VOL,ST020,QAR,RM.6,Egg,6,642,642,107
09/01/2022,VOL,ST020,QAR,RM.7,Mushroom,12,168,168,14
09/01/2022,VOL,ST020,QAR,RM.8,Avocado,12,96,96,8
09/01/2022,VOL,ST020,QAR,RM.62,Halloumi Fries,20,4560,4560,228
09/01/2022,VOL,ST020,QAR,RM.63,Baked Potato Wedges,20,2780,2780,139
09/01/2022,VOL,ST020,QAR,RM.64,French fries,15,10290,10290,686
09/01/2022,VOL,ST020,QAR,RM.125,Small cereal ice cream,7,511,511,73
09/01/2022,VOL,ST020,QAR,RM.126,Medium cereal ice cream,15,315,315,21
09/01/2022,VOL,ST020,QAR,RM.127,Mango ice pudding,40,1120,1120,28
09/01/2022,VOL,ST020,QAR,RM.157,Slice Tiramisu Portofino,40,16160,16160,404
09/01/2022,VOL,ST020,QAR,RM.181,Espreso,18,1998,1980,111
09/01/2022,VOL,ST020,QAR,RM.182,Double Espreso,20,1900,1900,95
09/01/2022,VOL,ST020,QAR,RM.183,Americano,20,14540,14540,727
09/01/2022,VOL,ST020,QAR,RM.184,Cappucino,24,24144,24144,1006
09/01/2022,VOL,ST020,QAR,RM.186,Latte Cold,24,1896,1896,79
09/01/2022,VOL,ST020,QAR,RM.187,V60 Pour Over,24,13080,13056,545
09/01/2022,VOL,ST020,QAR,RM.188,French Press,24,24,0,1
09/01/2022,VOL,ST020,QAR,RM.193,Flat White hot,24,27408,27312,1142
09/01/2022,VOL,ST020,QAR,RM.194,Macciatto,20,360,360,18
09/01/2022,VOL,ST020,QAR,RM.197,Morochino,24,432,432,18
09/01/2022,VOL,ST020,QAR,RM.198,cortado,24,13536,13536,564
09/01/2022,VOL,ST020,QAR,RM.200,Latte Hot,24,12480,12480,520
09/01/2022,VOL,ST020,QAR,RM.201,Milk,20,200,200,10
09/01/2022,VOL,ST020,QAR,RM.206,Double espresso Machiatto,24,192,192,8
09/01/2022,VOL,ST020,QAR,RM.207,Americano ice,20,2480,2480,124
09/01/2022,VOL,ST020,QAR,RM.210,Flatwhite ice,24,1032,1032,43
09/01/2022,VOL,ST020,QAR,RM.211,Volume Special ice,28,476,476,17
09/01/2022,VOL,ST020,QAR,RM.212,Coconut Latte,28,2184,2184,78
09/01/2022,VOL,ST020,QAR,RM.213,Cereal Latte,28,2408,2380,86
09/01/2022,VOL,ST020,QAR,RM.215,Ice Mocha,35,1470,1470,42
09/01/2022,VOL,ST020,QAR,RM.216,Volume special hot,28,700,700,25
09/01/2022,VOL,ST020,QAR,RM.218,Dulce de leche hot,28,588,588,21
09/01/2022,VOL,ST020,QAR,RM.220,Dulce de Leche ice,28,644,644,23
09/01/2022,VOL,ST020,QAR,RM.221,Drink in Love,28,1036,1036,37
09/01/2022,VOL,ST020,QAR,RM.223,Spanish Ice latte,28,22064,22064,788
09/01/2022,VOL,ST020,QAR,RM.224,Hot Chocolate,32,3264,3264,102
09/01/2022,VOL,ST020,QAR,RM.227,Spanish hot latte,28,34048,34048,1216
09/01/2022,VOL,ST020,QAR,RM.230,Frappe,28,1820,1820,65
09/01/2022,VOL,ST020,QAR,RM.231,Cinnamon Latte,28,3304,3304,118
09/01/2022,VOL,ST020,QAR,RM.233,Ginger Latte,28,784,784,28
09/01/2022,VOL,ST020,QAR,RM.236,Cafe crema,24,312,312,13
09/01/2022,VOL,ST020,QAR,RM.242,Acqua Panna 250ml,17,36380,36380,2140
09/01/2022,VOL,ST020,QAR,RM.243,Acqua panna 0.5,25,19325,19300,773
09/01/2022,VOL,ST020,QAR,RM.244,Perrier medium 330ml,19,2641,2641,139
09/01/2022,VOL,ST020,QAR,RM.245,Cola regular,10,4800,4800,480
09/01/2022,VOL,ST020,QAR,RM.246,Coca cola light,10,2110,2110,211
09/01/2022,VOL,ST020,QAR,RM.247,Sprite,10,1150,1150,115
09/01/2022,VOL,ST020,QAR,RM.248,Fanta,10,410,410,41
09/01/2022,VOL,ST020,QAR,RM.253,Perrier small 200ml,17,3077,3077,181
09/01/2022,VOL,ST020,QAR,RM.271,Orange Juice,24,19008,18984,792
09/01/2022,VOL,ST020,QAR,RM.273,Lemon Mint Juice,24,9744,9744,406
09/01/2022,VOL,ST020,QAR,RM.275,Carrot Juice,24,2016,1992,84
09/01/2022,VOL,ST020,QAR,RM.361,Slice Monkey bread,35,10500,10465,300
09/01/2022,VOL,ST020,QAR,RM.362,SliceTres Leche Berry,45,3105,3060,69
09/01/2022,VOL,ST020,QAR,RM.363,Slice Coconut Cake,45,6975,6975,155
09/01/2022,VOL,ST020,QAR,RM.364,Slice Mango cake,45,32895,32895,731
09/01/2022,VOL,ST020,QAR,RM.365,Banoffee,35,3815,3815,109
09/01/2022,VOL,ST020,QAR,RM.367,Chocolate babka,30,3180,3180,106
09/01/2022,VOL,ST020,QAR,RM.369,Slice Raspberry swissroll,35,6475,6475,185
09/01/2022,VOL,ST020,QAR,RM.373,Slice Safron Milky Cake,45,8280,8235,184
09/01/2022,VOL,ST020,QAR,RM.374,Zaatar babka,30,5010,5010,167
09/01/2022,VOL,ST020,QAR,RM.375,Caramel Brownie,15,1695,1695,113
09/01/2022,VOL,ST020,QAR,RM.380,Slice Cereal milky  Cake,40,11800,11800,295
09/01/2022,VOL,ST020,QAR,RM.386,Slice Pecan Carmel Pie,35,3710,3675,106
09/01/2022,VOL,ST020,QAR,RM.388,Slice Chocolate Pudding,45,31275,31275,695
09/01/2022,VOL,ST020,QAR,RM.389,Slice Honey Pudding,45,32355,32355,719
09/01/2022,VOL,ST020,QAR,RM.390,ST.DATES CAKE,40,10080,10080,252
09/01/2022,VOL,ST020,QAR,RM.662,Virgin Mojito,35,14455,14455,413
09/01/2022,VOL,ST020,QAR,RM.664,Hawaiian Coconut,35,37940,37905,1084
09/01/2022,VOL,ST020,QAR,RM.671,Berry coconut,35,1785,1750,51
09/01/2022,VOL,ST020,QAR,RM.673,Berry mojito,35,9380,9380,268
09/01/2022,VOL,ST020,QAR,RM.676,Lemon ginger Iced tea,29,2929,2929,101
09/01/2022,VOL,ST020,QAR,RM.677,Jade passion Iced tea,29,6902,6902,238
09/01/2022,VOL,ST020,QAR,RM.691,English Breakfast Tea,25,8250,8250,330
09/01/2022,VOL,ST020,QAR,RM.692,Peppermint Tea,25,175,175,7
09/01/2022,VOL,ST020,QAR,RM.693,Earl Grey Tea,25,1200,1200,48
09/01/2022,VOL,ST020,QAR,RM.694,Jasmine Tea,25,1200,1200,48
09/01/2022,VOL,ST020,QAR,RM.695,Organic Green Tea,25,1925,1925,77
09/01/2022,VOL,ST020,QAR,RM.697,Lemon Grass tea,25,225,225,9
09/01/2022,VOL,ST020,QAR,RM.698,Chamomile,25,1025,1025,41
09/01/2022,VOL,ST020,QAR,RM.721,Labneh With Zaatar,36,7524,7488,209
09/01/2022,VOL,ST020,QAR,RM.727,Mushroom Egg Benedict,45,17775,17775,395
09/01/2022,VOL,ST020,QAR,RM.728,Stuffed Croissants,30,8520,8520,284
09/01/2022,VOL,ST020,QAR,RM.729,Falafel Peta,55,32065,32065,583
09/01/2022,VOL,ST020,QAR,RM.730,Greek Avocado Toast,49,13965,13965,285
09/01/2022,VOL,ST020,QAR,RM.731,Granola with yogurt,55,6545,6545,119
09/01/2022,VOL,ST020,QAR,RM.737,Egg and cheese slinders,35,7525,7525,215
09/01/2022,VOL,ST020,QAR,RM.738,Berry smoothie,55,935,935,17
09/01/2022,VOL,ST020,QAR,RM.739,Pancake rouges,55,5665,5665,103
09/01/2022,VOL,ST020,QAR,RM.740,Breakfast oat porridge,50,1700,1700,34
09/01/2022,VOL,ST020,QAR,RM.741,Plain Croissant,12,744,744,62
09/01/2022,VOL,ST020,QAR,RM.742,Zaatar Croissant,14,588,588,42
09/01/2022,VOL,ST020,QAR,RM.743,Cheese Croissant,16,1568,1568,98
09/01/2022,VOL,ST020,QAR,RM.744,Crispy Sweet Corn,55,3245,3190,59
09/01/2022,VOL,ST020,QAR,RM.745,Sesame Falafel,50,2900,2850,58
09/01/2022,VOL,ST020,QAR,RM.746,Baked Feta on Citrus Toma,55,4620,4620,84
09/01/2022,VOL,ST020,QAR,RM.787,Hazelnut Warm chocolate,50,13450,13450,269
09/01/2022,VOL,ST020,QAR,RM.788,Whole hazelnut warm choco,350,1050,1050,3
09/01/2022,VOL,ST020,QAR,RM.811,Big Honey pudding,250,250,250,1
09/01/2022,VOL,ST020,QAR,RM.815,Big Cereal milky cake,250,250,250,1
09/01/2022,VOL,ST020,QAR,RM.823,Big Pecan Caramel,350,350,350,1
09/01/2022,VOL,ST020,QAR,RM.840,Whole Raspberry Swissroll,180,360,360,2
09/01/2022,VOL,ST020,QAR,RM.844,Honey Mustard Chicken SLD,55,30470,30470,554
09/01/2022,VOL,ST020,QAR,RM.845,Smoked Turkey Sandwich,35,3115,3115,89
09/01/2022,VOL,ST020,QAR,RM.846,Roasted Beef Sandwich,65,6175,6110,95
09/01/2022,VOL,ST020,QAR,RM.848,Risotto Balls,40,8920,8920,223
09/01/2022,VOL,ST020,QAR,RM.849,Beef Burger,50,7050,7000,141
09/01/2022,VOL,ST020,QAR,RM.850,Chicken taco,45,7515,7515,167
09/01/2022,VOL,ST020,QAR,RM.851,Crispy chicken burger,40,13080,13040,327
09/01/2022,VOL,ST020,QAR,RM.852,Chicken spaghetti,60,29220,29220,487
09/01/2022,VOL,ST020,QAR,RM.853,Baked salmon with lemon c,68,4420,4420,65
09/01/2022,VOL,ST020,QAR,RM.854,Grilled Chicken Breast wi,58,4872,4814,84
09/01/2022,VOL,ST020,QAR,RM.855,Marinated Burrata Toast,55,3740,3685,68
09/01/2022,VOL,ST020,QAR,RM.856,Asia Beef Salad,58,2726,2668,47
09/01/2022,VOL,ST020,QAR,RM.858,Spicy club sandwich,35,18760,18760,536
09/01/2022,VOL,ST020,QAR,RM.861,Lasagna Bolognese,55,11000,11000,200
09/01/2022,VOL,ST020,QAR,RM.862,Quinoa kale garden greens,50,5350,5350,107
09/01/2022,VOL,ST020,QAR,RM.863,Burrito chicken salad,55,11385,11385,207
09/01/2022,VOL,ST020,QAR,RM.864,croissant basket,45,1935,1935,43
09/01/2022,VOL,ST020,QAR,RM.871,French Toast,50,12700,12700,254
09/01/2022,VOL,ST020,QAR,RM.873,Crushed Cookies,50,39600,39500,792
09/01/2022,VOL,ST020,QAR,RM.3663,No/ Mushroom,0,0,0,1
09/01/2022,VOL,ST020,QAR,RM.3691,extra hot,0,0,0,86
09/01/2022,VOL,ST020,QAR,RM.3692,TAKE AWAY,0,0,0,1
09/01/2022,VOL,ST020,QAR,RM.3695,extra sweet,0,0,0,22
09/01/2022,VOL,ST020,QAR,RM.3696,less sweet,0,0,0,29
09/01/2022,VOL,ST020,QAR,RM.3697,together w food,0,0,0,850
09/01/2022,VOL,ST020,QAR,RM.3698,together w drinks,0,0,0,809
09/01/2022,VOL,ST020,QAR,RM.3699,room temp.,0,0,0,69
09/01/2022,VOL,ST020,QAR,RM.3700,well done,0,0,0,3
09/01/2022,VOL,ST020,QAR,RM.3701,runny,0,0,0,2
09/01/2022,VOL,ST020,QAR,RM.3702,meduim,0,0,0,2
09/01/2022,VOL,ST020,QAR,RM.3705,lowfat,0,0,0,95
09/01/2022,VOL,ST020,QAR,RM.3706,decaf,0,0,0,37
09/01/2022,VOL,ST020,QAR,RM.3707,now,0,0,0,9
09/01/2022,VOL,ST020,QAR,RM.3708,less coffee,0,0,0,2
09/01/2022,VOL,ST020,QAR,RM.3709,cut into half,0,0,0,1
09/01/2022,VOL,ST020,QAR,RM.3812,Well Done,0,0,0,204
09/01/2022,VOL,ST020,QAR,RM.3814,Medium,0,0,0,142
09/01/2022,VOL,ST020,QAR,RM.3815,Runny,0,0,0,25
09/01/2022,VOL,ST020,QAR,RM.6361,WITH CREAM,0,0,0,21
09/01/2022,VOL,ST020,QAR,RM.6362,WITHOUT CREAM,0,0,0,12
09/01/2022,VOL,ST020,QAR,RM.6363,Almond Milk,0,0,0,87
09/01/2022,VOL,ST020,QAR,RM.6364,Coconut Milk,0,0,0,23
09/01/2022,VOL,ST020,QAR,RM.6374,Soya milk,0,0,0,20
