DATE,BRANCHCODE,WAREHOUSECODE,CURRENCY,ERPCODE,ITEMNAME,RAWPRICE,GROSSAMT,NETVALUE,QTYSOLD
08/01/2022,VOL,ST020,QAR,RM.1,Salmon,14,126,126,9
08/01/2022,VOL,ST020,QAR,RM.2,Bacon,14,140,140,10
08/01/2022,VOL,ST020,QAR,RM.3,Cheese,14,1106,1106,79
08/01/2022,VOL,ST020,QAR,RM.4,Turkey,14,392,392,28
08/01/2022,VOL,ST020,QAR,RM.5,Extra chicken,10,90,90,9
08/01/2022,VOL,ST020,QAR,RM.6,Egg,6,600,600,100
08/01/2022,VOL,ST020,QAR,RM.7,Mushroom,12,96,96,8
08/01/2022,VOL,ST020,QAR,RM.8,Avocado,12,84,84,7
08/01/2022,VOL,ST020,QAR,RM.62,Halloumi Fries,20,4180,4180,209
08/01/2022,VOL,ST020,QAR,RM.63,Baked Potato Wedges,20,2160,2160,108
08/01/2022,VOL,ST020,QAR,RM.64,French fries,15,10170,10170,678
08/01/2022,VOL,ST020,QAR,RM.125,Small cereal ice cream,7,952,952,136
08/01/2022,VOL,ST020,QAR,RM.126,Medium cereal ice cream,15,150,150,10
08/01/2022,VOL,ST020,QAR,RM.127,Mango ice pudding,40,1640,1640,41
08/01/2022,VOL,ST020,QAR,RM.157,Slice Tiramisu Portofino,40,16040,16000,401
08/01/2022,VOL,ST020,QAR,RM.181,Espreso,18,1890,1890,105
08/01/2022,VOL,ST020,QAR,RM.182,Double Espreso,20,1860,1860,93
08/01/2022,VOL,ST020,QAR,RM.183,Americano,20,12840,12840,642
08/01/2022,VOL,ST020,QAR,RM.184,Cappucino,24,23904,23904,996
08/01/2022,VOL,ST020,QAR,RM.186,Latte Cold,24,3048,3048,127
08/01/2022,VOL,ST020,QAR,RM.187,V60 Pour Over,24,12672,12624,528
08/01/2022,VOL,ST020,QAR,RM.193,Flat White hot,24,27168,27168,1132
08/01/2022,VOL,ST020,QAR,RM.194,Macciatto,20,360,360,18
08/01/2022,VOL,ST020,QAR,RM.197,Morochino,24,168,168,7
08/01/2022,VOL,ST020,QAR,RM.198,cortado,24,14592,14592,608
08/01/2022,VOL,ST020,QAR,RM.200,Latte Hot,24,12504,12480,521
08/01/2022,VOL,ST020,QAR,RM.201,Milk,20,140,140,7
08/01/2022,VOL,ST020,QAR,RM.206,Double espresso Machiatto,24,240,240,10
08/01/2022,VOL,ST020,QAR,RM.207,Americano ice,20,3220,3180,161
08/01/2022,VOL,ST020,QAR,RM.210,Flatwhite ice,24,960,960,40
08/01/2022,VOL,ST020,QAR,RM.211,Volume Special ice,28,588,588,21
08/01/2022,VOL,ST020,QAR,RM.212,Coconut Latte,28,1764,1736,63
08/01/2022,VOL,ST020,QAR,RM.213,Cereal Latte,28,2100,2072,75
08/01/2022,VOL,ST020,QAR,RM.215,Ice Mocha,35,980,945,28
08/01/2022,VOL,ST020,QAR,RM.216,Volume special hot,28,756,756,27
08/01/2022,VOL,ST020,QAR,RM.218,Dulce de leche hot,28,616,616,22
08/01/2022,VOL,ST020,QAR,RM.220,Dulce de Leche ice,28,532,532,19
08/01/2022,VOL,ST020,QAR,RM.221,Drink in Love,28,1540,1512,55
08/01/2022,VOL,ST020,QAR,RM.223,Spanish Ice latte,28,25256,25256,902
08/01/2022,VOL,ST020,QAR,RM.224,Hot Chocolate,32,4160,4160,130
08/01/2022,VOL,ST020,QAR,RM.227,Spanish hot latte,28,34944,34916,1248
08/01/2022,VOL,ST020,QAR,RM.230,Frappe,28,896,840,32
08/01/2022,VOL,ST020,QAR,RM.231,Cinnamon Latte,28,3640,3640,130
08/01/2022,VOL,ST020,QAR,RM.233,Ginger Latte,28,700,672,25
08/01/2022,VOL,ST020,QAR,RM.236,Cafe crema,24,120,96,5
08/01/2022,VOL,ST020,QAR,RM.242,Acqua Panna 250ml,17,38641,38641,2273
08/01/2022,VOL,ST020,QAR,RM.243,Acqua panna 0.5,25,18575,18575,743
08/01/2022,VOL,ST020,QAR,RM.244,Perrier medium 330ml,19,2223,2223,117
08/01/2022,VOL,ST020,QAR,RM.245,Cola regular,10,5010,5010,501
08/01/2022,VOL,ST020,QAR,RM.246,Coca cola light,10,1730,1730,173
08/01/2022,VOL,ST020,QAR,RM.247,Sprite,10,1510,1510,151
08/01/2022,VOL,ST020,QAR,RM.248,Fanta,10,380,380,38
08/01/2022,VOL,ST020,QAR,RM.253,Perrier small 200ml,17,3247,3247,191
08/01/2022,VOL,ST020,QAR,RM.271,Orange Juice,24,14640,14616,610
08/01/2022,VOL,ST020,QAR,RM.273,Lemon Mint Juice,24,8016,7992,334
08/01/2022,VOL,ST020,QAR,RM.275,Carrot Juice,24,1128,1128,47
08/01/2022,VOL,ST020,QAR,RM.361,Slice Monkey bread,35,11480,11480,328
08/01/2022,VOL,ST020,QAR,RM.362,SliceTres Leche Berry,45,3555,3555,79
08/01/2022,VOL,ST020,QAR,RM.363,Slice Coconut Cake,45,7515,7515,167
08/01/2022,VOL,ST020,QAR,RM.364,Slice Mango cake,45,35460,35460,788
08/01/2022,VOL,ST020,QAR,RM.365,Banoffee,35,3535,3500,101
08/01/2022,VOL,ST020,QAR,RM.367,Chocolate babka,30,3720,3690,124
08/01/2022,VOL,ST020,QAR,RM.369,Slice Raspberry swissroll,35,5635,5600,161
08/01/2022,VOL,ST020,QAR,RM.373,Slice Safron Milky Cake,45,10035,9990,223
08/01/2022,VOL,ST020,QAR,RM.374,Zaatar babka,30,4590,4560,153
08/01/2022,VOL,ST020,QAR,RM.375,Caramel Brownie,15,1275,1260,85
08/01/2022,VOL,ST020,QAR,RM.380,Slice Cereal milky  Cake,40,12520,12520,313
08/01/2022,VOL,ST020,QAR,RM.386,Slice Pecan Carmel Pie,35,3535,3535,101
08/01/2022,VOL,ST020,QAR,RM.388,Slice Chocolate Pudding,45,32400,32400,720
08/01/2022,VOL,ST020,QAR,RM.389,Slice Honey Pudding,45,31545,31545,701
08/01/2022,VOL,ST020,QAR,RM.390,ST.DATES CAKE,40,9960,9960,249
08/01/2022,VOL,ST020,QAR,RM.662,Virgin Mojito,35,18165,18130,519
08/01/2022,VOL,ST020,QAR,RM.664,Hawaiian Coconut,35,38150,38115,1090
08/01/2022,VOL,ST020,QAR,RM.671,Berry coconut,35,1470,1470,42
08/01/2022,VOL,ST020,QAR,RM.673,Berry mojito,35,12005,11970,343
08/01/2022,VOL,ST020,QAR,RM.676,Lemon ginger Iced tea,29,3277,3277,113
08/01/2022,VOL,ST020,QAR,RM.677,Jade passion Iced tea,29,8178,8149,282
08/01/2022,VOL,ST020,QAR,RM.691,English Breakfast Tea,25,8775,8750,351
08/01/2022,VOL,ST020,QAR,RM.692,Peppermint Tea,25,150,150,6
08/01/2022,VOL,ST020,QAR,RM.693,Earl Grey Tea,25,1050,1050,42
08/01/2022,VOL,ST020,QAR,RM.694,Jasmine Tea,25,1000,1000,40
08/01/2022,VOL,ST020,QAR,RM.695,Organic Green Tea,25,425,425,17
08/01/2022,VOL,ST020,QAR,RM.697,Lemon Grass tea,25,275,275,11
08/01/2022,VOL,ST020,QAR,RM.698,Chamomile,25,675,675,27
08/01/2022,VOL,ST020,QAR,RM.699,Green Tea,25,1425,1425,57
08/01/2022,VOL,ST020,QAR,RM.721,Labneh With Zaatar,36,7524,7524,209
08/01/2022,VOL,ST020,QAR,RM.727,Mushroom Egg Benedict,45,17100,17100,380
08/01/2022,VOL,ST020,QAR,RM.728,Stuffed Croissants,30,6780,6780,226
08/01/2022,VOL,ST020,QAR,RM.729,Falafel Peta,55,26290,26235,478
08/01/2022,VOL,ST020,QAR,RM.730,Greek Avocado Toast,49,12936,12887,264
08/01/2022,VOL,ST020,QAR,RM.731,Granola with yogurt,55,5940,5940,108
08/01/2022,VOL,ST020,QAR,RM.737,Egg and cheese slinders,35,8995,8995,257
08/01/2022,VOL,ST020,QAR,RM.738,Berry smoothie,55,220,165,4
08/01/2022,VOL,ST020,QAR,RM.739,Pancake rouges,55,6050,5995,110
08/01/2022,VOL,ST020,QAR,RM.740,Breakfast oat porridge,50,2000,2000,40
08/01/2022,VOL,ST020,QAR,RM.741,Plain Croissant,12,1320,1320,110
08/01/2022,VOL,ST020,QAR,RM.742,Zaatar Croissant,14,672,672,48
08/01/2022,VOL,ST020,QAR,RM.743,Cheese Croissant,16,1440,1440,90
08/01/2022,VOL,ST020,QAR,RM.744,Crispy Sweet Corn,55,2860,2860,52
08/01/2022,VOL,ST020,QAR,RM.745,Sesame Falafel,50,2050,2050,41
08/01/2022,VOL,ST020,QAR,RM.746,Baked Feta on Citrus Toma,55,4510,4510,82
08/01/2022,VOL,ST020,QAR,RM.787,Hazelnut Warm chocolate,50,16200,16200,324
08/01/2022,VOL,ST020,QAR,RM.788,Whole hazelnut warm choco,350,350,350,1
08/01/2022,VOL,ST020,QAR,RM.811,Big Honey pudding,250,250,250,1
08/01/2022,VOL,ST020,QAR,RM.812,Small Honey pudding,100,700,700,7
08/01/2022,VOL,ST020,QAR,RM.813,Big Chocolate pudding,350,350,350,1
08/01/2022,VOL,ST020,QAR,RM.814,Small Chocolate pudding,180,540,540,3
08/01/2022,VOL,ST020,QAR,RM.839,Whole Portofinol Tiramisu,350,350,350,1
08/01/2022,VOL,ST020,QAR,RM.840,Whole Raspberry Swissroll,180,540,540,3
08/01/2022,VOL,ST020,QAR,RM.844,Honey Mustard Chicken SLD,55,29150,29150,530
08/01/2022,VOL,ST020,QAR,RM.845,Smoked Turkey Sandwich,35,3465,3465,99
08/01/2022,VOL,ST020,QAR,RM.846,Roasted Beef Sandwich,65,5915,5915,91
08/01/2022,VOL,ST020,QAR,RM.848,Risotto Balls,40,12400,12400,310
08/01/2022,VOL,ST020,QAR,RM.849,Beef Burger,50,6200,6200,124
08/01/2022,VOL,ST020,QAR,RM.850,Chicken taco,45,8100,8100,180
08/01/2022,VOL,ST020,QAR,RM.851,Crispy chicken burger,40,15640,15640,391
08/01/2022,VOL,ST020,QAR,RM.852,Chicken spaghetti,60,30480,30480,508
08/01/2022,VOL,ST020,QAR,RM.853,Baked salmon with lemon c,68,4556,4488,67
08/01/2022,VOL,ST020,QAR,RM.854,Grilled Chicken Breast wi,58,4698,4698,81
08/01/2022,VOL,ST020,QAR,RM.855,Marinated Burrata Toast,55,4510,4510,82
08/01/2022,VOL,ST020,QAR,RM.856,Asia Beef Salad,58,2610,2610,45
08/01/2022,VOL,ST020,QAR,RM.858,Spicy club sandwich,35,19460,19425,556
08/01/2022,VOL,ST020,QAR,RM.861,Lasagna Bolognese,55,12265,12265,223
08/01/2022,VOL,ST020,QAR,RM.862,Quinoa kale garden greens,50,3550,3500,71
08/01/2022,VOL,ST020,QAR,RM.863,Burrito chicken salad,55,11990,11990,218
08/01/2022,VOL,ST020,QAR,RM.864,croissant basket,45,2205,2205,49
08/01/2022,VOL,ST020,QAR,RM.871,French Toast,50,13650,13650,273
08/01/2022,VOL,ST020,QAR,RM.873,Crushed Cookies,50,41450,41450,829
08/01/2022,VOL,ST020,QAR,RM.3691,extra hot,0,0,0,74
08/01/2022,VOL,ST020,QAR,RM.3692,TAKE AWAY,0,0,0,9
08/01/2022,VOL,ST020,QAR,RM.3695,extra sweet,0,0,0,8
08/01/2022,VOL,ST020,QAR,RM.3696,less sweet,0,0,0,26
08/01/2022,VOL,ST020,QAR,RM.3697,together w food,0,0,0,769
08/01/2022,VOL,ST020,QAR,RM.3698,together w drinks,0,0,0,760
08/01/2022,VOL,ST020,QAR,RM.3699,room temp.,0,0,0,72
08/01/2022,VOL,ST020,QAR,RM.3700,well done,0,0,0,2
08/01/2022,VOL,ST020,QAR,RM.3705,lowfat,0,0,0,84
08/01/2022,VOL,ST020,QAR,RM.3706,decaf,0,0,0,23
08/01/2022,VOL,ST020,QAR,RM.3707,now,0,0,0,3
08/01/2022,VOL,ST020,QAR,RM.3708,less coffee,0,0,0,1
08/01/2022,VOL,ST020,QAR,RM.3812,Well Done,0,0,0,183
08/01/2022,VOL,ST020,QAR,RM.3814,Medium,0,0,0,123
08/01/2022,VOL,ST020,QAR,RM.3815,Runny,0,0,0,24
08/01/2022,VOL,ST020,QAR,RM.6361,WITH CREAM,0,0,0,29
08/01/2022,VOL,ST020,QAR,RM.6362,WITHOUT CREAM,0,0,0,17
08/01/2022,VOL,ST020,QAR,RM.6363,Almond Milk,0,0,0,83
08/01/2022,VOL,ST020,QAR,RM.6364,Coconut Milk,0,0,0,18
08/01/2022,VOL,ST020,QAR,RM.6374,Soya milk,0,0,0,11
