DATE,BRANCHCODE,WAREHOUSECODE,CURRENCY,ERPCODE,ITEMNAME,RAWPRICE,GROSSAMT,NETVALUE,QTYSOLD
06/01/2022,VOL,ST020,QAR,RM.1,Salmon,14,56,56,4
06/01/2022,VOL,ST020,QAR,RM.2,Bacon,14,224,224,16
06/01/2022,VOL,ST020,QAR,RM.3,Cheese,14,1974,1974,141
06/01/2022,VOL,ST020,QAR,RM.4,Turkey,14,490,490,35
06/01/2022,VOL,ST020,QAR,RM.5,Extra chicken,10,110,110,11
06/01/2022,VOL,ST020,QAR,RM.6,Egg,6,372,372,62
06/01/2022,VOL,ST020,QAR,RM.7,Mushroom,12,132,132,11
06/01/2022,VOL,ST020,QAR,RM.8,Avocado,12,156,156,13
06/01/2022,VOL,ST020,QAR,RM.61,Truffle Mac N Cheese,30,960,960,32
06/01/2022,VOL,ST020,QAR,RM.62,Halloumi Fries,20,4880,4860,244
06/01/2022,VOL,ST020,QAR,RM.63,Baked Potato Wedges,20,2320,2320,116
06/01/2022,VOL,ST020,QAR,RM.64,French fries,15,14490,14460,966
06/01/2022,VOL,ST020,QAR,RM.125,Small cereal ice cream,7,602,602,86
06/01/2022,VOL,ST020,QAR,RM.126,Medium cereal ice cream,15,225,225,15
06/01/2022,VOL,ST020,QAR,RM.127,Mango ice pudding,40,2560,2520,64
06/01/2022,VOL,ST020,QAR,RM.157,Slice Tiramisu Portofino,40,20560,20560,514
06/01/2022,VOL,ST020,QAR,RM.181,Espreso,18,2340,2340,130
06/01/2022,VOL,ST020,QAR,RM.182,Double Espreso,20,1340,1340,67
06/01/2022,VOL,ST020,QAR,RM.183,Americano,20,15740,15740,787
06/01/2022,VOL,ST020,QAR,RM.184,Cappucino,24,26928,26856,1122
06/01/2022,VOL,ST020,QAR,RM.186,Latte Cold,24,3312,3312,138
06/01/2022,VOL,ST020,QAR,RM.187,V60 Pour Over,24,11208,11208,467
06/01/2022,VOL,ST020,QAR,RM.188,French Press,24,24,24,1
06/01/2022,VOL,ST020,QAR,RM.193,Flat White hot,24,31944,31896,1331
06/01/2022,VOL,ST020,QAR,RM.194,Macciatto,20,380,380,19
06/01/2022,VOL,ST020,QAR,RM.197,Morochino,24,504,504,21
06/01/2022,VOL,ST020,QAR,RM.198,cortado,24,14016,14016,584
06/01/2022,VOL,ST020,QAR,RM.200,Latte Hot,24,14040,14040,585
06/01/2022,VOL,ST020,QAR,RM.201,Milk,20,120,120,6
06/01/2022,VOL,ST020,QAR,RM.206,Double espresso Machiatto,24,216,216,9
06/01/2022,VOL,ST020,QAR,RM.207,Americano ice,20,2980,2980,149
06/01/2022,VOL,ST020,QAR,RM.210,Flatwhite ice,24,1560,1560,65
06/01/2022,VOL,ST020,QAR,RM.211,Volume Special ice,28,588,588,21
06/01/2022,VOL,ST020,QAR,RM.212,Coconut Latte,28,2212,2184,79
06/01/2022,VOL,ST020,QAR,RM.213,Cereal Latte,28,2240,2212,80
06/01/2022,VOL,ST020,QAR,RM.216,Volume special hot,28,476,476,17
06/01/2022,VOL,ST020,QAR,RM.218,Dulce de leche hot,28,476,476,17
06/01/2022,VOL,ST020,QAR,RM.220,Dulce de Leche ice,28,952,952,34
06/01/2022,VOL,ST020,QAR,RM.221,Drink in Love,28,1792,1736,64
06/01/2022,VOL,ST020,QAR,RM.223,Spanish Ice latte,28,29512,29372,1054
06/01/2022,VOL,ST020,QAR,RM.224,Hot Chocolate,32,5216,5216,163
06/01/2022,VOL,ST020,QAR,RM.227,Spanish hot latte,28,44436,44352,1587
06/01/2022,VOL,ST020,QAR,RM.230,Frappe,28,784,756,28
06/01/2022,VOL,ST020,QAR,RM.231,Cinnamon Latte,28,3892,3864,139
06/01/2022,VOL,ST020,QAR,RM.233,Ginger Latte,28,588,588,21
06/01/2022,VOL,ST020,QAR,RM.242,Acqua Panna 250ml,17,43758,43656,2574
06/01/2022,VOL,ST020,QAR,RM.243,Acqua panna 0.5,25,23825,23775,953
06/01/2022,VOL,ST020,QAR,RM.244,Perrier medium 330ml,19,3306,3306,174
06/01/2022,VOL,ST020,QAR,RM.245,Cola regular,10,7460,7430,746
06/01/2022,VOL,ST020,QAR,RM.246,Coca cola light,10,1100,1080,110
06/01/2022,VOL,ST020,QAR,RM.247,Sprite,10,2060,2060,206
06/01/2022,VOL,ST020,QAR,RM.248,Fanta,10,650,650,65
06/01/2022,VOL,ST020,QAR,RM.253,Perrier small 200ml,17,4199,4182,247
06/01/2022,VOL,ST020,QAR,RM.271,Orange Juice,24,16656,16632,694
06/01/2022,VOL,ST020,QAR,RM.273,Lemon Mint Juice,24,11064,11040,461
06/01/2022,VOL,ST020,QAR,RM.275,Carrot Juice,24,1200,1200,50
06/01/2022,VOL,ST020,QAR,RM.361,Slice Monkey bread,35,10185,10115,291
06/01/2022,VOL,ST020,QAR,RM.363,Slice Coconut Cake,45,8865,8820,197
06/01/2022,VOL,ST020,QAR,RM.364,Slice Mango cake,45,44640,44595,992
06/01/2022,VOL,ST020,QAR,RM.365,Banoffee,35,3535,3535,101
06/01/2022,VOL,ST020,QAR,RM.367,Chocolate babka,30,4500,4470,150
06/01/2022,VOL,ST020,QAR,RM.369,Slice Raspberry swissroll,35,7350,7280,210
06/01/2022,VOL,ST020,QAR,RM.373,Slice Safron Milky Cake,45,9585,9540,213
06/01/2022,VOL,ST020,QAR,RM.374,Zaatar babka,30,4140,4140,138
06/01/2022,VOL,ST020,QAR,RM.375,Caramel Brownie,15,1305,1305,87
06/01/2022,VOL,ST020,QAR,RM.380,Slice Cereal milky  Cake,40,14800,14720,370
06/01/2022,VOL,ST020,QAR,RM.386,Slice Pecan Carmel Pie,35,4305,4305,123
06/01/2022,VOL,ST020,QAR,RM.388,Slice Chocolate Pudding,45,39195,39195,871
06/01/2022,VOL,ST020,QAR,RM.389,Slice Honey Pudding,45,39420,39330,876
06/01/2022,VOL,ST020,QAR,RM.390,ST.DATES CAKE,40,10520,10480,263
06/01/2022,VOL,ST020,QAR,RM.662,Virgin Mojito,35,30275,30170,865
06/01/2022,VOL,ST020,QAR,RM.664,Hawaiian Coconut,35,62125,62020,1775
06/01/2022,VOL,ST020,QAR,RM.671,Berry coconut,35,2660,2660,76
06/01/2022,VOL,ST020,QAR,RM.673,Berry mojito,35,15365,15330,439
06/01/2022,VOL,ST020,QAR,RM.676,Lemon ginger Iced tea,29,2929,2900,101
06/01/2022,VOL,ST020,QAR,RM.677,Jade passion Iced tea,29,9570,9570,330
06/01/2022,VOL,ST020,QAR,RM.691,English Breakfast Tea,25,9000,8950,360
06/01/2022,VOL,ST020,QAR,RM.692,Peppermint Tea,25,150,150,6
06/01/2022,VOL,ST020,QAR,RM.693,Earl Grey Tea,25,950,950,38
06/01/2022,VOL,ST020,QAR,RM.694,Jasmine Tea,25,1250,1250,50
06/01/2022,VOL,ST020,QAR,RM.695,Organic Green Tea,25,50,50,2
06/01/2022,VOL,ST020,QAR,RM.697,Lemon Grass tea,25,400,400,16
06/01/2022,VOL,ST020,QAR,RM.698,Chamomile,25,700,700,28
06/01/2022,VOL,ST020,QAR,RM.699,Green Tea,25,1700,1700,68
06/01/2022,VOL,ST020,QAR,RM.721,Labneh With Zaatar,36,8712,8712,242
06/01/2022,VOL,ST020,QAR,RM.725,Burrata On Toast,59,1829,1829,31
06/01/2022,VOL,ST020,QAR,RM.727,Mushroom Egg Benedict,45,15885,15840,353
06/01/2022,VOL,ST020,QAR,RM.728,Stuffed Croissants,30,8460,8460,282
06/01/2022,VOL,ST020,QAR,RM.729,Falafel Peta,55,36025,36025,655
06/01/2022,VOL,ST020,QAR,RM.730,Greek Avocado Toast,49,15190,15190,310
06/01/2022,VOL,ST020,QAR,RM.731,Granola with yogurt,55,8525,8525,155
06/01/2022,VOL,ST020,QAR,RM.733,Shakshuka,55,1595,1595,29
06/01/2022,VOL,ST020,QAR,RM.735,Olive Tapenade toast,45,810,810,18
06/01/2022,VOL,ST020,QAR,RM.737,Egg and cheese slinders,35,8995,8995,257
06/01/2022,VOL,ST020,QAR,RM.738,Berry smoothie,55,660,660,12
06/01/2022,VOL,ST020,QAR,RM.739,Pancake rouges,55,7095,7095,129
06/01/2022,VOL,ST020,QAR,RM.740,Breakfast oat porridge,50,2050,2000,41
06/01/2022,VOL,ST020,QAR,RM.741,Plain Croissant,12,1512,1512,126
06/01/2022,VOL,ST020,QAR,RM.742,Zaatar Croissant,14,924,924,66
06/01/2022,VOL,ST020,QAR,RM.743,Cheese Croissant,16,2080,2080,130
06/01/2022,VOL,ST020,QAR,RM.744,Crispy Sweet Corn,55,3300,3190,60
06/01/2022,VOL,ST020,QAR,RM.745,Sesame Falafel,50,2200,2050,44
06/01/2022,VOL,ST020,QAR,RM.746,Baked Feta on Citrus Toma,55,4235,4125,77
06/01/2022,VOL,ST020,QAR,RM.787,Hazelnut Warm chocolate,50,16300,16250,326
06/01/2022,VOL,ST020,QAR,RM.788,Whole hazelnut warm choco,350,350,0,1
06/01/2022,VOL,ST020,QAR,RM.811,Big Honey pudding,250,250,250,1
06/01/2022,VOL,ST020,QAR,RM.812,Small Honey pudding,100,300,300,3
06/01/2022,VOL,ST020,QAR,RM.814,Small Chocolate pudding,180,180,180,1
06/01/2022,VOL,ST020,QAR,RM.825, Whole Coconut Cake,360,360,360,1
06/01/2022,VOL,ST020,QAR,RM.826,BIG MANGO CAKE,350,1050,1050,3
06/01/2022,VOL,ST020,QAR,RM.840,Whole Raspberry Swissroll,180,360,360,2
06/01/2022,VOL,ST020,QAR,RM.841,Burrata Salad,55,2475,2475,45
06/01/2022,VOL,ST020,QAR,RM.844,Honey Mustard Chicken SLD,55,34265,34210,623
06/01/2022,VOL,ST020,QAR,RM.845,Smoked Turkey Sandwich,35,4165,4165,119
06/01/2022,VOL,ST020,QAR,RM.846,Roasted Beef Sandwich,65,11375,11375,175
06/01/2022,VOL,ST020,QAR,RM.848,Risotto Balls,40,14880,14840,372
06/01/2022,VOL,ST020,QAR,RM.849,Beef Burger,50,11300,11250,226
06/01/2022,VOL,ST020,QAR,RM.850,Chicken taco,45,14040,13995,312
06/01/2022,VOL,ST020,QAR,RM.851,Crispy chicken burger,40,18520,18520,463
06/01/2022,VOL,ST020,QAR,RM.852,Chicken spaghetti,60,40500,40440,675
06/01/2022,VOL,ST020,QAR,RM.853,Baked salmon with lemon c,68,5440,5304,80
06/01/2022,VOL,ST020,QAR,RM.854,Grilled Chicken Breast wi,58,5162,4988,89
06/01/2022,VOL,ST020,QAR,RM.855,Marinated Burrata Toast,55,6435,6270,117
06/01/2022,VOL,ST020,QAR,RM.856,Asia Beef Salad,58,3248,3132,56
06/01/2022,VOL,ST020,QAR,RM.858,Spicy club sandwich,35,29925,29890,855
06/01/2022,VOL,ST020,QAR,RM.860,Gryo chicken wrap,35,490,490,14
06/01/2022,VOL,ST020,QAR,RM.861,Lasagna Bolognese,55,17600,17435,320
06/01/2022,VOL,ST020,QAR,RM.862,Quinoa kale garden greens,50,7250,7200,145
06/01/2022,VOL,ST020,QAR,RM.863,Burrito chicken salad,55,10890,10835,198
06/01/2022,VOL,ST020,QAR,RM.864,croissant basket,45,1890,1890,42
06/01/2022,VOL,ST020,QAR,RM.865,grilled chicken w/ tahina,60,3420,3420,57
06/01/2022,VOL,ST020,QAR,RM.866,grilled cheese sandwich,32,1088,1088,34
06/01/2022,VOL,ST020,QAR,RM.871,French Toast,50,11950,11900,239
06/01/2022,VOL,ST020,QAR,RM.873,Crushed Cookies,50,49050,48950,981
06/01/2022,VOL,ST020,QAR,RM.3691,extra hot,0,0,0,51
06/01/2022,VOL,ST020,QAR,RM.3692,TAKE AWAY,0,0,0,7
06/01/2022,VOL,ST020,QAR,RM.3695,extra sweet,0,0,0,19
06/01/2022,VOL,ST020,QAR,RM.3696,less sweet,0,0,0,26
06/01/2022,VOL,ST020,QAR,RM.3697,together w food,0,0,0,467
06/01/2022,VOL,ST020,QAR,RM.3698,together w drinks,0,0,0,396
06/01/2022,VOL,ST020,QAR,RM.3699,room temp.,0,0,0,78
06/01/2022,VOL,ST020,QAR,RM.3703,all to go,0,0,0,1
06/01/2022,VOL,ST020,QAR,RM.3705,lowfat,0,0,0,46
06/01/2022,VOL,ST020,QAR,RM.3706,decaf,0,0,0,14
06/01/2022,VOL,ST020,QAR,RM.3707,now,0,0,0,1
06/01/2022,VOL,ST020,QAR,RM.3708,less coffee,0,0,0,5
06/01/2022,VOL,ST020,QAR,RM.3812,Well Done,0,0,0,174
06/01/2022,VOL,ST020,QAR,RM.3814,Medium,0,0,0,138
06/01/2022,VOL,ST020,QAR,RM.3815,Runny,0,0,0,19
06/01/2022,VOL,ST020,QAR,RM.6361,WITH CREAM,0,0,0,34
06/01/2022,VOL,ST020,QAR,RM.6362,WITHOUT CREAM,0,0,0,21
06/01/2022,VOL,ST020,QAR,RM.6363,Almond Milk,0,0,0,110
06/01/2022,VOL,ST020,QAR,RM.6364,Coconut Milk,0,0,0,32
06/01/2022,VOL,ST020,QAR,RM.6374,Soya milk,0,0,0,15
