DATE,BRANCHCODE,WAREHOUSECODE,CURRENCY,ERPCODE,ITEMNAME,RAWPRICE,GROSSAMT,NETVALUE,QTYSOLD
10/01/2022,VOL,ST020,QAR,RM.1,Salmon,14,196,196,14
10/01/2022,VOL,ST020,QAR,RM.2,Bacon,14,182,182,13
10/01/2022,VOL,ST020,QAR,RM.3,Cheese,14,1568,1568,112
10/01/2022,VOL,ST020,QAR,RM.4,Turkey,14,602,602,43
10/01/2022,VOL,ST020,QAR,RM.5,Extra chicken,10,110,110,11
10/01/2022,VOL,ST020,QAR,RM.6,Egg,6,714,714,119
10/01/2022,VOL,ST020,QAR,RM.7,Mushroom,12,168,168,14
10/01/2022,VOL,ST020,QAR,RM.8,Avocado,12,144,144,12
10/01/2022,VOL,ST020,QAR,RM.62,Halloumi Fries,20,4340,4340,217
10/01/2022,VOL,ST020,QAR,RM.63,Baked Potato Wedges,20,2460,2440,123
10/01/2022,VOL,ST020,QAR,RM.64,French fries,15,10950,10950,730
10/01/2022,VOL,ST020,QAR,RM.125,Small cereal ice cream,7,441,441,63
10/01/2022,VOL,ST020,QAR,RM.126,Medium cereal ice cream,15,300,300,20
10/01/2022,VOL,ST020,QAR,RM.127,Mango ice pudding,40,1040,1040,26
10/01/2022,VOL,ST020,QAR,RM.157,Slice Tiramisu Portofino,40,21120,21120,528
10/01/2022,VOL,ST020,QAR,RM.181,Espreso,18,3510,3366,195
10/01/2022,VOL,ST020,QAR,RM.182,Double Espreso,20,2220,2220,111
10/01/2022,VOL,ST020,QAR,RM.183,Americano,20,20280,20220,1014
10/01/2022,VOL,ST020,QAR,RM.184,Cappucino,24,30096,30072,1254
10/01/2022,VOL,ST020,QAR,RM.186,Latte Cold,24,2208,2208,92
10/01/2022,VOL,ST020,QAR,RM.187,V60 Pour Over,24,14784,14760,616
10/01/2022,VOL,ST020,QAR,RM.188,French Press,24,504,504,21
10/01/2022,VOL,ST020,QAR,RM.193,Flat White hot,24,34392,34392,1433
10/01/2022,VOL,ST020,QAR,RM.194,Macciatto,20,580,580,29
10/01/2022,VOL,ST020,QAR,RM.197,Morochino,24,312,312,13
10/01/2022,VOL,ST020,QAR,RM.198,cortado,24,17088,17088,712
10/01/2022,VOL,ST020,QAR,RM.200,Latte Hot,24,15264,15264,636
10/01/2022,VOL,ST020,QAR,RM.201,Milk,20,140,140,7
10/01/2022,VOL,ST020,QAR,RM.206,Double espresso Machiatto,24,312,312,13
10/01/2022,VOL,ST020,QAR,RM.207,Americano ice,20,2920,2920,146
10/01/2022,VOL,ST020,QAR,RM.210,Flatwhite ice,24,1320,1320,55
10/01/2022,VOL,ST020,QAR,RM.211,Volume Special ice,28,672,672,24
10/01/2022,VOL,ST020,QAR,RM.212,Coconut Latte,28,1876,1876,67
10/01/2022,VOL,ST020,QAR,RM.213,Cereal Latte,28,2100,2100,75
10/01/2022,VOL,ST020,QAR,RM.215,Ice Mocha,35,2555,2555,73
10/01/2022,VOL,ST020,QAR,RM.216,Volume special hot,28,812,812,29
10/01/2022,VOL,ST020,QAR,RM.218,Dulce de leche hot,28,504,504,18
10/01/2022,VOL,ST020,QAR,RM.220,Dulce de Leche ice,28,952,952,34
10/01/2022,VOL,ST020,QAR,RM.221,Drink in Love,28,1540,1540,55
10/01/2022,VOL,ST020,QAR,RM.223,Spanish Ice latte,28,22064,22064,788
10/01/2022,VOL,ST020,QAR,RM.224,Hot Chocolate,32,6496,6496,203
10/01/2022,VOL,ST020,QAR,RM.227,Spanish hot latte,28,44240,44240,1580
10/01/2022,VOL,ST020,QAR,RM.230,Frappe,28,1876,1876,67
10/01/2022,VOL,ST020,QAR,RM.231,Cinnamon Latte,28,4508,4508,161
10/01/2022,VOL,ST020,QAR,RM.233,Ginger Latte,28,756,756,27
10/01/2022,VOL,ST020,QAR,RM.236,Cafe crema,24,672,672,28
10/01/2022,VOL,ST020,QAR,RM.242,Acqua Panna 250ml,17,46291,46138,2723
10/01/2022,VOL,ST020,QAR,RM.243,Acqua panna 0.5,25,21500,21500,860
10/01/2022,VOL,ST020,QAR,RM.244,Perrier medium 330ml,19,3268,3268,172
10/01/2022,VOL,ST020,QAR,RM.245,Cola regular,10,5320,5320,532
10/01/2022,VOL,ST020,QAR,RM.246,Coca cola light,10,2600,2600,260
10/01/2022,VOL,ST020,QAR,RM.247,Sprite,10,1430,1430,143
10/01/2022,VOL,ST020,QAR,RM.248,Fanta,10,370,370,37
10/01/2022,VOL,ST020,QAR,RM.250,Highland water 500ml,5,15,0,3
10/01/2022,VOL,ST020,QAR,RM.253,Perrier small 200ml,17,4488,4488,264
10/01/2022,VOL,ST020,QAR,RM.271,Orange Juice,24,21192,21192,883
10/01/2022,VOL,ST020,QAR,RM.273,Lemon Mint Juice,24,10272,10272,428
10/01/2022,VOL,ST020,QAR,RM.275,Carrot Juice,24,1440,1440,60
10/01/2022,VOL,ST020,QAR,RM.361,Slice Monkey bread,35,10955,10885,313
10/01/2022,VOL,ST020,QAR,RM.362,SliceTres Leche Berry,45,4275,4275,95
10/01/2022,VOL,ST020,QAR,RM.363,Slice Coconut Cake,45,9405,9405,209
10/01/2022,VOL,ST020,QAR,RM.364,Slice Mango cake,45,39645,39555,881
10/01/2022,VOL,ST020,QAR,RM.365,Banoffee,35,4270,4270,122
10/01/2022,VOL,ST020,QAR,RM.367,Chocolate babka,30,3540,3540,118
10/01/2022,VOL,ST020,QAR,RM.369,Slice Raspberry swissroll,35,8820,8820,252
10/01/2022,VOL,ST020,QAR,RM.373,Slice Safron Milky Cake,45,13320,13320,296
10/01/2022,VOL,ST020,QAR,RM.374,Zaatar babka,30,4200,4200,140
10/01/2022,VOL,ST020,QAR,RM.375,Caramel Brownie,15,1770,1770,118
10/01/2022,VOL,ST020,QAR,RM.380,Slice Cereal milky  Cake,40,17080,17080,427
10/01/2022,VOL,ST020,QAR,RM.386,Slice Pecan Carmel Pie,35,5810,5810,166
10/01/2022,VOL,ST020,QAR,RM.388,Slice Chocolate Pudding,45,40635,40635,903
10/01/2022,VOL,ST020,QAR,RM.389,Slice Honey Pudding,45,38925,38880,865
10/01/2022,VOL,ST020,QAR,RM.390,ST.DATES CAKE,40,13200,13200,330
10/01/2022,VOL,ST020,QAR,RM.662,Virgin Mojito,35,18095,18095,517
10/01/2022,VOL,ST020,QAR,RM.664,Hawaiian Coconut,35,41860,41825,1196
10/01/2022,VOL,ST020,QAR,RM.671,Berry coconut,35,1890,1890,54
10/01/2022,VOL,ST020,QAR,RM.673,Berry mojito,35,8960,8925,256
10/01/2022,VOL,ST020,QAR,RM.676,Lemon ginger Iced tea,29,2349,2349,81
10/01/2022,VOL,ST020,QAR,RM.677,Jade passion Iced tea,29,6206,6206,214
10/01/2022,VOL,ST020,QAR,RM.691,English Breakfast Tea,25,11600,11600,464
10/01/2022,VOL,ST020,QAR,RM.692,Peppermint Tea,25,325,325,13
10/01/2022,VOL,ST020,QAR,RM.693,Earl Grey Tea,25,1725,1725,69
10/01/2022,VOL,ST020,QAR,RM.694,Jasmine Tea,25,2100,2100,84
10/01/2022,VOL,ST020,QAR,RM.695,Organic Green Tea,25,4275,4250,171
10/01/2022,VOL,ST020,QAR,RM.697,Lemon Grass tea,25,800,800,32
10/01/2022,VOL,ST020,QAR,RM.698,Chamomile,25,1425,1425,57
10/01/2022,VOL,ST020,QAR,RM.721,Labneh With Zaatar,36,10224,10224,284
10/01/2022,VOL,ST020,QAR,RM.727,Mushroom Egg Benedict,45,21330,21330,474
10/01/2022,VOL,ST020,QAR,RM.728,Stuffed Croissants,30,8490,8490,283
10/01/2022,VOL,ST020,QAR,RM.729,Falafel Peta,55,31460,31460,572
10/01/2022,VOL,ST020,QAR,RM.730,Greek Avocado Toast,49,16415,16415,335
10/01/2022,VOL,ST020,QAR,RM.731,Granola with yogurt,55,6160,6160,112
10/01/2022,VOL,ST020,QAR,RM.737,Egg and cheese slinders,35,8155,8155,233
10/01/2022,VOL,ST020,QAR,RM.738,Berry smoothie,55,715,715,13
10/01/2022,VOL,ST020,QAR,RM.739,Pancake rouges,55,6710,6710,122
10/01/2022,VOL,ST020,QAR,RM.740,Breakfast oat porridge,50,1950,1950,39
10/01/2022,VOL,ST020,QAR,RM.741,Plain Croissant,12,1368,1368,114
10/01/2022,VOL,ST020,QAR,RM.742,Zaatar Croissant,14,686,686,49
10/01/2022,VOL,ST020,QAR,RM.743,Cheese Croissant,16,1328,1312,83
10/01/2022,VOL,ST020,QAR,RM.744,Crispy Sweet Corn,55,2475,2475,45
10/01/2022,VOL,ST020,QAR,RM.745,Sesame Falafel,50,2900,2900,58
10/01/2022,VOL,ST020,QAR,RM.746,Baked Feta on Citrus Toma,55,4235,4235,77
10/01/2022,VOL,ST020,QAR,RM.787,Hazelnut Warm chocolate,50,19050,19050,381
10/01/2022,VOL,ST020,QAR,RM.788,Whole hazelnut warm choco,350,350,350,1
10/01/2022,VOL,ST020,QAR,RM.825, Whole Coconut Cake,360,360,360,1
10/01/2022,VOL,ST020,QAR,RM.826,BIG MANGO CAKE,350,350,350,1
10/01/2022,VOL,ST020,QAR,RM.828,Whole Monkey bread,220,440,440,2
10/01/2022,VOL,ST020,QAR,RM.840,Whole Raspberry Swissroll,180,360,360,2
10/01/2022,VOL,ST020,QAR,RM.844,Honey Mustard Chicken SLD,55,28545,28435,519
10/01/2022,VOL,ST020,QAR,RM.845,Smoked Turkey Sandwich,35,4200,4165,120
10/01/2022,VOL,ST020,QAR,RM.846,Roasted Beef Sandwich,65,7410,7345,114
10/01/2022,VOL,ST020,QAR,RM.848,Risotto Balls,40,10920,10880,273
10/01/2022,VOL,ST020,QAR,RM.849,Beef Burger,50,7250,7200,145
10/01/2022,VOL,ST020,QAR,RM.850,Chicken taco,45,8730,8730,194
10/01/2022,VOL,ST020,QAR,RM.851,Crispy chicken burger,40,13520,13520,338
10/01/2022,VOL,ST020,QAR,RM.852,Chicken spaghetti,60,30240,30240,504
10/01/2022,VOL,ST020,QAR,RM.853,Baked salmon with lemon c,68,4556,4488,67
10/01/2022,VOL,ST020,QAR,RM.854,Grilled Chicken Breast wi,58,5104,5046,88
10/01/2022,VOL,ST020,QAR,RM.855,Marinated Burrata Toast,55,4400,4400,80
10/01/2022,VOL,ST020,QAR,RM.856,Asia Beef Salad,58,2958,2900,51
10/01/2022,VOL,ST020,QAR,RM.858,Spicy club sandwich,35,21805,21770,623
10/01/2022,VOL,ST020,QAR,RM.861,Lasagna Bolognese,55,11990,11990,218
10/01/2022,VOL,ST020,QAR,RM.862,Quinoa kale garden greens,50,6750,6750,135
10/01/2022,VOL,ST020,QAR,RM.863,Burrito chicken salad,55,11605,11605,211
10/01/2022,VOL,ST020,QAR,RM.864,croissant basket,45,2385,2385,53
10/01/2022,VOL,ST020,QAR,RM.871,French Toast,50,14700,14700,294
10/01/2022,VOL,ST020,QAR,RM.873,Crushed Cookies,50,52250,52200,1045
10/01/2022,VOL,ST020,QAR,RM.3601,Ex/ Cheese,0,0,0,1
10/01/2022,VOL,ST020,QAR,RM.3617,Turkey,0,0,0,1
10/01/2022,VOL,ST020,QAR,RM.3631,With/ Cheese,0,0,0,5
10/01/2022,VOL,ST020,QAR,RM.3663,No/ Mushroom,0,0,0,2
10/01/2022,VOL,ST020,QAR,RM.3691,extra hot,0,0,0,123
10/01/2022,VOL,ST020,QAR,RM.3692,TAKE AWAY,0,0,0,3
10/01/2022,VOL,ST020,QAR,RM.3694,with mint,0,0,0,1
10/01/2022,VOL,ST020,QAR,RM.3695,extra sweet,0,0,0,17
10/01/2022,VOL,ST020,QAR,RM.3696,less sweet,0,0,0,32
10/01/2022,VOL,ST020,QAR,RM.3697,together w food,0,0,0,927
10/01/2022,VOL,ST020,QAR,RM.3698,together w drinks,0,0,0,889
10/01/2022,VOL,ST020,QAR,RM.3699,room temp.,0,0,0,110
10/01/2022,VOL,ST020,QAR,RM.3700,well done,0,0,0,6
10/01/2022,VOL,ST020,QAR,RM.3701,runny,0,0,0,2
10/01/2022,VOL,ST020,QAR,RM.3702,meduim,0,0,0,7
10/01/2022,VOL,ST020,QAR,RM.3703,all to go,0,0,0,1
10/01/2022,VOL,ST020,QAR,RM.3705,lowfat,0,0,0,117
10/01/2022,VOL,ST020,QAR,RM.3706,decaf,0,0,0,42
10/01/2022,VOL,ST020,QAR,RM.3707,now,0,0,0,17
10/01/2022,VOL,ST020,QAR,RM.3709,cut into half,0,0,0,3
10/01/2022,VOL,ST020,QAR,RM.3723,NO TOMATO,0,0,0,1
10/01/2022,VOL,ST020,QAR,RM.3812,Well Done,0,0,0,255
10/01/2022,VOL,ST020,QAR,RM.3814,Medium,0,0,0,160
10/01/2022,VOL,ST020,QAR,RM.3815,Runny,0,0,0,16
10/01/2022,VOL,ST020,QAR,RM.6302,COLD,0,0,0,2
10/01/2022,VOL,ST020,QAR,RM.6361,WITH CREAM,0,0,0,26
10/01/2022,VOL,ST020,QAR,RM.6362,WITHOUT CREAM,0,0,0,19
10/01/2022,VOL,ST020,QAR,RM.6363,Almond Milk,0,0,0,119
10/01/2022,VOL,ST020,QAR,RM.6364,Coconut Milk,0,0,0,34
10/01/2022,VOL,ST020,QAR,RM.6374,Soya milk,0,0,0,15
