DATE,BRANCHCODE,WAREHOUSECODE,CURRENCY,ERPCODE,ITEMNAME,RAWPRICE,GROSSAMT,NETVALUE,QTYSOLD
12/01/2022,VOL,ST020,QAR,RM.1,Salmon,14,336,336,24
12/01/2022,VOL,ST020,QAR,RM.2,Bacon,14,406,406,29
12/01/2022,VOL,ST020,QAR,RM.3,Cheese,14,1862,1862,133
12/01/2022,VOL,ST020,QAR,RM.4,Turkey,14,546,546,39
12/01/2022,VOL,ST020,QAR,RM.5,Extra chicken,10,110,110,11
12/01/2022,VOL,ST020,QAR,RM.6,Egg,6,984,984,164
12/01/2022,VOL,ST020,QAR,RM.7,Mushroom,12,144,144,12
12/01/2022,VOL,ST020,QAR,RM.8,Avocado,12,180,180,15
12/01/2022,VOL,ST020,QAR,RM.62,Halloumi Fries,20,7220,7200,361
12/01/2022,VOL,ST020,QAR,RM.63,Baked Potato Wedges,20,3740,3680,187
12/01/2022,VOL,ST020,QAR,RM.64,French fries,15,16155,16155,1077
12/01/2022,VOL,ST020,QAR,RM.125,Small cereal ice cream,7,1211,1211,173
12/01/2022,VOL,ST020,QAR,RM.126,Medium cereal ice cream,15,285,285,19
12/01/2022,VOL,ST020,QAR,RM.127,Mango ice pudding,40,760,760,19
12/01/2022,VOL,ST020,QAR,RM.157,Slice Tiramisu Portofino,40,41680,41680,1042
12/01/2022,VOL,ST020,QAR,RM.181,Espreso,18,7344,7236,408
12/01/2022,VOL,ST020,QAR,RM.182,Double Espreso,20,7660,7660,383
12/01/2022,VOL,ST020,QAR,RM.183,Americano,20,42920,42920,2146
12/01/2022,VOL,ST020,QAR,RM.184,Cappucino,24,56784,56736,2366
12/01/2022,VOL,ST020,QAR,RM.186,Latte Cold,24,4416,4416,184
12/01/2022,VOL,ST020,QAR,RM.187,V60 Pour Over,24,39408,39384,1642
12/01/2022,VOL,ST020,QAR,RM.188,French Press,24,2352,2352,98
12/01/2022,VOL,ST020,QAR,RM.193,Flat White hot,24,59064,58992,2461
12/01/2022,VOL,ST020,QAR,RM.194,Macciatto,20,1480,1480,74
12/01/2022,VOL,ST020,QAR,RM.197,Morochino,24,456,456,19
12/01/2022,VOL,ST020,QAR,RM.198,cortado,24,34200,34200,1425
12/01/2022,VOL,ST020,QAR,RM.200,Latte Hot,24,32640,32544,1360
12/01/2022,VOL,ST020,QAR,RM.201,Milk,20,580,580,29
12/01/2022,VOL,ST020,QAR,RM.206,Double espresso Machiatto,24,936,936,39
12/01/2022,VOL,ST020,QAR,RM.207,Americano ice,20,6360,6360,318
12/01/2022,VOL,ST020,QAR,RM.210,Flatwhite ice,24,888,888,37
12/01/2022,VOL,ST020,QAR,RM.211,Volume Special ice,28,812,812,29
12/01/2022,VOL,ST020,QAR,RM.212,Coconut Latte,28,4004,4004,143
12/01/2022,VOL,ST020,QAR,RM.213,Cereal Latte,28,2464,2436,88
12/01/2022,VOL,ST020,QAR,RM.215,Ice Mocha,35,1015,1015,29
12/01/2022,VOL,ST020,QAR,RM.216,Volume special hot,28,1792,1792,64
12/01/2022,VOL,ST020,QAR,RM.218,Dulce de leche hot,28,1428,1428,51
12/01/2022,VOL,ST020,QAR,RM.220,Dulce de Leche ice,28,756,756,27
12/01/2022,VOL,ST020,QAR,RM.221,Drink in Love,28,1904,1904,68
12/01/2022,VOL,ST020,QAR,RM.223,Spanish Ice latte,28,28896,28896,1032
12/01/2022,VOL,ST020,QAR,RM.224,Hot Chocolate,32,6432,6432,201
12/01/2022,VOL,ST020,QAR,RM.227,Spanish hot latte,28,64008,63952,2286
12/01/2022,VOL,ST020,QAR,RM.230,Frappe,28,2380,2380,85
12/01/2022,VOL,ST020,QAR,RM.231,Cinnamon Latte,28,8960,8932,320
12/01/2022,VOL,ST020,QAR,RM.233,Ginger Latte,28,2352,2324,84
12/01/2022,VOL,ST020,QAR,RM.236,Cafe crema,24,216,216,9
12/01/2022,VOL,ST020,QAR,RM.242,Acqua Panna 250ml,17,74953,74885,4409
12/01/2022,VOL,ST020,QAR,RM.243,Acqua panna 0.5,25,48025,48025,1921
12/01/2022,VOL,ST020,QAR,RM.244,Perrier medium 330ml,19,4921,4921,259
12/01/2022,VOL,ST020,QAR,RM.245,Cola regular,10,6460,6450,646
12/01/2022,VOL,ST020,QAR,RM.246,Coca cola light,10,3830,3830,383
12/01/2022,VOL,ST020,QAR,RM.247,Sprite,10,2280,2280,228
12/01/2022,VOL,ST020,QAR,RM.248,Fanta,10,470,470,47
12/01/2022,VOL,ST020,QAR,RM.250,Highland water 500ml,5,20,0,4
12/01/2022,VOL,ST020,QAR,RM.253,Perrier small 200ml,17,7531,7531,443
12/01/2022,VOL,ST020,QAR,RM.271,Orange Juice,24,18120,18120,755
12/01/2022,VOL,ST020,QAR,RM.273,Lemon Mint Juice,24,11328,11328,472
12/01/2022,VOL,ST020,QAR,RM.275,Carrot Juice,24,1896,1896,79
12/01/2022,VOL,ST020,QAR,RM.361,Slice Monkey bread,35,18620,18550,532
12/01/2022,VOL,ST020,QAR,RM.362,SliceTres Leche Berry,45,5220,5220,116
12/01/2022,VOL,ST020,QAR,RM.363,Slice Coconut Cake,45,12195,12195,271
12/01/2022,VOL,ST020,QAR,RM.364,Slice Mango cake,45,61380,61335,1364
12/01/2022,VOL,ST020,QAR,RM.365,Banoffee,35,8330,8330,238
12/01/2022,VOL,ST020,QAR,RM.367,Chocolate babka,30,8070,8040,269
12/01/2022,VOL,ST020,QAR,RM.368,Slice blueberry cheesecak,40,10720,10720,268
12/01/2022,VOL,ST020,QAR,RM.369,Slice Raspberry swissroll,35,12530,12530,358
12/01/2022,VOL,ST020,QAR,RM.370,slice Victoria cake,40,40,40,1
12/01/2022,VOL,ST020,QAR,RM.373,Slice Safron Milky Cake,45,23040,23040,512
12/01/2022,VOL,ST020,QAR,RM.374,Zaatar babka,30,6030,6030,201
12/01/2022,VOL,ST020,QAR,RM.375,Caramel Brownie,15,3210,3210,214
12/01/2022,VOL,ST020,QAR,RM.380,Slice Cereal milky  Cake,40,24680,24640,617
12/01/2022,VOL,ST020,QAR,RM.386,Slice Pecan Carmel Pie,35,11445,11445,327
12/01/2022,VOL,ST020,QAR,RM.388,Slice Chocolate Pudding,45,50760,50715,1128
12/01/2022,VOL,ST020,QAR,RM.389,Slice Honey Pudding,45,61875,61830,1375
12/01/2022,VOL,ST020,QAR,RM.390,ST.DATES CAKE,40,25560,25520,639
12/01/2022,VOL,ST020,QAR,RM.662,Virgin Mojito,35,19565,19530,559
12/01/2022,VOL,ST020,QAR,RM.664,Hawaiian Coconut,35,41160,41160,1176
12/01/2022,VOL,ST020,QAR,RM.671,Berry coconut,35,2660,2660,76
12/01/2022,VOL,ST020,QAR,RM.673,Berry mojito,35,12215,12215,349
12/01/2022,VOL,ST020,QAR,RM.676,Lemon ginger Iced tea,29,3712,3683,128
12/01/2022,VOL,ST020,QAR,RM.677,Jade passion Iced tea,29,9657,9657,333
12/01/2022,VOL,ST020,QAR,RM.691,English Breakfast Tea,25,24850,24850,994
12/01/2022,VOL,ST020,QAR,RM.692,Peppermint Tea,25,600,600,24
12/01/2022,VOL,ST020,QAR,RM.693,Earl Grey Tea,25,2650,2650,106
12/01/2022,VOL,ST020,QAR,RM.694,Jasmine Tea,25,3150,3150,126
12/01/2022,VOL,ST020,QAR,RM.695,Organic Green Tea,25,5625,5625,225
12/01/2022,VOL,ST020,QAR,RM.697,Lemon Grass tea,25,1325,1325,53
12/01/2022,VOL,ST020,QAR,RM.698,Chamomile,25,3000,3000,120
12/01/2022,VOL,ST020,QAR,RM.721,Labneh With Zaatar,36,16380,16344,455
12/01/2022,VOL,ST020,QAR,RM.727,Mushroom Egg Benedict,45,30870,30870,686
12/01/2022,VOL,ST020,QAR,RM.728,Stuffed Croissants,30,11250,11250,375
12/01/2022,VOL,ST020,QAR,RM.729,Falafel Peta,55,37510,37400,682
12/01/2022,VOL,ST020,QAR,RM.730,Greek Avocado Toast,49,22050,22001,450
12/01/2022,VOL,ST020,QAR,RM.731,Granola with yogurt,55,8470,8470,154
12/01/2022,VOL,ST020,QAR,RM.737,Egg and cheese slinders,35,16415,16345,469
12/01/2022,VOL,ST020,QAR,RM.738,Berry smoothie,55,495,495,9
12/01/2022,VOL,ST020,QAR,RM.739,Pancake rouges,55,14300,14300,260
12/01/2022,VOL,ST020,QAR,RM.740,Breakfast oat porridge,50,3600,3600,72
12/01/2022,VOL,ST020,QAR,RM.741,Plain Croissant,12,2712,2712,226
12/01/2022,VOL,ST020,QAR,RM.742,Zaatar Croissant,14,1386,1386,99
12/01/2022,VOL,ST020,QAR,RM.743,Cheese Croissant,16,2784,2784,174
12/01/2022,VOL,ST020,QAR,RM.744,Crispy Sweet Corn,55,4235,4235,77
12/01/2022,VOL,ST020,QAR,RM.745,Sesame Falafel,50,6150,6150,123
12/01/2022,VOL,ST020,QAR,RM.746,Baked Feta on Citrus Toma,55,8030,8030,146
12/01/2022,VOL,ST020,QAR,RM.781,Winter hot choco,28,72044,71960,2573
12/01/2022,VOL,ST020,QAR,RM.783,Chouquette,35,2415,2380,69
12/01/2022,VOL,ST020,QAR,RM.784,Mini Pancakes,40,13160,13120,329
12/01/2022,VOL,ST020,QAR,RM.785,Box winter chocolate,180,900,900,5
12/01/2022,VOL,ST020,QAR,RM.787,Hazelnut Warm chocolate,50,44600,44550,892
12/01/2022,VOL,ST020,QAR,RM.823,Big Pecan Caramel,350,350,350,1
12/01/2022,VOL,ST020,QAR,RM.825, Whole Coconut Cake,360,1800,1800,5
12/01/2022,VOL,ST020,QAR,RM.828,Whole Monkey bread,220,220,220,1
12/01/2022,VOL,ST020,QAR,RM.830,Whole Tres Leche Berry,350,700,700,2
12/01/2022,VOL,ST020,QAR,RM.840,Whole Raspberry Swissroll,180,540,540,3
12/01/2022,VOL,ST020,QAR,RM.844,Honey Mustard Chicken SLD,55,28655,28655,521
12/01/2022,VOL,ST020,QAR,RM.845,Smoked Turkey Sandwich,35,6440,6405,184
12/01/2022,VOL,ST020,QAR,RM.846,Roasted Beef Sandwich,65,10920,10920,168
12/01/2022,VOL,ST020,QAR,RM.848,Risotto Balls,40,12160,12120,304
12/01/2022,VOL,ST020,QAR,RM.849,Beef Burger,50,9450,9400,189
12/01/2022,VOL,ST020,QAR,RM.850,Chicken taco,45,9990,9990,222
12/01/2022,VOL,ST020,QAR,RM.851,Crispy chicken burger,40,17720,17640,443
12/01/2022,VOL,ST020,QAR,RM.852,Chicken spaghetti,60,35640,35640,594
12/01/2022,VOL,ST020,QAR,RM.853,Baked salmon with lemon c,68,7752,7752,114
12/01/2022,VOL,ST020,QAR,RM.854,Grilled Chicken Breast wi,58,7018,7018,121
12/01/2022,VOL,ST020,QAR,RM.855,Marinated Burrata Toast,55,7260,7205,132
12/01/2022,VOL,ST020,QAR,RM.856,Asia Beef Salad,58,3712,3596,64
12/01/2022,VOL,ST020,QAR,RM.858,Spicy club sandwich,35,29470,29400,842
12/01/2022,VOL,ST020,QAR,RM.861,Lasagna Bolognese,55,12540,12540,228
12/01/2022,VOL,ST020,QAR,RM.862,Quinoa kale garden greens,50,9600,9550,192
12/01/2022,VOL,ST020,QAR,RM.863,Burrito chicken salad,55,10285,10285,187
12/01/2022,VOL,ST020,QAR,RM.864,croissant basket,45,4590,4590,102
12/01/2022,VOL,ST020,QAR,RM.871,French Toast,50,26450,26450,529
12/01/2022,VOL,ST020,QAR,RM.873,Crushed Cookies,50,90250,90150,1805
12/01/2022,VOL,ST020,QAR,RM.3601,Ex/ Cheese,0,0,0,1
12/01/2022,VOL,ST020,QAR,RM.3666,No/ Tomato,0,0,0,3
12/01/2022,VOL,ST020,QAR,RM.3691,extra hot,0,0,0,211
12/01/2022,VOL,ST020,QAR,RM.3692,TAKE AWAY,0,0,0,5
12/01/2022,VOL,ST020,QAR,RM.3695,extra sweet,0,0,0,35
12/01/2022,VOL,ST020,QAR,RM.3696,less sweet,0,0,0,66
12/01/2022,VOL,ST020,QAR,RM.3697,together w food,0,0,0,415
12/01/2022,VOL,ST020,QAR,RM.3698,together w drinks,0,0,0,474
12/01/2022,VOL,ST020,QAR,RM.3699,room temp.,0,0,0,188
12/01/2022,VOL,ST020,QAR,RM.3700,well done,0,0,0,4
12/01/2022,VOL,ST020,QAR,RM.3701,runny,0,0,0,2
12/01/2022,VOL,ST020,QAR,RM.3702,meduim,0,0,0,10
12/01/2022,VOL,ST020,QAR,RM.3704,no foam,0,0,0,2
12/01/2022,VOL,ST020,QAR,RM.3705,lowfat,0,0,0,233
12/01/2022,VOL,ST020,QAR,RM.3706,decaf,0,0,0,83
12/01/2022,VOL,ST020,QAR,RM.3707,now,0,0,0,15
12/01/2022,VOL,ST020,QAR,RM.3709,cut into half,0,0,0,13
12/01/2022,VOL,ST020,QAR,RM.3812,Well Done,0,0,0,350
12/01/2022,VOL,ST020,QAR,RM.3814,Medium,0,0,0,243
12/01/2022,VOL,ST020,QAR,RM.3815,Runny,0,0,0,52
12/01/2022,VOL,ST020,QAR,RM.6361,WITH CREAM,0,0,0,36
12/01/2022,VOL,ST020,QAR,RM.6362,WITHOUT CREAM,0,0,0,13
12/01/2022,VOL,ST020,QAR,RM.6363,Almond Milk,0,0,0,160
12/01/2022,VOL,ST020,QAR,RM.6364,Coconut Milk,0,0,0,55
12/01/2022,VOL,ST020,QAR,RM.6374,Soya milk,0,0,0,35
